[0m[?25l[48;1H[J[39mbrush-0.5# [38;5;14m[38;5;5m[0m[0msh /bin/78[?25h[0m[?25l[48;1H[J[39mbrush-0.5# [38;5;14m[38;5;5m[0m[0msh /bin/start-co78[?25h[0m[?25l[48;1H[J[39mbrush-0.5# [38;5;14m[38;5;5m[0m[0msh /bin/start-cosmic-lea78[?25h[0m[?25l[48;1H[J[39mbrush-0.5# [38;5;14m[38;5;5m[0m[0msh /bin/start-cosmic-leandros &78[?25h
[?2004l[1]+	<pid unknown>
[?2004h[0m[?25l[50;1H[50;1H[J[39mbrush-0.5# [38;5;14m[38;5;5m[0m[0m78[?25h[2m1970-01-01T00:00:00.546339Z[0m [32m INFO[0m [2mbusd[0m[2m:[0m reading configuration file /usr/share/dbus-1/session.conf ...
[2m1970-01-01T00:00:00.549420Z[0m [32m INFO[0m [2mbusd::bus[0m[2m:[0m Listening on UNIX socket file `/run/user/0/bus`.
[2m1970-01-01T00:00:00.562787Z[0m [33m WARN[0m [2mcosmic_session[0m[2m:[0m failed to connect to journald
[2m1970-01-01T00:00:00.567996Z[0m [32m INFO[0m [2mcosmic_session[0m[2m:[0m Starting cosmic-session
[2m1970-01-01T00:00:00.568687Z[0m [32m INFO[0m [2mlaunch_pad[0m[2m:[0m starting process ' COSMIC_SESSION_SOCK=261 /bin/cosmic-comp  --no-xwayland'
[DRM] unimplemented ioctl cmd=0xC00864BF nr=0x000000BF type=0x00000064 size=0x00000008 (reported once per boot)
[DRM-SRV] mmap token=0x000000004D400000 map_info=0x01 -> writeback
[DRM-SRV] mmap token=0x000000004DC00000 map_info=0x01 -> writeback
[2m1970-01-01T00:00:02.107252Z[0m [32m INFO[0m [2mcosmic_session[0m[2m:[0m got environmental variables from cosmic-comp: [("WAYLAND_DISPLAY", "wayland-1")]
[2m1970-01-01T00:00:02.108880Z[0m [33m WARN[0m [2mcosmic_session::systemd[0m[2m:[0m unable to start systemctl --user set-environment XDG_SESSION_TYPE=wayland: No such file or directory (os error 2)
[2m1970-01-01T00:00:02.109685Z[0m [32m INFO[0m [2mlaunch_pad[0m[2m:[0m starting process ' WAYLAND_DISPLAY=wayland-1 XDG_SESSION_TYPE=wayland cosmic-settings-daemon '
[2m1970-01-01T00:00:02.178215Z[0m [33m WARN[0m [2mcosmic_session::systemd[0m[2m:[0m unable to start systemctl --user start --no-block cosmic-session.target: No such file or directory (os error 2)
[2m1970-01-01T00:00:02.179999Z[0m [32m INFO[0m [2mlaunch_pad[0m[2m:[0m starting process ' WAYLAND_DISPLAY=wayland-1 XDG_SESSION_TYPE=wayland DAEMON_NOTIFICATIONS_FD=263 cosmic-notifications '
[2m1970-01-01T00:00:02.414900Z[0m [32m INFO[0m [2mlaunch_pad[0m[2m:[0m starting process ' WAYLAND_DISPLAY=wayland-1 XDG_SESSION_TYPE=wayland PANEL_NOTIFICATIONS_FD=262 cosmic-panel '
[2m1970-01-01T00:00:02.796797Z[0m [32m INFO[0m [2mlaunch_pad[0m[2m:[0m starting process ' WAYLAND_DISPLAY=wayland-1 XDG_SESSION_TYPE=wayland cosmic-app-library '
[2m1970-01-01T00:00:02.824938Z[0m [33m WARN[0m [2mbusd::peers[0m[2m:[0m unknown destination: com.system76.PowerDaemon
[2m1970-01-01T00:00:03.309584Z[0m [33m WARN[0m [2mbusd::peers[0m[2m:[0m unknown destination: org.freedesktop.locale1
[2m1970-01-01T00:00:03.426793Z[0m [32m INFO[0m [1mcosmic-notifications[0m[2m:[0m [2mcosmic_session::notifications[0m[2m:[0m \x1b[2m1970-01-01T00:00:02.474596Z\x1b[0m \x1b[33m WARN\x1b[0m \x1b[2mcosmic_notifications\x1b[0m\x1b[2m:\x1b[0m Failed to connect to journald
[2m1970-01-01T00:00:03.429171Z[0m [32m INFO[0m [1mcosmic-notifications[0m[2m:[0m [2mcosmic_session::notifications[0m[2m:[0m \x1b[2m1970-01-01T00:00:02.484034Z\x1b[0m \x1b[32m INFO\x1b[0m \x1b[2mcosmic_notifications\x1b[0m\x1b[2m:\x1b[0m cosmic-notifications (com.system76.CosmicNotifications)
[2m1970-01-01T00:00:03.431158Z[0m [32m INFO[0m [1mcosmic-notifications[0m[2m:[0m [2mcosmic_session::notifications[0m[2m:[0m \x1b[2m1970-01-01T00:00:02.487321Z\x1b[0m \x1b[32m INFO\x1b[0m \x1b[2mcosmic_notifications\x1b[0m\x1b[2m:\x1b[0m Version: 0.1.0 (release)
[2m1970-01-01T00:00:03.708679Z[0m [33m WARN[0m [2mbusd::peers[0m[2m:[0m unknown destination: com.system76.CosmicAppLibrary
[2m1970-01-01T00:00:03.812972Z[0m [32m INFO[0m [1mcosmic-notifications[0m[2m:[0m [2mcosmic_session::notifications[0m[2m:[0m \x1b[2m1970-01-01T00:00:02.611428Z\x1b[0m \x1b[33m WARN\x1b[0m \x1b[2mcosmic_text::font::system\x1b[0m\x1b[2m:\x1b[0m failed to get system locale, falling back to en-US
[2m1970-01-01T00:00:03.814794Z[0m [32m INFO[0m [1mcosmic-notifications[0m[2m:[0m [2mcosmic_session::notifications[0m[2m:[0m \x1b[2m1970-01-01T00:00:02.616934Z\x1b[0m \x1b[33m WARN\x1b[0m \x1b[2mfontdb\x1b[0m\x1b[2m:\x1b[0m Fallback to loading from known font dir paths.
[2m1970-01-01T00:00:03.816603Z[0m [32m INFO[0m [2mlaunch_pad[0m[2m:[0m starting process ' WAYLAND_DISPLAY=wayland-1 XDG_SESSION_TYPE=wayland cosmic-launcher '
[2m1970-01-01T00:00:03.829999Z[0m [33m WARN[0m [1mcosmic-settings-daemon[0m[2m:[0m [2mcosmic_session[0m[2m:[0m   \x1b[33m WARN\x1b[0m  \x1b[33mFailed to populate properties cache via GetAll: org.freedesktop.DBus.Error.ServiceUnknown: The name org.freedesktop.locale1 was not provided by any .service files. Property change streams will not produce values.\x1b[0m
[2m1970-01-01T00:00:03.829999Z[0m [33m WARN[0m [1mcosmic-settings-daemon[0m[2m:[0m [2mcosmic_session[0m[2m:[0m     \x1b[2;3mat\x1b[0m /Users/forain/.cargo/registry/src/index.crates.io-1949cf8c6b5b557f/zbus-5.16.0/src/proxy/mod.rs:301 \x1b[2;3mon\x1b[0m main
[2m1970-01-01T00:00:03.909687Z[0m [33m WARN[0m [2mbusd::peers[0m[2m:[0m unknown destination: org.a11y.Bus
[2m1970-01-01T00:00:03.931504Z[0m [33m WARN[0m [2mbusd::peers[0m[2m:[0m unknown destination: org.freedesktop.portal.Desktop
[2m1970-01-01T00:00:03.932115Z[0m [33m WARN[0m [2mbusd::peers[0m[2m:[0m unknown destination: org.freedesktop.portal.Desktop
[2m1970-01-01T00:00:03.932710Z[0m [33m WARN[0m [2mbusd::peers[0m[2m:[0m unknown destination: org.freedesktop.portal.Desktop
[2m1970-01-01T00:00:03.946444Z[0m [33m WARN[0m [1mcosmic-settings-daemon[0m[2m:[0m [2mcosmic_session[0m[2m:[0m     \x1b[2;3min\x1b[0m \x1b[1m{}\x1b[0m \x1b[2;3mwith\x1b[0m \x1b[3mtask_name\x1b[0m\x1b[2m=\x1b[0m"org.freedesktop.locale1 proxy caching"
[2m1970-01-01T00:00:03.948584Z[0m [33m WARN[0m [1mcosmic-settings-daemon[0m[2m:[0m [2mcosmic_session[0m[2m:[0m 
[2m1970-01-01T00:00:03.949541Z[0m [32m INFO[0m [1mcosmic-notifications[0m[2m:[0m [2mcosmic_session::notifications[0m[2m:[0m \x1b[2m1970-01-01T00:00:03.463084Z\x1b[0m \x1b[32m INFO\x1b[0m \x1b[2miced_winit\x1b[0m\x1b[2m:\x1b[0m System theme: None
[2m1970-01-01T00:00:03.961714Z[0m [32m INFO[0m [1mcosmic-notifications[0m[2m:[0m [2mcosmic_session::notifications[0m[2m:[0m \x1b[2m1970-01-01T00:00:03.470813Z\x1b[0m \x1b[32m INFO\x1b[0m \x1b[2mcosmic_notifications::subscriptions::applet\x1b[0m\x1b[2m:\x1b[0m Connecting to daemon on fd 263
[2m1970-01-01T00:00:03.964151Z[0m [33m WARN[0m [1mcosmic-notifications[0m[2m:[0m [2mcosmic_session::notifications[0m[2m:[0m xkbcommon: ERROR: couldn't find a Compose file for locale "C" (mapped to "C")
[2m1970-01-01T00:00:03.965659Z[0m [32m INFO[0m [1mcosmic-notifications[0m[2m:[0m [2mcosmic_session::notifications[0m[2m:[0m \x1b[2m1970-01-01T00:00:03.485276Z\x1b[0m \x1b[32m INFO\x1b[0m \x1b[2miced_winit::platform_specific::wayland::event_loop\x1b[0m\x1b[2m:\x1b[0m SCTK setup complete.
[2m1970-01-01T00:00:03.967721Z[0m [33m WARN[0m [1mcosmic-notifications[0m[2m:[0m [2mcosmic_session::notifications[0m[2m:[0m xkbcommon: ERROR: couldn't find a Compose file for locale "C" (mapped to "C")
[2m1970-01-01T00:00:03.969179Z[0m [33m WARN[0m [1mcosmic-notifications[0m[2m:[0m [2mcosmic_session::notifications[0m[2m:[0m xkbcommon: ERROR: couldn't find a Compose file for locale "C" (mapped to "C")
[2m1970-01-01T00:00:03.970845Z[0m [32m INFO[0m [1mcosmic-panel[0m[2m:[0m [2mcosmic_session::notifications[0m[2m:[0m \x1b[2m1970-01-01T00:00:03.464000Z\x1b[0m \x1b[31mERROR\x1b[0m Panel Entry Error: GetKey("padding_overlap", Os { code: 2, kind: NotFound, message: "No such file or directory" })
[2m1970-01-01T00:00:03.982809Z[0m [32m INFO[0m [1mcosmic-panel[0m[2m:[0m [2mcosmic_session::notifications[0m[2m:[0m \x1b[2m1970-01-01T00:00:03.465675Z\x1b[0m \x1b[31mERROR\x1b[0m Panel Entry Error: GetKey("keep_style_on_maximize", Os { code: 2, kind: NotFound, message: "No such file or directory" })
[2m1970-01-01T00:00:03.984835Z[0m [32m INFO[0m [1mcosmic-panel[0m[2m:[0m [2mcosmic_session::notifications[0m[2m:[0m \x1b[2m1970-01-01T00:00:03.465682Z\x1b[0m \x1b[31mERROR\x1b[0m Panel Entry Error: GetKey("padding_overlap", Os { code: 2, kind: NotFound, message: "No such file or directory" })
[2m1970-01-01T00:00:03.986863Z[0m [32m INFO[0m [1mcosmic-panel[0m[2m:[0m [2mcosmic_session::notifications[0m[2m:[0m \x1b[2m1970-01-01T00:00:03.465687Z\x1b[0m \x1b[31mERROR\x1b[0m Panel Entry Error: GetKey("keep_style_on_maximize", Os { code: 2, kind: NotFound, message: "No such file or directory" })
[2m1970-01-01T00:00:03.988954Z[0m [33m WARN[0m [1mcosmic-app-library[0m[2m:[0m [2mcosmic_session[0m[2m:[0m  INFO  cosmic_app_library > Cosmic App Library (com.system76.CosmicAppLibrary)
[2m1970-01-01T00:00:03.990299Z[0m [33m WARN[0m [1mcosmic-app-library[0m[2m:[0m [2mcosmic_session[0m[2m:[0m  INFO  cosmic_app_library > Version: 0.1.0
[2m1970-01-01T00:00:03.991400Z[0m [33m WARN[0m [1mcosmic-app-library[0m[2m:[0m [2mcosmic_session[0m[2m:[0m  INFO  i18n_embed::requester > Current Locale: []
[2m1970-01-01T00:00:03.992409Z[0m [33m WARN[0m [1mcosmic-app-library[0m[2m:[0m [2mcosmic_session[0m[2m:[0m  INFO  i18n_embed            > Selecting translations for domain "cosmic_app_library"
[2m1970-01-01T00:00:04.008850Z[0m [33m WARN[0m [1mcosmic-app-library[0m[2m:[0m [2mcosmic_session[0m[2m:[0m  INFO  zbus::connection::handshake::common > write_command; command=Auth(Some(External), Some([48]))
[2m1970-01-01T00:00:04.010556Z[0m [33m WARN[0m [1mcosmic-app-library[0m[2m:[0m [2mcosmic_session[0m[2m:[0m  INFO  zbus::connection::handshake::common > write_commands; commands=[Auth(Some(External), Some([48]))] extra_bytes=None
[2m1970-01-01T00:00:04.012092Z[0m [33m WARN[0m [1mcosmic-app-library[0m[2m:[0m [2mcosmic_session[0m[2m:[0m  INFO  tracing::span                       > read_command;
[2m1970-01-01T00:00:04.012517Z[0m [33m WARN[0m [1mcosmic-app-library[0m[2m:[0m [2mcosmic_session[0m[2m:[0m  INFO  zbus::connection::handshake::common > read_commands; n_commands=1
[2m1970-01-01T00:00:04.013660Z[0m [33m WARN[0m [1mcosmic-app-library[0m[2m:[0m [2mcosmic_session[0m[2m:[0m  INFO  zbus::connection::handshake::common > write_commands; commands=[NegotiateUnixFD, Begin] extra_bytes=Some([108, 1, 0, 1, 0, 0, 0, 0, 1, 0, 0, 0, 109, 0, 0, 0, 1, 1, 111, 0, 21, 0, 0, 0, 47, 111, 114, 103, 47, 102, 114, 101, 101, 100, 101, 115, 107, 116, 111, 112, 47, 68, 66, 117, 115, 0, 0, 0, 2, 1, 115, 0, 20, 0, 0, 0, 111, 114, 103, 46, 102, 114, 101, 101, 100, 101, 115, 107, 116, 111, 112, 46, 68, 66, 117, 115, 0, 0, 0, 0, 3, 1, 115, 0, 5, 0, 0, 0, 72, 101, 108, 108, 111, 0, 0, 0, 6, 1, 115, 0, 20, 0, 0, 0, 111, 114, 103, 46, 102, 114, 101, 101, 100, 101, 115, 107, 116, 111, 112, 46, 68, 66, 117, 115, 0, 0, 0, 0])
[2m1970-01-01T00:00:04.020565Z[0m [33m WARN[0m [1mcosmic-app-library[0m[2m:[0m [2mcosmic_session[0m[2m:[0m  INFO  zbus::connection::handshake::common > read_commands; n_commands=1
[2m1970-01-01T00:00:04.022034Z[0m [33m WARN[0m [1mcosmic-app-library[0m[2m:[0m [2mcosmic_session[0m[2m:[0m  WARN  cosmic::app                         > Failed to activate another instance err=MethodError(OwnedErrorName("org.freedesktop.DBus.Error.ServiceUnknown"), Some("The name com.system76.CosmicAppLibrary was not provided by any .service files"), Msg { type: Error, serial: 132, sender: UniqueName("org.freedesktop.DBus"), reply-serial: 2, body: Str, fds: [] })
[2m1970-01-01T00:00:04.025323Z[0m [33m WARN[0m [1mcosmic-app-library[0m[2m:[0m [2mcosmic_session[0m[2m:[0m  WARN  cosmic_text::font::system           > failed to get system locale, falling back to en-US
[2m1970-01-01T00:00:04.026681Z[0m [33m WARN[0m [1mcosmic-app-library[0m[2m:[0m [2mcosmic_session[0m[2m:[0m  WARN  fontdb                              > Fallback to loading from known font dir paths.
[2m1970-01-01T00:00:04.029447Z[0m [32m INFO[0m [2mlaunch_pad[0m[2m:[0m starting process ' WAYLAND_DISPLAY=wayland-1 XDG_SESSION_TYPE=wayland cosmic-workspaces '
[2m1970-01-01T00:00:04.051528Z[0m [33m WARN[0m [1mcosmic-app-library[0m[2m:[0m [2mcosmic_session[0m[2m:[0m xkbcommon: ERROR: couldn't find a Compose file for locale "C" (mapped to "C")
[2m1970-01-01T00:00:04.053171Z[0m [33m WARN[0m [1mcosmic-app-library[0m[2m:[0m [2mcosmic_session[0m[2m:[0m  INFO  zbus::connection::handshake::common > write_command; command=Auth(Some(External), Some([48]))
[2m1970-01-01T00:00:04.054346Z[0m [33m WARN[0m [1mcosmic-app-library[0m[2m:[0m [2mcosmic_session[0m[2m:[0m  INFO  zbus::connection::handshake::common > write_commands; commands=[Auth(Some(External), Some([48]))] extra_bytes=None
[2m1970-01-01T00:00:04.055441Z[0m [33m WARN[0m [1mcosmic-app-library[0m[2m:[0m [2mcosmic_session[0m[2m:[0m  INFO  tracing::span                       > read_command;
[2m1970-01-01T00:00:04.056658Z[0m [33m WARN[0m [1mcosmic-app-library[0m[2m:[0m [2mcosmic_session[0m[2m:[0m  INFO  zbus::connection::handshake::common > read_commands; n_commands=1
[2m1970-01-01T00:00:04.058099Z[0m [33m WARN[0m [1mcosmic-app-library[0m[2m:[0m [2mcosmic_session[0m[2m:[0m  INFO  zbus::connection::handshake::common > write_commands; commands=[NegotiateUnixFD, Begin] extra_bytes=Some([108, 1, 0, 1, 0, 0, 0, 0, 3, 0, 0, 0, 109, 0, 0, 0, 1, 1, 111, 0, 21, 0, 0, 0, 47, 111, 114, 103, 47, 102, 114, 101, 101, 100, 101, 115, 107, 116, 111, 112, 47, 68, 66, 117, 115, 0, 0, 0, 2, 1, 115, 0, 20, 0, 0, 0, 111, 114, 103, 46, 102, 114, 101, 101, 100, 101, 115, 107, 116, 111, 112, 46, 68, 66, 117, 115, 0, 0, 0, 0, 3, 1, 115, 0, 5, 0, 0, 0, 72, 101, 108, 108, 111, 0, 0, 0, 6, 1, 115, 0, 20, 0, 0, 0, 111, 114, 103, 46, 102, 114, 101, 101, 100, 101, 115, 107, 116, 111, 112, 46, 68, 66, 117, 115, 0, 0, 0, 0])
[2m1970-01-01T00:00:04.080690Z[0m [33m WARN[0m [1mcosmic-app-library[0m[2m:[0m [2mcosmic_session[0m[2m:[0m  INFO  zbus::connection::handshake::common > read_commands; n_commands=1
[2m1970-01-01T00:00:04.082168Z[0m [33m WARN[0m [1mcosmic-app-library[0m[2m:[0m [2mcosmic_session[0m[2m:[0m  INFO  iced_winit                          > System theme: None
[2m1970-01-01T00:00:04.083758Z[0m [33m WARN[0m [1mcosmic-app-library[0m[2m:[0m [2mcosmic_session[0m[2m:[0m  INFO  iced_winit::platform_specific::wayland::event_loop > SCTK setup complete.
[2m1970-01-01T00:00:04.084816Z[0m [33m WARN[0m [1mcosmic-app-library[0m[2m:[0m [2mcosmic_session[0m[2m:[0m xkbcommon: ERROR: couldn't find a Compose file for locale "C" (mapped to "C")
[2m1970-01-01T00:00:04.085708Z[0m [33m WARN[0m [1mcosmic-app-library[0m[2m:[0m [2mcosmic_session[0m[2m:[0m xkbcommon: ERROR: couldn't find a Compose file for locale "C" (mapped to "C")
[2m1970-01-01T00:00:04.086925Z[0m [33m WARN[0m [1mcosmic-app-library[0m[2m:[0m [2mcosmic_session[0m[2m:[0m  INFO  zbus::connection::handshake::common                > write_command; command=Auth(Some(External), Some([48]))
[2m1970-01-01T00:00:04.088143Z[0m [33m WARN[0m [1mcosmic-app-library[0m[2m:[0m [2mcosmic_session[0m[2m:[0m  INFO  zbus::connection::handshake::common                > write_commands; commands=[Auth(Some(External), Some([48]))] extra_bytes=None
[2m1970-01-01T00:00:04.089545Z[0m [33m WARN[0m [1mcosmic-app-library[0m[2m:[0m [2mcosmic_session[0m[2m:[0m  INFO  tracing::span                                      > read_command;
[2m1970-01-01T00:00:04.100009Z[0m [33m WARN[0m [1mcosmic-app-library[0m[2m:[0m [2mcosmic_session[0m[2m:[0m  INFO  zbus::connection::handshake::common                > read_commands; n_commands=1
[2m1970-01-01T00:00:04.102066Z[0m [33m WARN[0m [1mcosmic-app-library[0m[2m:[0m [2mcosmic_session[0m[2m:[0m  INFO  zbus::connection::handshake::common                > write_commands; commands=[NegotiateUnixFD, Begin] extra_bytes=Some([108, 1, 0, 1, 0, 0, 0, 0, 4, 0, 0, 0, 109, 0, 0, 0, 1, 1, 111, 0, 21, 0, 0, 0, 47, 111, 114, 103, 47, 102, 114, 101, 101, 100, 101, 115, 107, 116, 111, 112, 47, 68, 66, 117, 115, 0, 0, 0, 2, 1, 115, 0, 20, 0, 0, 0, 111, 114, 103, 46, 102, 114, 101, 101, 100, 101, 115, 107, 116, 111, 112, 46, 68, 66, 117, 115, 0, 0, 0, 0, 3, 1, 115, 0, 5, 0, 0, 0, 72, 101, 108, 108, 111, 0, 0, 0, 6, 1, 115, 0, 20, 0, 0, 0, 111, 114, 103, 46, 102, 114, 101, 101, 100, 101, 115, 107, 116, 111, 112, 46, 68, 66, 117, 115, 0, 0, 0, 0])
[2m1970-01-01T00:00:04.107890Z[0m [33m WARN[0m [1mcosmic-app-library[0m[2m:[0m [2mcosmic_session[0m[2m:[0m  INFO  zbus::connection::handshake::common                > read_commands; n_commands=1
[2m1970-01-01T00:00:04.109586Z[0m [33m WARN[0m [1mcosmic-app-library[0m[2m:[0m [2mcosmic_session[0m[2m:[0m  INFO  zbus::proxy                                        > {}; task_name="org.a11y.Status proxy caching"
[2m1970-01-01T00:00:04.110652Z[0m [33m WARN[0m [1mcosmic-app-library[0m[2m:[0m [2mcosmic_session[0m[2m:[0m  WARN  zbus::proxy                                        > Failed to populate properties cache via GetAll: org.freedesktop.DBus.Error.ServiceUnknown: The name org.a11y.Bus was not provided by any .service files. Property change streams will not produce values.
[2m1970-01-01T00:00:04.113615Z[0m [33m WARN[0m [1mcosmic-app-library[0m[2m:[0m [2mcosmic_session[0m[2m:[0m  INFO  zbus::connection::handshake::common                > write_command; command=Auth(Some(External), Some([48]))
[2m1970-01-01T00:00:04.115405Z[0m [33m WARN[0m [1mcosmic-app-library[0m[2m:[0m [2mcosmic_session[0m[2m:[0m  INFO  zbus::connection::handshake::common                > write_commands; commands=[Auth(Some(External), Some([48]))] extra_bytes=None
[2m1970-01-01T00:00:04.117334Z[0m [33m WARN[0m [1mcosmic-app-library[0m[2m:[0m [2mcosmic_session[0m[2m:[0m  INFO  tracing::span                                      > read_command;
[2m1970-01-01T00:00:04.118480Z[0m [33m WARN[0m [1mcosmic-app-library[0m[2m:[0m [2mcosmic_session[0m[2m:[0m  INFO  zbus::connection::handshake::common                > read_commands; n_commands=1
[2m1970-01-01T00:00:04.119689Z[0m [33m WARN[0m [1mcosmic-app-library[0m[2m:[0m [2mcosmic_session[0m[2m:[0m  INFO  zbus::connection::handshake::common                > write_command; command=Auth(Some(External), Some([48]))
[2m1970-01-01T00:00:04.130011Z[0m [33m WARN[0m [1mcosmic-app-library[0m[2m:[0m [2mcosmic_session[0m[2m:[0m  INFO  zbus::connection::handshake::common                > write_commands; commands=[Auth(Some(External), Some([48]))] extra_bytes=None
[2m1970-01-01T00:00:04.132079Z[0m [33m WARN[0m [1mcosmic-app-library[0m[2m:[0m [2mcosmic_session[0m[2m:[0m  INFO  tracing::span                                      > read_command;
[2m1970-01-01T00:00:04.133569Z[0m [33m WARN[0m [1mcosmic-app-library[0m[2m:[0m [2mcosmic_session[0m[2m:[0m  INFO  zbus::connection::handshake::common                > read_commands; n_commands=1
[2m1970-01-01T00:00:04.134862Z[0m [32m INFO[0m [1mcosmic-launcher[0m[2m:[0m [2mcosmic_session[0m[2m:[0m 1970-01-01T00:00:03.876296Z  INFO cosmic-launcher (com.system76.CosmicLauncher)
[2m1970-01-01T00:00:04.136325Z[0m [32m INFO[0m [1mcosmic-launcher[0m[2m:[0m [2mcosmic_session[0m[2m:[0m 1970-01-01T00:00:03.882269Z  INFO Version: 1.0.12 (release)
[2m1970-01-01T00:00:04.137359Z[0m [32m INFO[0m [2mlaunch_pad[0m[2m:[0m starting process ' WAYLAND_DISPLAY=wayland-1 XDG_SESSION_TYPE=wayland cosmic-osd '
[2m1970-01-01T00:00:04.158193Z[0m [33m WARN[0m [1mcosmic-app-library[0m[2m:[0m [2mcosmic_session[0m[2m:[0m  INFO  zbus::connection::handshake::common                > write_commands; commands=[NegotiateUnixFD, Begin] extra_bytes=Some([108, 1, 0, 1, 0, 0, 0, 0, 15, 0, 0, 0, 109, 0, 0, 0, 1, 1, 111, 0, 21, 0, 0, 0, 47, 111, 114, 103, 47, 102, 114, 101, 101, 100, 101, 115, 107, 116, 111, 112, 47, 68, 66, 117, 115, 0, 0, 0, 2, 1, 115, 0, 20, 0, 0, 0, 111, 114, 103, 46, 102, 114, 101, 101, 100, 101, 115, 107, 116, 111, 112, 46, 68, 66, 117, 115, 0, 0, 0, 0, 3, 1, 115, 0, 5, 0, 0, 0, 72, 101, 108, 108, 111, 0, 0, 0, 6, 1, 115, 0, 20, 0, 0, 0, 111, 114, 103, 46, 102, 114, 101, 101, 100, 101, 115, 107, 116, 111, 112, 46, 68, 66, 117, 115, 0, 0, 0, 0])
[2m1970-01-01T00:00:04.160778Z[0m [33m WARN[0m [1mcosmic-app-library[0m[2m:[0m [2mcosmic_session[0m[2m:[0m  INFO  zbus::connection::handshake::common                > read_commands; n_commands=1
[2m1970-01-01T00:00:04.161303Z[0m [33m WARN[0m [1mcosmic-app-library[0m[2m:[0m [2mcosmic_session[0m[2m:[0m  INFO  zbus::connection::handshake::common                > write_commands; commands=[NegotiateUnixFD, Begin] extra_bytes=Some([108, 1, 0, 1, 0, 0, 0, 0, 16, 0, 0, 0, 109, 0, 0, 0, 1, 1, 111, 0, 21, 0, 0, 0, 47, 111, 114, 103, 47, 102, 114, 101, 101, 100, 101, 115, 107, 116, 111, 112, 47, 68, 66, 117, 115, 0, 0, 0, 2, 1, 115, 0, 20, 0, 0, 0, 111, 114, 103, 46, 102, 114, 101, 101, 100, 101, 115, 107, 116, 111, 112, 46, 68, 66, 117, 115, 0, 0, 0, 0, 3, 1, 115, 0, 5, 0, 0, 0, 72, 101, 108, 108, 111, 0, 0, 0, 6, 1, 115, 0, 20, 0, 0, 0, 111, 114, 103, 46, 102, 114, 101, 101, 100, 101, 115, 107, 116, 111, 112, 46, 68, 66, 117, 115, 0, 0, 0, 0])
[2m1970-01-01T00:00:04.167511Z[0m [33m WARN[0m [1mcosmic-app-library[0m[2m:[0m [2mcosmic_session[0m[2m:[0m  INFO  zbus::connection::handshake::common                > read_commands; n_commands=1
[2m1970-01-01T00:00:04.172694Z[0m [33m WARN[0m [1mcosmic-app-library[0m[2m:[0m [2mcosmic_session[0m[2m:[0m  INFO  zbus::connection                                   > start_object_server; started_event=None
[2m1970-01-01T00:00:04.174152Z[0m [33m WARN[0m [1mcosmic-app-library[0m[2m:[0m [2mcosmic_session[0m[2m:[0m  INFO  tracing::span                                      > obj_server_task;
[2m1970-01-01T00:00:04.175638Z[0m [33m WARN[0m [1mcosmic-app-library[0m[2m:[0m [2mcosmic_session[0m[2m:[0m  INFO  zbus::proxy                                        > {}; task_name="org.freedesktop.portal.Settings proxy caching"
[2m1970-01-01T00:00:04.177095Z[0m [33m WARN[0m [1mcosmic-app-library[0m[2m:[0m [2mcosmic_session[0m[2m:[0m  INFO  zbus::connection                                   > monitor_name_lost; name=com.system76.CosmicAppLibrary
[2m1970-01-01T00:00:04.178650Z[0m [33m WARN[0m [1mcosmic-app-library[0m[2m:[0m [2mcosmic_session[0m[2m:[0m  WARN  zbus::proxy                                        > Failed to populate properties cache via GetAll: org.freedesktop.DBus.Error.ServiceUnknown: The name org.freedesktop.portal.Desktop was not provided by any .service files. Property change streams will not produce values.
[2m1970-01-01T00:00:04.181079Z[0m [33m WARN[0m [1mcosmic-app-library[0m[2m:[0m [2mcosmic_session[0m[2m:[0m  ERROR cosmic::theme::portal                              > Failed to get the color scheme Portal(ZBus(MethodError(OwnedErrorName("org.freedesktop.DBus.Error.ServiceUnknown"), Some("The name org.freedesktop.portal.Desktop was not provided by any .service files"), Msg { type: Error, serial: 169, sender: UniqueName("org.freedesktop.DBus"), reply-serial: 26, body: Str, fds: [] })))
[2m1970-01-01T00:00:04.189628Z[0m [33m WARN[0m [1mcosmic-app-library[0m[2m:[0m [2mcosmic_session[0m[2m:[0m  ERROR cosmic::theme::portal                              > Failed to get the contrast Portal(ZBus(MethodError(OwnedErrorName("org.freedesktop.DBus.Error.ServiceUnknown"), Some("The name org.freedesktop.portal.Desktop was not provided by any .service files"), Msg { type: Error, serial: 172, sender: UniqueName("org.freedesktop.DBus"), reply-serial: 28, body: Str, fds: [] })))
[2m1970-01-01T00:00:04.193221Z[0m [32m INFO[0m [2mlaunch_pad[0m[2m:[0m starting process ' WAYLAND_DISPLAY=wayland-1 XDG_SESSION_TYPE=wayland cosmic-bg '
[2m1970-01-01T00:00:04.210109Z[0m [33m WARN[0m [1mcosmic-workspaces[0m[2m:[0m [2mcosmic_session[0m[2m:[0m [1970-01-01T00:00:04Z INFO  i18n_embed::requester] Current Locale: []
[2m1970-01-01T00:00:04.211502Z[0m [33m WARN[0m [1mcosmic-workspaces[0m[2m:[0m [2mcosmic_session[0m[2m:[0m [1970-01-01T00:00:04Z INFO  i18n_embed] Selecting translations for domain "cosmic_workspaces"
[2m1970-01-01T00:00:04.212867Z[0m [32m INFO[0m [2mlaunch_pad[0m[2m:[0m starting process ' WAYLAND_DISPLAY=wayland-1 XDG_SESSION_TYPE=wayland cosmic-greeter '
[2m1970-01-01T00:00:04.219916Z[0m [31mERROR[0m [1mcosmic-greeter[0m[2m:[0m [2mcosmic_session[0m[2m:[0m failed to start cosmic-greeter: failed to start process: No such file or directory (os error 2)
[2m1970-01-01T00:00:04.221514Z[0m [32m INFO[0m [2mlaunch_pad[0m[2m:[0m starting process ' WAYLAND_DISPLAY=wayland-1 XDG_SESSION_TYPE=wayland cosmic-files-applet '
[2m1970-01-01T00:00:04.245193Z[0m [33m WARN[0m [2mbusd::peers[0m[2m:[0m unknown destination: com.system76.CosmicLauncher
[2m1970-01-01T00:00:04.250787Z[0m [32m INFO[0m [2mlaunch_pad[0m[2m:[0m starting process ' WAYLAND_DISPLAY=wayland-1 XDG_SESSION_TYPE=wayland cosmic-idle '
[2m1970-01-01T00:00:04.269562Z[0m [32m INFO[0m [1mcosmic-launcher[0m[2m:[0m [2mcosmic_session[0m[2m:[0m 1970-01-01T00:00:04.249254Z  WARN Failed to activate another instance err=MethodError(OwnedErrorName("org.freedesktop.DBus.Error.ServiceUnknown"), Some("The name com.system76.CosmicLauncher was not provided by any .service files"), Msg { type: Error, serial: 195, sender: UniqueName("org.freedesktop.DBus"), reply-serial: 2, body: Str, fds: [] })
[2m1970-01-01T00:00:04.269999Z[0m [33m WARN[0m [2mbusd::peers[0m[2m:[0m unknown destination: org.a11y.Bus
[2m1970-01-01T00:00:04.349713Z[0m [33m WARN[0m [1mcosmic-idle[0m[2m:[0m [2mcosmic_session[0m[2m:[0m [1970-01-01T00:00:04Z WARN  cosmic_settings_config::shortcuts] Skipping over invalid SystemAction (
[2m1970-01-01T00:00:04.350573Z[0m [33m WARN[0m [1mcosmic-idle[0m[2m:[0m [2mcosmic_session[0m[2m:[0m         /// Toggles the screen reader
[2m1970-01-01T00:00:04.351525Z[0m [33m WARN[0m [1mcosmic-idle[0m[2m:[0m [2mcosmic_session[0m[2m:[0m         ScreenReader): 3:5-3:17: Unexpected variant named `ScreenReader` in enum `System`, expected one of `AppLibrary`, `BrightnessDown`, `BrightnessUp`, `DisplayToggle`, `HomeFolder`, `InputSourceSwitch`, `KeyboardBrightnessDown`, `KeyboardBrightnessUp`, `Launcher`, `LockScreen`, `LogOut`, `Mute`, `MuteMic`, `PlayPause`, `PlayNext`, `PlayPrev`, `PowerOff`, `Screenshot`, `Suspend`, `Terminal`, `TouchpadToggle`, `VolumeLower`, `VolumeRaise`, `WebBrowser`, `WindowSwitcher`, `WindowSwitcherPrevious`, or `WorkspaceOverview` instead
[2m1970-01-01T00:00:04.355415Z[0m [33m WARN[0m [1mcosmic-idle[0m[2m:[0m [2mcosmic_session[0m[2m:[0m [1970-01-01T00:00:04Z WARN  cosmic_settings_config::shortcuts] Skipping over invalid SystemAction (
[2m1970-01-01T00:00:04.357258Z[0m [33m WARN[0m [1mcosmic-idle[0m[2m:[0m [2mcosmic_session[0m[2m:[0m         /// Toggles the screen reader
[2m1970-01-01T00:00:04.358492Z[0m [33m WARN[0m [1mcosmic-idle[0m[2m:[0m [2mcosmic_session[0m[2m:[0m         ScreenReader): 3:5-3:17: Unexpected variant named `ScreenReader` in enum `System`, expected one of `AppLibrary`, `BrightnessDown`, `BrightnessUp`, `DisplayToggle`, `HomeFolder`, `InputSourceSwitch`, `KeyboardBrightnessDown`, `KeyboardBrightnessUp`, `Launcher`, `LockScreen`, `LogOut`, `Mute`, `MuteMic`, `PlayPause`, `PlayNext`, `PlayPrev`, `PowerOff`, `Screenshot`, `Suspend`, `Terminal`, `TouchpadToggle`, `VolumeLower`, `VolumeRaise`, `WebBrowser`, `WindowSwitcher`, `WindowSwitcherPrevious`, or `WorkspaceOverview` instead
[2m1970-01-01T00:00:04.388571Z[0m [33m WARN[0m [1mcosmic-launcher[0m[2m:[0m [2mcosmic_session[0m[2m:[0m xkbcommon: ERROR: couldn't find a Compose file for locale "C" (mapped to "C")
[2m1970-01-01T00:00:04.398000Z[0m [33m WARN[0m [1mcosmic-idle[0m[2m:[0m [2mcosmic_session[0m[2m:[0m [1970-01-01T00:00:04Z INFO  tracing::span] perform;
[2m1970-01-01T00:00:04.398539Z[0m [33m WARN[0m [1mcosmic-idle[0m[2m:[0m [2mcosmic_session[0m[2m:[0m [1970-01-01T00:00:04Z INFO  tracing::span] authenticate;
[2m1970-01-01T00:00:04.399381Z[0m [33m WARN[0m [1mcosmic-idle[0m[2m:[0m [2mcosmic_session[0m[2m:[0m [1970-01-01T00:00:04Z INFO  zbus::connection::handshake::common] write_command; command=Auth(Some(External), Some([48]))
[2m1970-01-01T00:00:04.412178Z[0m [33m WARN[0m [1mcosmic-idle[0m[2m:[0m [2mcosmic_session[0m[2m:[0m [1970-01-01T00:00:04Z INFO  zbus::connection::handshake::common] write_commands; commands=[Auth(Some(External), Some([48]))] extra_bytes=None
[2m1970-01-01T00:00:04.414468Z[0m [33m WARN[0m [1mcosmic-files-applet[0m[2m:[0m [2mcosmic_session[0m[2m:[0m   \x1b[32m INFO\x1b[0m  \x1b[32mCurrent Locale: []\x1b[0m
[2m1970-01-01T00:00:04.415538Z[0m [33m WARN[0m [1mcosmic-files-applet[0m[2m:[0m [2mcosmic_session[0m[2m:[0m     \x1b[2;3mat\x1b[0m /Users/forain/.cargo/registry/src/index.crates.io-1949cf8c6b5b557f/i18n-embed-0.16.0/src/requester.rs:299 \x1b[2;3mon\x1b[0m main
[2m1970-01-01T00:00:04.417104Z[0m [33m WARN[0m [1mcosmic-files-applet[0m[2m:[0m [2mcosmic_session[0m[2m:[0m 
[2m1970-01-01T00:00:04.417978Z[0m [33m WARN[0m [1mcosmic-files-applet[0m[2m:[0m [2mcosmic_session[0m[2m:[0m   \x1b[32m INFO\x1b[0m  \x1b[32mSelecting translations for domain "cosmic_files"\x1b[0m
[2m1970-01-01T00:00:04.419505Z[0m [33m WARN[0m [1mcosmic-files-applet[0m[2m:[0m [2mcosmic_session[0m[2m:[0m     \x1b[2;3mat\x1b[0m /Users/forain/.cargo/registry/src/index.crates.io-1949cf8c6b5b557f/i18n-embed-0.16.0/src/lib.rs:602 \x1b[2;3mon\x1b[0m main
[2m1970-01-01T00:00:04.442597Z[0m [33m WARN[0m [1mcosmic-files-applet[0m[2m:[0m [2mcosmic_session[0m[2m:[0m 
[2m1970-01-01T00:00:04.443404Z[0m [33m WARN[0m [1mcosmic-idle[0m[2m:[0m [2mcosmic_session[0m[2m:[0m [1970-01-01T00:00:04Z INFO  tracing::span] read_command;
[2m1970-01-01T00:00:04.444563Z[0m [33m WARN[0m [1mcosmic-idle[0m[2m:[0m [2mcosmic_session[0m[2m:[0m [1970-01-01T00:00:04Z INFO  zbus::connection::handshake::common] read_commands; n_commands=1
[2m1970-01-01T00:00:04.445950Z[0m [33m WARN[0m [1mcosmic-idle[0m[2m:[0m [2mcosmic_session[0m[2m:[0m [1970-01-01T00:00:04Z INFO  tracing::span] perform;
[2m1970-01-01T00:00:04.447064Z[0m [33m WARN[0m [1mcosmic-idle[0m[2m:[0m [2mcosmic_session[0m[2m:[0m [1970-01-01T00:00:04Z INFO  tracing::span] authenticate;
[2m1970-01-01T00:00:04.448337Z[0m [33m WARN[0m [1mcosmic-idle[0m[2m:[0m [2mcosmic_session[0m[2m:[0m [1970-01-01T00:00:04Z INFO  zbus::connection::handshake::common] write_command; command=Auth(Some(External), Some([48]))
[2m1970-01-01T00:00:04.450974Z[0m [33m WARN[0m [1mcosmic-idle[0m[2m:[0m [2mcosmic_session[0m[2m:[0m [1970-01-01T00:00:04Z INFO  zbus::connection::handshake::common] write_commands; commands=[Auth(Some(External), Some([48]))] extra_bytes=None
[2m1970-01-01T00:00:04.452482Z[0m [33m WARN[0m [1mcosmic-idle[0m[2m:[0m [2mcosmic_session[0m[2m:[0m [1970-01-01T00:00:04Z INFO  tracing::span] read_command;
[2m1970-01-01T00:00:04.452862Z[0m [33m WARN[0m [1mcosmic-idle[0m[2m:[0m [2mcosmic_session[0m[2m:[0m [1970-01-01T00:00:04Z INFO  zbus::connection::handshake::common] read_commands; n_commands=1
[2m1970-01-01T00:00:04.453316Z[0m [33m WARN[0m [1mcosmic-idle[0m[2m:[0m [2mcosmic_session[0m[2m:[0m [1970-01-01T00:00:04Z INFO  tracing::span] send_secondary_commands;
[2m1970-01-01T00:00:04.453753Z[0m [33m WARN[0m [1mcosmic-idle[0m[2m:[0m [2mcosmic_session[0m[2m:[0m [1970-01-01T00:00:04Z INFO  zbus::connection::handshake::common] write_commands; commands=[NegotiateUnixFD, Begin] extra_bytes=Some([108, 1, 0, 1, 0, 0, 0, 0, 1, 0, 0, 0, 109, 0, 0, 0, 1, 1, 111, 0, 21, 0, 0, 0, 47, 111, 114, 103, 47, 102, 114, 101, 101, 100, 101, 115, 107, 116, 111, 112, 47, 68, 66, 117, 115, 0, 0, 0, 2, 1, 115, 0, 20, 0, 0, 0, 111, 114, 103, 46, 102, 114, 101, 101, 100, 101, 115, 107, 116, 111, 112, 46, 68, 66, 117, 115, 0, 0, 0, 0, 3, 1, 115, 0, 5, 0, 0, 0, 72, 101, 108, 108, 111, 0, 0, 0, 6, 1, 115, 0, 20, 0, 0, 0, 111, 114, 103, 46, 102, 114, 101, 101, 100, 101, 115, 107, 116, 111, 112, 46, 68, 66, 117, 115, 0, 0, 0, 0])
[2m1970-01-01T00:00:04.456073Z[0m [33m WARN[0m [1mcosmic-idle[0m[2m:[0m [2mcosmic_session[0m[2m:[0m [1970-01-01T00:00:04Z INFO  zbus::connection::handshake::client] receive_secondary_responses; expected_n_responses=1
[2m1970-01-01T00:00:04.456976Z[0m [33m WARN[0m [1mcosmic-idle[0m[2m:[0m [2mcosmic_session[0m[2m:[0m [1970-01-01T00:00:04Z INFO  zbus::connection::handshake::common] read_commands; n_commands=1
[2m1970-01-01T00:00:04.457686Z[0m [32m INFO[0m [1mcosmic-launcher[0m[2m:[0m [2mcosmic_session[0m[2m:[0m 1970-01-01T00:00:04.435066Z  INFO starting pop-launcher service
[2m1970-01-01T00:00:04.458116Z[0m [32m INFO[0m [1mcosmic-launcher[0m[2m:[0m [2mcosmic_session[0m[2m:[0m 1970-01-01T00:00:04.452685Z ERROR pop-launcher failed to start: No such file or directory (os error 2)
[2m1970-01-01T00:00:04.459267Z[0m [33m WARN[0m [1mcosmic-idle[0m[2m:[0m [2mcosmic_session[0m[2m:[0m [1970-01-01T00:00:04Z INFO  tracing::span] send_secondary_commands;
[2m1970-01-01T00:00:04.467854Z[0m [33m WARN[0m [2mbusd::peers[0m[2m:[0m unknown destination: org.freedesktop.UPower
[2m1970-01-01T00:00:04.473543Z[0m [33m WARN[0m [1mcosmic-idle[0m[2m:[0m [2mcosmic_session[0m[2m:[0m [1970-01-01T00:00:04Z INFO  zbus::connection::handshake::common] write_commands; commands=[NegotiateUnixFD, Begin] extra_bytes=Some([108, 1, 0, 1, 0, 0, 0, 0, 2, 0, 0, 0, 109, 0, 0, 0, 1, 1, 111, 0, 21, 0, 0, 0, 47, 111, 114, 103, 47, 102, 114, 101, 101, 100, 101, 115, 107, 116, 111, 112, 47, 68, 66, 117, 115, 0, 0, 0, 2, 1, 115, 0, 20, 0, 0, 0, 111, 114, 103, 46, 102, 114, 101, 101, 100, 101, 115, 107, 116, 111, 112, 46, 68, 66, 117, 115, 0, 0, 0, 0, 3, 1, 115, 0, 5, 0, 0, 0, 72, 101, 108, 108, 111, 0, 0, 0, 6, 1, 115, 0, 20, 0, 0, 0, 111, 114, 103, 46, 102, 114, 101, 101, 100, 101, 115, 107, 116, 111, 112, 46, 68, 66, 117, 115, 0, 0, 0, 0])
[2m1970-01-01T00:00:04.479999Z[0m [33m WARN[0m [1mcosmic-idle[0m[2m:[0m [2mcosmic_session[0m[2m:[0m [1970-01-01T00:00:04Z INFO  zbus::connection::handshake::client] receive_secondary_responses; expected_n_responses=1
[2m1970-01-01T00:00:04.481667Z[0m [33m WARN[0m [1mcosmic-idle[0m[2m:[0m [2mcosmic_session[0m[2m:[0m [1970-01-01T00:00:04Z INFO  zbus::connection::handshake::common] read_commands; n_commands=1
[2m1970-01-01T00:00:04.482388Z[0m [33m WARN[0m [1mcosmic-idle[0m[2m:[0m [2mcosmic_session[0m[2m:[0m [1970-01-01T00:00:04Z INFO  tracing::span] new;
[2m1970-01-01T00:00:04.483131Z[0m [33m WARN[0m [1mcosmic-idle[0m[2m:[0m [2mcosmic_session[0m[2m:[0m [1970-01-01T00:00:04Z INFO  zbus::proxy] {}; task_name="org.freedesktop.UPower proxy caching"
[2m1970-01-01T00:00:04.484516Z[0m [33m WARN[0m [1mcosmic-idle[0m[2m:[0m [2mcosmic_session[0m[2m:[0m [1970-01-01T00:00:04Z INFO  tracing::span] socket reader;
[2m1970-01-01T00:00:04.485756Z[0m [33m WARN[0m [1mcosmic-idle[0m[2m:[0m [2mcosmic_session[0m[2m:[0m [1970-01-01T00:00:04Z INFO  tracing::span] read_socket;
[2m1970-01-01T00:00:04.486935Z[0m [33m WARN[0m [1mcosmic-idle[0m[2m:[0m [2mcosmic_session[0m[2m:[0m [1970-01-01T00:00:04Z INFO  zbus::connection] start_object_server; started_event=Some(Event { listeners_notified: 0, listeners_total: 1 })
[2m1970-01-01T00:00:04.488659Z[0m [33m WARN[0m [1mcosmic-idle[0m[2m:[0m [2mcosmic_session[0m[2m:[0m [1970-01-01T00:00:04Z INFO  tracing::span] obj_server_task;
[2m1970-01-01T00:00:04.489890Z[0m [33m WARN[0m [1mcosmic-idle[0m[2m:[0m [2mcosmic_session[0m[2m:[0m [1970-01-01T00:00:04Z INFO  tracing::span] read_socket;
[2m1970-01-01T00:00:04.505375Z[0m [33m WARN[0m [2mbusd::peers[0m[2m:[0m unknown destination: org.freedesktop.portal.Desktop
[2m1970-01-01T00:00:04.514147Z[0m [33m WARN[0m [2mbusd::peers[0m[2m:[0m unknown destination: org.freedesktop.portal.Desktop
[2m1970-01-01T00:00:04.520944Z[0m [33m WARN[0m [2mbusd::peers[0m[2m:[0m unknown destination: org.freedesktop.portal.Desktop
[2m1970-01-01T00:00:04.537701Z[0m [33m WARN[0m [1mcosmic-idle[0m[2m:[0m [2mcosmic_session[0m[2m:[0m [1970-01-01T00:00:04Z INFO  tracing::span] socket reader;
[2m1970-01-01T00:00:04.539426Z[0m [33m WARN[0m [1mcosmic-idle[0m[2m:[0m [2mcosmic_session[0m[2m:[0m [1970-01-01T00:00:04Z INFO  tracing::span] read_socket;
[2m1970-01-01T00:00:04.564780Z[0m [33m WARN[0m [2mbusd::peers[0m[2m:[0m unknown destination: org.a11y.Bus
[2m1970-01-01T00:00:04.570021Z[0m [33m WARN[0m [1mcosmic-idle[0m[2m:[0m [2mcosmic_session[0m[2m:[0m [1970-01-01T00:00:04Z INFO  tracing::span] read_socket;
[2m1970-01-01T00:00:04.571711Z[0m [32m INFO[0m [1mcosmic-notifications[0m[2m:[0m [2mcosmic_session::notifications[0m[2m:[0m \x1b[2m1970-01-01T00:00:04.477751Z\x1b[0m \x1b[31mERROR\x1b[0m \x1b[2mcosmic_notifications::subscriptions::notifications\x1b[0m\x1b[2m:\x1b[0m Failed to setup panel dbus server deadline has elapsed
[2m1970-01-01T00:00:04.574499Z[0m [33m WARN[0m [1mcosmic-app-library[0m[2m:[0m [2mcosmic_session[0m[2m:[0m  INFO  iced_winit::platform_specific::wayland::event_loop::state > Failed to find surface for blur action
[2m1970-01-01T00:00:04.576110Z[0m [32m INFO[0m [1mcosmic-launcher[0m[2m:[0m [2mcosmic_session[0m[2m:[0m 1970-01-01T00:00:04.512675Z  WARN {}{task_name="org.freedesktop.portal.Settings proxy caching"}: Failed to populate properties cache via GetAll: org.freedesktop.DBus.Error.ServiceUnknown: The name org.freedesktop.portal.Desktop was not provided by any .service files. Property change streams will not produce values.
[2m1970-01-01T00:00:04.579265Z[0m [32m INFO[0m [1mcosmic-launcher[0m[2m:[0m [2mcosmic_session[0m[2m:[0m 1970-01-01T00:00:04.520052Z ERROR Failed to get the color scheme Portal(ZBus(MethodError(OwnedErrorName("org.freedesktop.DBus.Error.ServiceUnknown"), Some("The name org.freedesktop.portal.Desktop was not provided by any .service files"), Msg { type: Error, serial: 260, sender: UniqueName("org.freedesktop.DBus"), reply-serial: 24, body: Str, fds: [] })))
[2m1970-01-01T00:00:04.589308Z[0m [32m INFO[0m [1mcosmic-launcher[0m[2m:[0m [2mcosmic_session[0m[2m:[0m 1970-01-01T00:00:04.565355Z  WARN {}{task_name="org.a11y.Status proxy caching"}: Failed to populate properties cache via GetAll: org.freedesktop.DBus.Error.ServiceUnknown: The name org.a11y.Bus was not provided by any .service files. Property change streams will not produce values.
[2m1970-01-01T00:00:04.592564Z[0m [33m WARN[0m [1mcosmic-launcher[0m[2m:[0m [2mcosmic_session[0m[2m:[0m xkbcommon: ERROR: couldn't find a Compose file for locale "C" (mapped to "C")
[2m1970-01-01T00:00:04.594294Z[0m [33m WARN[0m [1mcosmic-launcher[0m[2m:[0m [2mcosmic_session[0m[2m:[0m xkbcommon: ERROR: couldn't find a Compose file for locale "C" (mapped to "C")
[2m1970-01-01T00:00:04.596083Z[0m [33m WARN[0m [1mcosmic-idle[0m[2m:[0m [2mcosmic_session[0m[2m:[0m [1970-01-01T00:00:04Z INFO  tracing::span] read_socket;
[2m1970-01-01T00:00:04.597558Z[0m [33m WARN[0m [1mcosmic-idle[0m[2m:[0m [2mcosmic_session[0m[2m:[0m [1970-01-01T00:00:04Z INFO  tracing::span] read_socket;
[2m1970-01-01T00:00:04.598919Z[0m [33m WARN[0m [1mcosmic-idle[0m[2m:[0m [2mcosmic_session[0m[2m:[0m [1970-01-01T00:00:04Z INFO  tracing::span] read_socket;
[2m1970-01-01T00:00:04.632453Z[0m [33m WARN[0m [1mcosmic-idle[0m[2m:[0m [2mcosmic_session[0m[2m:[0m [1970-01-01T00:00:04Z INFO  tracing::span] read_socket;
[2m1970-01-01T00:00:04.633812Z[0m [33m WARN[0m [1mcosmic-idle[0m[2m:[0m [2mcosmic_session[0m[2m:[0m [1970-01-01T00:00:04Z INFO  tracing::span] read_socket;
[2m1970-01-01T00:00:04.635478Z[0m [33m WARN[0m [1mcosmic-idle[0m[2m:[0m [2mcosmic_session[0m[2m:[0m [1970-01-01T00:00:04Z INFO  tracing::span] read_socket;
[2m1970-01-01T00:00:04.636928Z[0m [33m WARN[0m [1mcosmic-idle[0m[2m:[0m [2mcosmic_session[0m[2m:[0m [1970-01-01T00:00:04Z INFO  tracing::span] read_socket;
[2m1970-01-01T00:00:04.638140Z[0m [33m WARN[0m [1mcosmic-idle[0m[2m:[0m [2mcosmic_session[0m[2m:[0m [1970-01-01T00:00:04Z INFO  tracing::span] read_socket;
[2m1970-01-01T00:00:04.639264Z[0m [33m WARN[0m [1mcosmic-idle[0m[2m:[0m [2mcosmic_session[0m[2m:[0m [1970-01-01T00:00:04Z INFO  tracing::span] read_socket;
[2m1970-01-01T00:00:04.644550Z[0m [33m WARN[0m [2mbusd::peers[0m[2m:[0m unknown destination: com.system76.CosmicOnScreenDisplay
[2m1970-01-01T00:00:04.646784Z[0m [33m WARN[0m [1mcosmic-idle[0m[2m:[0m [2mcosmic_session[0m[2m:[0m [1970-01-01T00:00:04Z INFO  tracing::span] read_socket;
[2m1970-01-01T00:00:04.648214Z[0m [33m WARN[0m [1mcosmic-idle[0m[2m:[0m [2mcosmic_session[0m[2m:[0m [1970-01-01T00:00:04Z INFO  zbus::connection] monitor_name_lost; name=org.freedesktop.ScreenSaver
[2m1970-01-01T00:00:04.649968Z[0m [33m WARN[0m [1mcosmic-idle[0m[2m:[0m [2mcosmic_session[0m[2m:[0m [1970-01-01T00:00:04Z INFO  tracing::span] read_socket;
[2m1970-01-01T00:00:04.650830Z[0m [33m WARN[0m [1mcosmic-idle[0m[2m:[0m [2mcosmic_session[0m[2m:[0m [1970-01-01T00:00:04Z INFO  tracing::span] read_socket;
[2m1970-01-01T00:00:04.651917Z[0m [33m WARN[0m [1mcosmic-idle[0m[2m:[0m [2mcosmic_session[0m[2m:[0m [1970-01-01T00:00:04Z INFO  tracing::span] read_socket;
[2m1970-01-01T00:00:04.653010Z[0m [33m WARN[0m [1mcosmic-idle[0m[2m:[0m [2mcosmic_session[0m[2m:[0m [1970-01-01T00:00:04Z INFO  tracing::span] read_socket;
[2m1970-01-01T00:00:04.654051Z[0m [33m WARN[0m [1mcosmic-idle[0m[2m:[0m [2mcosmic_session[0m[2m:[0m [1970-01-01T00:00:04Z INFO  tracing::span] read_socket;
[2m1970-01-01T00:00:04.655321Z[0m [33m WARN[0m [1mcosmic-osd[0m[2m:[0m [2mcosmic_session[0m[2m:[0m [1970-01-01T00:00:04Z INFO  zbus::connection::handshake::common] write_command; command=Auth(Some(External), Some([48]))
[2m1970-01-01T00:00:04.656860Z[0m [33m WARN[0m [1mcosmic-osd[0m[2m:[0m [2mcosmic_session[0m[2m:[0m [1970-01-01T00:00:04Z INFO  zbus::connection::handshake::common] write_commands; commands=[Auth(Some(External), Some([48]))] extra_bytes=None
[2m1970-01-01T00:00:04.658448Z[0m [33m WARN[0m [1mcosmic-osd[0m[2m:[0m [2mcosmic_session[0m[2m:[0m [1970-01-01T00:00:04Z INFO  tracing::span] read_command;
[2m1970-01-01T00:00:04.659381Z[0m [33m WARN[0m [1mcosmic-osd[0m[2m:[0m [2mcosmic_session[0m[2m:[0m [1970-01-01T00:00:04Z INFO  zbus::connection::handshake::common] read_commands; n_commands=1
[2m1970-01-01T00:00:04.680827Z[0m [33m WARN[0m [1mcosmic-osd[0m[2m:[0m [2mcosmic_session[0m[2m:[0m [1970-01-01T00:00:04Z INFO  zbus::connection::handshake::common] write_commands; commands=[NegotiateUnixFD, Begin] extra_bytes=Some([108, 1, 0, 1, 0, 0, 0, 0, 1, 0, 0, 0, 109, 0, 0, 0, 1, 1, 111, 0, 21, 0, 0, 0, 47, 111, 114, 103, 47, 102, 114, 101, 101, 100, 101, 115, 107, 116, 111, 112, 47, 68, 66, 117, 115, 0, 0, 0, 2, 1, 115, 0, 20, 0, 0, 0, 111, 114, 103, 46, 102, 114, 101, 101, 100, 101, 115, 107, 116, 111, 112, 46, 68, 66, 117, 115, 0, 0, 0, 0, 3, 1, 115, 0, 5, 0, 0, 0, 72, 101, 108, 108, 111, 0, 0, 0, 6, 1, 115, 0, 20, 0, 0, 0, 111, 114, 103, 46, 102, 114, 101, 101, 100, 101, 115, 107, 116, 111, 112, 46, 68, 66, 117, 115, 0, 0, 0, 0])
[2m1970-01-01T00:00:04.687295Z[0m [33m WARN[0m [1mcosmic-osd[0m[2m:[0m [2mcosmic_session[0m[2m:[0m [1970-01-01T00:00:04Z INFO  zbus::connection::handshake::common] read_commands; n_commands=1
[2m1970-01-01T00:00:04.689106Z[0m [33m WARN[0m [1mcosmic-idle[0m[2m:[0m [2mcosmic_session[0m[2m:[0m [1970-01-01T00:00:04Z INFO  tracing::span] read_socket;
[2m1970-01-01T00:00:04.693952Z[0m [33m WARN[0m [2mbusd::peers[0m[2m:[0m unknown destination: com.system76.CosmicWorkspaces
[2m1970-01-01T00:00:04.720672Z[0m [33m WARN[0m [1mcosmic-app-library[0m[2m:[0m [2mcosmic_session[0m[2m:[0m  INFO  iced_winit::platform_specific::wayland::event_loop::state > Failed to find surface for blur action
[2m1970-01-01T00:00:04.722659Z[0m [33m WARN[0m [1mcosmic-workspaces[0m[2m:[0m [2mcosmic_session[0m[2m:[0m [1970-01-01T00:00:04Z INFO  zbus::connection::handshake::common] write_command; command=Auth(Some(External), Some([48]))
[2m1970-01-01T00:00:04.724881Z[0m [33m WARN[0m [1mcosmic-workspaces[0m[2m:[0m [2mcosmic_session[0m[2m:[0m [1970-01-01T00:00:04Z INFO  zbus::connection::handshake::common] write_commands; commands=[Auth(Some(External), Some([48]))] extra_bytes=None
[2m1970-01-01T00:00:04.727073Z[0m [33m WARN[0m [1mcosmic-workspaces[0m[2m:[0m [2mcosmic_session[0m[2m:[0m [1970-01-01T00:00:04Z INFO  tracing::span] read_command;
[2m1970-01-01T00:00:04.728584Z[0m [33m WARN[0m [1mcosmic-workspaces[0m[2m:[0m [2mcosmic_session[0m[2m:[0m [1970-01-01T00:00:04Z INFO  zbus::connection::handshake::common] read_commands; n_commands=1
[2m1970-01-01T00:00:04.729999Z[0m [33m WARN[0m [1mcosmic-workspaces[0m[2m:[0m [2mcosmic_session[0m[2m:[0m [1970-01-01T00:00:04Z INFO  zbus::connection::handshake::common] write_commands; commands=[NegotiateUnixFD, Begin] extra_bytes=Some([108, 1, 0, 1, 0, 0, 0, 0, 1, 0, 0, 0, 109, 0, 0, 0, 1, 1, 111, 0, 21, 0, 0, 0, 47, 111, 114, 103, 47, 102, 114, 101, 101, 100, 101, 115, 107, 116, 111, 112, 47, 68, 66, 117, 115, 0, 0, 0, 2, 1, 115, 0, 20, 0, 0, 0, 111, 114, 103, 46, 102, 114, 101, 101, 100, 101, 115, 107, 116, 111, 112, 46, 68, 66, 117, 115, 0, 0, 0, 0, 3, 1, 115, 0, 5, 0, 0, 0, 72, 101, 108, 108, 111, 0, 0, 0, 6, 1, 115, 0, 20, 0, 0, 0, 111, 114, 103, 46, 102, 114, 101, 101, 100, 101, 115, 107, 116, 111, 112, 46, 68, 66, 117, 115, 0, 0, 0, 0])
[2m1970-01-01T00:00:04.735191Z[0m [33m WARN[0m [1mcosmic-workspaces[0m[2m:[0m [2mcosmic_session[0m[2m:[0m [1970-01-01T00:00:04Z INFO  zbus::connection::handshake::common] read_commands; n_commands=1
[2m1970-01-01T00:00:04.736940Z[0m [33m WARN[0m [1mcosmic-workspaces[0m[2m:[0m [2mcosmic_session[0m[2m:[0m [1970-01-01T00:00:04Z WARN  cosmic::app] Failed to activate another instance err=MethodError(OwnedErrorName("org.freedesktop.DBus.Error.ServiceUnknown"), Some("The name com.system76.CosmicWorkspaces was not provided by any .service files"), Msg { type: Error, serial: 282, sender: UniqueName("org.freedesktop.DBus"), reply-serial: 2, body: Str, fds: [] })
[2m1970-01-01T00:00:04.759999Z[0m [33m WARN[0m [1mcosmic-workspaces[0m[2m:[0m [2mcosmic_session[0m[2m:[0m [1970-01-01T00:00:04Z WARN  cosmic_text::font::system] failed to get system locale, falling back to en-US
[2m1970-01-01T00:00:04.761758Z[0m [33m WARN[0m [1mcosmic-workspaces[0m[2m:[0m [2mcosmic_session[0m[2m:[0m [1970-01-01T00:00:04Z WARN  fontdb] Fallback to loading from known font dir paths.
[2m1970-01-01T00:00:04.763183Z[0m [33m WARN[0m [1mcosmic-osd[0m[2m:[0m [2mcosmic_session[0m[2m:[0m [1970-01-01T00:00:04Z WARN  cosmic::app] Failed to activate another instance err=MethodError(OwnedErrorName("org.freedesktop.DBus.Error.ServiceUnknown"), Some("The name com.system76.CosmicOnScreenDisplay was not provided by any .service files"), Msg { type: Error, serial: 278, sender: UniqueName("org.freedesktop.DBus"), reply-serial: 2, body: Str, fds: [] })
[2m1970-01-01T00:00:04.766641Z[0m [33m WARN[0m [1mcosmic-osd[0m[2m:[0m [2mcosmic_session[0m[2m:[0m [1970-01-01T00:00:04Z WARN  cosmic_text::font::system] failed to get system locale, falling back to en-US
[2m1970-01-01T00:00:04.768265Z[0m [33m WARN[0m [1mcosmic-osd[0m[2m:[0m [2mcosmic_session[0m[2m:[0m [1970-01-01T00:00:04Z WARN  fontdb] Fallback to loading from known font dir paths.
[2m1970-01-01T00:00:04.770224Z[0m [33m WARN[0m [1mcosmic-idle[0m[2m:[0m [2mcosmic_session[0m[2m:[0m [1970-01-01T00:00:04Z INFO  tracing::span] read_socket;
[2m1970-01-01T00:00:04.771765Z[0m [32m INFO[0m [1mcosmic-launcher[0m[2m:[0m [2mcosmic_session[0m[2m:[0m 1970-01-01T00:00:04.730076Z ERROR Failed to get the contrast Portal(ZBus(MethodError(OwnedErrorName("org.freedesktop.DBus.Error.ServiceUnknown"), Some("The name org.freedesktop.portal.Desktop was not provided by any .service files"), Msg { type: Error, serial: 263, sender: UniqueName("org.freedesktop.DBus"), reply-serial: 28, body: Str, fds: [] })))
[2m1970-01-01T00:00:04.813157Z[0m [33m WARN[0m [1mcosmic-osd[0m[2m:[0m [2mcosmic_session[0m[2m:[0m xkbcommon: ERROR: couldn't find a Compose file for locale "C" (mapped to "C")
[2m1970-01-01T00:00:04.816791Z[0m [33m WARN[0m [1mcosmic-workspaces[0m[2m:[0m [2mcosmic_session[0m[2m:[0m xkbcommon: ERROR: couldn't find a Compose file for locale "C" (mapped to "C")
[2m1970-01-01T00:00:04.823903Z[0m [33m WARN[0m [1mcosmic-osd[0m[2m:[0m [2mcosmic_session[0m[2m:[0m [1970-01-01T00:00:04Z INFO  zbus::connection::handshake::common] write_command; command=Auth(Some(External), Some([48]))
[2m1970-01-01T00:00:04.825663Z[0m [33m WARN[0m [1mcosmic-osd[0m[2m:[0m [2mcosmic_session[0m[2m:[0m [1970-01-01T00:00:04Z INFO  zbus::connection::handshake::common] write_commands; commands=[Auth(Some(External), Some([48]))] extra_bytes=None
[2m1970-01-01T00:00:04.827827Z[0m [33m WARN[0m [1mcosmic-osd[0m[2m:[0m [2mcosmic_session[0m[2m:[0m [1970-01-01T00:00:04Z INFO  tracing::span] read_command;
[2m1970-01-01T00:00:04.829387Z[0m [33m WARN[0m [1mcosmic-osd[0m[2m:[0m [2mcosmic_session[0m[2m:[0m [1970-01-01T00:00:04Z INFO  zbus::connection::handshake::common] read_commands; n_commands=1
[2m1970-01-01T00:00:04.842595Z[0m [33m WARN[0m [1mcosmic-osd[0m[2m:[0m [2mcosmic_session[0m[2m:[0m [1970-01-01T00:00:04Z INFO  zbus::connection::handshake::common] write_commands; commands=[NegotiateUnixFD, Begin] extra_bytes=Some([108, 1, 0, 1, 0, 0, 0, 0, 3, 0, 0, 0, 109, 0, 0, 0, 1, 1, 111, 0, 21, 0, 0, 0, 47, 111, 114, 103, 47, 102, 114, 101, 101, 100, 101, 115, 107, 116, 111, 112, 47, 68, 66, 117, 115, 0, 0, 0, 2, 1, 115, 0, 20, 0, 0, 0, 111, 114, 103, 46, 102, 114, 101, 101, 100, 101, 115, 107, 116, 111, 112, 46, 68, 66, 117, 115, 0, 0, 0, 0, 3, 1, 115, 0, 5, 0, 0, 0, 72, 101, 108, 108, 111, 0, 0, 0, 6, 1, 115, 0, 20, 0, 0, 0, 111, 114, 103, 46, 102, 114, 101, 101, 100, 101, 115, 107, 116, 111, 112, 46, 68, 66, 117, 115, 0, 0, 0, 0])
[2m1970-01-01T00:00:04.849351Z[0m [33m WARN[0m [1mcosmic-osd[0m[2m:[0m [2mcosmic_session[0m[2m:[0m [1970-01-01T00:00:04Z INFO  zbus::connection::handshake::common] read_commands; n_commands=1
[2m1970-01-01T00:00:04.850374Z[0m [33m WARN[0m [1mcosmic-idle[0m[2m:[0m [2mcosmic_session[0m[2m:[0m [1970-01-01T00:00:04Z INFO  tracing::span] read_socket;
[2m1970-01-01T00:00:04.881873Z[0m [33m WARN[0m [1mcosmic-idle[0m[2m:[0m [2mcosmic_session[0m[2m:[0m [1970-01-01T00:00:04Z INFO  tracing::span] read_socket;
[2m1970-01-01T00:00:04.883596Z[0m [33m WARN[0m [1mcosmic-workspaces[0m[2m:[0m [2mcosmic_session[0m[2m:[0m [1970-01-01T00:00:04Z INFO  iced_winit] System theme: None
[2m1970-01-01T00:00:04.885265Z[0m [33m WARN[0m [1mcosmic-workspaces[0m[2m:[0m [2mcosmic_session[0m[2m:[0m [1970-01-01T00:00:04Z INFO  iced_winit::platform_specific::wayland::event_loop] SCTK setup complete.
[2m1970-01-01T00:00:04.887229Z[0m [33m WARN[0m [1mcosmic-osd[0m[2m:[0m [2mcosmic_session[0m[2m:[0m [1970-01-01T00:00:04Z INFO  iced_winit] System theme: None
[2m1970-01-01T00:00:04.888703Z[0m [33m WARN[0m [1mcosmic-osd[0m[2m:[0m [2mcosmic_session[0m[2m:[0m [1970-01-01T00:00:04Z ERROR cosmic_settings_airplane_mode_subscription] Failed to monitor rfkill: No such file or directory (os error 2)
[2m1970-01-01T00:00:04.921302Z[0m [32m INFO[0m [1mcosmic-panel[0m[2m:[0m [2mcosmic_session::notifications[0m[2m:[0m \x1b[2m1970-01-01T00:00:04.891988Z\x1b[0m \x1b[32m INFO\x1b[0m Watching panel config entries for changes Config { system_path: Some("/usr/share/cosmic/com.system76.CosmicPanel/v1"), user_path: Some("/root/.config/cosmic/com.system76.CosmicPanel/v1"), previous: None }
[2m1970-01-01T00:00:04.923250Z[0m [33m WARN[0m [1mcosmic-workspaces[0m[2m:[0m [2mcosmic_session[0m[2m:[0m xkbcommon: ERROR: couldn't find a Compose file for locale "C" (mapped to "C")
[2m1970-01-01T00:00:04.923305Z[0m [33m WARN[0m [2mbusd::peers[0m[2m:[0m unknown destination: org.freedesktop.UPower
[2m1970-01-01T00:00:04.924591Z[0m [33m WARN[0m [1mcosmic-workspaces[0m[2m:[0m [2mcosmic_session[0m[2m:[0m xkbcommon: ERROR: couldn't find a Compose file for locale "C" (mapped to "C")
[2m1970-01-01T00:00:04.926742Z[0m [33m WARN[0m [1mcosmic-osd[0m[2m:[0m [2mcosmic_session[0m[2m:[0m [1970-01-01T00:00:04Z INFO  zbus::connection::handshake::common] write_command; command=Auth(Some(External), Some([48]))
[2m1970-01-01T00:00:04.928332Z[0m [33m WARN[0m [1mcosmic-osd[0m[2m:[0m [2mcosmic_session[0m[2m:[0m [1970-01-01T00:00:04Z INFO  zbus::connection::handshake::common] write_commands; commands=[Auth(Some(External), Some([48]))] extra_bytes=None
[2m1970-01-01T00:00:04.929950Z[0m [33m WARN[0m [1mcosmic-osd[0m[2m:[0m [2mcosmic_session[0m[2m:[0m [1970-01-01T00:00:04Z INFO  zbus::connection::handshake::common] write_command; command=Auth(Some(External), Some([48]))
[2m1970-01-01T00:00:04.963099Z[0m [33m WARN[0m [1mcosmic-osd[0m[2m:[0m [2mcosmic_session[0m[2m:[0m [1970-01-01T00:00:04Z INFO  zbus::connection::handshake::common] write_commands; commands=[Auth(Some(External), Some([48]))] extra_bytes=None
[2m1970-01-01T00:00:04.965701Z[0m [33m WARN[0m [1mcosmic-osd[0m[2m:[0m [2mcosmic_session[0m[2m:[0m [1970-01-01T00:00:04Z INFO  zbus::connection::handshake::common] write_command; command=Auth(Some(External), Some([48]))
[2m1970-01-01T00:00:04.967842Z[0m [33m WARN[0m [1mcosmic-osd[0m[2m:[0m [2mcosmic_session[0m[2m:[0m [1970-01-01T00:00:04Z INFO  zbus::connection::handshake::common] write_commands; commands=[Auth(Some(External), Some([48]))] extra_bytes=None
[2m1970-01-01T00:00:04.969840Z[0m [33m WARN[0m [1mcosmic-osd[0m[2m:[0m [2mcosmic_session[0m[2m:[0m [1970-01-01T00:00:04Z INFO  tracing::span] read_command;
[2m1970-01-01T00:00:04.988420Z[0m [33m WARN[0m [1mcosmic-osd[0m[2m:[0m [2mcosmic_session[0m[2m:[0m [1970-01-01T00:00:04Z INFO  zbus::connection::handshake::common] read_commands; n_commands=1
[2m1970-01-01T00:00:05.022499Z[0m [33m WARN[0m [1mcosmic-osd[0m[2m:[0m [2mcosmic_session[0m[2m:[0m [1970-01-01T00:00:04Z INFO  tracing::span] read_command;
[2m1970-01-01T00:00:05.023983Z[0m [33m WARN[0m [1mcosmic-osd[0m[2m:[0m [2mcosmic_session[0m[2m:[0m [1970-01-01T00:00:04Z INFO  zbus::connection::handshake::common] read_commands; n_commands=1
[2m1970-01-01T00:00:05.025957Z[0m [33m WARN[0m [1mcosmic-osd[0m[2m:[0m [2mcosmic_session[0m[2m:[0m [1970-01-01T00:00:04Z INFO  tracing::span] read_command;
[2m1970-01-01T00:00:05.027363Z[0m [33m WARN[0m [1mcosmic-osd[0m[2m:[0m [2mcosmic_session[0m[2m:[0m [1970-01-01T00:00:04Z INFO  zbus::connection::handshake::common] read_commands; n_commands=1
[2m1970-01-01T00:00:05.028825Z[0m [33m WARN[0m [1mcosmic-osd[0m[2m:[0m [2mcosmic_session[0m[2m:[0m [1970-01-01T00:00:04Z INFO  iced_winit::platform_specific::wayland::event_loop] SCTK setup complete.
[2m1970-01-01T00:00:05.043181Z[0m [33m WARN[0m [1mcosmic-osd[0m[2m:[0m [2mcosmic_session[0m[2m:[0m [1970-01-01T00:00:04Z INFO  zbus::connection::handshake::common] write_commands; commands=[NegotiateUnixFD, Begin] extra_bytes=Some([108, 1, 0, 1, 0, 0, 0, 0, 7, 0, 0, 0, 109, 0, 0, 0, 1, 1, 111, 0, 21, 0, 0, 0, 47, 111, 114, 103, 47, 102, 114, 101, 101, 100, 101, 115, 107, 116, 111, 112, 47, 68, 66, 117, 115, 0, 0, 0, 2, 1, 115, 0, 20, 0, 0, 0, 111, 114, 103, 46, 102, 114, 101, 101, 100, 101, 115, 107, 116, 111, 112, 46, 68, 66, 117, 115, 0, 0, 0, 0, 3, 1, 115, 0, 5, 0, 0, 0, 72, 101, 108, 108, 111, 0, 0, 0, 6, 1, 115, 0, 20, 0, 0, 0, 111, 114, 103, 46, 102, 114, 101, 101, 100, 101, 115, 107, 116, 111, 112, 46, 68, 66, 117, 115, 0, 0, 0, 0])
[2m1970-01-01T00:00:05.046388Z[0m [33m WARN[0m [1mcosmic-osd[0m[2m:[0m [2mcosmic_session[0m[2m:[0m [1970-01-01T00:00:04Z INFO  zbus::connection::handshake::common] read_commands; n_commands=1
[2m1970-01-01T00:00:05.046849Z[0m [33m WARN[0m [1mcosmic-osd[0m[2m:[0m [2mcosmic_session[0m[2m:[0m [1970-01-01T00:00:04Z INFO  zbus::connection::handshake::common] write_commands; commands=[NegotiateUnixFD, Begin] extra_bytes=Some([108, 1, 0, 1, 0, 0, 0, 0, 8, 0, 0, 0, 109, 0, 0, 0, 1, 1, 111, 0, 21, 0, 0, 0, 47, 111, 114, 103, 47, 102, 114, 101, 101, 100, 101, 115, 107, 116, 111, 112, 47, 68, 66, 117, 115, 0, 0, 0, 2, 1, 115, 0, 20, 0, 0, 0, 111, 114, 103, 46, 102, 114, 101, 101, 100, 101, 115, 107, 116, 111, 112, 46, 68, 66, 117, 115, 0, 0, 0, 0, 3, 1, 115, 0, 5, 0, 0, 0, 72, 101, 108, 108, 111, 0, 0, 0, 6, 1, 115, 0, 20, 0, 0, 0, 111, 114, 103, 46, 102, 114, 101, 101, 100, 101, 115, 107, 116, 111, 112, 46, 68, 66, 117, 115, 0, 0, 0, 0])
[2m1970-01-01T00:00:05.050193Z[0m [33m WARN[0m [1mcosmic-osd[0m[2m:[0m [2mcosmic_session[0m[2m:[0m [1970-01-01T00:00:04Z INFO  zbus::connection::handshake::common] read_commands; n_commands=1
[2m1970-01-01T00:00:05.050668Z[0m [33m WARN[0m [1mcosmic-osd[0m[2m:[0m [2mcosmic_session[0m[2m:[0m [1970-01-01T00:00:04Z INFO  zbus::connection::handshake::common] write_commands; commands=[NegotiateUnixFD, Begin] extra_bytes=Some([108, 1, 0, 1, 0, 0, 0, 0, 9, 0, 0, 0, 109, 0, 0, 0, 1, 1, 111, 0, 21, 0, 0, 0, 47, 111, 114, 103, 47, 102, 114, 101, 101, 100, 101, 115, 107, 116, 111, 112, 47, 68, 66, 117, 115, 0, 0, 0, 2, 1, 115, 0, 20, 0, 0, 0, 111, 114, 103, 46, 102, 114, 101, 101, 100, 101, 115, 107, 116, 111, 112, 46, 68, 66, 117, 115, 0, 0, 0, 0, 3, 1, 115, 0, 5, 0, 0, 0, 72, 101, 108, 108, 111, 0, 0, 0, 6, 1, 115, 0, 20, 0, 0, 0, 111, 114, 103, 46, 102, 114, 101, 101, 100, 101, 115, 107, 116, 111, 112, 46, 68, 66, 117, 115, 0, 0, 0, 0])
[2m1970-01-01T00:00:05.081609Z[0m [33m WARN[0m [1mcosmic-osd[0m[2m:[0m [2mcosmic_session[0m[2m:[0m [1970-01-01T00:00:04Z INFO  zbus::connection::handshake::common] read_commands; n_commands=1
[2m1970-01-01T00:00:05.083395Z[0m [33m WARN[0m [1mcosmic-osd[0m[2m:[0m [2mcosmic_session[0m[2m:[0m [1970-01-01T00:00:04Z INFO  zbus::connection] start_object_server; started_event=None
[2m1970-01-01T00:00:05.085153Z[0m [33m WARN[0m [1mcosmic-osd[0m[2m:[0m [2mcosmic_session[0m[2m:[0m [1970-01-01T00:00:04Z INFO  tracing::span] obj_server_task;
[2m1970-01-01T00:00:05.086622Z[0m [33m WARN[0m [1mcosmic-idle[0m[2m:[0m [2mcosmic_session[0m[2m:[0m [1970-01-01T00:00:04Z INFO  tracing::span] read_socket;
[2m1970-01-01T00:00:05.088145Z[0m [33m WARN[0m [1mcosmic-idle[0m[2m:[0m [2mcosmic_session[0m[2m:[0m [1970-01-01T00:00:04Z INFO  tracing::span] read_socket;
[2m1970-01-01T00:00:05.089590Z[0m [33m WARN[0m [1mcosmic-idle[0m[2m:[0m [2mcosmic_session[0m[2m:[0m [1970-01-01T00:00:04Z INFO  tracing::span] read_socket;
[2m1970-01-01T00:00:05.091814Z[0m [32m INFO[0m [1mcosmic-panel[0m[2m:[0m [2mcosmic_session::notifications[0m[2m:[0m \x1b[2m1970-01-01T00:00:04.921969Z\x1b[0m \x1b[32m INFO\x1b[0m Watching panel config entry: Config { system_path: Some("/usr/share/cosmic/com.system76.CosmicPanel.Panel/v1"), user_path: Some("/root/.config/cosmic/com.system76.CosmicPanel.Panel/v1"), previous: None }
[2m1970-01-01T00:00:05.095012Z[0m [32m INFO[0m [1mcosmic-panel[0m[2m:[0m [2mcosmic_session::notifications[0m[2m:[0m \x1b[2m1970-01-01T00:00:04.937795Z\x1b[0m \x1b[32m INFO\x1b[0m Watching panel config entry: Config { system_path: Some("/usr/share/cosmic/com.system76.CosmicPanel.Dock/v1"), user_path: Some("/root/.config/cosmic/com.system76.CosmicPanel.Dock/v1"), previous: None }
[2m1970-01-01T00:00:05.097659Z[0m [32m INFO[0m [1mcosmic-panel[0m[2m:[0m [2mcosmic_session::notifications[0m[2m:[0m \x1b[2m1970-01-01T00:00:04.958286Z\x1b[0m \x1b[32m INFO\x1b[0m Watching panel config successful
[2m1970-01-01T00:00:05.099193Z[0m [32m INFO[0m [1mcosmic-panel[0m[2m:[0m [2mcosmic_session::notifications[0m[2m:[0m \x1b[2m1970-01-01T00:00:05.019424Z\x1b[0m \x1b[32m INFO\x1b[0m Connecting to notifications daemon
[2m1970-01-01T00:00:05.106636Z[0m [33m WARN[0m [1mcosmic-osd[0m[2m:[0m [2mcosmic_session[0m[2m:[0m [1970-01-01T00:00:04Z WARN  zbus::connection] Requesting name `com.system76.CosmicOsd` before setting up the object server. Method calls arriving before interfaces are registered may be lost. Consider using `connection::Builder::serve_at()` and `::name()` instead.
[2m1970-01-01T00:00:05.109863Z[0m [33m WARN[0m [1mcosmic-osd[0m[2m:[0m [2mcosmic_session[0m[2m:[0m [1970-01-01T00:00:04Z ERROR cosmic_settings_upower_subscription::kbdbacklight] Error listening to KbdBacklight: org.freedesktop.DBus.Error.ServiceUnknown: The name org.freedesktop.UPower was not provided by any .service files
[2m1970-01-01T00:00:05.120957Z[0m [33m WARN[0m [1mcosmic-osd[0m[2m:[0m [2mcosmic_session[0m[2m:[0m [1970-01-01T00:00:04Z INFO  zbus::connection] monitor_name_lost; name=com.system76.CosmicOsd
[2m1970-01-01T00:00:05.122831Z[0m [33m WARN[0m [1mcosmic-osd[0m[2m:[0m [2mcosmic_session[0m[2m:[0m [1970-01-01T00:00:04Z INFO  zbus::connection] monitor_name_lost; name=com.system76.CosmicOnScreenDisplay
[2m1970-01-01T00:00:05.124714Z[0m [33m WARN[0m [1mcosmic-osd[0m[2m:[0m [2mcosmic_session[0m[2m:[0m [1970-01-01T00:00:04Z INFO  zbus::connection::handshake::common] write_command; command=Auth(Some(External), Some([48]))
[2m1970-01-01T00:00:05.126876Z[0m [33m WARN[0m [1mcosmic-osd[0m[2m:[0m [2mcosmic_session[0m[2m:[0m [1970-01-01T00:00:04Z INFO  zbus::connection::handshake::common] write_commands; commands=[Auth(Some(External), Some([48]))] extra_bytes=None
[2m1970-01-01T00:00:05.128855Z[0m [33m WARN[0m [1mcosmic-osd[0m[2m:[0m [2mcosmic_session[0m[2m:[0m [1970-01-01T00:00:04Z INFO  tracing::span] read_command;
[2m1970-01-01T00:00:05.130159Z[0m [33m WARN[0m [1mcosmic-osd[0m[2m:[0m [2mcosmic_session[0m[2m:[0m [1970-01-01T00:00:04Z INFO  zbus::connection::handshake::common] read_commands; n_commands=1
[2m1970-01-01T00:00:05.151028Z[0m [33m WARN[0m [1mcosmic-osd[0m[2m:[0m [2mcosmic_session[0m[2m:[0m xkbcommon: ERROR: couldn't find a Compose file for locale "C" (mapped to "C")
[2m1970-01-01T00:00:05.152663Z[0m [33m WARN[0m [1mcosmic-osd[0m[2m:[0m [2mcosmic_session[0m[2m:[0m xkbcommon: ERROR: couldn't find a Compose file for locale "C" (mapped to "C")
[2m1970-01-01T00:00:05.154408Z[0m [33m WARN[0m [1mcosmic-osd[0m[2m:[0m [2mcosmic_session[0m[2m:[0m [1970-01-01T00:00:04Z INFO  zbus::connection::handshake::common] write_commands; commands=[NegotiateUnixFD, Begin] extra_bytes=Some([108, 1, 0, 1, 0, 0, 0, 0, 23, 0, 0, 0, 109, 0, 0, 0, 1, 1, 111, 0, 21, 0, 0, 0, 47, 111, 114, 103, 47, 102, 114, 101, 101, 100, 101, 115, 107, 116, 111, 112, 47, 68, 66, 117, 115, 0, 0, 0, 2, 1, 115, 0, 20, 0, 0, 0, 111, 114, 103, 46, 102, 114, 101, 101, 100, 101, 115, 107, 116, 111, 112, 46, 68, 66, 117, 115, 0, 0, 0, 0, 3, 1, 115, 0, 5, 0, 0, 0, 72, 101, 108, 108, 111, 0, 0, 0, 6, 1, 115, 0, 20, 0, 0, 0, 111, 114, 103, 46, 102, 114, 101, 101, 100, 101, 115, 107, 116, 111, 112, 46, 68, 66, 117, 115, 0, 0, 0, 0])
[2m1970-01-01T00:00:05.159713Z[0m [33m WARN[0m [1mcosmic-osd[0m[2m:[0m [2mcosmic_session[0m[2m:[0m [1970-01-01T00:00:04Z INFO  zbus::connection::handshake::common] read_commands; n_commands=1
[2m1970-01-01T00:00:05.160383Z[0m [33m WARN[0m [1mcosmic-idle[0m[2m:[0m [2mcosmic_session[0m[2m:[0m [1970-01-01T00:00:04Z INFO  tracing::span] read_socket;
[2m1970-01-01T00:00:05.161415Z[0m [33m WARN[0m [1mcosmic-idle[0m[2m:[0m [2mcosmic_session[0m[2m:[0m [1970-01-01T00:00:04Z INFO  tracing::span] read_socket;
[2m1970-01-01T00:00:05.162598Z[0m [33m WARN[0m [1mcosmic-idle[0m[2m:[0m [2mcosmic_session[0m[2m:[0m [1970-01-01T00:00:04Z INFO  tracing::span] read_socket;
[2m1970-01-01T00:00:05.164083Z[0m [33m WARN[0m [1mcosmic-idle[0m[2m:[0m [2mcosmic_session[0m[2m:[0m [1970-01-01T00:00:04Z INFO  tracing::span] read_socket;
[2m1970-01-01T00:00:05.165644Z[0m [32m INFO[0m [1mcosmic-panel[0m[2m:[0m [2mcosmic_session::notifications[0m[2m:[0m \x1b[2m1970-01-01T00:00:05.110652Z\x1b[0m \x1b[31mERROR\x1b[0m Failed to connect to the notifications daemon.
[2m1970-01-01T00:00:05.167638Z[0m [32m INFO[0m [1mcosmic-panel[0m[2m:[0m [2mcosmic_session::notifications[0m[2m:[0m \x1b[2m1970-01-01T00:00:05.120230Z\x1b[0m \x1b[32m INFO\x1b[0m \x1b[1minput_seat\x1b[0m\x1b[1m{\x1b[0m\x1b[3mname\x1b[0m\x1b[2m=\x1b[0m"seat-0"\x1b[1m}\x1b[0m\x1b[2m:\x1b[0m\x1b[1madd_keyboard_with_context_flags\x1b[0m\x1b[1m{\x1b[0m\x1b[3mxkb_config\x1b[0m\x1b[2m=\x1b[0mXkbConfig { rules: "", model: "", layout: "", variant: "", options: None } \x1b[3mrepeat_delay\x1b[0m\x1b[2m=\x1b[0m200 \x1b[3mrepeat_rate\x1b[0m\x1b[2m=\x1b[0m20 \x1b[3mcontext_flags\x1b[0m\x1b[2m=\x1b[0m0\x1b[1m}\x1b[0m\x1b[2m:\x1b[0m\x1b[1minput_keyboard\x1b[0m\x1b[2m:\x1b[0m Initializing a xkbcommon handler with keymap query
[2m1970-01-01T00:00:05.191850Z[0m [33m WARN[0m [1mcosmic-files-applet[0m[2m:[0m [2mcosmic_session[0m[2m:[0m   \x1b[33m WARN\x1b[0m  \x1b[33mfailed to locate desktop directory, falling back to /root/Desktop\x1b[0m
[2m1970-01-01T00:00:05.193797Z[0m [33m WARN[0m [1mcosmic-files-applet[0m[2m:[0m [2mcosmic_session[0m[2m:[0m     \x1b[2;3mat\x1b[0m src/lib.rs:50 \x1b[2;3mon\x1b[0m main
[2m1970-01-01T00:00:05.195032Z[0m [33m WARN[0m [1mcosmic-files-applet[0m[2m:[0m [2mcosmic_session[0m[2m:[0m 
[2m1970-01-01T00:00:05.196100Z[0m [33m WARN[0m [1mcosmic-files-applet[0m[2m:[0m [2mcosmic_session[0m[2m:[0m   \x1b[33m WARN\x1b[0m  \x1b[33mfailed to get system locale, falling back to en-US\x1b[0m
[2m1970-01-01T00:00:05.197893Z[0m [33m WARN[0m [1mcosmic-files-applet[0m[2m:[0m [2mcosmic_session[0m[2m:[0m     \x1b[2;3mat\x1b[0m /Users/forain/.cargo/registry/src/index.crates.io-1949cf8c6b5b557f/cosmic-text-0.19.0/src/font/system.rs:423 \x1b[2;3mon\x1b[0m main
[2m1970-01-01T00:00:05.200159Z[0m [33m WARN[0m [1mcosmic-files-applet[0m[2m:[0m [2mcosmic_session[0m[2m:[0m 
[2m1970-01-01T00:00:05.201055Z[0m [33m WARN[0m [1mcosmic-files-applet[0m[2m:[0m [2mcosmic_session[0m[2m:[0m   \x1b[33m WARN\x1b[0m  \x1b[33mFallback to loading from known font dir paths.\x1b[0m
[2m1970-01-01T00:00:05.205919Z[0m [33m WARN[0m [1mcosmic-files-applet[0m[2m:[0m [2mcosmic_session[0m[2m:[0m     \x1b[2;3mat\x1b[0m /Users/forain/.cargo/registry/src/index.crates.io-1949cf8c6b5b557f/fontdb-0.23.0/src/lib.rs:466 \x1b[2;3mon\x1b[0m main
[2m1970-01-01T00:00:05.208006Z[0m [33m WARN[0m [1mcosmic-files-applet[0m[2m:[0m [2mcosmic_session[0m[2m:[0m 
[2m1970-01-01T00:00:05.208610Z[0m [33m WARN[0m [1mcosmic-osd[0m[2m:[0m [2mcosmic_session[0m[2m:[0m [1970-01-01T00:00:05Z INFO  zbus::connection] start_object_server; started_event=None
[2m1970-01-01T00:00:05.209309Z[0m [33m WARN[0m [1mcosmic-osd[0m[2m:[0m [2mcosmic_session[0m[2m:[0m [1970-01-01T00:00:05Z INFO  tracing::span] obj_server_task;
[2m1970-01-01T00:00:05.210211Z[0m [33m WARN[0m [1mcosmic-osd[0m[2m:[0m [2mcosmic_session[0m[2m:[0m [1970-01-01T00:00:05Z INFO  zbus::proxy] {}; task_name="org.freedesktop.login1.Session proxy caching"
[2m1970-01-01T00:00:05.227442Z[0m [33m WARN[0m [2mbusd::peers[0m[2m:[0m unknown destination: org.freedesktop.login1
[2m1970-01-01T00:00:05.233077Z[0m [33m WARN[0m [1mcosmic-osd[0m[2m:[0m [2mcosmic_session[0m[2m:[0m [1970-01-01T00:00:05Z INFO  zbus::proxy] {}; task_name="com.system76.CosmicSettingsDaemon proxy caching"
[2m1970-01-01T00:00:05.234380Z[0m [33m WARN[0m [1mcosmic-osd[0m[2m:[0m [2mcosmic_session[0m[2m:[0m [1970-01-01T00:00:05Z WARN  zbus::proxy] Failed to populate properties cache via GetAll: org.freedesktop.DBus.Error.ServiceUnknown: The name org.freedesktop.login1 was not provided by any .service files. Property change streams will not produce values.
[2m1970-01-01T00:00:05.236872Z[0m [33m WARN[0m [1mcosmic-osd[0m[2m:[0m [2mcosmic_session[0m[2m:[0m [1970-01-01T00:00:05Z WARN  cosmic_osd::subscriptions::polkit_agent] Failed to register PolicyKit agent: org.freedesktop.DBus.Error.ServiceUnknown: The name org.freedesktop.login1 was not provided by any .service files. This is normal if an agent is already registered.
[2m1970-01-01T00:00:05.244657Z[0m [32m INFO[0m [1mcosmic-panel[0m[2m:[0m [2mcosmic_session::notifications[0m[2m:[0m \x1b[2m1970-01-01T00:00:05.243593Z\x1b[0m \x1b[32m INFO\x1b[0m \x1b[1minput_seat\x1b[0m\x1b[1m{\x1b[0m\x1b[3mname\x1b[0m\x1b[2m=\x1b[0m"seat-0"\x1b[1m}\x1b[0m\x1b[2m:\x1b[0m\x1b[1madd_keyboard_with_context_flags\x1b[0m\x1b[1m{\x1b[0m\x1b[3mxkb_config\x1b[0m\x1b[2m=\x1b[0mXkbConfig { rules: "", model: "", layout: "", variant: "", options: None } \x1b[3mrepeat_delay\x1b[0m\x1b[2m=\x1b[0m200 \x1b[3mrepeat_rate\x1b[0m\x1b[2m=\x1b[0m20 \x1b[3mcontext_flags\x1b[0m\x1b[2m=\x1b[0m0\x1b[1m}\x1b[0m\x1b[2m:\x1b[0m\x1b[1minput_keyboard\x1b[0m\x1b[2m:\x1b[0m Loaded Keymap \x1b[3mname\x1b[0m\x1b[2m=\x1b[0m"English (US)"
[2m1970-01-01T00:00:05.265597Z[0m [33m WARN[0m [1mcosmic-panel[0m[2m:[0m [2mcosmic_session::notifications[0m[2m:[0m xkbcommon: ERROR: couldn't find a Compose file for locale "C" (mapped to "C")
[2m1970-01-01T00:00:05.266312Z[0m [32m INFO[0m [1mcosmic-panel[0m[2m:[0m [2mcosmic_session::notifications[0m[2m:[0m \x1b[2m1970-01-01T00:00:05.264722Z\x1b[0m \x1b[32m INFO\x1b[0m \x1b[1mnew\x1b[0m\x1b[1m{\x1b[0m\x1b[3mname\x1b[0m\x1b[2m=\x1b[0m"HDMI-A-1" \x1b[3mphysical\x1b[0m\x1b[2m=\x1b[0mPhysicalProperties { size: Size<smithay::utils::geometry::Raw> { w: 320, h: 200 }, subpixel: Unknown, make: "Unknown", model: "Unknown", serial_number: "Unknown" }\x1b[1m}\x1b[0m\x1b[2m:\x1b[0m Creating new Output \x1b[3mname\x1b[0m\x1b[2m=\x1b[0m"HDMI-A-1"
[2m1970-01-01T00:00:05.269707Z[0m [32m INFO[0m [1mcosmic-panel[0m[2m:[0m [2mcosmic_session::notifications[0m[2m:[0m \x1b[2m1970-01-01T00:00:05.265136Z\x1b[0m \x1b[32m INFO\x1b[0m Creating new wl_output \x1b[3moutput\x1b[0m\x1b[2m=\x1b[0m"HDMI-A-1"
[2m1970-01-01T00:00:05.270773Z[0m [32m INFO[0m [1mcosmic-panel[0m[2m:[0m [2mcosmic_session::notifications[0m[2m:[0m \x1b[2m1970-01-01T00:00:05.266042Z\x1b[0m \x1b[32m INFO\x1b[0m Spawning applets
[2m1970-01-01T00:00:05.271626Z[0m [32m INFO[0m [1mcosmic-panel[0m[2m:[0m [2mcosmic_session::notifications[0m[2m:[0m \x1b[2m1970-01-01T00:00:05.266810Z\x1b[0m \x1b[32m INFO\x1b[0m [(PanelClient { name: "com.system76.CosmicPanelWorkspacesButton", path: None, client: Some(Client { id: InnerClientId { ptr: 0x98d1cce0, alive: true }, data: ClientData { .. } }), stream: Some(UnixStream { fd: FileDesc(OwnedFd { fd: 264 }) }), security_ctx: None, exec: None, minimize_priority: None, requests_wayland_display: None, is_notification_applet: None, shrink_priority: None, shrink_min_size: None, padding_shrinkable: false, auto_popup_hover_press: None }, Mutex { data: "<locked>", poisoned: false, .. }, WingStart), (PanelClient { name: "com.system76.CosmicPanelAppButton", path: None, client: Some(Client { id: InnerClientId { ptr: 0x98d1cdd0, alive: true }, data: ClientData { .. } }), stream: Some(UnixStream { fd: FileDesc(OwnedFd { fd: 267 }) }), security_ctx: None, exec: None, minimize_priority: None, requests_wayland_display: None, is_notification_applet: None, shrink_priority: None, shrink_min_size: None, padding_shrinkable: false, auto_popup_hover_press: None }, Mutex { data: "<locked>", poisoned: false, .. }, WingStart), (PanelClient { name: "com.system76.CosmicAppletTime", path: None, client: Some(Client { id: InnerClientId { ptr: 0x98d7f740, alive: true }, data: ClientData { .. } }), stream: Some(UnixStream { fd: FileDesc(OwnedFd { fd: 270 }) }), security_ctx: None, exec: None, minimize_priority: None, requests_wayland_display: None, is_notification_applet: None, shrink_priority: None, shrink_min_size: None, padding_shrinkable: false, auto_popup_hover_press: None }, Mutex { data: "<locked>", poisoned: false, .. }, Center), (PanelClient { name: "com.system76.CosmicAppletInputSources", path: None, client: Some(Client { id: InnerClientId { ptr: 0x98d7f830, alive: true }, data: ClientData { .. } }), stream: Some(UnixStream { fd: FileDesc(OwnedFd { fd: 273 }) }), security_ctx: None, exec: None, minimize_priority: None, requests_wayland_display: None, is_notification_applet: None, shrink_priority: None, shrink_min_size: None, padding_shrinkable: false, auto_popup_hover_press: None }, Mutex { data: "<locked>", poisoned: false, .. }, WingEnd), (PanelClient { name: "com.system76.CosmicAppletA11y", path: None, client: Some(Client { id: InnerClientId { ptr: 0x98d7f920, alive: true }, data: ClientData { .. } }), stream: Some(UnixStream { fd: FileDesc(OwnedFd { fd: 276 }) }), security_ctx: None, exec: None, minimize_priority: None, requests_wayland_display: None, is_notification_applet: None, shrink_priority: None, shrink_min_size: None, padding_shrinkable: false, auto_popup_hover_press: None }, Mutex { data: "<locked>", poisoned: false, .. }, WingEnd), (PanelClient { name: "com.system76.CosmicAppletStatusArea", path: None, client: Some(Client { id: InnerClientId { ptr: 0x98d7fa10, alive: true }, data: ClientData { .. } }), stream: Some(UnixStream { fd: FileDesc(OwnedFd { fd: 279 }) }), security_ctx: None, exec: None, minimize_priority: None, requests_wayland_display: None, is_notification_applet: None, shrink_priority: None, shrink_min_size: None, padding_shrinkable: false, auto_popup_hover_press: None }, Mutex { data: "<locked>", poisoned: false, .. }, WingEnd), (PanelClient { name: "com.system76.CosmicAppletTiling", path: None, client: Some(Client { id: InnerClientId { ptr: 0x98d24800, alive: true }, data: ClientData { .. } }), stream: Some(UnixStream { fd: FileDesc(OwnedFd { fd: 282 }) }), security_ctx: None, exec: None, minimize_priority: None, requests_wayland_display: None, is_notification_applet: None, shrink_priority: None, shrink_min_size: None, padding_shrinkable: false, auto_popup_hover_press: None }, Mutex { data: "<locked>", poisoned: false, .. }, WingEnd), (PanelClient { name: "com.system76.CosmicAppletAudio", path: None, client: Some(Client { id: InnerClientId { ptr: 0x98d248f0, alive: true }, data: ClientData { .. } }), stream: Some(UnixStream { fd: FileDesc(OwnedFd { fd: 285 }) }), security_ctx: None, exec: None, minimize_priority: None, requests_wayland_display: None, is_notification_applet: None, shrink_priority: None, shrink_min_size: None, padding_shrinkable: false, auto_popup_hover_press: None }, Mutex { data: "<locked>", poisoned: false, .. }, WingEnd), (PanelClient { name: "com.system76.CosmicAppletBluetooth", path: None, client: Some(Client { id: InnerClientId { ptr: 0x98d249e0, alive: true }, data: ClientData { .. } }), stream: Some(UnixStream { fd: FileDesc(OwnedFd { fd: 288 }) }), security_ctx: None, exec: None, minimize_priority: None, requests_wayland_display: None, is_notification_applet: None, shrink_priority: None, shrink_min_size: None, padding_shrinkable: false, auto_popup_hover_press: None }, Mutex { data: "<locked>", poisoned: false, .. }, WingEnd), (PanelClient { name: "com.system76.CosmicAppletNetwork", path: None, client: Some(Client { id: InnerClientId { ptr: 0x98d24ad0, alive: true }, data: ClientData { .. } }), stream: Some(UnixStream { fd: FileDesc(OwnedFd { fd: 291 }) }), security_ctx: None, exec: None, minimize_priority: None, requests_wayland_display: None, is_notification_applet: None, shrink_priority: None, shrink_min_size: None, padding_shrinkable: false, auto_popup_hover_press: None }, Mutex { data: "<locked>", poisoned: false, .. }, WingEnd), (PanelClient { name: "com.system76.CosmicAppletBattery", path: None, client: Some(Client { id: InnerClientId { ptr: 0x98d6efe0, alive: true }, data: ClientData { .. } }), stream: Some(UnixStream { fd: FileDesc(OwnedFd { fd: 294 }) }), security_ctx: None, exec: None, minimize_priority: None, requests_wayland_display: None, is_notification_applet: None, shrink_priority: None, shrink_min_size: None, padding_shrinkable: false, auto_popup_hover_press: None }, Mutex { data: "<locked>", poisoned: false, .. }, WingEnd), (PanelClient { name: "com.system76.CosmicAppletNotifications", path: None, client: Some(Client { id: InnerClientId { ptr: 0x98d6f0d0, alive: true }, data: ClientData { .. } }), stream: Some(UnixStream { fd: FileDesc(OwnedFd { fd: 297 }) }), security_ctx: None, exec: None, minimize_priority: None, requests_wayland_display: None, is_notification_applet: None, shrink_priority: None, shrink_min_size: None, padding_shrinkable: false, auto_popup_hover_press: None }, Mutex { data: "<locked>", poisoned: false, .. }, WingEnd), (PanelClient { name: "com.system76.CosmicAppletPower", path: None, client: Some(Client { id: InnerClientId { ptr: 0x98d6f1c0, alive: true }, data: ClientData { .. } }), stream: Some(UnixStream { fd: FileDesc(OwnedFd { fd: 300 }) }), security_ctx: None, exec: None, minimize_priority: None, requests_wayland_display: None, is_notification_applet: None, shrink_priority: None, shrink_min_size: None, padding_shrinkable: false, auto_popup_hover_press: None }, Mutex { data: "<locked>", poisoned: false, .. }, WingEnd)]
[2m1970-01-01T00:00:05.388314Z[0m [32m INFO[0m [1mcosmic-panel[0m[2m:[0m [2mcosmic_session::notifications[0m[2m:[0m \x1b[2m1970-01-01T00:00:05.284141Z\x1b[0m \x1b[32m INFO\x1b[0m \x1b[3mpanel_client.name\x1b[0m\x1b[2m=\x1b[0m"com.system76.CosmicAppletTiling"
[2m1970-01-01T00:00:05.389179Z[0m [32m INFO[0m [1mcosmic-panel[0m[2m:[0m [2mcosmic_session::notifications[0m[2m:[0m \x1b[2m1970-01-01T00:00:05.287253Z\x1b[0m \x1b[32m INFO\x1b[0m \x1b[3mpanel_client.name\x1b[0m\x1b[2m=\x1b[0m"com.system76.CosmicAppletTime"
[2m1970-01-01T00:00:05.389960Z[0m [32m INFO[0m [1mcosmic-panel[0m[2m:[0m [2mcosmic_session::notifications[0m[2m:[0m \x1b[2m1970-01-01T00:00:05.301262Z\x1b[0m \x1b[32m INFO\x1b[0m \x1b[3mpanel_client.name\x1b[0m\x1b[2m=\x1b[0m"com.system76.CosmicPanelAppButton"
[2m1970-01-01T00:00:05.390917Z[0m [32m INFO[0m [1mcosmic-panel[0m[2m:[0m [2mcosmic_session::notifications[0m[2m:[0m \x1b[2m1970-01-01T00:00:05.306507Z\x1b[0m \x1b[32m INFO\x1b[0m \x1b[3mpanel_client.name\x1b[0m\x1b[2m=\x1b[0m"com.system76.CosmicPanelWorkspacesButton"
[2m1970-01-01T00:00:05.392678Z[0m [32m INFO[0m [1mcosmic-panel[0m[2m:[0m [2mcosmic_session::notifications[0m[2m:[0m \x1b[2m1970-01-01T00:00:05.310260Z\x1b[0m \x1b[32m INFO\x1b[0m Starting: cosmic-applet-tiling
[2m1970-01-01T00:00:05.394047Z[0m [32m INFO[0m [1mcosmic-panel[0m[2m:[0m [2mcosmic_session::notifications[0m[2m:[0m \x1b[2m1970-01-01T00:00:05.310290Z\x1b[0m \x1b[32m INFO\x1b[0m Starting: /bin/leandros-applet
[2m1970-01-01T00:00:05.394999Z[0m [32m INFO[0m [1mcosmic-panel[0m[2m:[0m [2mcosmic_session::notifications[0m[2m:[0m \x1b[2m1970-01-01T00:00:05.310326Z\x1b[0m \x1b[32m INFO\x1b[0m Starting: cosmic-panel-button
[2m1970-01-01T00:00:05.395610Z[0m [32m INFO[0m [1mcosmic-panel[0m[2m:[0m [2mcosmic_session::notifications[0m[2m:[0m \x1b[2m1970-01-01T00:00:05.310358Z\x1b[0m \x1b[32m INFO\x1b[0m Starting: cosmic-panel-button
[2m1970-01-01T00:00:05.396228Z[0m [32m INFO[0m [1mcosmic-panel[0m[2m:[0m [2mcosmic_session::notifications[0m[2m:[0m \x1b[2m1970-01-01T00:00:05.310366Z\x1b[0m \x1b[32m INFO\x1b[0m Done spawning applets
[2m1970-01-01T00:00:05.411093Z[0m [32m INFO[0m [1mcosmic-panel[0m[2m:[0m [2mcosmic_session::notifications[0m[2m:[0m \x1b[2m1970-01-01T00:00:05.310432Z\x1b[0m \x1b[32m INFO\x1b[0m Spawning applets
[2m1970-01-01T00:00:05.413209Z[0m [32m INFO[0m [1mcosmic-panel[0m[2m:[0m [2mcosmic_session::notifications[0m[2m:[0m \x1b[2m1970-01-01T00:00:05.310603Z\x1b[0m \x1b[32m INFO\x1b[0m [(PanelClient { name: "com.system76.CosmicPanelLauncherButton", path: None, client: Some(Client { id: InnerClientId { ptr: 0x9a0096b0, alive: true }, data: ClientData { .. } }), stream: Some(UnixStream { fd: FileDesc(OwnedFd { fd: 305 }) }), security_ctx: None, exec: None, minimize_priority: None, requests_wayland_display: None, is_notification_applet: None, shrink_priority: None, shrink_min_size: None, padding_shrinkable: false, auto_popup_hover_press: None }, Mutex { data: "<locked>", poisoned: false, .. }, Center), (PanelClient { name: "com.system76.CosmicPanelWorkspacesButton", path: None, client: Some(Client { id: InnerClientId { ptr: 0x9a009110, alive: true }, data: ClientData { .. } }), stream: Some(UnixStream { fd: FileDesc(OwnedFd { fd: 308 }) }), security_ctx: None, exec: None, minimize_priority: None, requests_wayland_display: None, is_notification_applet: None, shrink_priority: None, shrink_min_size: None, padding_shrinkable: false, auto_popup_hover_press: None }, Mutex { data: "<locked>", poisoned: false, .. }, Center), (PanelClient { name: "com.system76.CosmicPanelAppButton", path: None, client: Some(Client { id: InnerClientId { ptr: 0x9a0092f0, alive: true }, data: ClientData { .. } }), stream: Some(UnixStream { fd: FileDesc(OwnedFd { fd: 311 }) }), security_ctx: None, exec: None, minimize_priority: None, requests_wayland_display: None, is_notification_applet: None, shrink_priority: None, shrink_min_size: None, padding_shrinkable: false, auto_popup_hover_press: None }, Mutex { data: "<locked>", poisoned: false, .. }, Center), (PanelClient { name: "com.system76.CosmicAppList", path: None, client: Some(Client { id: InnerClientId { ptr: 0x9a0094d0, alive: true }, data: ClientData { .. } }), stream: Some(UnixStream { fd: FileDesc(OwnedFd { fd: 314 }) }), security_ctx: None, exec: None, minimize_priority: None, requests_wayland_display: None, is_notification_applet: None, shrink_priority: None, shrink_min_size: None, padding_shrinkable: false, auto_popup_hover_press: None }, Mutex { data: "<locked>", poisoned: false, .. }, Center), (PanelClient { name: "com.system76.CosmicAppletMinimize", path: None, client: Some(Client { id: InnerClientId { ptr: 0x9a0095c0, alive: true }, data: ClientData { .. } }), stream: Some(UnixStream { fd: FileDesc(OwnedFd { fd: 317 }) }), security_ctx: None, exec: None, minimize_priority: None, requests_wayland_display: None, is_notification_applet: None, shrink_priority: None, shrink_min_size: None, padding_shrinkable: false, auto_popup_hover_press: None }, Mutex { data: "<locked>", poisoned: false, .. }, Center)]
[2m1970-01-01T00:00:05.440023Z[0m [32m INFO[0m [1mcosmic-panel[0m[2m:[0m [2mcosmic_session::notifications[0m[2m:[0m \x1b[2m1970-01-01T00:00:05.341961Z\x1b[0m \x1b[32m INFO\x1b[0m \x1b[3mpanel_client.name\x1b[0m\x1b[2m=\x1b[0m"com.system76.CosmicAppletMinimize"
[2m1970-01-01T00:00:05.442771Z[0m [33m WARN[0m [1mcosmic-workspaces[0m[2m:[0m [2mcosmic_session[0m[2m:[0m [1970-01-01T00:00:05Z ERROR cosmic_workspaces] Failed to load compositor config: [GetKey("workspaces", Os { code: 2, kind: NotFound, message: "No such file or directory" }), GetKey("pinned_workspaces", Os { code: 2, kind: NotFound, message: "No such file or directory" }), GetKey("input_default", Os { code: 2, kind: NotFound, message: "No such file or directory" }), GetKey("input_touchpad_override", Os { code: 2, kind: NotFound, message: "No such file or directory" }), GetKey("input_devices", Os { code: 2, kind: NotFound, message: "No such file or directory" }), GetKey("xkb_config", Os { code: 2, kind: NotFound, message: "No such file or directory" }), GetKey("keyboard_config", Os { code: 2, kind: NotFound, message: "No such file or directory" }), GetKey("autotile", Os { code: 2, kind: NotFound, message: "No such file or directory" }), GetKey("autotile_behavior", Os { code: 2, kind: NotFound, message: "No such file or directory" }), GetKey("active_hint", Os { code: 2, kind: NotFound, message: "No such file or directory" }), GetKey("focus_follows_cursor", Os { code: 2, kind: NotFound, message: "No such file or directory" }), GetKey("cursor_follows_focus", Os { code: 2, kind: NotFound, message: "No such file or directory" }), GetKey("focus_follows_cursor_delay", Os { code: 2, kind: NotFound, message: "No such file or directory" }), GetKey("descale_xwayland", Os { code: 2, kind: NotFound, message: "No such file or directory" }), GetKey("xwayland_eavesdropping", Os { code: 2, kind: NotFound, message: "No such file or directory" }), GetKey("edge_snap_threshold", Os { code: 2, kind: NotFound, message: "No such file or directory" }), GetKey("accessibility_zoom", Os { code: 2, kind: NotFound, message: "No such file or directory" }), GetKey("appearance_settings", Os { code: 2, kind: NotFound, message: "No such file or directory" }), GetKey("cursor_hide_timeout", Os { code: 2, kind: NotFound, message: "No such file or directory" }), GetKey("activation_policy", Os { code: 2, kind: NotFound, message: "No such file or directory" })]
[2m1970-01-01T00:00:05.460439Z[0m [33m WARN[0m [1mcosmic-workspaces[0m[2m:[0m [2mcosmic_session[0m[2m:[0m [1970-01-01T00:00:05Z INFO  zbus::connection::handshake::common] write_command; command=Auth(Some(External), Some([48]))
[2m1970-01-01T00:00:05.462823Z[0m [33m WARN[0m [1mcosmic-workspaces[0m[2m:[0m [2mcosmic_session[0m[2m:[0m [1970-01-01T00:00:05Z INFO  zbus::connection::handshake::common] write_commands; commands=[Auth(Some(External), Some([48]))] extra_bytes=None
[2m1970-01-01T00:00:05.465245Z[0m [33m WARN[0m [1mcosmic-workspaces[0m[2m:[0m [2mcosmic_session[0m[2m:[0m [1970-01-01T00:00:05Z INFO  tracing::span] read_command;
[2m1970-01-01T00:00:05.466733Z[0m [33m WARN[0m [1mcosmic-workspaces[0m[2m:[0m [2mcosmic_session[0m[2m:[0m [1970-01-01T00:00:05Z INFO  zbus::connection::handshake::common] read_commands; n_commands=1
[2m1970-01-01T00:00:05.468679Z[0m [33m WARN[0m [1mcosmic-workspaces[0m[2m:[0m [2mcosmic_session[0m[2m:[0m [1970-01-01T00:00:05Z INFO  zbus::connection::handshake::common] write_commands; commands=[NegotiateUnixFD, Begin] extra_bytes=Some([108, 1, 0, 1, 0, 0, 0, 0, 3, 0, 0, 0, 109, 0, 0, 0, 1, 1, 111, 0, 21, 0, 0, 0, 47, 111, 114, 103, 47, 102, 114, 101, 101, 100, 101, 115, 107, 116, 111, 112, 47, 68, 66, 117, 115, 0, 0, 0, 2, 1, 115, 0, 20, 0, 0, 0, 111, 114, 103, 46, 102, 114, 101, 101, 100, 101, 115, 107, 116, 111, 112, 46, 68, 66, 117, 115, 0, 0, 0, 0, 3, 1, 115, 0, 5, 0, 0, 0, 72, 101, 108, 108, 111, 0, 0, 0, 6, 1, 115, 0, 20, 0, 0, 0, 111, 114, 103, 46, 102, 114, 101, 101, 100, 101, 115, 107, 116, 111, 112, 46, 68, 66, 117, 115, 0, 0, 0, 0])
[2m1970-01-01T00:00:05.501879Z[0m [33m WARN[0m [1mcosmic-workspaces[0m[2m:[0m [2mcosmic_session[0m[2m:[0m [1970-01-01T00:00:05Z INFO  zbus::connection::handshake::common] read_commands; n_commands=1
[2m1970-01-01T00:00:05.503976Z[0m [33m WARN[0m [1mcosmic-workspaces[0m[2m:[0m [2mcosmic_session[0m[2m:[0m [1970-01-01T00:00:05Z INFO  zbus::connection] start_object_server; started_event=None
[2m1970-01-01T00:00:05.505433Z[0m [33m WARN[0m [1mcosmic-workspaces[0m[2m:[0m [2mcosmic_session[0m[2m:[0m [1970-01-01T00:00:05Z INFO  tracing::span] obj_server_task;
[2m1970-01-01T00:00:05.506521Z[0m [33m WARN[0m [1mcosmic-workspaces[0m[2m:[0m [2mcosmic_session[0m[2m:[0m [1970-01-01T00:00:05Z INFO  zbus::connection] monitor_name_lost; name=com.system76.CosmicWorkspaces
[2m1970-01-01T00:00:05.508259Z[0m [33m WARN[0m [1mcosmic-files-applet[0m[2m:[0m [2mcosmic_session[0m[2m:[0m xkbcommon: ERROR: couldn't find a Compose file for locale "C" (mapped to "C")
[2m1970-01-01T00:00:05.509999Z[0m [33m WARN[0m [1mcosmic-idle[0m[2m:[0m [2mcosmic_session[0m[2m:[0m [1970-01-01T00:00:05Z INFO  tracing::span] read_socket;
[2m1970-01-01T00:00:05.510945Z[0m [33m WARN[0m [1mcosmic-idle[0m[2m:[0m [2mcosmic_session[0m[2m:[0m [1970-01-01T00:00:05Z INFO  tracing::span] read_socket;
[2m1970-01-01T00:00:05.512372Z[0m [32m INFO[0m [1mcosmic-panel[0m[2m:[0m [2mcosmic_session::notifications[0m[2m:[0m \x1b[2m1970-01-01T00:00:05.390650Z\x1b[0m \x1b[32m INFO\x1b[0m \x1b[3mpanel_client.name\x1b[0m\x1b[2m=\x1b[0m"com.system76.CosmicPanelAppButton"
[2m1970-01-01T00:00:05.514128Z[0m [32m INFO[0m [1mcosmic-panel[0m[2m:[0m [2mcosmic_session::notifications[0m[2m:[0m \x1b[2m1970-01-01T00:00:05.392678Z\x1b[0m \x1b[32m INFO\x1b[0m \x1b[3mpanel_client.name\x1b[0m\x1b[2m=\x1b[0m"com.system76.CosmicPanelLauncherButton"
[2m1970-01-01T00:00:05.515852Z[0m [32m INFO[0m [1mcosmic-panel[0m[2m:[0m [2mcosmic_session::notifications[0m[2m:[0m \x1b[2m1970-01-01T00:00:05.393725Z\x1b[0m \x1b[32m INFO\x1b[0m \x1b[3mpanel_client.name\x1b[0m\x1b[2m=\x1b[0m"com.system76.CosmicPanelWorkspacesButton"
[2m1970-01-01T00:00:05.517607Z[0m [32m INFO[0m [1mcosmic-panel[0m[2m:[0m [2mcosmic_session::notifications[0m[2m:[0m \x1b[2m1970-01-01T00:00:05.396744Z\x1b[0m \x1b[32m INFO\x1b[0m Starting: cosmic-applet-minimize
[2m1970-01-01T00:00:05.519001Z[0m [32m INFO[0m [1mcosmic-panel[0m[2m:[0m [2mcosmic_session::notifications[0m[2m:[0m \x1b[2m1970-01-01T00:00:05.396758Z\x1b[0m \x1b[32m INFO\x1b[0m Starting: cosmic-panel-button
[2m1970-01-01T00:00:05.552187Z[0m [32m INFO[0m [1mcosmic-panel[0m[2m:[0m [2mcosmic_session::notifications[0m[2m:[0m \x1b[2m1970-01-01T00:00:05.396768Z\x1b[0m \x1b[32m INFO\x1b[0m Starting: cosmic-panel-button
[2m1970-01-01T00:00:05.554014Z[0m [32m INFO[0m [1mcosmic-panel[0m[2m:[0m [2mcosmic_session::notifications[0m[2m:[0m \x1b[2m1970-01-01T00:00:05.396782Z\x1b[0m \x1b[32m INFO\x1b[0m Starting: cosmic-panel-button
[2m1970-01-01T00:00:05.555843Z[0m [32m INFO[0m [1mcosmic-panel[0m[2m:[0m [2mcosmic_session::notifications[0m[2m:[0m \x1b[2m1970-01-01T00:00:05.396797Z\x1b[0m \x1b[32m INFO\x1b[0m Done spawning applets
[2m1970-01-01T00:00:05.557634Z[0m [32m INFO[0m [1mcosmic-panel[0m[2m:[0m [2mcosmic_session::notifications[0m[2m:[0m \x1b[2m1970-01-01T00:00:05.399523Z\x1b[0m \x1b[32m INFO\x1b[0m Waiting for configure event
[2m1970-01-01T00:00:05.559363Z[0m [32m INFO[0m [1mcosmic-panel[0m[2m:[0m [2mcosmic_session::notifications[0m[2m:[0m \x1b[2m1970-01-01T00:00:05.399532Z\x1b[0m \x1b[32m INFO\x1b[0m Waiting for configure event
[2m1970-01-01T00:00:05.571102Z[0m [32m INFO[0m [1mcosmic-panel[0m[2m:[0m [2mcosmic_session::notifications[0m[2m:[0m \x1b[2m1970-01-01T00:00:05.403648Z\x1b[0m \x1b[32m INFO\x1b[0m Waiting for configure event
[2m1970-01-01T00:00:05.573045Z[0m [32m INFO[0m [1mcosmic-panel[0m[2m:[0m [2mcosmic_session::notifications[0m[2m:[0m \x1b[2m1970-01-01T00:00:05.403654Z\x1b[0m \x1b[32m INFO\x1b[0m Waiting for configure event
[2m1970-01-01T00:00:05.573659Z[0m [32m INFO[0m [1mcosmic-panel[0m[2m:[0m [2mcosmic_session::notifications[0m[2m:[0m \x1b[2m1970-01-01T00:00:05.411686Z\x1b[0m \x1b[32m INFO\x1b[0m Waiting for configure event
[2m1970-01-01T00:00:05.574275Z[0m [32m INFO[0m [1mcosmic-panel[0m[2m:[0m [2mcosmic_session::notifications[0m[2m:[0m \x1b[2m1970-01-01T00:00:05.411693Z\x1b[0m \x1b[32m INFO\x1b[0m Waiting for configure event
[2m1970-01-01T00:00:05.574901Z[0m [32m INFO[0m [1mcosmic-panel[0m[2m:[0m [2mcosmic_session::notifications[0m[2m:[0m \x1b[2m1970-01-01T00:00:05.413089Z\x1b[0m \x1b[32m INFO\x1b[0m Waiting for configure event
[2m1970-01-01T00:00:05.576896Z[0m [32m INFO[0m [1mcosmic-panel[0m[2m:[0m [2mcosmic_session::notifications[0m[2m:[0m \x1b[2m1970-01-01T00:00:05.413095Z\x1b[0m \x1b[32m INFO\x1b[0m Waiting for configure event
[2m1970-01-01T00:00:05.578673Z[0m [32m INFO[0m [1mcosmic-panel[0m[2m:[0m [2mcosmic_session::notifications[0m[2m:[0m \x1b[2m1970-01-01T00:00:05.416649Z\x1b[0m \x1b[32m INFO\x1b[0m \x1b[1mstdout\x1b[0m\x1b[1m{\x1b[0m\x1b[3mclient\x1b[0m\x1b[2m=\x1b[0mInnerClientId { ptr: 0x98d24800, alive: true }\x1b[1m}\x1b[0m\x1b[2m:\x1b[0m com.system76.CosmicAppletTiling: \x1b[2m1970-01-01T00:00:05.371605Z\x1b[0m \x1b[32m INFO\x1b[0m \x1b[2mcosmic_applet_tiling\x1b[0m\x1b[2m:\x1b[0m Starting tiling applet with version 1.0.15
[2m1970-01-01T00:00:05.631361Z[0m [32m INFO[0m [1mcosmic-panel[0m[2m:[0m [2mcosmic_session::notifications[0m[2m:[0m \x1b[2m1970-01-01T00:00:05.425032Z\x1b[0m \x1b[32m INFO\x1b[0m Scale factor changed 1 for as surface in space "Panel" on HDMI-A-1
[2m1970-01-01T00:00:05.632066Z[0m [32m INFO[0m [1mcosmic-panel[0m[2m:[0m [2mcosmic_session::notifications[0m[2m:[0m \x1b[2m1970-01-01T00:00:05.437470Z\x1b[0m \x1b[32m INFO\x1b[0m \x1b[1mstdout\x1b[0m\x1b[1m{\x1b[0m\x1b[3mclient\x1b[0m\x1b[2m=\x1b[0mInnerClientId { ptr: 0x98d24800, alive: true }\x1b[1m}\x1b[0m\x1b[2m:\x1b[0m com.system76.CosmicAppletTiling: \x1b[2m1970-01-01T00:00:05.405840Z\x1b[0m \x1b[32m INFO\x1b[0m \x1b[2mi18n_embed::requester\x1b[0m\x1b[2m:\x1b[0m Current Locale: []
[2m1970-01-01T00:00:05.635844Z[0m [32m INFO[0m [1mcosmic-panel[0m[2m:[0m [2mcosmic_session::notifications[0m[2m:[0m \x1b[2m1970-01-01T00:00:05.437485Z\x1b[0m \x1b[32m INFO\x1b[0m \x1b[1mstdout\x1b[0m\x1b[1m{\x1b[0m\x1b[3mclient\x1b[0m\x1b[2m=\x1b[0mInnerClientId { ptr: 0x98d24800, alive: true }\x1b[1m}\x1b[0m\x1b[2m:\x1b[0m com.system76.CosmicAppletTiling: \x1b[2m1970-01-01T00:00:05.405852Z\x1b[0m \x1b[32m INFO\x1b[0m \x1b[2mi18n_embed\x1b[0m\x1b[2m:\x1b[0m Selecting translations for domain "cosmic_applet_tiling"
[2m1970-01-01T00:00:05.638869Z[0m [32m INFO[0m [1mcosmic-panel[0m[2m:[0m [2mcosmic_session::notifications[0m[2m:[0m \x1b[2m1970-01-01T00:00:05.437497Z\x1b[0m \x1b[31mERROR\x1b[0m \x1b[1mstderr\x1b[0m\x1b[1m{\x1b[0m\x1b[3mclient\x1b[0m\x1b[2m=\x1b[0mInnerClientId { ptr: 0x98d7f740, alive: true }\x1b[1m}\x1b[0m\x1b[2m:\x1b[0m com.system76.CosmicAppletTime: leandros-applet: entering event loop
[2m1970-01-01T00:00:05.660011Z[0m [32m INFO[0m [1mcosmic-panel[0m[2m:[0m [2mcosmic_session::notifications[0m[2m:[0m \x1b[2m1970-01-01T00:00:05.437508Z\x1b[0m \x1b[31mERROR\x1b[0m \x1b[1mstderr\x1b[0m\x1b[1m{\x1b[0m\x1b[3mclient\x1b[0m\x1b[2m=\x1b[0mInnerClientId { ptr: 0x98d7f740, alive: true }\x1b[1m}\x1b[0m\x1b[2m:\x1b[0m com.system76.CosmicAppletTime: leandros-applet: tick: 1000ms
[2m1970-01-01T00:00:05.663424Z[0m [32m INFO[0m [1mcosmic-panel[0m[2m:[0m [2mcosmic_session::notifications[0m[2m:[0m \x1b[2m1970-01-01T00:00:05.437518Z\x1b[0m \x1b[31mERROR\x1b[0m \x1b[1mstderr\x1b[0m\x1b[1m{\x1b[0m\x1b[3mclient\x1b[0m\x1b[2m=\x1b[0mInnerClientId { ptr: 0x98d7f740, alive: true }\x1b[1m}\x1b[0m\x1b[2m:\x1b[0m com.system76.CosmicAppletTime: leandros-applet: committed 220x32 clock
[2m1970-01-01T00:00:05.667274Z[0m [32m INFO[0m [1mcosmic-panel[0m[2m:[0m [2mcosmic_session::notifications[0m[2m:[0m \x1b[2m1970-01-01T00:00:05.561196Z\x1b[0m \x1b[32m INFO\x1b[0m Successfully selected EGL platform: PLATFORM_WAYLAND_KHR
[2m1970-01-01T00:00:05.668943Z[0m [32m INFO[0m [1mcosmic-panel[0m[2m:[0m [2mcosmic_session::notifications[0m[2m:[0m \x1b[2m1970-01-01T00:00:05.580894Z\x1b[0m \x1b[32m INFO\x1b[0m \x1b[1mstdout\x1b[0m\x1b[1m{\x1b[0m\x1b[3mclient\x1b[0m\x1b[2m=\x1b[0mInnerClientId { ptr: 0x98d1cce0, alive: true }\x1b[1m}\x1b[0m\x1b[2m:\x1b[0m com.system76.CosmicPanelWorkspacesButton: \x1b[2m1970-01-01T00:00:05.429158Z\x1b[0m \x1b[32m INFO\x1b[0m \x1b[2mcosmic_panel_button\x1b[0m\x1b[2m:\x1b[0m Starting workspaces applet with version 1.0.15
[2m1970-01-01T00:00:05.682034Z[0m [32m INFO[0m [1mcosmic-panel[0m[2m:[0m [2mcosmic_session::notifications[0m[2m:[0m \x1b[2m1970-01-01T00:00:05.591060Z\x1b[0m \x1b[32m INFO\x1b[0m \x1b[1mstdout\x1b[0m\x1b[1m{\x1b[0m\x1b[3mclient\x1b[0m\x1b[2m=\x1b[0mInnerClientId { ptr: 0x98d1cdd0, alive: true }\x1b[1m}\x1b[0m\x1b[2m:\x1b[0m com.system76.CosmicPanelAppButton: \x1b[2m1970-01-01T00:00:05.409626Z\x1b[0m \x1b[32m INFO\x1b[0m \x1b[2mcosmic_panel_button\x1b[0m\x1b[2m:\x1b[0m Starting workspaces applet with version 1.0.15
[2m1970-01-01T00:00:05.686652Z[0m [32m INFO[0m [1mcosmic-panel[0m[2m:[0m [2mcosmic_session::notifications[0m[2m:[0m \x1b[2m1970-01-01T00:00:05.591071Z\x1b[0m \x1b[32m INFO\x1b[0m \x1b[1mstdout\x1b[0m\x1b[1m{\x1b[0m\x1b[3mclient\x1b[0m\x1b[2m=\x1b[0mInnerClientId { ptr: 0x9a0095c0, alive: true }\x1b[1m}\x1b[0m\x1b[2m:\x1b[0m com.system76.CosmicAppletMinimize: \x1b[2m1970-01-01T00:00:05.528564Z\x1b[0m \x1b[32m INFO\x1b[0m \x1b[2mcosmic_applet_minimize\x1b[0m\x1b[2m:\x1b[0m Starting minimize applet with version 1.0.15
[2m1970-01-01T00:00:05.690605Z[0m [32m INFO[0m [1mcosmic-panel[0m[2m:[0m [2mcosmic_session::notifications[0m[2m:[0m \x1b[2m1970-01-01T00:00:05.591084Z\x1b[0m \x1b[32m INFO\x1b[0m \x1b[1mstdout\x1b[0m\x1b[1m{\x1b[0m\x1b[3mclient\x1b[0m\x1b[2m=\x1b[0mInnerClientId { ptr: 0x9a0095c0, alive: true }\x1b[1m}\x1b[0m\x1b[2m:\x1b[0m com.system76.CosmicAppletMinimize: \x1b[2m1970-01-01T00:00:05.533254Z\x1b[0m \x1b[32m INFO\x1b[0m \x1b[2mi18n_embed::requester\x1b[0m\x1b[2m:\x1b[0m Current Locale: []
[2m1970-01-01T00:00:05.709116Z[0m [32m INFO[0m [1mcosmic-panel[0m[2m:[0m [2mcosmic_session::notifications[0m[2m:[0m \x1b[2m1970-01-01T00:00:05.591093Z\x1b[0m \x1b[32m INFO\x1b[0m \x1b[1mstdout\x1b[0m\x1b[1m{\x1b[0m\x1b[3mclient\x1b[0m\x1b[2m=\x1b[0mInnerClientId { ptr: 0x9a0095c0, alive: true }\x1b[1m}\x1b[0m\x1b[2m:\x1b[0m com.system76.CosmicAppletMinimize: \x1b[2m1970-01-01T00:00:05.533265Z\x1b[0m \x1b[32m INFO\x1b[0m \x1b[2mi18n_embed\x1b[0m\x1b[2m:\x1b[0m Selecting translations for domain "cosmic_applet_minimize"
[2m1970-01-01T00:00:05.712041Z[0m [32m INFO[0m [1mcosmic-panel[0m[2m:[0m [2mcosmic_session::notifications[0m[2m:[0m \x1b[2m1970-01-01T00:00:05.630292Z\x1b[0m \x1b[32m INFO\x1b[0m \x1b[1mstdout\x1b[0m\x1b[1m{\x1b[0m\x1b[3mclient\x1b[0m\x1b[2m=\x1b[0mInnerClientId { ptr: 0x9a0092f0, alive: true }\x1b[1m}\x1b[0m\x1b[2m:\x1b[0m com.system76.CosmicPanelAppButton: \x1b[2m1970-01-01T00:00:05.620088Z\x1b[0m \x1b[32m INFO\x1b[0m \x1b[2mcosmic_panel_button\x1b[0m\x1b[2m:\x1b[0m Starting workspaces applet with version 1.0.15
[2m1970-01-01T00:00:05.715762Z[0m [33m WARN[0m [1mcosmic-workspaces[0m[2m:[0m [2mcosmic_session[0m[2m:[0m [1970-01-01T00:00:05Z WARN  cosmic_workspaces::backend::wayland] dmabuf feedback not supported, only shm: the 'zwp_linux_dmabuf_v1' global was not available
[2m1970-01-01T00:00:05.717573Z[0m [33m WARN[0m [1mcosmic-workspaces[0m[2m:[0m [2mcosmic_session[0m[2m:[0m [1970-01-01T00:00:05Z INFO  cosmic_workspaces::backend::wayland] Unable to initialize Vulkan: Error loading shared library libvulkan.so.1: No such file or directory. Assuming now GPU workarounds needed.
[2m1970-01-01T00:00:05.789514Z[0m [32m INFO[0m [1mcosmic-panel[0m[2m:[0m [2mcosmic_session::notifications[0m[2m:[0m \x1b[2m1970-01-01T00:00:05.680618Z\x1b[0m \x1b[32m INFO\x1b[0m EGL Initialized
[2m1970-01-01T00:00:05.791129Z[0m [32m INFO[0m [1mcosmic-panel[0m[2m:[0m [2mcosmic_session::notifications[0m[2m:[0m \x1b[2m1970-01-01T00:00:05.680629Z\x1b[0m \x1b[32m INFO\x1b[0m EGL Version: (1, 5)
[2m1970-01-01T00:00:05.793248Z[0m [32m INFO[0m [1mcosmic-panel[0m[2m:[0m [2mcosmic_session::notifications[0m[2m:[0m \x1b[2m1970-01-01T00:00:05.680644Z\x1b[0m \x1b[32m INFO\x1b[0m Supported EGL display extensions: EGLExtensions { extensions: ["EGL_EXT_buffer_age", "EGL_EXT_config_select_group", "EGL_EXT_present_opaque", "EGL_EXT_surface_compression", "EGL_EXT_swap_buffers_with_damage", "EGL_KHR_cl_event2", "EGL_KHR_config_attribs", "EGL_KHR_context_flush_control", "EGL_KHR_create_context", "EGL_KHR_create_context_no_error", "EGL_KHR_fence_sync", "EGL_KHR_get_all_proc_addresses", "EGL_KHR_gl_colorspace", "EGL_KHR_gl_renderbuffer_image", "EGL_KHR_gl_texture_2D_image", "EGL_KHR_gl_texture_3D_image", "EGL_KHR_gl_texture_cubemap_image", "EGL_KHR_image_base", "EGL_KHR_no_config_context", "EGL_KHR_reusable_sync", "EGL_KHR_surfaceless_context", "EGL_KHR_swap_buffers_with_damage", "EGL_EXT_pixel_format_float", "EGL_KHR_wait_sync", "EGL_MESA_configless_context", "EGL_MESA_gl_interop", "EGL_MESA_query_driver", "EGL_MESA_x11_native_visual_id", ""], has_fences: true, has_native_fences: false, has_image_base: true, has_import_dmabuf: false, has_import_dmabuf_modifiers: false, has_export_dmabuf: false }
[2m1970-01-01T00:00:05.830030Z[0m [32m INFO[0m [1mcosmic-panel[0m[2m:[0m [2mcosmic_session::notifications[0m[2m:[0m \x1b[2m1970-01-01T00:00:05.680657Z\x1b[0m \x1b[33m WARN\x1b[0m Dmabuf import extension not available
[2m1970-01-01T00:00:05.832323Z[0m [32m INFO[0m [1mcosmic-panel[0m[2m:[0m [2mcosmic_session::notifications[0m[2m:[0m \x1b[2m1970-01-01T00:00:05.680676Z\x1b[0m \x1b[32m INFO\x1b[0m \x1b[1megl\x1b[0m\x1b[1m{\x1b[0m\x1b[3mplatform\x1b[0m\x1b[2m=\x1b[0m"PLATFORM_WAYLAND_KHR" \x1b[3mversion\x1b[0m\x1b[2m=\x1b[0m(1, 5)\x1b[1m}\x1b[0m\x1b[2m:\x1b[0m\x1b[1megl_context\x1b[0m\x1b[2m:\x1b[0m Selected color format: PixelFormat { hardware_accelerated: true, color_bits: 24, alpha_bits: 8, depth_bits: 24, stencil_bits: 8, stereoscopy: false, multisampling: None, srgb: false }
[2m1970-01-01T00:00:05.837507Z[0m [32m INFO[0m [1mcosmic-panel[0m[2m:[0m [2mcosmic_session::notifications[0m[2m:[0m \x1b[2m1970-01-01T00:00:05.728445Z\x1b[0m \x1b[32m INFO\x1b[0m \x1b[1mstdout\x1b[0m\x1b[1m{\x1b[0m\x1b[3mclient\x1b[0m\x1b[2m=\x1b[0mInnerClientId { ptr: 0x9a0096b0, alive: true }\x1b[1m}\x1b[0m\x1b[2m:\x1b[0m com.system76.CosmicPanelLauncherButton: \x1b[2m1970-01-01T00:00:05.726325Z\x1b[0m \x1b[32m INFO\x1b[0m \x1b[2mcosmic_panel_button\x1b[0m\x1b[2m:\x1b[0m Starting workspaces applet with version 1.0.15
[2m1970-01-01T00:00:05.860105Z[0m [32m INFO[0m [1mcosmic-panel[0m[2m:[0m [2mcosmic_session::notifications[0m[2m:[0m \x1b[2m1970-01-01T00:00:05.734247Z\x1b[0m \x1b[32m INFO\x1b[0m \x1b[1mstdout\x1b[0m\x1b[1m{\x1b[0m\x1b[3mclient\x1b[0m\x1b[2m=\x1b[0mInnerClientId { ptr: 0x9a009110, alive: true }\x1b[1m}\x1b[0m\x1b[2m:\x1b[0m com.system76.CosmicPanelWorkspacesButton: \x1b[2m1970-01-01T00:00:05.689399Z\x1b[0m \x1b[32m INFO\x1b[0m \x1b[2mcosmic_panel_button\x1b[0m\x1b[2m:\x1b[0m Starting workspaces applet with version 1.0.15
[2m1970-01-01T00:00:05.865402Z[0m [32m INFO[0m [1mcosmic-panel[0m[2m:[0m [2mcosmic_session::notifications[0m[2m:[0m \x1b[2m1970-01-01T00:00:05.818231Z\x1b[0m \x1b[32m INFO\x1b[0m \x1b[1megl\x1b[0m\x1b[1m{\x1b[0m\x1b[3mplatform\x1b[0m\x1b[2m=\x1b[0m"PLATFORM_WAYLAND_KHR" \x1b[3mversion\x1b[0m\x1b[2m=\x1b[0m(1, 5)\x1b[1m}\x1b[0m\x1b[2m:\x1b[0m\x1b[1megl_context\x1b[0m\x1b[1m{\x1b[0m\x1b[3mptr\x1b[0m\x1b[2m=\x1b[0m2586122240\x1b[1m}\x1b[0m\x1b[2m:\x1b[0m EGL context created \x1b[3mpriority\x1b[0m\x1b[2m=\x1b[0mNone
[2m1970-01-01T00:00:05.869999Z[0m [32m INFO[0m [1mcosmic-panel[0m[2m:[0m [2mcosmic_session::notifications[0m[2m:[0m \x1b[2m1970-01-01T00:00:05.819033Z\x1b[0m \x1b[32m INFO\x1b[0m \x1b[1megl\x1b[0m\x1b[1m{\x1b[0m\x1b[3mplatform\x1b[0m\x1b[2m=\x1b[0m"PLATFORM_WAYLAND_KHR" \x1b[3mversion\x1b[0m\x1b[2m=\x1b[0m(1, 5)\x1b[1m}\x1b[0m\x1b[2m:\x1b[0m\x1b[1megl_context\x1b[0m\x1b[1m{\x1b[0m\x1b[3mptr\x1b[0m\x1b[2m=\x1b[0m2586122240\x1b[1m}\x1b[0m\x1b[2m:\x1b[0m\x1b[1mrenderer_gles2\x1b[0m\x1b[2m:\x1b[0m Initializing OpenGL ES Renderer
[2m1970-01-01T00:00:05.874904Z[0m [32m INFO[0m [1mcosmic-panel[0m[2m:[0m [2mcosmic_session::notifications[0m[2m:[0m \x1b[2m1970-01-01T00:00:05.819046Z\x1b[0m \x1b[32m INFO\x1b[0m \x1b[1megl\x1b[0m\x1b[1m{\x1b[0m\x1b[3mplatform\x1b[0m\x1b[2m=\x1b[0m"PLATFORM_WAYLAND_KHR" \x1b[3mversion\x1b[0m\x1b[2m=\x1b[0m(1, 5)\x1b[1m}\x1b[0m\x1b[2m:\x1b[0m\x1b[1megl_context\x1b[0m\x1b[1m{\x1b[0m\x1b[3mptr\x1b[0m\x1b[2m=\x1b[0m2586122240\x1b[1m}\x1b[0m\x1b[2m:\x1b[0m\x1b[1mrenderer_gles2\x1b[0m\x1b[2m:\x1b[0m GL Version: "OpenGL ES 3.1 Mesa 25.3.6"
[2m1970-01-01T00:00:05.879022Z[0m [32m INFO[0m [1mcosmic-panel[0m[2m:[0m [2mcosmic_session::notifications[0m[2m:[0m \x1b[2m1970-01-01T00:00:05.819056Z\x1b[0m \x1b[32m INFO\x1b[0m \x1b[1megl\x1b[0m\x1b[1m{\x1b[0m\x1b[3mplatform\x1b[0m\x1b[2m=\x1b[0m"PLATFORM_WAYLAND_KHR" \x1b[3mversion\x1b[0m\x1b[2m=\x1b[0m(1, 5)\x1b[1m}\x1b[0m\x1b[2m:\x1b[0m\x1b[1megl_context\x1b[0m\x1b[1m{\x1b[0m\x1b[3mptr\x1b[0m\x1b[2m=\x1b[0m2586122240\x1b[1m}\x1b[0m\x1b[2m:\x1b[0m\x1b[1mrenderer_gles2\x1b[0m\x1b[2m:\x1b[0m GL Vendor: "Mesa"
[2m1970-01-01T00:00:05.948790Z[0m [32m INFO[0m [1mcosmic-panel[0m[2m:[0m [2mcosmic_session::notifications[0m[2m:[0m \x1b[2m1970-01-01T00:00:05.819067Z\x1b[0m \x1b[32m INFO\x1b[0m \x1b[1megl\x1b[0m\x1b[1m{\x1b[0m\x1b[3mplatform\x1b[0m\x1b[2m=\x1b[0m"PLATFORM_WAYLAND_KHR" \x1b[3mversion\x1b[0m\x1b[2m=\x1b[0m(1, 5)\x1b[1m}\x1b[0m\x1b[2m:\x1b[0m\x1b[1megl_context\x1b[0m\x1b[1m{\x1b[0m\x1b[3mptr\x1b[0m\x1b[2m=\x1b[0m2586122240\x1b[1m}\x1b[0m\x1b[2m:\x1b[0m\x1b[1mrenderer_gles2\x1b[0m\x1b[2m:\x1b[0m GL Renderer: "softpipe"
[2m1970-01-01T00:00:05.952804Z[0m [32m INFO[0m [1mcosmic-panel[0m[2m:[0m [2mcosmic_session::notifications[0m[2m:[0m \x1b[2m1970-01-01T00:00:05.819074Z\x1b[0m \x1b[32m INFO\x1b[0m \x1b[1megl\x1b[0m\x1b[1m{\x1b[0m\x1b[3mplatform\x1b[0m\x1b[2m=\x1b[0m"PLATFORM_WAYLAND_KHR" \x1b[3mversion\x1b[0m\x1b[2m=\x1b[0m(1, 5)\x1b[1m}\x1b[0m\x1b[2m:\x1b[0m\x1b[1megl_context\x1b[0m\x1b[1m{\x1b[0m\x1b[3mptr\x1b[0m\x1b[2m=\x1b[0m2586122240\x1b[1m}\x1b[0m\x1b[2m:\x1b[0m\x1b[1mrenderer_gles2\x1b[0m\x1b[2m:\x1b[0m Supported GL Extensions: ["GL_EXT_blend_minmax", "GL_EXT_multi_draw_arrays", "GL_EXT_texture_filter_anisotropic", "GL_EXT_texture_compression_s3tc", "GL_EXT_texture_compression_dxt1", "GL_EXT_texture_compression_rgtc", "GL_EXT_texture_format_BGRA8888", "GL_OES_compressed_ETC1_RGB8_texture", "GL_OES_depth24", "GL_OES_element_index_uint", "GL_OES_fbo_render_mipmap", "GL_OES_mapbuffer", "GL_OES_rgb8_rgba8", "GL_OES_standard_derivatives", "GL_OES_stencil8", "GL_OES_texture_3D", "GL_OES_texture_float", "GL_OES_texture_float_linear", "GL_OES_texture_half_float", "GL_OES_texture_half_float_linear", "GL_OES_texture_npot", "GL_OES_vertex_half_float", "GL_EXT_draw_instanced", "GL_EXT_texture_sRGB_decode", "GL_OES_EGL_image", "GL_OES_depth_texture", "GL_OES_packed_depth_stencil", "GL_EXT_texture_type_2_10_10_10_REV", "GL_NV_conditional_render", "GL_OES_get_program_binary", "GL_APPLE_texture_max_level", "GL_EXT_discard_framebuffer", "GL_EXT_read_format_bgra", "GL_EXT_texture_storage", "GL_NV_pack_subimage", "GL_EXT_frag_depth", "GL_NV_fbo_color_attachments", "GL_OES_EGL_image_external", "GL_OES_EGL_sync", "GL_OES_vertex_array_object", "GL_OES_viewport_array", "GL_ANGLE_pack_reverse_row_order", "GL_ANGLE_texture_compression_dxt3", "GL_ANGLE_texture_compression_dxt5", "GL_EXT_occlusion_query_boolean", "GL_EXT_sRGB", "GL_EXT_texture_rg", "GL_EXT_unpack_subimage", "GL_NV_draw_buffers", "GL_NV_read_buffer", "GL_NV_read_depth", "GL_NV_read_depth_stencil", "GL_NV_read_stencil", "GL_APPLE_sync", "GL_EXT_draw_buffers", "GL_EXT_instanced_arrays", "GL_EXT_map_buffer_range", "GL_EXT_shadow_samplers", "GL_KHR_debug", "GL_KHR_texture_compression_astc_ldr", "GL_NV_generate_mipmap_sRGB", "GL_NV_pixel_buffer_object", "GL_OES_depth_texture_cube_map", "GL_OES_required_internalformat", "GL_OES_surfaceless_context", "GL_EXT_color_buffer_float", "GL_EXT_debug_label", "GL_EXT_sRGB_write_control", "GL_EXT_separate_shader_objects", "GL_EXT_shader_implicit_conversions", "GL_EXT_shader_integer_mix", "GL_EXT_base_instance", "GL_EXT_compressed_ETC1_RGB8_sub_texture", "GL_EXT_copy_image", "GL_EXT_draw_buffers_indexed", "GL_EXT_draw_elements_base_vertex", "GL_EXT_gpu_shader5", "GL_EXT_multi_draw_indirect", "GL_EXT_primitive_bounding_box", "GL_EXT_render_snorm", "GL_EXT_shader_io_blocks", "GL_EXT_texture_border_clamp", "GL_EXT_texture_buffer", "GL_EXT_texture_cube_map_array", "GL_EXT_texture_norm16", "GL_EXT_texture_view", "GL_KHR_context_flush_control", "GL_NV_image_formats", "GL_NV_shader_noperspective_interpolation", "GL_OES_copy_image", "GL_OES_draw_buffers_indexed", "GL_OES_draw_elements_base_vertex", "GL_OES_gpu_shader5", "GL_OES_primitive_bounding_box", "GL_OES_shader_io_blocks", "GL_OES_texture_border_clamp", "GL_OES_texture_buffer", "GL_OES_texture_cube_map_array", "GL_OES_texture_stencil8", "GL_OES_texture_storage_multisample_2d_array", "GL_OES_texture_view", "GL_EXT_blend_func_extended", "GL_EXT_buffer_storage", "GL_EXT_float_blend", "GL_EXT_geometry_point_size", "GL_EXT_geometry_shader", "GL_EXT_texture_sRGB_R8", "GL_EXT_texture_sRGB_RG8", "GL_KHR_no_error", "GL_KHR_texture_compression_astc_sliced_3d", "GL_OES_EGL_image_external_essl3", "GL_OES_geometry_point_size", "GL_OES_geometry_shader", "GL_OES_shader_image_atomic", "GL_EXT_clear_texture", "GL_EXT_clip_cull_distance", "GL_EXT_conservative_depth", "GL_EXT_disjoint_timer_query", "GL_EXT_texture_compression_s3tc_srgb", "GL_MESA_shader_integer_functions", "GL_EXT_clip_control", "GL_EXT_color_buffer_half_float", "GL_EXT_texture_compression_bptc", "GL_EXT_texture_mirror_clamp_to_edge", "GL_KHR_parallel_shader_compile", "GL_EXT_EGL_image_storage", "GL_MESA_framebuffer_flip_y", "GL_EXT_depth_clamp", "GL_EXT_texture_query_lod", "GL_MESA_sampler_objects", "GL_EXT_EGL_image_storage_compression", "GL_EXT_texture_storage_compression", "GL_MESA_bgra", ""]
[2m1970-01-01T00:00:06.030024Z[0m [32m INFO[0m [1mcosmic-panel[0m[2m:[0m [2mcosmic_session::notifications[0m[2m:[0m \x1b[2m1970-01-01T00:00:05.888925Z\x1b[0m \x1b[32m INFO\x1b[0m Scale factor changed 1 for as surface in space "Dock" on HDMI-A-1
[2m1970-01-01T00:00:06.032193Z[0m [32m INFO[0m [1mcosmic-panel[0m[2m:[0m [2mcosmic_session::notifications[0m[2m:[0m \x1b[2m1970-01-01T00:00:05.889007Z\x1b[0m \x1b[32m INFO\x1b[0m \x1b[1megl\x1b[0m\x1b[1m{\x1b[0m\x1b[3mplatform\x1b[0m\x1b[2m=\x1b[0m"PLATFORM_WAYLAND_KHR" \x1b[3mversion\x1b[0m\x1b[2m=\x1b[0m(1, 5)\x1b[1m}\x1b[0m\x1b[2m:\x1b[0m\x1b[1megl_context\x1b[0m\x1b[2m:\x1b[0m Selected color format: PixelFormat { hardware_accelerated: true, color_bits: 24, alpha_bits: 8, depth_bits: 24, stencil_bits: 8, stereoscopy: false, multisampling: None, srgb: false }
[2m1970-01-01T00:00:06.156850Z[0m [32m INFO[0m [1mcosmic-panel[0m[2m:[0m [2mcosmic_session::notifications[0m[2m:[0m \x1b[2m1970-01-01T00:00:06.153961Z\x1b[0m \x1b[32m INFO\x1b[0m \x1b[1megl\x1b[0m\x1b[1m{\x1b[0m\x1b[3mplatform\x1b[0m\x1b[2m=\x1b[0m"PLATFORM_WAYLAND_KHR" \x1b[3mversion\x1b[0m\x1b[2m=\x1b[0m(1, 5)\x1b[1m}\x1b[0m\x1b[2m:\x1b[0m\x1b[1megl_context\x1b[0m\x1b[1m{\x1b[0m\x1b[3mptr\x1b[0m\x1b[2m=\x1b[0m2586274368\x1b[1m}\x1b[0m\x1b[2m:\x1b[0m EGL context created \x1b[3mpriority\x1b[0m\x1b[2m=\x1b[0mNone
[2m1970-01-01T00:00:06.198693Z[0m [32m INFO[0m [1mcosmic-panel[0m[2m:[0m [2mcosmic_session::notifications[0m[2m:[0m \x1b[2m1970-01-01T00:00:06.192967Z\x1b[0m \x1b[32m INFO\x1b[0m Cell { value: None }
[2m1970-01-01T00:00:06.200493Z[0m [32m INFO[0m [1mcosmic-panel[0m[2m:[0m [2mcosmic_session::notifications[0m[2m:[0m \x1b[2m1970-01-01T00:00:06.192979Z\x1b[0m \x1b[32m INFO\x1b[0m Cell { value: None }
[2m1970-01-01T00:00:06.235132Z[0m [32m INFO[0m [1mcosmic-panel[0m[2m:[0m [2mcosmic_session::notifications[0m[2m:[0m \x1b[2m1970-01-01T00:00:06.196119Z\x1b[0m \x1b[32m INFO\x1b[0m Requires relayout: resizing list
[2m1970-01-01T00:00:06.236958Z[0m [32m INFO[0m [1mcosmic-panel[0m[2m:[0m [2mcosmic_session::notifications[0m[2m:[0m 
[2m1970-01-01T00:00:06.237839Z[0m [32m INFO[0m [1mcosmic-panel[0m[2m:[0m [2mcosmic_session::notifications[0m[2m:[0m Stack backtrace:
[2m1970-01-01T00:00:06.238811Z[0m [32m INFO[0m [1mcosmic-panel[0m[2m:[0m [2mcosmic_session::notifications[0m[2m:[0m    0: <unknown>
[2m1970-01-01T00:00:06.239833Z[0m [32m INFO[0m [1mcosmic-panel[0m[2m:[0m [2mcosmic_session::notifications[0m[2m:[0m    1: <unknown>
[2m1970-01-01T00:00:06.240683Z[0m [32m INFO[0m [1mcosmic-panel[0m[2m:[0m [2mcosmic_session::notifications[0m[2m:[0m    2: <unknown>
[2m1970-01-01T00:00:06.241618Z[0m [32m INFO[0m [1mcosmic-panel[0m[2m:[0m [2mcosmic_session::notifications[0m[2m:[0m    3: <unknown>
[2m1970-01-01T00:00:06.242684Z[0m [32m INFO[0m [1mcosmic-panel[0m[2m:[0m [2mcosmic_session::notifications[0m[2m:[0m    4: <unknown>
[2m1970-01-01T00:00:06.243683Z[0m [32m INFO[0m [1mcosmic-panel[0m[2m:[0m [2mcosmic_session::notifications[0m[2m:[0m    5: <unknown>
[2m1970-01-01T00:00:06.244601Z[0m [32m INFO[0m [1mcosmic-panel[0m[2m:[0m [2mcosmic_session::notifications[0m[2m:[0m    6: <unknown>
[2m1970-01-01T00:00:06.250008Z[0m [32m INFO[0m [1mcosmic-panel[0m[2m:[0m [2mcosmic_session::notifications[0m[2m:[0m    7: <unknown>
[2m1970-01-01T00:00:06.251378Z[0m [32m INFO[0m [1mcosmic-panel[0m[2m:[0m [2mcosmic_session::notifications[0m[2m:[0m    8: <unknown>
[2m1970-01-01T00:00:06.252618Z[0m [32m INFO[0m [1mcosmic-panel[0m[2m:[0m [2mcosmic_session::notifications[0m[2m:[0m    9: <unknown>
[2m1970-01-01T00:00:06.271532Z[0m [32m INFO[0m [1mcosmic-panel[0m[2m:[0m [2mcosmic_session::notifications[0m[2m:[0m \x1b[2m1970-01-01T00:00:06.226607Z\x1b[0m \x1b[32m INFO\x1b[0m Requires relayout: resizing list
[2m1970-01-01T00:00:06.272667Z[0m [32m INFO[0m [1mcosmic-panel[0m[2m:[0m [2mcosmic_session::notifications[0m[2m:[0m 
[2m1970-01-01T00:00:06.273067Z[0m [32m INFO[0m [1mcosmic-panel[0m[2m:[0m [2mcosmic_session::notifications[0m[2m:[0m Stack backtrace:
[2m1970-01-01T00:00:06.273452Z[0m [32m INFO[0m [1mcosmic-panel[0m[2m:[0m [2mcosmic_session::notifications[0m[2m:[0m    0: <unknown>
[2m1970-01-01T00:00:06.273957Z[0m [32m INFO[0m [1mcosmic-panel[0m[2m:[0m [2mcosmic_session::notifications[0m[2m:[0m    1: <unknown>
[2m1970-01-01T00:00:06.274305Z[0m [32m INFO[0m [1mcosmic-panel[0m[2m:[0m [2mcosmic_session::notifications[0m[2m:[0m    2: <unknown>
[2m1970-01-01T00:00:06.274645Z[0m [32m INFO[0m [1mcosmic-panel[0m[2m:[0m [2mcosmic_session::notifications[0m[2m:[0m    3: <unknown>
[2m1970-01-01T00:00:06.274984Z[0m [32m INFO[0m [1mcosmic-panel[0m[2m:[0m [2mcosmic_session::notifications[0m[2m:[0m    4: <unknown>
[2m1970-01-01T00:00:06.275467Z[0m [32m INFO[0m [1mcosmic-panel[0m[2m:[0m [2mcosmic_session::notifications[0m[2m:[0m    5: <unknown>
[2m1970-01-01T00:00:06.278895Z[0m [32m INFO[0m [1mcosmic-panel[0m[2m:[0m [2mcosmic_session::notifications[0m[2m:[0m    6: <unknown>
[2m1970-01-01T00:00:06.280130Z[0m [32m INFO[0m [1mcosmic-panel[0m[2m:[0m [2mcosmic_session::notifications[0m[2m:[0m    7: <unknown>
[2m1970-01-01T00:00:06.281328Z[0m [32m INFO[0m [1mcosmic-panel[0m[2m:[0m [2mcosmic_session::notifications[0m[2m:[0m    8: <unknown>
[2m1970-01-01T00:00:06.296654Z[0m [32m INFO[0m [1mcosmic-panel[0m[2m:[0m [2mcosmic_session::notifications[0m[2m:[0m    9: <unknown>
[2m1970-01-01T00:00:06.298049Z[0m [32m INFO[0m [1mcosmic-panel[0m[2m:[0m [2mcosmic_session::notifications[0m[2m:[0m \x1b[2m1970-01-01T00:00:06.263541Z\x1b[0m \x1b[32m INFO\x1b[0m Cell { value: None }
[2m1970-01-01T00:00:06.299999Z[0m [32m INFO[0m [1mcosmic-panel[0m[2m:[0m [2mcosmic_session::notifications[0m[2m:[0m \x1b[2m1970-01-01T00:00:06.263551Z\x1b[0m \x1b[32m INFO\x1b[0m Cell { value: None }
[2m1970-01-01T00:00:06.423783Z[0m [33m WARN[0m [1mcosmic-app-library[0m[2m:[0m [2mcosmic_session[0m[2m:[0m  INFO  iced_winit::platform_specific::wayland::event_loop::state > Failed to find surface for blur action
[2m1970-01-01T00:00:06.454428Z[0m [33m WARN[0m [1mcosmic-files-applet[0m[2m:[0m [2mcosmic_session[0m[2m:[0m   \x1b[32m INFO\x1b[0m  \x1b[32mdetected desktop entry, \x1b[1;32mid\x1b[0m\x1b[32m: "com.system76.CosmicAppLibrary"\x1b[0m
[2m1970-01-01T00:00:06.456611Z[0m [33m WARN[0m [1mcosmic-files-applet[0m[2m:[0m [2mcosmic_session[0m[2m:[0m     \x1b[2;3mat\x1b[0m src/mime_app.rs:359 \x1b[2;3mon\x1b[0m main
[2m1970-01-01T00:00:06.458262Z[0m [33m WARN[0m [1mcosmic-files-applet[0m[2m:[0m [2mcosmic_session[0m[2m:[0m 
[2m1970-01-01T00:00:06.459384Z[0m [33m WARN[0m [1mcosmic-files-applet[0m[2m:[0m [2mcosmic_session[0m[2m:[0m   \x1b[32m INFO\x1b[0m  \x1b[32mdetected desktop entry, \x1b[1;32mid\x1b[0m\x1b[32m: "com.system76.CosmicAppletMinimize"\x1b[0m
[2m1970-01-01T00:00:06.460450Z[0m [33m WARN[0m [1mcosmic-files-applet[0m[2m:[0m [2mcosmic_session[0m[2m:[0m     \x1b[2;3mat\x1b[0m src/mime_app.rs:359 \x1b[2;3mon\x1b[0m main
[2m1970-01-01T00:00:06.461883Z[0m [33m WARN[0m [1mcosmic-files-applet[0m[2m:[0m [2mcosmic_session[0m[2m:[0m 
[2m1970-01-01T00:00:06.462740Z[0m [33m WARN[0m [1mcosmic-files-applet[0m[2m:[0m [2mcosmic_session[0m[2m:[0m   \x1b[32m INFO\x1b[0m  \x1b[32mdetected desktop entry, \x1b[1;32mid\x1b[0m\x1b[32m: "com.system76.CosmicAppletTiling"\x1b[0m
[2m1970-01-01T00:00:06.464286Z[0m [33m WARN[0m [1mcosmic-files-applet[0m[2m:[0m [2mcosmic_session[0m[2m:[0m     \x1b[2;3mat\x1b[0m src/mime_app.rs:359 \x1b[2;3mon\x1b[0m main
[2m1970-01-01T00:00:06.465384Z[0m [33m WARN[0m [1mcosmic-files-applet[0m[2m:[0m [2mcosmic_session[0m[2m:[0m 
[2m1970-01-01T00:00:06.466211Z[0m [33m WARN[0m [1mcosmic-files-applet[0m[2m:[0m [2mcosmic_session[0m[2m:[0m   \x1b[32m INFO\x1b[0m  \x1b[32mdetected desktop entry, \x1b[1;32mid\x1b[0m\x1b[32m: "com.system76.CosmicAppletTime"\x1b[0m
[2m1970-01-01T00:00:06.467640Z[0m [33m WARN[0m [1mcosmic-files-applet[0m[2m:[0m [2mcosmic_session[0m[2m:[0m     \x1b[2;3mat\x1b[0m src/mime_app.rs:359 \x1b[2;3mon\x1b[0m main
[2m1970-01-01T00:00:06.468333Z[0m [33m WARN[0m [1mcosmic-files-applet[0m[2m:[0m [2mcosmic_session[0m[2m:[0m 
[2m1970-01-01T00:00:06.469226Z[0m [32m INFO[0m [1mcosmic-panel[0m[2m:[0m [2mcosmic_session::notifications[0m[2m:[0m \x1b[2m1970-01-01T00:00:06.467746Z\x1b[0m \x1b[32m INFO\x1b[0m \x1b[1mstdout\x1b[0m\x1b[1m{\x1b[0m\x1b[3mclient\x1b[0m\x1b[2m=\x1b[0mInnerClientId { ptr: 0x9a0095c0, alive: true }\x1b[1m}\x1b[0m\x1b[2m:\x1b[0m com.system76.CosmicAppletMinimize: \x1b[2m1970-01-01T00:00:06.464605Z\x1b[0m \x1b[33m WARN\x1b[0m \x1b[2mcosmic_text::font::system\x1b[0m\x1b[2m:\x1b[0m failed to get system locale, falling back to en-US
[2m1970-01-01T00:00:06.474663Z[0m [32m INFO[0m [1mcosmic-panel[0m[2m:[0m [2mcosmic_session::notifications[0m[2m:[0m \x1b[2m1970-01-01T00:00:06.467761Z\x1b[0m \x1b[32m INFO\x1b[0m \x1b[1mstdout\x1b[0m\x1b[1m{\x1b[0m\x1b[3mclient\x1b[0m\x1b[2m=\x1b[0mInnerClientId { ptr: 0x9a0095c0, alive: true }\x1b[1m}\x1b[0m\x1b[2m:\x1b[0m com.system76.CosmicAppletMinimize: \x1b[2m1970-01-01T00:00:06.466852Z\x1b[0m \x1b[33m WARN\x1b[0m \x1b[2mfontdb\x1b[0m\x1b[2m:\x1b[0m Fallback to loading from known font dir paths.
[2m1970-01-01T00:00:06.478267Z[0m [33m WARN[0m [1mcosmic-files-applet[0m[2m:[0m [2mcosmic_session[0m[2m:[0m   \x1b[32m INFO\x1b[0m  \x1b[32mdetected desktop entry, \x1b[1;32mid\x1b[0m\x1b[32m: "com.system76.CosmicLauncher"\x1b[0m
[2m1970-01-01T00:00:06.479823Z[0m [33m WARN[0m [1mcosmic-files-applet[0m[2m:[0m [2mcosmic_session[0m[2m:[0m     \x1b[2;3mat\x1b[0m src/mime_app.rs:359 \x1b[2;3mon\x1b[0m main
[2m1970-01-01T00:00:06.480893Z[0m [33m WARN[0m [1mcosmic-files-applet[0m[2m:[0m [2mcosmic_session[0m[2m:[0m 
[2m1970-01-01T00:00:06.501534Z[0m [32m INFO[0m [1mcosmic-panel[0m[2m:[0m [2mcosmic_session::notifications[0m[2m:[0m \x1b[2m1970-01-01T00:00:06.483533Z\x1b[0m \x1b[32m INFO\x1b[0m \x1b[1mstdout\x1b[0m\x1b[1m{\x1b[0m\x1b[3mclient\x1b[0m\x1b[2m=\x1b[0mInnerClientId { ptr: 0x98d1cce0, alive: true }\x1b[1m}\x1b[0m\x1b[2m:\x1b[0m com.system76.CosmicPanelWorkspacesButton: \x1b[2m1970-01-01T00:00:06.477024Z\x1b[0m \x1b[33m WARN\x1b[0m \x1b[2mcosmic_text::font::system\x1b[0m\x1b[2m:\x1b[0m failed to get system locale, falling back to en-US
[2m1970-01-01T00:00:06.505992Z[0m [32m INFO[0m [1mcosmic-panel[0m[2m:[0m [2mcosmic_session::notifications[0m[2m:[0m \x1b[2m1970-01-01T00:00:06.491512Z\x1b[0m \x1b[32m INFO\x1b[0m \x1b[1mstdout\x1b[0m\x1b[1m{\x1b[0m\x1b[3mclient\x1b[0m\x1b[2m=\x1b[0mInnerClientId { ptr: 0x98d1cce0, alive: true }\x1b[1m}\x1b[0m\x1b[2m:\x1b[0m com.system76.CosmicPanelWorkspacesButton: \x1b[2m1970-01-01T00:00:06.490296Z\x1b[0m \x1b[33m WARN\x1b[0m \x1b[2mfontdb\x1b[0m\x1b[2m:\x1b[0m Fallback to loading from known font dir paths.
[2m1970-01-01T00:00:06.509476Z[0m [33m WARN[0m [1mcosmic-files-applet[0m[2m:[0m [2mcosmic_session[0m[2m:[0m   \x1b[32m INFO\x1b[0m  \x1b[32mdetected desktop entry, \x1b[1;32mid\x1b[0m\x1b[32m: "com.system76.CosmicPanelAppButton"\x1b[0m
[2m1970-01-01T00:00:06.550133Z[0m [33m WARN[0m [1mcosmic-files-applet[0m[2m:[0m [2mcosmic_session[0m[2m:[0m     \x1b[2;3mat\x1b[0m src/mime_app.rs:359 \x1b[2;3mon\x1b[0m main
[2m1970-01-01T00:00:06.551724Z[0m [33m WARN[0m [1mcosmic-files-applet[0m[2m:[0m [2mcosmic_session[0m[2m:[0m 
[2m1970-01-01T00:00:06.552737Z[0m [33m WARN[0m [1mcosmic-files-applet[0m[2m:[0m [2mcosmic_session[0m[2m:[0m   \x1b[32m INFO\x1b[0m  \x1b[32mdetected desktop entry, \x1b[1;32mid\x1b[0m\x1b[32m: "com.system76.CosmicPanelLauncherButton"\x1b[0m
[2m1970-01-01T00:00:06.554580Z[0m [33m WARN[0m [1mcosmic-files-applet[0m[2m:[0m [2mcosmic_session[0m[2m:[0m     \x1b[2;3mat\x1b[0m src/mime_app.rs:359 \x1b[2;3mon\x1b[0m main
[2m1970-01-01T00:00:06.556128Z[0m [33m WARN[0m [1mcosmic-files-applet[0m[2m:[0m [2mcosmic_session[0m[2m:[0m 
[2m1970-01-01T00:00:06.557237Z[0m [33m WARN[0m [1mcosmic-files-applet[0m[2m:[0m [2mcosmic_session[0m[2m:[0m   \x1b[32m INFO\x1b[0m  \x1b[32mdetected desktop entry, \x1b[1;32mid\x1b[0m\x1b[32m: "com.system76.CosmicPanelWorkspacesButton"\x1b[0m
[2m1970-01-01T00:00:06.559486Z[0m [33m WARN[0m [1mcosmic-files-applet[0m[2m:[0m [2mcosmic_session[0m[2m:[0m     \x1b[2;3mat\x1b[0m src/mime_app.rs:359 \x1b[2;3mon\x1b[0m main
[2m1970-01-01T00:00:06.563370Z[0m [33m WARN[0m [1mcosmic-files-applet[0m[2m:[0m [2mcosmic_session[0m[2m:[0m 
[2m1970-01-01T00:00:06.564472Z[0m [33m WARN[0m [1mcosmic-files-applet[0m[2m:[0m [2mcosmic_session[0m[2m:[0m   \x1b[32m INFO\x1b[0m  \x1b[32mdetected desktop entry, \x1b[1;32mid\x1b[0m\x1b[32m: "com.system76.CosmicWorkspaces"\x1b[0m
[2m1970-01-01T00:00:06.566364Z[0m [33m WARN[0m [1mcosmic-files-applet[0m[2m:[0m [2mcosmic_session[0m[2m:[0m     \x1b[2;3mat\x1b[0m src/mime_app.rs:359 \x1b[2;3mon\x1b[0m main
[2m1970-01-01T00:00:06.568208Z[0m [33m WARN[0m [1mcosmic-files-applet[0m[2m:[0m [2mcosmic_session[0m[2m:[0m 
[2m1970-01-01T00:00:06.569008Z[0m [33m WARN[0m [1mcosmic-files-applet[0m[2m:[0m [2mcosmic_session[0m[2m:[0m   \x1b[32m INFO\x1b[0m  \x1b[32mloaded mime app cache in 157.190375ms\x1b[0m
[2m1970-01-01T00:00:06.570142Z[0m [33m WARN[0m [1mcosmic-files-applet[0m[2m:[0m [2mcosmic_session[0m[2m:[0m     \x1b[2;3mat\x1b[0m src/mime_app.rs:501 \x1b[2;3mon\x1b[0m main
[2m1970-01-01T00:00:06.571725Z[0m [33m WARN[0m [1mcosmic-files-applet[0m[2m:[0m [2mcosmic_session[0m[2m:[0m 
[2m1970-01-01T00:00:06.620825Z[0m [32m INFO[0m [1mcosmic-panel[0m[2m:[0m [2mcosmic_session::notifications[0m[2m:[0m \x1b[2m1970-01-01T00:00:06.614865Z\x1b[0m \x1b[32m INFO\x1b[0m \x1b[1mstdout\x1b[0m\x1b[1m{\x1b[0m\x1b[3mclient\x1b[0m\x1b[2m=\x1b[0mInnerClientId { ptr: 0x98d1cdd0, alive: true }\x1b[1m}\x1b[0m\x1b[2m:\x1b[0m com.system76.CosmicPanelAppButton: \x1b[2m1970-01-01T00:00:06.611369Z\x1b[0m \x1b[33m WARN\x1b[0m \x1b[2mcosmic_text::font::system\x1b[0m\x1b[2m:\x1b[0m failed to get system locale, falling back to en-US
[2m1970-01-01T00:00:06.625202Z[0m [32m INFO[0m [1mcosmic-panel[0m[2m:[0m [2mcosmic_session::notifications[0m[2m:[0m \x1b[2m1970-01-01T00:00:06.624960Z\x1b[0m \x1b[32m INFO\x1b[0m \x1b[1mstdout\x1b[0m\x1b[1m{\x1b[0m\x1b[3mclient\x1b[0m\x1b[2m=\x1b[0mInnerClientId { ptr: 0x98d1cdd0, alive: true }\x1b[1m}\x1b[0m\x1b[2m:\x1b[0m com.system76.CosmicPanelAppButton: \x1b[2m1970-01-01T00:00:06.622768Z\x1b[0m \x1b[33m WARN\x1b[0m \x1b[2mfontdb\x1b[0m\x1b[2m:\x1b[0m Fallback to loading from known font dir paths.
[2m1970-01-01T00:00:06.638507Z[0m [32m INFO[0m [1mcosmic-panel[0m[2m:[0m [2mcosmic_session::notifications[0m[2m:[0m \x1b[2m1970-01-01T00:00:06.638266Z\x1b[0m \x1b[32m INFO\x1b[0m \x1b[1mstdout\x1b[0m\x1b[1m{\x1b[0m\x1b[3mclient\x1b[0m\x1b[2m=\x1b[0mInnerClientId { ptr: 0x98d24800, alive: true }\x1b[1m}\x1b[0m\x1b[2m:\x1b[0m com.system76.CosmicAppletTiling: \x1b[2m1970-01-01T00:00:06.635939Z\x1b[0m \x1b[33m WARN\x1b[0m \x1b[2mcosmic_text::font::system\x1b[0m\x1b[2m:\x1b[0m failed to get system locale, falling back to en-US
[2m1970-01-01T00:00:06.642847Z[0m [32m INFO[0m [1mcosmic-panel[0m[2m:[0m [2mcosmic_session::notifications[0m[2m:[0m \x1b[2m1970-01-01T00:00:06.638278Z\x1b[0m \x1b[32m INFO\x1b[0m \x1b[1mstdout\x1b[0m\x1b[1m{\x1b[0m\x1b[3mclient\x1b[0m\x1b[2m=\x1b[0mInnerClientId { ptr: 0x98d24800, alive: true }\x1b[1m}\x1b[0m\x1b[2m:\x1b[0m com.system76.CosmicAppletTiling: \x1b[2m1970-01-01T00:00:06.637962Z\x1b[0m \x1b[33m WARN\x1b[0m \x1b[2mfontdb\x1b[0m\x1b[2m:\x1b[0m Fallback to loading from known font dir paths.
[2m1970-01-01T00:00:06.670810Z[0m [32m INFO[0m [1mcosmic-panel[0m[2m:[0m [2mcosmic_session::notifications[0m[2m:[0m \x1b[2m1970-01-01T00:00:06.652583Z\x1b[0m \x1b[31mERROR\x1b[0m \x1b[1mstderr\x1b[0m\x1b[1m{\x1b[0m\x1b[3mclient\x1b[0m\x1b[2m=\x1b[0mInnerClientId { ptr: 0x98d1cce0, alive: true }\x1b[1m}\x1b[0m\x1b[2m:\x1b[0m com.system76.CosmicPanelWorkspacesButton: xkbcommon: ERROR: couldn't find a Compose file for locale "C" (mapped to "C")
[2m1970-01-01T00:00:06.690408Z[0m [33m WARN[0m [1mcosmic-idle[0m[2m:[0m [2mcosmic_session[0m[2m:[0m [1970-01-01T00:00:06Z INFO  tracing::span] read_socket;
[2m1970-01-01T00:00:06.706223Z[0m [32m INFO[0m [1mcosmic-panel[0m[2m:[0m [2mcosmic_session::notifications[0m[2m:[0m \x1b[2m1970-01-01T00:00:06.705543Z\x1b[0m \x1b[32m INFO\x1b[0m \x1b[1mstdout\x1b[0m\x1b[1m{\x1b[0m\x1b[3mclient\x1b[0m\x1b[2m=\x1b[0mInnerClientId { ptr: 0x98d1cce0, alive: true }\x1b[1m}\x1b[0m\x1b[2m:\x1b[0m com.system76.CosmicPanelWorkspacesButton: \x1b[2m1970-01-01T00:00:06.701887Z\x1b[0m \x1b[32m INFO\x1b[0m \x1b[2miced_winit\x1b[0m\x1b[2m:\x1b[0m System theme: None
[2m1970-01-01T00:00:06.707448Z[0m [32m INFO[0m [1mcosmic-panel[0m[2m:[0m [2mcosmic_session::notifications[0m[2m:[0m \x1b[2m1970-01-01T00:00:06.705563Z\x1b[0m \x1b[32m INFO\x1b[0m \x1b[1mstdout\x1b[0m\x1b[1m{\x1b[0m\x1b[3mclient\x1b[0m\x1b[2m=\x1b[0mInnerClientId { ptr: 0x98d1cce0, alive: true }\x1b[1m}\x1b[0m\x1b[2m:\x1b[0m com.system76.CosmicPanelWorkspacesButton: \x1b[2m1970-01-01T00:00:06.702772Z\x1b[0m \x1b[32m INFO\x1b[0m \x1b[2miced_winit\x1b[0m\x1b[2m:\x1b[0m Window attributes for id `Id(
[2m1970-01-01T00:00:06.709447Z[0m [32m INFO[0m [1mcosmic-panel[0m[2m:[0m [2mcosmic_session::notifications[0m[2m:[0m \x1b[2m1970-01-01T00:00:06.705581Z\x1b[0m \x1b[32m INFO\x1b[0m \x1b[1mstdout\x1b[0m\x1b[1m{\x1b[0m\x1b[3mclient\x1b[0m\x1b[2m=\x1b[0mInnerClientId { ptr: 0x98d1cce0, alive: true }\x1b[1m}\x1b[0m\x1b[2m:\x1b[0m com.system76.CosmicPanelWorkspacesButton:     1,
[2m1970-01-01T00:00:06.712635Z[0m [32m INFO[0m [1mcosmic-panel[0m[2m:[0m [2mcosmic_session::notifications[0m[2m:[0m \x1b[2m1970-01-01T00:00:06.705601Z\x1b[0m \x1b[32m INFO\x1b[0m \x1b[1mstdout\x1b[0m\x1b[1m{\x1b[0m\x1b[3mclient\x1b[0m\x1b[2m=\x1b[0mInnerClientId { ptr: 0x98d1cce0, alive: true }\x1b[1m}\x1b[0m\x1b[2m:\x1b[0m com.system76.CosmicPanelWorkspacesButton: )`: WindowAttributes {
[2m1970-01-01T00:00:06.715427Z[0m [32m INFO[0m [1mcosmic-panel[0m[2m:[0m [2mcosmic_session::notifications[0m[2m:[0m \x1b[2m1970-01-01T00:00:06.705616Z\x1b[0m \x1b[32m INFO\x1b[0m \x1b[1mstdout\x1b[0m\x1b[1m{\x1b[0m\x1b[3mclient\x1b[0m\x1b[2m=\x1b[0mInnerClientId { ptr: 0x98d1cce0, alive: true }\x1b[1m}\x1b[0m\x1b[2m:\x1b[0m com.system76.CosmicPanelWorkspacesButton:     surface_size: Some(
[2m1970-01-01T00:00:06.720820Z[0m [32m INFO[0m [1mcosmic-panel[0m[2m:[0m [2mcosmic_session::notifications[0m[2m:[0m \x1b[2m1970-01-01T00:00:06.705632Z\x1b[0m \x1b[32m INFO\x1b[0m \x1b[1mstdout\x1b[0m\x1b[1m{\x1b[0m\x1b[3mclient\x1b[0m\x1b[2m=\x1b[0mInnerClientId { ptr: 0x98d1cce0, alive: true }\x1b[1m}\x1b[0m\x1b[2m:\x1b[0m com.system76.CosmicPanelWorkspacesButton:         Logical(
[2m1970-01-01T00:00:06.723870Z[0m [32m INFO[0m [1mcosmic-panel[0m[2m:[0m [2mcosmic_session::notifications[0m[2m:[0m \x1b[2m1970-01-01T00:00:06.705653Z\x1b[0m \x1b[32m INFO\x1b[0m \x1b[1mstdout\x1b[0m\x1b[1m{\x1b[0m\x1b[3mclient\x1b[0m\x1b[2m=\x1b[0mInnerClientId { ptr: 0x98d1cce0, alive: true }\x1b[1m}\x1b[0m\x1b[2m:\x1b[0m com.system76.CosmicPanelWorkspacesButton:             LogicalSize {
[2m1970-01-01T00:00:06.727231Z[0m [32m INFO[0m [1mcosmic-panel[0m[2m:[0m [2mcosmic_session::notifications[0m[2m:[0m \x1b[2m1970-01-01T00:00:06.705673Z\x1b[0m \x1b[32m INFO\x1b[0m \x1b[1mstdout\x1b[0m\x1b[1m{\x1b[0m\x1b[3mclient\x1b[0m\x1b[2m=\x1b[0mInnerClientId { ptr: 0x98d1cce0, alive: true }\x1b[1m}\x1b[0m\x1b[2m:\x1b[0m com.system76.CosmicPanelWorkspacesButton:                 width: 40.0,
[2m1970-01-01T00:00:06.730554Z[0m [32m INFO[0m [1mcosmic-panel[0m[2m:[0m [2mcosmic_session::notifications[0m[2m:[0m \x1b[2m1970-01-01T00:00:06.705694Z\x1b[0m \x1b[32m INFO\x1b[0m \x1b[1mstdout\x1b[0m\x1b[1m{\x1b[0m\x1b[3mclient\x1b[0m\x1b[2m=\x1b[0mInnerClientId { ptr: 0x98d1cce0, alive: true }\x1b[1m}\x1b[0m\x1b[2m:\x1b[0m com.system76.CosmicPanelWorkspacesButton:                 height: 32.0,
[2m1970-01-01T00:00:06.734203Z[0m [32m INFO[0m [1mcosmic-panel[0m[2m:[0m [2mcosmic_session::notifications[0m[2m:[0m \x1b[2m1970-01-01T00:00:06.705716Z\x1b[0m \x1b[32m INFO\x1b[0m \x1b[1mstdout\x1b[0m\x1b[1m{\x1b[0m\x1b[3mclient\x1b[0m\x1b[2m=\x1b[0mInnerClientId { ptr: 0x98d1cce0, alive: true }\x1b[1m}\x1b[0m\x1b[2m:\x1b[0m com.system76.CosmicPanelWorkspacesButton:             },
[2m1970-01-01T00:00:06.736589Z[0m [32m INFO[0m [1mcosmic-panel[0m[2m:[0m [2mcosmic_session::notifications[0m[2m:[0m \x1b[2m1970-01-01T00:00:06.705735Z\x1b[0m \x1b[32m INFO\x1b[0m \x1b[1mstdout\x1b[0m\x1b[1m{\x1b[0m\x1b[3mclient\x1b[0m\x1b[2m=\x1b[0mInnerClientId { ptr: 0x98d1cce0, alive: true }\x1b[1m}\x1b[0m\x1b[2m:\x1b[0m com.system76.CosmicPanelWorkspacesButton:         ),
[2m1970-01-01T00:00:06.771341Z[0m [32m INFO[0m [1mcosmic-panel[0m[2m:[0m [2mcosmic_session::notifications[0m[2m:[0m \x1b[2m1970-01-01T00:00:06.705752Z\x1b[0m \x1b[32m INFO\x1b[0m \x1b[1mstdout\x1b[0m\x1b[1m{\x1b[0m\x1b[3mclient\x1b[0m\x1b[2m=\x1b[0mInnerClientId { ptr: 0x98d1cce0, alive: true }\x1b[1m}\x1b[0m\x1b[2m:\x1b[0m com.system76.CosmicPanelWorkspacesButton:     ),
[2m1970-01-01T00:00:06.774144Z[0m [32m INFO[0m [1mcosmic-panel[0m[2m:[0m [2mcosmic_session::notifications[0m[2m:[0m \x1b[2m1970-01-01T00:00:06.705770Z\x1b[0m \x1b[32m INFO\x1b[0m \x1b[1mstdout\x1b[0m\x1b[1m{\x1b[0m\x1b[3mclient\x1b[0m\x1b[2m=\x1b[0mInnerClientId { ptr: 0x98d1cce0, alive: true }\x1b[1m}\x1b[0m\x1b[2m:\x1b[0m com.system76.CosmicPanelWorkspacesButton:     min_surface_size: Some(
[2m1970-01-01T00:00:06.776781Z[0m [32m INFO[0m [1mcosmic-panel[0m[2m:[0m [2mcosmic_session::notifications[0m[2m:[0m \x1b[2m1970-01-01T00:00:06.705785Z\x1b[0m \x1b[32m INFO\x1b[0m \x1b[1mstdout\x1b[0m\x1b[1m{\x1b[0m\x1b[3mclient\x1b[0m\x1b[2m=\x1b[0mInnerClientId { ptr: 0x98d1cce0, alive: true }\x1b[1m}\x1b[0m\x1b[2m:\x1b[0m com.system76.CosmicPanelWorkspacesButton:         Logical(
[2m1970-01-01T00:00:06.779574Z[0m [32m INFO[0m [1mcosmic-panel[0m[2m:[0m [2mcosmic_session::notifications[0m[2m:[0m \x1b[2m1970-01-01T00:00:06.705805Z\x1b[0m \x1b[32m INFO\x1b[0m \x1b[1mstdout\x1b[0m\x1b[1m{\x1b[0m\x1b[3mclient\x1b[0m\x1b[2m=\x1b[0mInnerClientId { ptr: 0x98d1cce0, alive: true }\x1b[1m}\x1b[0m\x1b[2m:\x1b[0m com.system76.CosmicPanelWorkspacesButton:             LogicalSize {
[2m1970-01-01T00:00:06.781078Z[0m [32m INFO[0m [1mcosmic-panel[0m[2m:[0m [2mcosmic_session::notifications[0m[2m:[0m \x1b[2m1970-01-01T00:00:06.705823Z\x1b[0m \x1b[32m INFO\x1b[0m \x1b[1mstdout\x1b[0m\x1b[1m{\x1b[0m\x1b[3mclient\x1b[0m\x1b[2m=\x1b[0mInnerClientId { ptr: 0x98d1cce0, alive: true }\x1b[1m}\x1b[0m\x1b[2m:\x1b[0m com.system76.CosmicPanelWorkspacesButton:                 width: 40.0,
[2m1970-01-01T00:00:06.783900Z[0m [32m INFO[0m [1mcosmic-panel[0m[2m:[0m [2mcosmic_session::notifications[0m[2m:[0m \x1b[2m1970-01-01T00:00:06.705843Z\x1b[0m \x1b[32m INFO\x1b[0m \x1b[1mstdout\x1b[0m\x1b[1m{\x1b[0m\x1b[3mclient\x1b[0m\x1b[2m=\x1b[0mInnerClientId { ptr: 0x98d1cce0, alive: true }\x1b[1m}\x1b[0m\x1b[2m:\x1b[0m com.system76.CosmicPanelWorkspacesButton:                 height: 32.0,
[2m1970-01-01T00:00:06.785800Z[0m [32m INFO[0m [1mcosmic-panel[0m[2m:[0m [2mcosmic_session::notifications[0m[2m:[0m \x1b[2m1970-01-01T00:00:06.705857Z\x1b[0m \x1b[32m INFO\x1b[0m \x1b[1mstdout\x1b[0m\x1b[1m{\x1b[0m\x1b[3mclient\x1b[0m\x1b[2m=\x1b[0mInnerClientId { ptr: 0x98d1cce0, alive: true }\x1b[1m}\x1b[0m\x1b[2m:\x1b[0m com.system76.CosmicPanelWorkspacesButton:             },
[2m1970-01-01T00:00:06.786838Z[0m [32m INFO[0m [1mcosmic-panel[0m[2m:[0m [2mcosmic_session::notifications[0m[2m:[0m \x1b[2m1970-01-01T00:00:06.705875Z\x1b[0m \x1b[32m INFO\x1b[0m \x1b[1mstdout\x1b[0m\x1b[1m{\x1b[0m\x1b[3mclient\x1b[0m\x1b[2m=\x1b[0mInnerClientId { ptr: 0x98d1cce0, alive: true }\x1b[1m}\x1b[0m\x1b[2m:\x1b[0m com.system76.CosmicPanelWorkspacesButton:         ),
[2m1970-01-01T00:00:06.813537Z[0m [32m INFO[0m [1mcosmic-panel[0m[2m:[0m [2mcosmic_session::notifications[0m[2m:[0m \x1b[2m1970-01-01T00:00:06.705894Z\x1b[0m \x1b[32m INFO\x1b[0m \x1b[1mstdout\x1b[0m\x1b[1m{\x1b[0m\x1b[3mclient\x1b[0m\x1b[2m=\x1b[0mInnerClientId { ptr: 0x98d1cce0, alive: true }\x1b[1m}\x1b[0m\x1b[2m:\x1b[0m com.system76.CosmicPanelWorkspacesButton:     ),
[2m1970-01-01T00:00:06.817290Z[0m [32m INFO[0m [1mcosmic-panel[0m[2m:[0m [2mcosmic_session::notifications[0m[2m:[0m \x1b[2m1970-01-01T00:00:06.705910Z\x1b[0m \x1b[32m INFO\x1b[0m \x1b[1mstdout\x1b[0m\x1b[1m{\x1b[0m\x1b[3mclient\x1b[0m\x1b[2m=\x1b[0mInnerClientId { ptr: 0x98d1cce0, alive: true }\x1b[1m}\x1b[0m\x1b[2m:\x1b[0m com.system76.CosmicPanelWorkspacesButton:     max_surface_size: None,
[2m1970-01-01T00:00:06.821773Z[0m [32m INFO[0m [1mcosmic-panel[0m[2m:[0m [2mcosmic_session::notifications[0m[2m:[0m \x1b[2m1970-01-01T00:00:06.705929Z\x1b[0m \x1b[32m INFO\x1b[0m \x1b[1mstdout\x1b[0m\x1b[1m{\x1b[0m\x1b[3mclient\x1b[0m\x1b[2m=\x1b[0mInnerClientId { ptr: 0x98d1cce0, alive: true }\x1b[1m}\x1b[0m\x1b[2m:\x1b[0m com.system76.CosmicPanelWorkspacesButton:     surface_resize_increments: None,
[2m1970-01-01T00:00:06.824275Z[0m [32m INFO[0m [1mcosmic-panel[0m[2m:[0m [2mcosmic_session::notifications[0m[2m:[0m \x1b[2m1970-01-01T00:00:06.705948Z\x1b[0m \x1b[32m INFO\x1b[0m \x1b[1mstdout\x1b[0m\x1b[1m{\x1b[0m\x1b[3mclient\x1b[0m\x1b[2m=\x1b[0mInnerClientId { ptr: 0x98d1cce0, alive: true }\x1b[1m}\x1b[0m\x1b[2m:\x1b[0m com.system76.CosmicPanelWorkspacesButton:     position: None,
[2m1970-01-01T00:00:06.826783Z[0m [32m INFO[0m [1mcosmic-panel[0m[2m:[0m [2mcosmic_session::notifications[0m[2m:[0m \x1b[2m1970-01-01T00:00:06.705965Z\x1b[0m \x1b[32m INFO\x1b[0m \x1b[1mstdout\x1b[0m\x1b[1m{\x1b[0m\x1b[3mclient\x1b[0m\x1b[2m=\x1b[0mInnerClientId { ptr: 0x98d1cce0, alive: true }\x1b[1m}\x1b[0m\x1b[2m:\x1b[0m com.system76.CosmicPanelWorkspacesButton:     resizable: false,
[2m1970-01-01T00:00:06.880022Z[0m [32m INFO[0m [1mcosmic-panel[0m[2m:[0m [2mcosmic_session::notifications[0m[2m:[0m \x1b[2m1970-01-01T00:00:06.705984Z\x1b[0m \x1b[32m INFO\x1b[0m \x1b[1mstdout\x1b[0m\x1b[1m{\x1b[0m\x1b[3mclient\x1b[0m\x1b[2m=\x1b[0mInnerClientId { ptr: 0x98d1cce0, alive: true }\x1b[1m}\x1b[0m\x1b[2m:\x1b[0m com.system76.CosmicPanelWorkspacesButton:     enabled_buttons: WindowButtons(
[2m1970-01-01T00:00:06.883181Z[0m [32m INFO[0m [1mcosmic-panel[0m[2m:[0m [2mcosmic_session::notifications[0m[2m:[0m \x1b[2m1970-01-01T00:00:06.706005Z\x1b[0m \x1b[32m INFO\x1b[0m \x1b[1mstdout\x1b[0m\x1b[1m{\x1b[0m\x1b[3mclient\x1b[0m\x1b[2m=\x1b[0mInnerClientId { ptr: 0x98d1cce0, alive: true }\x1b[1m}\x1b[0m\x1b[2m:\x1b[0m com.system76.CosmicPanelWorkspacesButton:         CLOSE | MINIMIZE,
[2m1970-01-01T00:00:06.886509Z[0m [32m INFO[0m [1mcosmic-panel[0m[2m:[0m [2mcosmic_session::notifications[0m[2m:[0m \x1b[2m1970-01-01T00:00:06.706023Z\x1b[0m \x1b[32m INFO\x1b[0m \x1b[1mstdout\x1b[0m\x1b[1m{\x1b[0m\x1b[3mclient\x1b[0m\x1b[2m=\x1b[0mInnerClientId { ptr: 0x98d1cce0, alive: true }\x1b[1m}\x1b[0m\x1b[2m:\x1b[0m com.system76.CosmicPanelWorkspacesButton:     ),
[2m1970-01-01T00:00:06.888979Z[0m [32m INFO[0m [1mcosmic-panel[0m[2m:[0m [2mcosmic_session::notifications[0m[2m:[0m \x1b[2m1970-01-01T00:00:06.706047Z\x1b[0m \x1b[32m INFO\x1b[0m \x1b[1mstdout\x1b[0m\x1b[1m{\x1b[0m\x1b[3mclient\x1b[0m\x1b[2m=\x1b[0mInnerClientId { ptr: 0x98d1cce0, alive: true }\x1b[1m}\x1b[0m\x1b[2m:\x1b[0m com.system76.CosmicPanelWorkspacesButton:     title: "Cosmic - Iced",
[2m1970-01-01T00:00:06.898664Z[0m [32m INFO[0m [1mcosmic-panel[0m[2m:[0m [2mcosmic_session::notifications[0m[2m:[0m \x1b[2m1970-01-01T00:00:06.706060Z\x1b[0m \x1b[32m INFO\x1b[0m \x1b[1mstdout\x1b[0m\x1b[1m{\x1b[0m\x1b[3mclient\x1b[0m\x1b[2m=\x1b[0mInnerClientId { ptr: 0x98d1cce0, alive: true }\x1b[1m}\x1b[0m\x1b[2m:\x1b[0m com.system76.CosmicPanelWorkspacesButton:     maximized: false,
[2m1970-01-01T00:00:06.901428Z[0m [32m INFO[0m [1mcosmic-panel[0m[2m:[0m [2mcosmic_session::notifications[0m[2m:[0m \x1b[2m1970-01-01T00:00:06.706078Z\x1b[0m \x1b[32m INFO\x1b[0m \x1b[1mstdout\x1b[0m\x1b[1m{\x1b[0m\x1b[3mclient\x1b[0m\x1b[2m=\x1b[0mInnerClientId { ptr: 0x98d1cce0, alive: true }\x1b[1m}\x1b[0m\x1b[2m:\x1b[0m com.system76.CosmicPanelWorkspacesButton:     visible: false,
[2m1970-01-01T00:00:06.904965Z[0m [32m INFO[0m [1mcosmic-panel[0m[2m:[0m [2mcosmic_session::notifications[0m[2m:[0m \x1b[2m1970-01-01T00:00:06.706096Z\x1b[0m \x1b[32m INFO\x1b[0m \x1b[1mstdout\x1b[0m\x1b[1m{\x1b[0m\x1b[3mclient\x1b[0m\x1b[2m=\x1b[0mInnerClientId { ptr: 0x98d1cce0, alive: true }\x1b[1m}\x1b[0m\x1b[2m:\x1b[0m com.system76.CosmicPanelWorkspacesButton:     transparent: true,
[2m1970-01-01T00:00:06.950026Z[0m [32m INFO[0m [1mcosmic-panel[0m[2m:[0m [2mcosmic_session::notifications[0m[2m:[0m \x1b[2m1970-01-01T00:00:06.706113Z\x1b[0m \x1b[32m INFO\x1b[0m \x1b[1mstdout\x1b[0m\x1b[1m{\x1b[0m\x1b[3mclient\x1b[0m\x1b[2m=\x1b[0mInnerClientId { ptr: 0x98d1cce0, alive: true }\x1b[1m}\x1b[0m\x1b[2m:\x1b[0m com.system76.CosmicPanelWorkspacesButton:     blur: false,
[2m1970-01-01T00:00:06.952999Z[0m [32m INFO[0m [1mcosmic-panel[0m[2m:[0m [2mcosmic_session::notifications[0m[2m:[0m \x1b[2m1970-01-01T00:00:06.706133Z\x1b[0m \x1b[32m INFO\x1b[0m \x1b[1mstdout\x1b[0m\x1b[1m{\x1b[0m\x1b[3mclient\x1b[0m\x1b[2m=\x1b[0mInnerClientId { ptr: 0x98d1cce0, alive: true }\x1b[1m}\x1b[0m\x1b[2m:\x1b[0m com.system76.CosmicPanelWorkspacesButton:     decorations: false,
[2m1970-01-01T00:00:06.955811Z[0m [32m INFO[0m [1mcosmic-panel[0m[2m:[0m [2mcosmic_session::notifications[0m[2m:[0m \x1b[2m1970-01-01T00:00:06.706153Z\x1b[0m \x1b[32m INFO\x1b[0m \x1b[1mstdout\x1b[0m\x1b[1m{\x1b[0m\x1b[3mclient\x1b[0m\x1b[2m=\x1b[0mInnerClientId { ptr: 0x98d1cce0, alive: true }\x1b[1m}\x1b[0m\x1b[2m:\x1b[0m com.system76.CosmicPanelWorkspacesButton:     window_icon: None,
[2m1970-01-01T00:00:06.958717Z[0m [32m INFO[0m [1mcosmic-panel[0m[2m:[0m [2mcosmic_session::notifications[0m[2m:[0m \x1b[2m1970-01-01T00:00:06.706175Z\x1b[0m \x1b[32m INFO\x1b[0m \x1b[1mstdout\x1b[0m\x1b[1m{\x1b[0m\x1b[3mclient\x1b[0m\x1b[2m=\x1b[0mInnerClientId { ptr: 0x98d1cce0, alive: true }\x1b[1m}\x1b[0m\x1b[2m:\x1b[0m com.system76.CosmicPanelWorkspacesButton:     preferred_theme: None,
[2m1970-01-01T00:00:07.000784Z[0m [33m WARN[0m [1mcosmic-idle[0m[2m:[0m [2mcosmic_session[0m[2m:[0m [1970-01-01T00:00:06Z INFO  tracing::span] read_socket;
[2m1970-01-01T00:00:07.002236Z[0m [33m WARN[0m [1mcosmic-idle[0m[2m:[0m [2mcosmic_session[0m[2m:[0m [1970-01-01T00:00:06Z INFO  tracing::span] read_socket;
[2m1970-01-01T00:00:07.003731Z[0m [32m INFO[0m [1mcosmic-panel[0m[2m:[0m [2mcosmic_session::notifications[0m[2m:[0m \x1b[2m1970-01-01T00:00:06.706193Z\x1b[0m \x1b[32m INFO\x1b[0m \x1b[1mstdout\x1b[0m\x1b[1m{\x1b[0m\x1b[3mclient\x1b[0m\x1b[2m=\x1b[0mInnerClientId { ptr: 0x98d1cce0, alive: true }\x1b[1m}\x1b[0m\x1b[2m:\x1b[0m com.system76.CosmicPanelWorkspacesButton:     content_protected: false,
[2m1970-01-01T00:00:07.009819Z[0m [32m INFO[0m [1mcosmic-panel[0m[2m:[0m [2mcosmic_session::notifications[0m[2m:[0m \x1b[2m1970-01-01T00:00:06.706218Z\x1b[0m \x1b[32m INFO\x1b[0m \x1b[1mstdout\x1b[0m\x1b[1m{\x1b[0m\x1b[3mclient\x1b[0m\x1b[2m=\x1b[0mInnerClientId { ptr: 0x98d1cce0, alive: true }\x1b[1m}\x1b[0m\x1b[2m:\x1b[0m com.system76.CosmicPanelWorkspacesButton:     window_level: Normal,
[2m1970-01-01T00:00:07.010720Z[0m [32m INFO[0m [1mcosmic-panel[0m[2m:[0m [2mcosmic_session::notifications[0m[2m:[0m \x1b[2m1970-01-01T00:00:06.706239Z\x1b[0m \x1b[32m INFO\x1b[0m \x1b[1mstdout\x1b[0m\x1b[1m{\x1b[0m\x1b[3mclient\x1b[0m\x1b[2m=\x1b[0mInnerClientId { ptr: 0x98d1cce0, alive: true }\x1b[1m}\x1b[0m\x1b[2m:\x1b[0m com.system76.CosmicPanelWorkspacesButton:     active: true,
[2m1970-01-01T00:00:07.071506Z[0m [32m INFO[0m [1mcosmic-panel[0m[2m:[0m [2mcosmic_session::notifications[0m[2m:[0m \x1b[2m1970-01-01T00:00:06.706261Z\x1b[0m \x1b[32m INFO\x1b[0m \x1b[1mstdout\x1b[0m\x1b[1m{\x1b[0m\x1b[3mclient\x1b[0m\x1b[2m=\x1b[0mInnerClientId { ptr: 0x98d1cce0, alive: true }\x1b[1m}\x1b[0m\x1b[2m:\x1b[0m com.system76.CosmicPanelWorkspacesButton:     cursor: Icon(
[2m1970-01-01T00:00:07.073213Z[0m [32m INFO[0m [1mcosmic-panel[0m[2m:[0m [2mcosmic_session::notifications[0m[2m:[0m \x1b[2m1970-01-01T00:00:06.706278Z\x1b[0m \x1b[32m INFO\x1b[0m \x1b[1mstdout\x1b[0m\x1b[1m{\x1b[0m\x1b[3mclient\x1b[0m\x1b[2m=\x1b[0mInnerClientId { ptr: 0x98d1cce0, alive: true }\x1b[1m}\x1b[0m\x1b[2m:\x1b[0m com.system76.CosmicPanelWorkspacesButton:         Default,
[2m1970-01-01T00:00:07.074806Z[0m [32m INFO[0m [1mcosmic-panel[0m[2m:[0m [2mcosmic_session::notifications[0m[2m:[0m \x1b[2m1970-01-01T00:00:06.706297Z\x1b[0m \x1b[32m INFO\x1b[0m \x1b[1mstdout\x1b[0m\x1b[1m{\x1b[0m\x1b[3mclient\x1b[0m\x1b[2m=\x1b[0mInnerClientId { ptr: 0x98d1cce0, alive: true }\x1b[1m}\x1b[0m\x1b[2m:\x1b[0m com.system76.CosmicPanelWorkspacesButton:     ),
[2m1970-01-01T00:00:07.076575Z[0m [32m INFO[0m [1mcosmic-panel[0m[2m:[0m [2mcosmic_session::notifications[0m[2m:[0m \x1b[2m1970-01-01T00:00:06.706316Z\x1b[0m \x1b[32m INFO\x1b[0m \x1b[1mstdout\x1b[0m\x1b[1m{\x1b[0m\x1b[3mclient\x1b[0m\x1b[2m=\x1b[0mInnerClientId { ptr: 0x98d1cce0, alive: true }\x1b[1m}\x1b[0m\x1b[2m:\x1b[0m com.system76.CosmicPanelWorkspacesButton:     parent_window: None,
[2m1970-01-01T00:00:07.078088Z[0m [32m INFO[0m [1mcosmic-panel[0m[2m:[0m [2mcosmic_session::notifications[0m[2m:[0m \x1b[2m1970-01-01T00:00:06.706327Z\x1b[0m \x1b[32m INFO\x1b[0m \x1b[1mstdout\x1b[0m\x1b[1m{\x1b[0m\x1b[3mclient\x1b[0m\x1b[2m=\x1b[0mInnerClientId { ptr: 0x98d1cce0, alive: true }\x1b[1m}\x1b[0m\x1b[2m:\x1b[0m com.system76.CosmicPanelWorkspacesButton:     fullscreen: None,
[2m1970-01-01T00:00:07.079588Z[0m [32m INFO[0m [1mcosmic-panel[0m[2m:[0m [2mcosmic_session::notifications[0m[2m:[0m \x1b[2m1970-01-01T00:00:06.706338Z\x1b[0m \x1b[32m INFO\x1b[0m \x1b[1mstdout\x1b[0m\x1b[1m{\x1b[0m\x1b[3mclient\x1b[0m\x1b[2m=\x1b[0mInnerClientId { ptr: 0x98d1cce0, alive: true }\x1b[1m}\x1b[0m\x1b[2m:\x1b[0m com.system76.CosmicPanelWorkspacesButton:     platform: Some(
[2m1970-01-01T00:00:07.080671Z[0m [32m INFO[0m [1mcosmic-panel[0m[2m:[0m [2mcosmic_session::notifications[0m[2m:[0m \x1b[2m1970-01-01T00:00:06.706348Z\x1b[0m \x1b[32m INFO\x1b[0m \x1b[1mstdout\x1b[0m\x1b[1m{\x1b[0m\x1b[3mclient\x1b[0m\x1b[2m=\x1b[0mInnerClientId { ptr: 0x98d1cce0, alive: true }\x1b[1m}\x1b[0m\x1b[2m:\x1b[0m com.system76.CosmicPanelWorkspacesButton:         WindowAttributesWayland {
[2m1970-01-01T00:00:07.081581Z[0m [32m INFO[0m [1mcosmic-panel[0m[2m:[0m [2mcosmic_session::notifications[0m[2m:[0m \x1b[2m1970-01-01T00:00:06.706358Z\x1b[0m \x1b[32m INFO\x1b[0m \x1b[1mstdout\x1b[0m\x1b[1m{\x1b[0m\x1b[3mclient\x1b[0m\x1b[2m=\x1b[0mInnerClientId { ptr: 0x98d1cce0, alive: true }\x1b[1m}\x1b[0m\x1b[2m:\x1b[0m com.system76.CosmicPanelWorkspacesButton:             name: Some(
[2m1970-01-01T00:00:07.082491Z[0m [32m INFO[0m [1mcosmic-panel[0m[2m:[0m [2mcosmic_session::notifications[0m[2m:[0m \x1b[2m1970-01-01T00:00:06.706370Z\x1b[0m \x1b[32m INFO\x1b[0m \x1b[1mstdout\x1b[0m\x1b[1m{\x1b[0m\x1b[3mclient\x1b[0m\x1b[2m=\x1b[0mInnerClientId { ptr: 0x98d1cce0, alive: true }\x1b[1m}\x1b[0m\x1b[2m:\x1b[0m com.system76.CosmicPanelWorkspacesButton:                 ApplicationName {
[2m1970-01-01T00:00:07.083397Z[0m [32m INFO[0m [1mcosmic-panel[0m[2m:[0m [2mcosmic_session::notifications[0m[2m:[0m \x1b[2m1970-01-01T00:00:06.706380Z\x1b[0m \x1b[32m INFO\x1b[0m \x1b[1mstdout\x1b[0m\x1b[1m{\x1b[0m\x1b[3mclient\x1b[0m\x1b[2m=\x1b[0mInnerClientId { ptr: 0x98d1cce0, alive: true }\x1b[1m}\x1b[0m\x1b[2m:\x1b[0m com.system76.CosmicPanelWorkspacesButton:                     general: "com.system76.CosmicPanelButton",
[2m1970-01-01T00:00:07.084405Z[0m [32m INFO[0m [1mcosmic-panel[0m[2m:[0m [2mcosmic_session::notifications[0m[2m:[0m \x1b[2m1970-01-01T00:00:06.706391Z\x1b[0m \x1b[32m INFO\x1b[0m \x1b[1mstdout\x1b[0m\x1b[1m{\x1b[0m\x1b[3mclient\x1b[0m\x1b[2m=\x1b[0mInnerClientId { ptr: 0x98d1cce0, alive: true }\x1b[1m}\x1b[0m\x1b[2m:\x1b[0m com.system76.CosmicPanelWorkspacesButton:                     instance: "com.system76.CosmicPanelButton",
[2m1970-01-01T00:00:07.085689Z[0m [32m INFO[0m [1mcosmic-panel[0m[2m:[0m [2mcosmic_session::notifications[0m[2m:[0m \x1b[2m1970-01-01T00:00:06.706402Z\x1b[0m \x1b[32m INFO\x1b[0m \x1b[1mstdout\x1b[0m\x1b[1m{\x1b[0m\x1b[3mclient\x1b[0m\x1b[2m=\x1b[0mInnerClientId { ptr: 0x98d1cce0, alive: true }\x1b[1m}\x1b[0m\x1b[2m:\x1b[0m com.system76.CosmicPanelWorkspacesButton:                 },
[2m1970-01-01T00:00:07.086446Z[0m [32m INFO[0m [1mcosmic-panel[0m[2m:[0m [2mcosmic_session::notifications[0m[2m:[0m \x1b[2m1970-01-01T00:00:06.706413Z\x1b[0m \x1b[32m INFO\x1b[0m \x1b[1mstdout\x1b[0m\x1b[1m{\x1b[0m\x1b[3mclient\x1b[0m\x1b[2m=\x1b[0mInnerClientId { ptr: 0x98d1cce0, alive: true }\x1b[1m}\x1b[0m\x1b[2m:\x1b[0m com.system76.CosmicPanelWorkspacesButton:             ),
[2m1970-01-01T00:00:07.095562Z[0m [32m INFO[0m [1mcosmic-panel[0m[2m:[0m [2mcosmic_session::notifications[0m[2m:[0m \x1b[2m1970-01-01T00:00:06.706422Z\x1b[0m \x1b[32m INFO\x1b[0m \x1b[1mstdout\x1b[0m\x1b[1m{\x1b[0m\x1b[3mclient\x1b[0m\x1b[2m=\x1b[0mInnerClientId { ptr: 0x98d1cce0, alive: true }\x1b[1m}\x1b[0m\x1b[2m:\x1b[0m com.system76.CosmicPanelWorkspacesButton:             activation_token: None,
[2m1970-01-01T00:00:07.099206Z[0m [32m INFO[0m [1mcosmic-panel[0m[2m:[0m [2mcosmic_session::notifications[0m[2m:[0m \x1b[2m1970-01-01T00:00:06.706432Z\x1b[0m \x1b[32m INFO\x1b[0m \x1b[1mstdout\x1b[0m\x1b[1m{\x1b[0m\x1b[3mclient\x1b[0m\x1b[2m=\x1b[0mInnerClientId { ptr: 0x98d1cce0, alive: true }\x1b[1m}\x1b[0m\x1b[2m:\x1b[0m com.system76.CosmicPanelWorkspacesButton:             prefer_csd: false,
[2m1970-01-01T00:00:07.110257Z[0m [33m WARN[0m [1mcosmic-idle[0m[2m:[0m [2mcosmic_session[0m[2m:[0m [1970-01-01T00:00:06Z INFO  tracing::span] read_socket;
[2m1970-01-01T00:00:07.111597Z[0m [33m WARN[0m [1mcosmic-idle[0m[2m:[0m [2mcosmic_session[0m[2m:[0m [1970-01-01T00:00:06Z INFO  tracing::span] read_socket;
[2m1970-01-01T00:00:07.112934Z[0m [32m INFO[0m [1mcosmic-panel[0m[2m:[0m [2mcosmic_session::notifications[0m[2m:[0m \x1b[2m1970-01-01T00:00:06.706442Z\x1b[0m \x1b[32m INFO\x1b[0m \x1b[1mstdout\x1b[0m\x1b[1m{\x1b[0m\x1b[3mclient\x1b[0m\x1b[2m=\x1b[0mInnerClientId { ptr: 0x98d1cce0, alive: true }\x1b[1m}\x1b[0m\x1b[2m:\x1b[0m com.system76.CosmicPanelWorkspacesButton:         },
[2m1970-01-01T00:00:07.115707Z[0m [32m INFO[0m [1mcosmic-panel[0m[2m:[0m [2mcosmic_session::notifications[0m[2m:[0m \x1b[2m1970-01-01T00:00:06.706459Z\x1b[0m \x1b[32m INFO\x1b[0m \x1b[1mstdout\x1b[0m\x1b[1m{\x1b[0m\x1b[3mclient\x1b[0m\x1b[2m=\x1b[0mInnerClientId { ptr: 0x98d1cce0, alive: true }\x1b[1m}\x1b[0m\x1b[2m:\x1b[0m com.system76.CosmicPanelWorkspacesButton:     ),
[2m1970-01-01T00:00:07.118459Z[0m [32m INFO[0m [1mcosmic-panel[0m[2m:[0m [2mcosmic_session::notifications[0m[2m:[0m \x1b[2m1970-01-01T00:00:06.706470Z\x1b[0m \x1b[32m INFO\x1b[0m \x1b[1mstdout\x1b[0m\x1b[1m{\x1b[0m\x1b[3mclient\x1b[0m\x1b[2m=\x1b[0mInnerClientId { ptr: 0x98d1cce0, alive: true }\x1b[1m}\x1b[0m\x1b[2m:\x1b[0m com.system76.CosmicPanelWorkspacesButton: }
[2m1970-01-01T00:00:07.157224Z[0m [32m INFO[0m [1mcosmic-panel[0m[2m:[0m [2mcosmic_session::notifications[0m[2m:[0m \x1b[2m1970-01-01T00:00:06.706658Z\x1b[0m \x1b[32m INFO\x1b[0m \x1b[1mstdout\x1b[0m\x1b[1m{\x1b[0m\x1b[3mclient\x1b[0m\x1b[2m=\x1b[0mInnerClientId { ptr: 0x98d1cce0, alive: true }\x1b[1m}\x1b[0m\x1b[2m:\x1b[0m com.system76.CosmicPanelWorkspacesButton: \x1b[2m1970-01-01T00:00:06.706465Z\x1b[0m \x1b[32m INFO\x1b[0m \x1b[2miced_winit::platform_specific::wayland::event_loop\x1b[0m\x1b[2m:\x1b[0m SCTK setup complete.
[2m1970-01-01T00:00:07.263496Z[0m [32m INFO[0m [1mcosmic-panel[0m[2m:[0m [2mcosmic_session::notifications[0m[2m:[0m \x1b[2m1970-01-01T00:00:06.713498Z\x1b[0m \x1b[31mERROR\x1b[0m \x1b[1mstderr\x1b[0m\x1b[1m{\x1b[0m\x1b[3mclient\x1b[0m\x1b[2m=\x1b[0mInnerClientId { ptr: 0x98d1cce0, alive: true }\x1b[1m}\x1b[0m\x1b[2m:\x1b[0m com.system76.CosmicPanelWorkspacesButton: xkbcommon: ERROR: couldn't find a Compose file for locale "C" (mapped to "C")
[2m1970-01-01T00:00:07.264824Z[0m [32m INFO[0m [1mcosmic-panel[0m[2m:[0m [2mcosmic_session::notifications[0m[2m:[0m \x1b[2m1970-01-01T00:00:06.713511Z\x1b[0m \x1b[31mERROR\x1b[0m \x1b[1mstderr\x1b[0m\x1b[1m{\x1b[0m\x1b[3mclient\x1b[0m\x1b[2m=\x1b[0mInnerClientId { ptr: 0x98d1cce0, alive: true }\x1b[1m}\x1b[0m\x1b[2m:\x1b[0m com.system76.CosmicPanelWorkspacesButton: xkbcommon: ERROR: couldn't find a Compose file for locale "C" (mapped to "C")
[2m1970-01-01T00:00:07.268185Z[0m [32m INFO[0m [1mcosmic-panel[0m[2m:[0m [2mcosmic_session::notifications[0m[2m:[0m \x1b[2m1970-01-01T00:00:06.738293Z\x1b[0m \x1b[32m INFO\x1b[0m \x1b[1mstdout\x1b[0m\x1b[1m{\x1b[0m\x1b[3mclient\x1b[0m\x1b[2m=\x1b[0mInnerClientId { ptr: 0x98d1cce0, alive: true }\x1b[1m}\x1b[0m\x1b[2m:\x1b[0m com.system76.CosmicPanelWorkspacesButton: \x1b[2m1970-01-01T00:00:06.733738Z\x1b[0m \x1b[33m WARN\x1b[0m \x1b[2mwinit_wayland::window::state\x1b[0m\x1b[2m:\x1b[0m `xdg_toplevel_icon_manager_v1` is not supported
[2m1970-01-01T00:00:07.306023Z[0m [32m INFO[0m [1mcosmic-panel[0m[2m:[0m [2mcosmic_session::notifications[0m[2m:[0m \x1b[2m1970-01-01T00:00:06.783170Z\x1b[0m \x1b[32m INFO\x1b[0m \x1b[1mstdout\x1b[0m\x1b[1m{\x1b[0m\x1b[3mclient\x1b[0m\x1b[2m=\x1b[0mInnerClientId { ptr: 0x9a0092f0, alive: true }\x1b[1m}\x1b[0m\x1b[2m:\x1b[0m com.system76.CosmicPanelAppButton: \x1b[2m1970-01-01T00:00:06.768008Z\x1b[0m \x1b[33m WARN\x1b[0m \x1b[2mcosmic_text::font::system\x1b[0m\x1b[2m:\x1b[0m failed to get system locale, falling back to en-US
[2m1970-01-01T00:00:07.309218Z[0m [32m INFO[0m [1mcosmic-panel[0m[2m:[0m [2mcosmic_session::notifications[0m[2m:[0m \x1b[2m1970-01-01T00:00:06.783181Z\x1b[0m \x1b[32m INFO\x1b[0m \x1b[1mstdout\x1b[0m\x1b[1m{\x1b[0m\x1b[3mclient\x1b[0m\x1b[2m=\x1b[0mInnerClientId { ptr: 0x9a0092f0, alive: true }\x1b[1m}\x1b[0m\x1b[2m:\x1b[0m com.system76.CosmicPanelAppButton: \x1b[2m1970-01-01T00:00:06.768754Z\x1b[0m \x1b[33m WARN\x1b[0m \x1b[2mfontdb\x1b[0m\x1b[2m:\x1b[0m Fallback to loading from known font dir paths.
[2m1970-01-01T00:00:07.385089Z[0m [32m INFO[0m [1mcosmic-panel[0m[2m:[0m [2mcosmic_session::notifications[0m[2m:[0m \x1b[2m1970-01-01T00:00:06.799844Z\x1b[0m \x1b[31mERROR\x1b[0m \x1b[1mstderr\x1b[0m\x1b[1m{\x1b[0m\x1b[3mclient\x1b[0m\x1b[2m=\x1b[0mInnerClientId { ptr: 0x9a0095c0, alive: true }\x1b[1m}\x1b[0m\x1b[2m:\x1b[0m com.system76.CosmicAppletMinimize: xkbcommon: ERROR: couldn't find a Compose file for locale "C" (mapped to "C")
[2m1970-01-01T00:00:07.389265Z[0m [32m INFO[0m [1mcosmic-panel[0m[2m:[0m [2mcosmic_session::notifications[0m[2m:[0m \x1b[2m1970-01-01T00:00:06.804219Z\x1b[0m \x1b[31mERROR\x1b[0m \x1b[1mstderr\x1b[0m\x1b[1m{\x1b[0m\x1b[3mclient\x1b[0m\x1b[2m=\x1b[0mInnerClientId { ptr: 0x98d1cdd0, alive: true }\x1b[1m}\x1b[0m\x1b[2m:\x1b[0m com.system76.CosmicPanelAppButton: xkbcommon: ERROR: couldn't find a Compose file for locale "C" (mapped to "C")
[2m1970-01-01T00:00:07.391647Z[0m [32m INFO[0m [1mcosmic-panel[0m[2m:[0m [2mcosmic_session::notifications[0m[2m:[0m \x1b[2m1970-01-01T00:00:06.809616Z\x1b[0m \x1b[32m INFO\x1b[0m \x1b[1mstdout\x1b[0m\x1b[1m{\x1b[0m\x1b[3mclient\x1b[0m\x1b[2m=\x1b[0mInnerClientId { ptr: 0x9a009110, alive: true }\x1b[1m}\x1b[0m\x1b[2m:\x1b[0m com.system76.CosmicPanelWorkspacesButton: \x1b[2m1970-01-01T00:00:06.808135Z\x1b[0m \x1b[33m WARN\x1b[0m \x1b[2mcosmic_text::font::system\x1b[0m\x1b[2m:\x1b[0m failed to get system locale, falling back to en-US
[2m1970-01-01T00:00:07.395105Z[0m [32m INFO[0m [1mcosmic-panel[0m[2m:[0m [2mcosmic_session::notifications[0m[2m:[0m \x1b[2m1970-01-01T00:00:06.821819Z\x1b[0m \x1b[32m INFO\x1b[0m \x1b[1mstdout\x1b[0m\x1b[1m{\x1b[0m\x1b[3mclient\x1b[0m\x1b[2m=\x1b[0mInnerClientId { ptr: 0x9a009110, alive: true }\x1b[1m}\x1b[0m\x1b[2m:\x1b[0m com.system76.CosmicPanelWorkspacesButton: \x1b[2m1970-01-01T00:00:06.817925Z\x1b[0m \x1b[33m WARN\x1b[0m \x1b[2mfontdb\x1b[0m\x1b[2m:\x1b[0m Fallback to loading from known font dir paths.
[2m1970-01-01T00:00:07.442857Z[0m [32m INFO[0m [1mcosmic-panel[0m[2m:[0m [2mcosmic_session::notifications[0m[2m:[0m \x1b[2m1970-01-01T00:00:06.964093Z\x1b[0m \x1b[31mERROR\x1b[0m \x1b[1mstderr\x1b[0m\x1b[1m{\x1b[0m\x1b[3mclient\x1b[0m\x1b[2m=\x1b[0mInnerClientId { ptr: 0x98d1cdd0, alive: true }\x1b[1m}\x1b[0m\x1b[2m:\x1b[0m com.system76.CosmicPanelAppButton: xkbcommon: ERROR: couldn't find a Compose file for locale "C" (mapped to "C")
[2m1970-01-01T00:00:07.446347Z[0m [32m INFO[0m [1mcosmic-panel[0m[2m:[0m [2mcosmic_session::notifications[0m[2m:[0m \x1b[2m1970-01-01T00:00:06.964111Z\x1b[0m \x1b[32m INFO\x1b[0m \x1b[1mstdout\x1b[0m\x1b[1m{\x1b[0m\x1b[3mclient\x1b[0m\x1b[2m=\x1b[0mInnerClientId { ptr: 0x98d1cdd0, alive: true }\x1b[1m}\x1b[0m\x1b[2m:\x1b[0m com.system76.CosmicPanelAppButton: \x1b[2m1970-01-01T00:00:06.915229Z\x1b[0m \x1b[32m INFO\x1b[0m \x1b[2miced_winit\x1b[0m\x1b[2m:\x1b[0m System theme: None
[2m1970-01-01T00:00:07.449509Z[0m [32m INFO[0m [1mcosmic-panel[0m[2m:[0m [2mcosmic_session::notifications[0m[2m:[0m \x1b[2m1970-01-01T00:00:06.964123Z\x1b[0m \x1b[31mERROR\x1b[0m \x1b[1mstderr\x1b[0m\x1b[1m{\x1b[0m\x1b[3mclient\x1b[0m\x1b[2m=\x1b[0mInnerClientId { ptr: 0x98d1cdd0, alive: true }\x1b[1m}\x1b[0m\x1b[2m:\x1b[0m com.system76.CosmicPanelAppButton: xkbcommon: ERROR: couldn't find a Compose file for locale "C" (mapped to "C")
[2m1970-01-01T00:00:07.514375Z[0m [32m INFO[0m [1mcosmic-panel[0m[2m:[0m [2mcosmic_session::notifications[0m[2m:[0m \x1b[2m1970-01-01T00:00:06.964135Z\x1b[0m \x1b[32m INFO\x1b[0m \x1b[1mstdout\x1b[0m\x1b[1m{\x1b[0m\x1b[3mclient\x1b[0m\x1b[2m=\x1b[0mInnerClientId { ptr: 0x98d1cdd0, alive: true }\x1b[1m}\x1b[0m\x1b[2m:\x1b[0m com.system76.CosmicPanelAppButton: \x1b[2m1970-01-01T00:00:06.926383Z\x1b[0m \x1b[32m INFO\x1b[0m \x1b[2miced_winit::platform_specific::wayland::event_loop\x1b[0m\x1b[2m:\x1b[0m SCTK setup complete.
[2m1970-01-01T00:00:07.519223Z[0m [32m INFO[0m [1mcosmic-panel[0m[2m:[0m [2mcosmic_session::notifications[0m[2m:[0m \x1b[2m1970-01-01T00:00:06.964149Z\x1b[0m \x1b[32m INFO\x1b[0m \x1b[1mstdout\x1b[0m\x1b[1m{\x1b[0m\x1b[3mclient\x1b[0m\x1b[2m=\x1b[0mInnerClientId { ptr: 0x98d1cdd0, alive: true }\x1b[1m}\x1b[0m\x1b[2m:\x1b[0m com.system76.CosmicPanelAppButton: \x1b[2m1970-01-01T00:00:06.937196Z\x1b[0m \x1b[32m INFO\x1b[0m \x1b[2miced_winit\x1b[0m\x1b[2m:\x1b[0m Window attributes for id `Id(
[2m1970-01-01T00:00:07.531258Z[0m [32m INFO[0m [1mcosmic-panel[0m[2m:[0m [2mcosmic_session::notifications[0m[2m:[0m \x1b[2m1970-01-01T00:00:06.964161Z\x1b[0m \x1b[32m INFO\x1b[0m \x1b[1mstdout\x1b[0m\x1b[1m{\x1b[0m\x1b[3mclient\x1b[0m\x1b[2m=\x1b[0mInnerClientId { ptr: 0x98d1cdd0, alive: true }\x1b[1m}\x1b[0m\x1b[2m:\x1b[0m com.system76.CosmicPanelAppButton:     1,
[2m1970-01-01T00:00:07.534285Z[0m [32m INFO[0m [1mcosmic-panel[0m[2m:[0m [2mcosmic_session::notifications[0m[2m:[0m \x1b[2m1970-01-01T00:00:06.964183Z\x1b[0m \x1b[32m INFO\x1b[0m \x1b[1mstdout\x1b[0m\x1b[1m{\x1b[0m\x1b[3mclient\x1b[0m\x1b[2m=\x1b[0mInnerClientId { ptr: 0x98d1cdd0, alive: true }\x1b[1m}\x1b[0m\x1b[2m:\x1b[0m com.system76.CosmicPanelAppButton: )`: WindowAttributes {
[2m1970-01-01T00:00:07.536867Z[0m [32m INFO[0m [1mcosmic-panel[0m[2m:[0m [2mcosmic_session::notifications[0m[2m:[0m \x1b[2m1970-01-01T00:00:06.964203Z\x1b[0m \x1b[32m INFO\x1b[0m \x1b[1mstdout\x1b[0m\x1b[1m{\x1b[0m\x1b[3mclient\x1b[0m\x1b[2m=\x1b[0mInnerClientId { ptr: 0x98d1cdd0, alive: true }\x1b[1m}\x1b[0m\x1b[2m:\x1b[0m com.system76.CosmicPanelAppButton:     surface_size: Some(
[2m1970-01-01T00:00:07.539437Z[0m [32m INFO[0m [1mcosmic-panel[0m[2m:[0m [2mcosmic_session::notifications[0m[2m:[0m \x1b[2m1970-01-01T00:00:06.964220Z\x1b[0m \x1b[32m INFO\x1b[0m \x1b[1mstdout\x1b[0m\x1b[1m{\x1b[0m\x1b[3mclient\x1b[0m\x1b[2m=\x1b[0mInnerClientId { ptr: 0x98d1cdd0, alive: true }\x1b[1m}\x1b[0m\x1b[2m:\x1b[0m com.system76.CosmicPanelAppButton:         Logical(
[2m1970-01-01T00:00:07.573379Z[0m [32m INFO[0m [1mcosmic-panel[0m[2m:[0m [2mcosmic_session::notifications[0m[2m:[0m \x1b[2m1970-01-01T00:00:06.964232Z\x1b[0m \x1b[32m INFO\x1b[0m \x1b[1mstdout\x1b[0m\x1b[1m{\x1b[0m\x1b[3mclient\x1b[0m\x1b[2m=\x1b[0mInnerClientId { ptr: 0x98d1cdd0, alive: true }\x1b[1m}\x1b[0m\x1b[2m:\x1b[0m com.system76.CosmicPanelAppButton:             LogicalSize {
[2m1970-01-01T00:00:07.577139Z[0m [32m INFO[0m [1mcosmic-panel[0m[2m:[0m [2mcosmic_session::notifications[0m[2m:[0m \x1b[2m1970-01-01T00:00:06.964243Z\x1b[0m \x1b[32m INFO\x1b[0m \x1b[1mstdout\x1b[0m\x1b[1m{\x1b[0m\x1b[3mclient\x1b[0m\x1b[2m=\x1b[0mInnerClientId { ptr: 0x98d1cdd0, alive: true }\x1b[1m}\x1b[0m\x1b[2m:\x1b[0m com.system76.CosmicPanelAppButton:                 width: 40.0,
[2m1970-01-01T00:00:07.580445Z[0m [32m INFO[0m [1mcosmic-panel[0m[2m:[0m [2mcosmic_session::notifications[0m[2m:[0m \x1b[2m1970-01-01T00:00:06.964258Z\x1b[0m \x1b[32m INFO\x1b[0m \x1b[1mstdout\x1b[0m\x1b[1m{\x1b[0m\x1b[3mclient\x1b[0m\x1b[2m=\x1b[0mInnerClientId { ptr: 0x98d1cdd0, alive: true }\x1b[1m}\x1b[0m\x1b[2m:\x1b[0m com.system76.CosmicPanelAppButton:                 height: 32.0,
[2m1970-01-01T00:00:07.616862Z[0m [32m INFO[0m [1mcosmic-panel[0m[2m:[0m [2mcosmic_session::notifications[0m[2m:[0m \x1b[2m1970-01-01T00:00:06.964270Z\x1b[0m \x1b[32m INFO\x1b[0m \x1b[1mstdout\x1b[0m\x1b[1m{\x1b[0m\x1b[3mclient\x1b[0m\x1b[2m=\x1b[0mInnerClientId { ptr: 0x98d1cdd0, alive: true }\x1b[1m}\x1b[0m\x1b[2m:\x1b[0m com.system76.CosmicPanelAppButton:             },
[2m1970-01-01T00:00:07.620192Z[0m [32m INFO[0m [1mcosmic-panel[0m[2m:[0m [2mcosmic_session::notifications[0m[2m:[0m \x1b[2m1970-01-01T00:00:06.964290Z\x1b[0m \x1b[32m INFO\x1b[0m \x1b[1mstdout\x1b[0m\x1b[1m{\x1b[0m\x1b[3mclient\x1b[0m\x1b[2m=\x1b[0mInnerClientId { ptr: 0x98d1cdd0, alive: true }\x1b[1m}\x1b[0m\x1b[2m:\x1b[0m com.system76.CosmicPanelAppButton:         ),
[2m1970-01-01T00:00:07.623629Z[0m [32m INFO[0m [1mcosmic-panel[0m[2m:[0m [2mcosmic_session::notifications[0m[2m:[0m \x1b[2m1970-01-01T00:00:06.964301Z\x1b[0m \x1b[32m INFO\x1b[0m \x1b[1mstdout\x1b[0m\x1b[1m{\x1b[0m\x1b[3mclient\x1b[0m\x1b[2m=\x1b[0mInnerClientId { ptr: 0x98d1cdd0, alive: true }\x1b[1m}\x1b[0m\x1b[2m:\x1b[0m com.system76.CosmicPanelAppButton:     ),
[2m1970-01-01T00:00:07.626785Z[0m [32m INFO[0m [1mcosmic-panel[0m[2m:[0m [2mcosmic_session::notifications[0m[2m:[0m \x1b[2m1970-01-01T00:00:06.964310Z\x1b[0m \x1b[32m INFO\x1b[0m \x1b[1mstdout\x1b[0m\x1b[1m{\x1b[0m\x1b[3mclient\x1b[0m\x1b[2m=\x1b[0mInnerClientId { ptr: 0x98d1cdd0, alive: true }\x1b[1m}\x1b[0m\x1b[2m:\x1b[0m com.system76.CosmicPanelAppButton:     min_surface_size: Some(
[2m1970-01-01T00:00:07.696780Z[0m [32m INFO[0m [1mcosmic-panel[0m[2m:[0m [2mcosmic_session::notifications[0m[2m:[0m \x1b[2m1970-01-01T00:00:06.964324Z\x1b[0m \x1b[32m INFO\x1b[0m \x1b[1mstdout\x1b[0m\x1b[1m{\x1b[0m\x1b[3mclient\x1b[0m\x1b[2m=\x1b[0mInnerClientId { ptr: 0x98d1cdd0, alive: true }\x1b[1m}\x1b[0m\x1b[2m:\x1b[0m com.system76.CosmicPanelAppButton:         Logical(
[2m1970-01-01T00:00:07.699778Z[0m [33m WARN[0m [1mcosmic-idle[0m[2m:[0m [2mcosmic_session[0m[2m:[0m [1970-01-01T00:00:07Z INFO  tracing::span] read_socket;
[2m1970-01-01T00:00:07.700057Z[0m [33m WARN[0m [1mcosmic-idle[0m[2m:[0m [2mcosmic_session[0m[2m:[0m [1970-01-01T00:00:07Z INFO  tracing::span] read_socket;
[2m1970-01-01T00:00:07.701267Z[0m [33m WARN[0m [1mcosmic-idle[0m[2m:[0m [2mcosmic_session[0m[2m:[0m [1970-01-01T00:00:07Z INFO  tracing::span] read_socket;
[2m1970-01-01T00:00:07.710043Z[0m [33m WARN[0m [1mcosmic-idle[0m[2m:[0m [2mcosmic_session[0m[2m:[0m [1970-01-01T00:00:07Z INFO  tracing::span] read_socket;
[2m1970-01-01T00:00:07.711457Z[0m [33m WARN[0m [1mcosmic-idle[0m[2m:[0m [2mcosmic_session[0m[2m:[0m [1970-01-01T00:00:07Z INFO  tracing::span] read_socket;
[2m1970-01-01T00:00:07.712784Z[0m [33m WARN[0m [1mcosmic-idle[0m[2m:[0m [2mcosmic_session[0m[2m:[0m [1970-01-01T00:00:07Z INFO  tracing::span] read_socket;
[2m1970-01-01T00:00:07.714088Z[0m [32m INFO[0m [1mcosmic-panel[0m[2m:[0m [2mcosmic_session::notifications[0m[2m:[0m \x1b[2m1970-01-01T00:00:06.964341Z\x1b[0m \x1b[32m INFO\x1b[0m \x1b[1mstdout\x1b[0m\x1b[1m{\x1b[0m\x1b[3mclient\x1b[0m\x1b[2m=\x1b[0mInnerClientId { ptr: 0x98d1cdd0, alive: true }\x1b[1m}\x1b[0m\x1b[2m:\x1b[0m com.system76.CosmicPanelAppButton:             LogicalSize {
[2m1970-01-01T00:00:07.717150Z[0m [32m INFO[0m [1mcosmic-panel[0m[2m:[0m [2mcosmic_session::notifications[0m[2m:[0m \x1b[2m1970-01-01T00:00:06.964353Z\x1b[0m \x1b[32m INFO\x1b[0m \x1b[1mstdout\x1b[0m\x1b[1m{\x1b[0m\x1b[3mclient\x1b[0m\x1b[2m=\x1b[0mInnerClientId { ptr: 0x98d1cdd0, alive: true }\x1b[1m}\x1b[0m\x1b[2m:\x1b[0m com.system76.CosmicPanelAppButton:                 width: 40.0,
[2m1970-01-01T00:00:07.750014Z[0m [32m INFO[0m [1mcosmic-panel[0m[2m:[0m [2mcosmic_session::notifications[0m[2m:[0m \x1b[2m1970-01-01T00:00:06.964366Z\x1b[0m \x1b[32m INFO\x1b[0m \x1b[1mstdout\x1b[0m\x1b[1m{\x1b[0m\x1b[3mclient\x1b[0m\x1b[2m=\x1b[0mInnerClientId { ptr: 0x98d1cdd0, alive: true }\x1b[1m}\x1b[0m\x1b[2m:\x1b[0m com.system76.CosmicPanelAppButton:                 height: 32.0,
[2m1970-01-01T00:00:07.753184Z[0m [32m INFO[0m [1mcosmic-panel[0m[2m:[0m [2mcosmic_session::notifications[0m[2m:[0m \x1b[2m1970-01-01T00:00:06.964391Z\x1b[0m \x1b[32m INFO\x1b[0m \x1b[1mstdout\x1b[0m\x1b[1m{\x1b[0m\x1b[3mclient\x1b[0m\x1b[2m=\x1b[0mInnerClientId { ptr: 0x98d1cdd0, alive: true }\x1b[1m}\x1b[0m\x1b[2m:\x1b[0m com.system76.CosmicPanelAppButton:             },
[2m1970-01-01T00:00:07.756235Z[0m [32m INFO[0m [1mcosmic-panel[0m[2m:[0m [2mcosmic_session::notifications[0m[2m:[0m \x1b[2m1970-01-01T00:00:06.964403Z\x1b[0m \x1b[32m INFO\x1b[0m \x1b[1mstdout\x1b[0m\x1b[1m{\x1b[0m\x1b[3mclient\x1b[0m\x1b[2m=\x1b[0mInnerClientId { ptr: 0x98d1cdd0, alive: true }\x1b[1m}\x1b[0m\x1b[2m:\x1b[0m com.system76.CosmicPanelAppButton:         ),
[2m1970-01-01T00:00:07.758917Z[0m [32m INFO[0m [1mcosmic-panel[0m[2m:[0m [2mcosmic_session::notifications[0m[2m:[0m \x1b[2m1970-01-01T00:00:06.964418Z\x1b[0m \x1b[32m INFO\x1b[0m \x1b[1mstdout\x1b[0m\x1b[1m{\x1b[0m\x1b[3mclient\x1b[0m\x1b[2m=\x1b[0mInnerClientId { ptr: 0x98d1cdd0, alive: true }\x1b[1m}\x1b[0m\x1b[2m:\x1b[0m com.system76.CosmicPanelAppButton:     ),
[2m1970-01-01T00:00:07.780726Z[0m [32m INFO[0m [1mcosmic-panel[0m[2m:[0m [2mcosmic_session::notifications[0m[2m:[0m \x1b[2m1970-01-01T00:00:06.964432Z\x1b[0m \x1b[32m INFO\x1b[0m \x1b[1mstdout\x1b[0m\x1b[1m{\x1b[0m\x1b[3mclient\x1b[0m\x1b[2m=\x1b[0mInnerClientId { ptr: 0x98d1cdd0, alive: true }\x1b[1m}\x1b[0m\x1b[2m:\x1b[0m com.system76.CosmicPanelAppButton:     max_surface_size: None,
[2m1970-01-01T00:00:07.783900Z[0m [32m INFO[0m [1mcosmic-panel[0m[2m:[0m [2mcosmic_session::notifications[0m[2m:[0m \x1b[2m1970-01-01T00:00:06.964444Z\x1b[0m \x1b[32m INFO\x1b[0m \x1b[1mstdout\x1b[0m\x1b[1m{\x1b[0m\x1b[3mclient\x1b[0m\x1b[2m=\x1b[0mInnerClientId { ptr: 0x98d1cdd0, alive: true }\x1b[1m}\x1b[0m\x1b[2m:\x1b[0m com.system76.CosmicPanelAppButton:     surface_resize_increments: None,
[2m1970-01-01T00:00:07.787320Z[0m [32m INFO[0m [1mcosmic-panel[0m[2m:[0m [2mcosmic_session::notifications[0m[2m:[0m \x1b[2m1970-01-01T00:00:06.964457Z\x1b[0m \x1b[32m INFO\x1b[0m \x1b[1mstdout\x1b[0m\x1b[1m{\x1b[0m\x1b[3mclient\x1b[0m\x1b[2m=\x1b[0mInnerClientId { ptr: 0x98d1cdd0, alive: true }\x1b[1m}\x1b[0m\x1b[2m:\x1b[0m com.system76.CosmicPanelAppButton:     position: None,
[2m1970-01-01T00:00:07.789999Z[0m [32m INFO[0m [1mcosmic-panel[0m[2m:[0m [2mcosmic_session::notifications[0m[2m:[0m \x1b[2m1970-01-01T00:00:06.964470Z\x1b[0m \x1b[32m INFO\x1b[0m \x1b[1mstdout\x1b[0m\x1b[1m{\x1b[0m\x1b[3mclient\x1b[0m\x1b[2m=\x1b[0mInnerClientId { ptr: 0x98d1cdd0, alive: true }\x1b[1m}\x1b[0m\x1b[2m:\x1b[0m com.system76.CosmicPanelAppButton:     resizable: false,
[2m1970-01-01T00:00:07.846573Z[0m [32m INFO[0m [1mcosmic-panel[0m[2m:[0m [2mcosmic_session::notifications[0m[2m:[0m \x1b[2m1970-01-01T00:00:06.964482Z\x1b[0m \x1b[32m INFO\x1b[0m \x1b[1mstdout\x1b[0m\x1b[1m{\x1b[0m\x1b[3mclient\x1b[0m\x1b[2m=\x1b[0mInnerClientId { ptr: 0x98d1cdd0, alive: true }\x1b[1m}\x1b[0m\x1b[2m:\x1b[0m com.system76.CosmicPanelAppButton:     enabled_buttons: WindowButtons(
[2m1970-01-01T00:00:07.849509Z[0m [32m INFO[0m [1mcosmic-panel[0m[2m:[0m [2mcosmic_session::notifications[0m[2m:[0m \x1b[2m1970-01-01T00:00:06.964493Z\x1b[0m \x1b[32m INFO\x1b[0m \x1b[1mstdout\x1b[0m\x1b[1m{\x1b[0m\x1b[3mclient\x1b[0m\x1b[2m=\x1b[0mInnerClientId { ptr: 0x98d1cdd0, alive: true }\x1b[1m}\x1b[0m\x1b[2m:\x1b[0m com.system76.CosmicPanelAppButton:         CLOSE | MINIMIZE,
[2m1970-01-01T00:00:07.851631Z[0m [32m INFO[0m [1mcosmic-panel[0m[2m:[0m [2mcosmic_session::notifications[0m[2m:[0m \x1b[2m1970-01-01T00:00:06.964508Z\x1b[0m \x1b[32m INFO\x1b[0m \x1b[1mstdout\x1b[0m\x1b[1m{\x1b[0m\x1b[3mclient\x1b[0m\x1b[2m=\x1b[0mInnerClientId { ptr: 0x98d1cdd0, alive: true }\x1b[1m}\x1b[0m\x1b[2m:\x1b[0m com.system76.CosmicPanelAppButton:     ),
[2m1970-01-01T00:00:07.854343Z[0m [32m INFO[0m [1mcosmic-panel[0m[2m:[0m [2mcosmic_session::notifications[0m[2m:[0m \x1b[2m1970-01-01T00:00:06.964520Z\x1b[0m \x1b[32m INFO\x1b[0m \x1b[1mstdout\x1b[0m\x1b[1m{\x1b[0m\x1b[3mclient\x1b[0m\x1b[2m=\x1b[0mInnerClientId { ptr: 0x98d1cdd0, alive: true }\x1b[1m}\x1b[0m\x1b[2m:\x1b[0m com.system76.CosmicPanelAppButton:     title: "Cosmic - Iced",
[2m1970-01-01T00:00:07.857424Z[0m [32m INFO[0m [1mcosmic-panel[0m[2m:[0m [2mcosmic_session::notifications[0m[2m:[0m \x1b[2m1970-01-01T00:00:06.964532Z\x1b[0m \x1b[32m INFO\x1b[0m \x1b[1mstdout\x1b[0m\x1b[1m{\x1b[0m\x1b[3mclient\x1b[0m\x1b[2m=\x1b[0mInnerClientId { ptr: 0x98d1cdd0, alive: true }\x1b[1m}\x1b[0m\x1b[2m:\x1b[0m com.system76.CosmicPanelAppButton:     maximized: false,
[2m1970-01-01T00:00:07.860246Z[0m [32m INFO[0m [1mcosmic-panel[0m[2m:[0m [2mcosmic_session::notifications[0m[2m:[0m \x1b[2m1970-01-01T00:00:06.964549Z\x1b[0m \x1b[32m INFO\x1b[0m \x1b[1mstdout\x1b[0m\x1b[1m{\x1b[0m\x1b[3mclient\x1b[0m\x1b[2m=\x1b[0mInnerClientId { ptr: 0x98d1cdd0, alive: true }\x1b[1m}\x1b[0m\x1b[2m:\x1b[0m com.system76.CosmicPanelAppButton:     visible: false,
[2m1970-01-01T00:00:07.863106Z[0m [32m INFO[0m [1mcosmic-panel[0m[2m:[0m [2mcosmic_session::notifications[0m[2m:[0m \x1b[2m1970-01-01T00:00:06.964560Z\x1b[0m \x1b[32m INFO\x1b[0m \x1b[1mstdout\x1b[0m\x1b[1m{\x1b[0m\x1b[3mclient\x1b[0m\x1b[2m=\x1b[0mInnerClientId { ptr: 0x98d1cdd0, alive: true }\x1b[1m}\x1b[0m\x1b[2m:\x1b[0m com.system76.CosmicPanelAppButton:     transparent: true,
[2m1970-01-01T00:00:07.866368Z[0m [32m INFO[0m [1mcosmic-panel[0m[2m:[0m [2mcosmic_session::notifications[0m[2m:[0m \x1b[2m1970-01-01T00:00:06.964571Z\x1b[0m \x1b[32m INFO\x1b[0m \x1b[1mstdout\x1b[0m\x1b[1m{\x1b[0m\x1b[3mclient\x1b[0m\x1b[2m=\x1b[0mInnerClientId { ptr: 0x98d1cdd0, alive: true }\x1b[1m}\x1b[0m\x1b[2m:\x1b[0m com.system76.CosmicPanelAppButton:     blur: false,
[2m1970-01-01T00:00:07.893456Z[0m [32m INFO[0m [1mcosmic-panel[0m[2m:[0m [2mcosmic_session::notifications[0m[2m:[0m \x1b[2m1970-01-01T00:00:06.964585Z\x1b[0m \x1b[32m INFO\x1b[0m \x1b[1mstdout\x1b[0m\x1b[1m{\x1b[0m\x1b[3mclient\x1b[0m\x1b[2m=\x1b[0mInnerClientId { ptr: 0x98d1cdd0, alive: true }\x1b[1m}\x1b[0m\x1b[2m:\x1b[0m com.system76.CosmicPanelAppButton:     decorations: false,
[2m1970-01-01T00:00:07.896776Z[0m [32m INFO[0m [1mcosmic-panel[0m[2m:[0m [2mcosmic_session::notifications[0m[2m:[0m \x1b[2m1970-01-01T00:00:06.964596Z\x1b[0m \x1b[32m INFO\x1b[0m \x1b[1mstdout\x1b[0m\x1b[1m{\x1b[0m\x1b[3mclient\x1b[0m\x1b[2m=\x1b[0mInnerClientId { ptr: 0x98d1cdd0, alive: true }\x1b[1m}\x1b[0m\x1b[2m:\x1b[0m com.system76.CosmicPanelAppButton:     window_icon: None,
[2m1970-01-01T00:00:07.899377Z[0m [32m INFO[0m [1mcosmic-panel[0m[2m:[0m [2mcosmic_session::notifications[0m[2m:[0m \x1b[2m1970-01-01T00:00:07.015474Z\x1b[0m \x1b[32m INFO\x1b[0m \x1b[1mstdout\x1b[0m\x1b[1m{\x1b[0m\x1b[3mclient\x1b[0m\x1b[2m=\x1b[0mInnerClientId { ptr: 0x98d1cdd0, alive: true }\x1b[1m}\x1b[0m\x1b[2m:\x1b[0m com.system76.CosmicPanelAppButton:     preferred_theme: None,
[2m1970-01-01T00:00:07.901410Z[0m [32m INFO[0m [1mcosmic-panel[0m[2m:[0m [2mcosmic_session::notifications[0m[2m:[0m \x1b[2m1970-01-01T00:00:07.015499Z\x1b[0m \x1b[32m INFO\x1b[0m \x1b[1mstdout\x1b[0m\x1b[1m{\x1b[0m\x1b[3mclient\x1b[0m\x1b[2m=\x1b[0mInnerClientId { ptr: 0x98d1cdd0, alive: true }\x1b[1m}\x1b[0m\x1b[2m:\x1b[0m com.system76.CosmicPanelAppButton:     content_protected: false,
[2m1970-01-01T00:00:07.939790Z[0m [32m INFO[0m [1mcosmic-panel[0m[2m:[0m [2mcosmic_session::notifications[0m[2m:[0m \x1b[2m1970-01-01T00:00:07.015514Z\x1b[0m \x1b[32m INFO\x1b[0m \x1b[1mstdout\x1b[0m\x1b[1m{\x1b[0m\x1b[3mclient\x1b[0m\x1b[2m=\x1b[0mInnerClientId { ptr: 0x98d1cdd0, alive: true }\x1b[1m}\x1b[0m\x1b[2m:\x1b[0m com.system76.CosmicPanelAppButton:     window_level: Normal,
[2m1970-01-01T00:00:08.011351Z[0m [32m INFO[0m [1mcosmic-panel[0m[2m:[0m [2mcosmic_session::notifications[0m[2m:[0m \x1b[2m1970-01-01T00:00:07.015524Z\x1b[0m \x1b[32m INFO\x1b[0m \x1b[1mstdout\x1b[0m\x1b[1m{\x1b[0m\x1b[3mclient\x1b[0m\x1b[2m=\x1b[0mInnerClientId { ptr: 0x98d1cdd0, alive: true }\x1b[1m}\x1b[0m\x1b[2m:\x1b[0m com.system76.CosmicPanelAppButton:     active: true,
[2m1970-01-01T00:00:08.014102Z[0m [32m INFO[0m [1mcosmic-panel[0m[2m:[0m [2mcosmic_session::notifications[0m[2m:[0m \x1b[2m1970-01-01T00:00:07.015535Z\x1b[0m \x1b[32m INFO\x1b[0m \x1b[1mstdout\x1b[0m\x1b[1m{\x1b[0m\x1b[3mclient\x1b[0m\x1b[2m=\x1b[0mInnerClientId { ptr: 0x98d1cdd0, alive: true }\x1b[1m}\x1b[0m\x1b[2m:\x1b[0m com.system76.CosmicPanelAppButton:     cursor: Icon(
[2m1970-01-01T00:00:08.016841Z[0m [32m INFO[0m [1mcosmic-panel[0m[2m:[0m [2mcosmic_session::notifications[0m[2m:[0m \x1b[2m1970-01-01T00:00:07.015545Z\x1b[0m \x1b[32m INFO\x1b[0m \x1b[1mstdout\x1b[0m\x1b[1m{\x1b[0m\x1b[3mclient\x1b[0m\x1b[2m=\x1b[0mInnerClientId { ptr: 0x98d1cdd0, alive: true }\x1b[1m}\x1b[0m\x1b[2m:\x1b[0m com.system76.CosmicPanelAppButton:         Default,
[2m1970-01-01T00:00:08.019746Z[0m [32m INFO[0m [1mcosmic-panel[0m[2m:[0m [2mcosmic_session::notifications[0m[2m:[0m \x1b[2m1970-01-01T00:00:07.015554Z\x1b[0m \x1b[32m INFO\x1b[0m \x1b[1mstdout\x1b[0m\x1b[1m{\x1b[0m\x1b[3mclient\x1b[0m\x1b[2m=\x1b[0mInnerClientId { ptr: 0x98d1cdd0, alive: true }\x1b[1m}\x1b[0m\x1b[2m:\x1b[0m com.system76.CosmicPanelAppButton:     ),
[2m1970-01-01T00:00:08.022903Z[0m [32m INFO[0m [1mcosmic-panel[0m[2m:[0m [2mcosmic_session::notifications[0m[2m:[0m \x1b[2m1970-01-01T00:00:07.015564Z\x1b[0m \x1b[32m INFO\x1b[0m \x1b[1mstdout\x1b[0m\x1b[1m{\x1b[0m\x1b[3mclient\x1b[0m\x1b[2m=\x1b[0mInnerClientId { ptr: 0x98d1cdd0, alive: true }\x1b[1m}\x1b[0m\x1b[2m:\x1b[0m com.system76.CosmicPanelAppButton:     parent_window: None,
[2m1970-01-01T00:00:08.025798Z[0m [32m INFO[0m [1mcosmic-panel[0m[2m:[0m [2mcosmic_session::notifications[0m[2m:[0m \x1b[2m1970-01-01T00:00:07.015574Z\x1b[0m \x1b[32m INFO\x1b[0m \x1b[1mstdout\x1b[0m\x1b[1m{\x1b[0m\x1b[3mclient\x1b[0m\x1b[2m=\x1b[0mInnerClientId { ptr: 0x98d1cdd0, alive: true }\x1b[1m}\x1b[0m\x1b[2m:\x1b[0m com.system76.CosmicPanelAppButton:     fullscreen: None,
[2m1970-01-01T00:00:08.028721Z[0m [32m INFO[0m [1mcosmic-panel[0m[2m:[0m [2mcosmic_session::notifications[0m[2m:[0m \x1b[2m1970-01-01T00:00:07.015584Z\x1b[0m \x1b[32m INFO\x1b[0m \x1b[1mstdout\x1b[0m\x1b[1m{\x1b[0m\x1b[3mclient\x1b[0m\x1b[2m=\x1b[0mInnerClientId { ptr: 0x98d1cdd0, alive: true }\x1b[1m}\x1b[0m\x1b[2m:\x1b[0m com.system76.CosmicPanelAppButton:     platform: Some(
[2m1970-01-01T00:00:08.031700Z[0m [32m INFO[0m [1mcosmic-panel[0m[2m:[0m [2mcosmic_session::notifications[0m[2m:[0m \x1b[2m1970-01-01T00:00:07.015593Z\x1b[0m \x1b[32m INFO\x1b[0m \x1b[1mstdout\x1b[0m\x1b[1m{\x1b[0m\x1b[3mclient\x1b[0m\x1b[2m=\x1b[0mInnerClientId { ptr: 0x98d1cdd0, alive: true }\x1b[1m}\x1b[0m\x1b[2m:\x1b[0m com.system76.CosmicPanelAppButton:         WindowAttributesWayland {
[2m1970-01-01T00:00:08.045788Z[0m [32m INFO[0m [1mcosmic-panel[0m[2m:[0m [2mcosmic_session::notifications[0m[2m:[0m \x1b[2m1970-01-01T00:00:07.015603Z\x1b[0m \x1b[32m INFO\x1b[0m \x1b[1mstdout\x1b[0m\x1b[1m{\x1b[0m\x1b[3mclient\x1b[0m\x1b[2m=\x1b[0mInnerClientId { ptr: 0x98d1cdd0, alive: true }\x1b[1m}\x1b[0m\x1b[2m:\x1b[0m com.system76.CosmicPanelAppButton:             name: Some(
[2m1970-01-01T00:00:08.048960Z[0m [32m INFO[0m [1mcosmic-panel[0m[2m:[0m [2mcosmic_session::notifications[0m[2m:[0m \x1b[2m1970-01-01T00:00:07.015614Z\x1b[0m \x1b[32m INFO\x1b[0m \x1b[1mstdout\x1b[0m\x1b[1m{\x1b[0m\x1b[3mclient\x1b[0m\x1b[2m=\x1b[0mInnerClientId { ptr: 0x98d1cdd0, alive: true }\x1b[1m}\x1b[0m\x1b[2m:\x1b[0m com.system76.CosmicPanelAppButton:                 ApplicationName {
[2m1970-01-01T00:00:08.051079Z[0m [32m INFO[0m [1mcosmic-panel[0m[2m:[0m [2mcosmic_session::notifications[0m[2m:[0m \x1b[2m1970-01-01T00:00:07.015624Z\x1b[0m \x1b[32m INFO\x1b[0m \x1b[1mstdout\x1b[0m\x1b[1m{\x1b[0m\x1b[3mclient\x1b[0m\x1b[2m=\x1b[0mInnerClientId { ptr: 0x98d1cdd0, alive: true }\x1b[1m}\x1b[0m\x1b[2m:\x1b[0m com.system76.CosmicPanelAppButton:                     general: "com.system76.CosmicPanelButton",
[2m1970-01-01T00:00:08.071443Z[0m [32m INFO[0m [1mcosmic-panel[0m[2m:[0m [2mcosmic_session::notifications[0m[2m:[0m \x1b[2m1970-01-01T00:00:07.015637Z\x1b[0m \x1b[32m INFO\x1b[0m \x1b[1mstdout\x1b[0m\x1b[1m{\x1b[0m\x1b[3mclient\x1b[0m\x1b[2m=\x1b[0mInnerClientId { ptr: 0x98d1cdd0, alive: true }\x1b[1m}\x1b[0m\x1b[2m:\x1b[0m com.system76.CosmicPanelAppButton:                     instance: "com.system76.CosmicPanelButton",
[2m1970-01-01T00:00:08.075135Z[0m [32m INFO[0m [1mcosmic-panel[0m[2m:[0m [2mcosmic_session::notifications[0m[2m:[0m \x1b[2m1970-01-01T00:00:07.015647Z\x1b[0m \x1b[32m INFO\x1b[0m \x1b[1mstdout\x1b[0m\x1b[1m{\x1b[0m\x1b[3mclient\x1b[0m\x1b[2m=\x1b[0mInnerClientId { ptr: 0x98d1cdd0, alive: true }\x1b[1m}\x1b[0m\x1b[2m:\x1b[0m com.system76.CosmicPanelAppButton:                 },
[2m1970-01-01T00:00:08.078372Z[0m [32m INFO[0m [1mcosmic-panel[0m[2m:[0m [2mcosmic_session::notifications[0m[2m:[0m \x1b[2m1970-01-01T00:00:07.015657Z\x1b[0m \x1b[32m INFO\x1b[0m \x1b[1mstdout\x1b[0m\x1b[1m{\x1b[0m\x1b[3mclient\x1b[0m\x1b[2m=\x1b[0mInnerClientId { ptr: 0x98d1cdd0, alive: true }\x1b[1m}\x1b[0m\x1b[2m:\x1b[0m com.system76.CosmicPanelAppButton:             ),
[2m1970-01-01T00:00:08.131854Z[0m [32m INFO[0m [1mcosmic-panel[0m[2m:[0m [2mcosmic_session::notifications[0m[2m:[0m \x1b[2m1970-01-01T00:00:07.015667Z\x1b[0m \x1b[32m INFO\x1b[0m \x1b[1mstdout\x1b[0m\x1b[1m{\x1b[0m\x1b[3mclient\x1b[0m\x1b[2m=\x1b[0mInnerClientId { ptr: 0x98d1cdd0, alive: true }\x1b[1m}\x1b[0m\x1b[2m:\x1b[0m com.system76.CosmicPanelAppButton:             activation_token: None,
[2m1970-01-01T00:00:08.135337Z[0m [32m INFO[0m [1mcosmic-panel[0m[2m:[0m [2mcosmic_session::notifications[0m[2m:[0m \x1b[2m1970-01-01T00:00:07.116212Z\x1b[0m \x1b[32m INFO\x1b[0m \x1b[1mstdout\x1b[0m\x1b[1m{\x1b[0m\x1b[3mclient\x1b[0m\x1b[2m=\x1b[0mInnerClientId { ptr: 0x98d1cdd0, alive: true }\x1b[1m}\x1b[0m\x1b[2m:\x1b[0m com.system76.CosmicPanelAppButton:             prefer_csd: false,
[2m1970-01-01T00:00:08.138213Z[0m [32m INFO[0m [1mcosmic-panel[0m[2m:[0m [2mcosmic_session::notifications[0m[2m:[0m \x1b[2m1970-01-01T00:00:07.116221Z\x1b[0m \x1b[32m INFO\x1b[0m \x1b[1mstdout\x1b[0m\x1b[1m{\x1b[0m\x1b[3mclient\x1b[0m\x1b[2m=\x1b[0mInnerClientId { ptr: 0x98d1cdd0, alive: true }\x1b[1m}\x1b[0m\x1b[2m:\x1b[0m com.system76.CosmicPanelAppButton:         },
[2m1970-01-01T00:00:08.140996Z[0m [32m INFO[0m [1mcosmic-panel[0m[2m:[0m [2mcosmic_session::notifications[0m[2m:[0m \x1b[2m1970-01-01T00:00:07.116228Z\x1b[0m \x1b[32m INFO\x1b[0m \x1b[1mstdout\x1b[0m\x1b[1m{\x1b[0m\x1b[3mclient\x1b[0m\x1b[2m=\x1b[0mInnerClientId { ptr: 0x98d1cdd0, alive: true }\x1b[1m}\x1b[0m\x1b[2m:\x1b[0m com.system76.CosmicPanelAppButton:     ),
[2m1970-01-01T00:00:08.150452Z[0m [32m INFO[0m [1mcosmic-panel[0m[2m:[0m [2mcosmic_session::notifications[0m[2m:[0m \x1b[2m1970-01-01T00:00:07.116236Z\x1b[0m \x1b[32m INFO\x1b[0m \x1b[1mstdout\x1b[0m\x1b[1m{\x1b[0m\x1b[3mclient\x1b[0m\x1b[2m=\x1b[0mInnerClientId { ptr: 0x98d1cdd0, alive: true }\x1b[1m}\x1b[0m\x1b[2m:\x1b[0m com.system76.CosmicPanelAppButton: }
[2m1970-01-01T00:00:08.153707Z[0m [32m INFO[0m [1mcosmic-panel[0m[2m:[0m [2mcosmic_session::notifications[0m[2m:[0m \x1b[2m1970-01-01T00:00:07.116245Z\x1b[0m \x1b[32m INFO\x1b[0m \x1b[1mstdout\x1b[0m\x1b[1m{\x1b[0m\x1b[3mclient\x1b[0m\x1b[2m=\x1b[0mInnerClientId { ptr: 0x98d1cdd0, alive: true }\x1b[1m}\x1b[0m\x1b[2m:\x1b[0m com.system76.CosmicPanelAppButton: \x1b[2m1970-01-01T00:00:06.961694Z\x1b[0m \x1b[33m WARN\x1b[0m \x1b[2mwinit_wayland::window::state\x1b[0m\x1b[2m:\x1b[0m `xdg_toplevel_icon_manager_v1` is not supported
[2m1970-01-01T00:00:08.157970Z[0m [32m INFO[0m [1mcosmic-panel[0m[2m:[0m [2mcosmic_session::notifications[0m[2m:[0m \x1b[2m1970-01-01T00:00:07.116255Z\x1b[0m \x1b[32m INFO\x1b[0m \x1b[1mstdout\x1b[0m\x1b[1m{\x1b[0m\x1b[3mclient\x1b[0m\x1b[2m=\x1b[0mInnerClientId { ptr: 0x9a0096b0, alive: true }\x1b[1m}\x1b[0m\x1b[2m:\x1b[0m com.system76.CosmicPanelLauncherButton: \x1b[2m1970-01-01T00:00:06.918305Z\x1b[0m \x1b[33m WARN\x1b[0m \x1b[2mcosmic_text::font::system\x1b[0m\x1b[2m:\x1b[0m failed to get system locale, falling back to en-US
[2m1970-01-01T00:00:08.171484Z[0m [32m INFO[0m [1mcosmic-panel[0m[2m:[0m [2mcosmic_session::notifications[0m[2m:[0m \x1b[2m1970-01-01T00:00:07.116263Z\x1b[0m \x1b[32m INFO\x1b[0m \x1b[1mstdout\x1b[0m\x1b[1m{\x1b[0m\x1b[3mclient\x1b[0m\x1b[2m=\x1b[0mInnerClientId { ptr: 0x9a0096b0, alive: true }\x1b[1m}\x1b[0m\x1b[2m:\x1b[0m com.system76.CosmicPanelLauncherButton: \x1b[2m1970-01-01T00:00:06.918972Z\x1b[0m \x1b[33m WARN\x1b[0m \x1b[2mfontdb\x1b[0m\x1b[2m:\x1b[0m Fallback to loading from known font dir paths.
[2m1970-01-01T00:00:08.176134Z[0m [32m INFO[0m [1mcosmic-panel[0m[2m:[0m [2mcosmic_session::notifications[0m[2m:[0m \x1b[2m1970-01-01T00:00:07.116440Z\x1b[0m \x1b[31mERROR\x1b[0m \x1b[1mstderr\x1b[0m\x1b[1m{\x1b[0m\x1b[3mclient\x1b[0m\x1b[2m=\x1b[0mInnerClientId { ptr: 0x98d24800, alive: true }\x1b[1m}\x1b[0m\x1b[2m:\x1b[0m com.system76.CosmicAppletTiling: xkbcommon: ERROR: couldn't find a Compose file for locale "C" (mapped to "C")
[2m1970-01-01T00:00:08.179239Z[0m [32m INFO[0m [1mcosmic-panel[0m[2m:[0m [2mcosmic_session::notifications[0m[2m:[0m \x1b[2m1970-01-01T00:00:07.116448Z\x1b[0m \x1b[32m INFO\x1b[0m \x1b[1mstdout\x1b[0m\x1b[1m{\x1b[0m\x1b[3mclient\x1b[0m\x1b[2m=\x1b[0mInnerClientId { ptr: 0x9a0095c0, alive: true }\x1b[1m}\x1b[0m\x1b[2m:\x1b[0m com.system76.CosmicAppletMinimize: \x1b[2m1970-01-01T00:00:06.977376Z\x1b[0m \x1b[32m INFO\x1b[0m \x1b[2miced_winit\x1b[0m\x1b[2m:\x1b[0m System theme: None
[2m1970-01-01T00:00:08.199974Z[0m [32m INFO[0m [1mcosmic-panel[0m[2m:[0m [2mcosmic_session::notifications[0m[2m:[0m \x1b[2m1970-01-01T00:00:07.116455Z\x1b[0m \x1b[32m INFO\x1b[0m \x1b[1mstdout\x1b[0m\x1b[1m{\x1b[0m\x1b[3mclient\x1b[0m\x1b[2m=\x1b[0mInnerClientId { ptr: 0x9a0095c0, alive: true }\x1b[1m}\x1b[0m\x1b[2m:\x1b[0m com.system76.CosmicAppletMinimize: \x1b[2m1970-01-01T00:00:06.977917Z\x1b[0m \x1b[32m INFO\x1b[0m \x1b[2miced_winit\x1b[0m\x1b[2m:\x1b[0m Window attributes for id `Id(
[2m1970-01-01T00:00:08.244417Z[0m [32m INFO[0m [1mcosmic-panel[0m[2m:[0m [2mcosmic_session::notifications[0m[2m:[0m \x1b[2m1970-01-01T00:00:07.116463Z\x1b[0m \x1b[32m INFO\x1b[0m \x1b[1mstdout\x1b[0m\x1b[1m{\x1b[0m\x1b[3mclient\x1b[0m\x1b[2m=\x1b[0mInnerClientId { ptr: 0x9a0095c0, alive: true }\x1b[1m}\x1b[0m\x1b[2m:\x1b[0m com.system76.CosmicAppletMinimize:     1,
[2m1970-01-01T00:00:08.248023Z[0m [32m INFO[0m [1mcosmic-panel[0m[2m:[0m [2mcosmic_session::notifications[0m[2m:[0m \x1b[2m1970-01-01T00:00:07.116471Z\x1b[0m \x1b[32m INFO\x1b[0m \x1b[1mstdout\x1b[0m\x1b[1m{\x1b[0m\x1b[3mclient\x1b[0m\x1b[2m=\x1b[0mInnerClientId { ptr: 0x9a0095c0, alive: true }\x1b[1m}\x1b[0m\x1b[2m:\x1b[0m com.system76.CosmicAppletMinimize: )`: WindowAttributes {
[2m1970-01-01T00:00:08.250188Z[0m [32m INFO[0m [1mcosmic-panel[0m[2m:[0m [2mcosmic_session::notifications[0m[2m:[0m \x1b[2m1970-01-01T00:00:07.116479Z\x1b[0m \x1b[32m INFO\x1b[0m \x1b[1mstdout\x1b[0m\x1b[1m{\x1b[0m\x1b[3mclient\x1b[0m\x1b[2m=\x1b[0mInnerClientId { ptr: 0x9a0095c0, alive: true }\x1b[1m}\x1b[0m\x1b[2m:\x1b[0m com.system76.CosmicAppletMinimize:     surface_size: Some(
[2m1970-01-01T00:00:08.253315Z[0m [32m INFO[0m [1mcosmic-panel[0m[2m:[0m [2mcosmic_session::notifications[0m[2m:[0m \x1b[2m1970-01-01T00:00:07.116487Z\x1b[0m \x1b[32m INFO\x1b[0m \x1b[1mstdout\x1b[0m\x1b[1m{\x1b[0m\x1b[3mclient\x1b[0m\x1b[2m=\x1b[0mInnerClientId { ptr: 0x9a0095c0, alive: true }\x1b[1m}\x1b[0m\x1b[2m:\x1b[0m com.system76.CosmicAppletMinimize:         Logical(
[2m1970-01-01T00:00:08.279725Z[0m [32m INFO[0m [1mcosmic-panel[0m[2m:[0m [2mcosmic_session::notifications[0m[2m:[0m \x1b[2m1970-01-01T00:00:07.116494Z\x1b[0m \x1b[32m INFO\x1b[0m \x1b[1mstdout\x1b[0m\x1b[1m{\x1b[0m\x1b[3mclient\x1b[0m\x1b[2m=\x1b[0mInnerClientId { ptr: 0x9a0095c0, alive: true }\x1b[1m}\x1b[0m\x1b[2m:\x1b[0m com.system76.CosmicAppletMinimize:             LogicalSize {
[2m1970-01-01T00:00:08.298618Z[0m [32m INFO[0m [1mcosmic-panel[0m[2m:[0m [2mcosmic_session::notifications[0m[2m:[0m \x1b[2m1970-01-01T00:00:07.116502Z\x1b[0m \x1b[32m INFO\x1b[0m \x1b[1mstdout\x1b[0m\x1b[1m{\x1b[0m\x1b[3mclient\x1b[0m\x1b[2m=\x1b[0mInnerClientId { ptr: 0x9a0095c0, alive: true }\x1b[1m}\x1b[0m\x1b[2m:\x1b[0m com.system76.CosmicAppletMinimize:                 width: 72.0,
[2m1970-01-01T00:00:08.320141Z[0m [32m INFO[0m [1mcosmic-panel[0m[2m:[0m [2mcosmic_session::notifications[0m[2m:[0m \x1b[2m1970-01-01T00:00:07.442787Z\x1b[0m \x1b[32m INFO\x1b[0m \x1b[1mstdout\x1b[0m\x1b[1m{\x1b[0m\x1b[3mclient\x1b[0m\x1b[2m=\x1b[0mInnerClientId { ptr: 0x9a0095c0, alive: true }\x1b[1m}\x1b[0m\x1b[2m:\x1b[0m com.system76.CosmicAppletMinimize:                 height: 64.0,
[2m1970-01-01T00:00:08.324078Z[0m [32m INFO[0m [1mcosmic-panel[0m[2m:[0m [2mcosmic_session::notifications[0m[2m:[0m \x1b[2m1970-01-01T00:00:07.442813Z\x1b[0m \x1b[32m INFO\x1b[0m \x1b[1mstdout\x1b[0m\x1b[1m{\x1b[0m\x1b[3mclient\x1b[0m\x1b[2m=\x1b[0mInnerClientId { ptr: 0x9a0095c0, alive: true }\x1b[1m}\x1b[0m\x1b[2m:\x1b[0m com.system76.CosmicAppletMinimize:             },
[2m1970-01-01T00:00:08.327514Z[0m [32m INFO[0m [1mcosmic-panel[0m[2m:[0m [2mcosmic_session::notifications[0m[2m:[0m \x1b[2m1970-01-01T00:00:07.442833Z\x1b[0m \x1b[32m INFO\x1b[0m \x1b[1mstdout\x1b[0m\x1b[1m{\x1b[0m\x1b[3mclient\x1b[0m\x1b[2m=\x1b[0mInnerClientId { ptr: 0x9a0095c0, alive: true }\x1b[1m}\x1b[0m\x1b[2m:\x1b[0m com.system76.CosmicAppletMinimize:         ),
[2m1970-01-01T00:00:08.342029Z[0m [32m INFO[0m [1mcosmic-panel[0m[2m:[0m [2mcosmic_session::notifications[0m[2m:[0m \x1b[2m1970-01-01T00:00:07.442850Z\x1b[0m \x1b[32m INFO\x1b[0m \x1b[1mstdout\x1b[0m\x1b[1m{\x1b[0m\x1b[3mclient\x1b[0m\x1b[2m=\x1b[0mInnerClientId { ptr: 0x9a0095c0, alive: true }\x1b[1m}\x1b[0m\x1b[2m:\x1b[0m com.system76.CosmicAppletMinimize:     ),
[2m1970-01-01T00:00:08.345668Z[0m [32m INFO[0m [1mcosmic-panel[0m[2m:[0m [2mcosmic_session::notifications[0m[2m:[0m \x1b[2m1970-01-01T00:00:07.442866Z\x1b[0m \x1b[32m INFO\x1b[0m \x1b[1mstdout\x1b[0m\x1b[1m{\x1b[0m\x1b[3mclient\x1b[0m\x1b[2m=\x1b[0mInnerClientId { ptr: 0x9a0095c0, alive: true }\x1b[1m}\x1b[0m\x1b[2m:\x1b[0m com.system76.CosmicAppletMinimize:     min_surface_size: Some(
[2m1970-01-01T00:00:08.349481Z[0m [32m INFO[0m [1mcosmic-panel[0m[2m:[0m [2mcosmic_session::notifications[0m[2m:[0m \x1b[2m1970-01-01T00:00:07.442879Z\x1b[0m \x1b[32m INFO\x1b[0m \x1b[1mstdout\x1b[0m\x1b[1m{\x1b[0m\x1b[3mclient\x1b[0m\x1b[2m=\x1b[0mInnerClientId { ptr: 0x9a0095c0, alive: true }\x1b[1m}\x1b[0m\x1b[2m:\x1b[0m com.system76.CosmicAppletMinimize:         Logical(
[2m1970-01-01T00:00:08.373503Z[0m [32m INFO[0m [1mcosmic-panel[0m[2m:[0m [2mcosmic_session::notifications[0m[2m:[0m \x1b[2m1970-01-01T00:00:07.442911Z\x1b[0m \x1b[32m INFO\x1b[0m \x1b[1mstdout\x1b[0m\x1b[1m{\x1b[0m\x1b[3mclient\x1b[0m\x1b[2m=\x1b[0mInnerClientId { ptr: 0x9a0095c0, alive: true }\x1b[1m}\x1b[0m\x1b[2m:\x1b[0m com.system76.CosmicAppletMinimize:             LogicalSize {
[2m1970-01-01T00:00:08.377205Z[0m [32m INFO[0m [1mcosmic-panel[0m[2m:[0m [2mcosmic_session::notifications[0m[2m:[0m \x1b[2m1970-01-01T00:00:07.442921Z\x1b[0m \x1b[32m INFO\x1b[0m \x1b[1mstdout\x1b[0m\x1b[1m{\x1b[0m\x1b[3mclient\x1b[0m\x1b[2m=\x1b[0mInnerClientId { ptr: 0x9a0095c0, alive: true }\x1b[1m}\x1b[0m\x1b[2m:\x1b[0m com.system76.CosmicAppletMinimize:                 width: 72.0,
[2m1970-01-01T00:00:08.379999Z[0m [32m INFO[0m [1mcosmic-panel[0m[2m:[0m [2mcosmic_session::notifications[0m[2m:[0m \x1b[2m1970-01-01T00:00:07.442931Z\x1b[0m \x1b[32m INFO\x1b[0m \x1b[1mstdout\x1b[0m\x1b[1m{\x1b[0m\x1b[3mclient\x1b[0m\x1b[2m=\x1b[0mInnerClientId { ptr: 0x9a0095c0, alive: true }\x1b[1m}\x1b[0m\x1b[2m:\x1b[0m com.system76.CosmicAppletMinimize:                 height: 64.0,
[2m1970-01-01T00:00:08.393800Z[0m [32m INFO[0m [1mcosmic-panel[0m[2m:[0m [2mcosmic_session::notifications[0m[2m:[0m \x1b[2m1970-01-01T00:00:07.442941Z\x1b[0m \x1b[31mERROR\x1b[0m \x1b[1mstderr\x1b[0m\x1b[1m{\x1b[0m\x1b[3mclient\x1b[0m\x1b[2m=\x1b[0mInnerClientId { ptr: 0x9a0095c0, alive: true }\x1b[1m}\x1b[0m\x1b[2m:\x1b[0m com.system76.CosmicAppletMinimize: xkbcommon: ERROR: couldn't find a Compose file for locale "C" (mapped to "C")
[2m1970-01-01T00:00:08.397629Z[0m [32m INFO[0m [1mcosmic-panel[0m[2m:[0m [2mcosmic_session::notifications[0m[2m:[0m \x1b[2m1970-01-01T00:00:07.442957Z\x1b[0m \x1b[32m INFO\x1b[0m \x1b[1mstdout\x1b[0m\x1b[1m{\x1b[0m\x1b[3mclient\x1b[0m\x1b[2m=\x1b[0mInnerClientId { ptr: 0x9a0095c0, alive: true }\x1b[1m}\x1b[0m\x1b[2m:\x1b[0m com.system76.CosmicAppletMinimize:             },
[2m1970-01-01T00:00:08.400463Z[0m [32m INFO[0m [1mcosmic-panel[0m[2m:[0m [2mcosmic_session::notifications[0m[2m:[0m \x1b[2m1970-01-01T00:00:07.442966Z\x1b[0m \x1b[32m INFO\x1b[0m \x1b[1mstdout\x1b[0m\x1b[1m{\x1b[0m\x1b[3mclient\x1b[0m\x1b[2m=\x1b[0mInnerClientId { ptr: 0x9a0095c0, alive: true }\x1b[1m}\x1b[0m\x1b[2m:\x1b[0m com.system76.CosmicAppletMinimize:         ),
[2m1970-01-01T00:00:08.410894Z[0m [32m INFO[0m [1mcosmic-panel[0m[2m:[0m [2mcosmic_session::notifications[0m[2m:[0m \x1b[2m1970-01-01T00:00:07.442976Z\x1b[0m \x1b[32m INFO\x1b[0m \x1b[1mstdout\x1b[0m\x1b[1m{\x1b[0m\x1b[3mclient\x1b[0m\x1b[2m=\x1b[0mInnerClientId { ptr: 0x9a0095c0, alive: true }\x1b[1m}\x1b[0m\x1b[2m:\x1b[0m com.system76.CosmicAppletMinimize:     ),
[2m1970-01-01T00:00:08.413585Z[0m [32m INFO[0m [1mcosmic-panel[0m[2m:[0m [2mcosmic_session::notifications[0m[2m:[0m \x1b[2m1970-01-01T00:00:07.442988Z\x1b[0m \x1b[32m INFO\x1b[0m \x1b[1mstdout\x1b[0m\x1b[1m{\x1b[0m\x1b[3mclient\x1b[0m\x1b[2m=\x1b[0mInnerClientId { ptr: 0x9a0095c0, alive: true }\x1b[1m}\x1b[0m\x1b[2m:\x1b[0m com.system76.CosmicAppletMinimize:     max_surface_size: None,
[2m1970-01-01T00:00:08.417159Z[0m [32m INFO[0m [1mcosmic-panel[0m[2m:[0m [2mcosmic_session::notifications[0m[2m:[0m \x1b[2m1970-01-01T00:00:07.443005Z\x1b[0m \x1b[32m INFO\x1b[0m \x1b[1mstdout\x1b[0m\x1b[1m{\x1b[0m\x1b[3mclient\x1b[0m\x1b[2m=\x1b[0mInnerClientId { ptr: 0x9a0095c0, alive: true }\x1b[1m}\x1b[0m\x1b[2m:\x1b[0m com.system76.CosmicAppletMinimize:     surface_resize_increments: None,
[2m1970-01-01T00:00:08.460271Z[0m [32m INFO[0m [1mcosmic-panel[0m[2m:[0m [2mcosmic_session::notifications[0m[2m:[0m \x1b[2m1970-01-01T00:00:07.443017Z\x1b[0m \x1b[32m INFO\x1b[0m \x1b[1mstdout\x1b[0m\x1b[1m{\x1b[0m\x1b[3mclient\x1b[0m\x1b[2m=\x1b[0mInnerClientId { ptr: 0x9a0095c0, alive: true }\x1b[1m}\x1b[0m\x1b[2m:\x1b[0m com.system76.CosmicAppletMinimize:     position: None,
[2m1970-01-01T00:00:08.463394Z[0m [32m INFO[0m [1mcosmic-panel[0m[2m:[0m [2mcosmic_session::notifications[0m[2m:[0m \x1b[2m1970-01-01T00:00:07.443029Z\x1b[0m \x1b[32m INFO\x1b[0m \x1b[1mstdout\x1b[0m\x1b[1m{\x1b[0m\x1b[3mclient\x1b[0m\x1b[2m=\x1b[0mInnerClientId { ptr: 0x9a0095c0, alive: true }\x1b[1m}\x1b[0m\x1b[2m:\x1b[0m com.system76.CosmicAppletMinimize:     resizable: false,
[2m1970-01-01T00:00:08.466032Z[0m [32m INFO[0m [1mcosmic-panel[0m[2m:[0m [2mcosmic_session::notifications[0m[2m:[0m \x1b[2m1970-01-01T00:00:07.443038Z\x1b[0m \x1b[32m INFO\x1b[0m \x1b[1mstdout\x1b[0m\x1b[1m{\x1b[0m\x1b[3mclient\x1b[0m\x1b[2m=\x1b[0mInnerClientId { ptr: 0x9a0095c0, alive: true }\x1b[1m}\x1b[0m\x1b[2m:\x1b[0m com.system76.CosmicAppletMinimize:     enabled_buttons: WindowButtons(
[2m1970-01-01T00:00:08.468666Z[0m [32m INFO[0m [1mcosmic-panel[0m[2m:[0m [2mcosmic_session::notifications[0m[2m:[0m \x1b[2m1970-01-01T00:00:07.720058Z\x1b[0m \x1b[32m INFO\x1b[0m \x1b[1mstdout\x1b[0m\x1b[1m{\x1b[0m\x1b[3mclient\x1b[0m\x1b[2m=\x1b[0mInnerClientId { ptr: 0x9a0095c0, alive: true }\x1b[1m}\x1b[0m\x1b[2m:\x1b[0m com.system76.CosmicAppletMinimize:         CLOSE | MINIMIZE,
[2m1970-01-01T00:00:08.470079Z[0m [32m INFO[0m [1mcosmic-panel[0m[2m:[0m [2mcosmic_session::notifications[0m[2m:[0m \x1b[2m1970-01-01T00:00:07.720080Z\x1b[0m \x1b[31mERROR\x1b[0m \x1b[1mstderr\x1b[0m\x1b[1m{\x1b[0m\x1b[3mclient\x1b[0m\x1b[2m=\x1b[0mInnerClientId { ptr: 0x9a0095c0, alive: true }\x1b[1m}\x1b[0m\x1b[2m:\x1b[0m com.system76.CosmicAppletMinimize: xkbcommon: ERROR: couldn't find a Compose file for locale "C" (mapped to "C")
[2m1970-01-01T00:00:08.473088Z[0m [32m INFO[0m [1mcosmic-panel[0m[2m:[0m [2mcosmic_session::notifications[0m[2m:[0m \x1b[2m1970-01-01T00:00:07.720094Z\x1b[0m \x1b[32m INFO\x1b[0m \x1b[1mstdout\x1b[0m\x1b[1m{\x1b[0m\x1b[3mclient\x1b[0m\x1b[2m=\x1b[0mInnerClientId { ptr: 0x9a0095c0, alive: true }\x1b[1m}\x1b[0m\x1b[2m:\x1b[0m com.system76.CosmicAppletMinimize:     ),
[2m1970-01-01T00:00:08.475585Z[0m [32m INFO[0m [1mcosmic-panel[0m[2m:[0m [2mcosmic_session::notifications[0m[2m:[0m \x1b[2m1970-01-01T00:00:07.720108Z\x1b[0m \x1b[32m INFO\x1b[0m \x1b[1mstdout\x1b[0m\x1b[1m{\x1b[0m\x1b[3mclient\x1b[0m\x1b[2m=\x1b[0mInnerClientId { ptr: 0x9a0095c0, alive: true }\x1b[1m}\x1b[0m\x1b[2m:\x1b[0m com.system76.CosmicAppletMinimize:     title: "Cosmic - Iced",
[2m1970-01-01T00:00:08.478369Z[0m [32m INFO[0m [1mcosmic-panel[0m[2m:[0m [2mcosmic_session::notifications[0m[2m:[0m \x1b[2m1970-01-01T00:00:07.720126Z\x1b[0m \x1b[32m INFO\x1b[0m \x1b[1mstdout\x1b[0m\x1b[1m{\x1b[0m\x1b[3mclient\x1b[0m\x1b[2m=\x1b[0mInnerClientId { ptr: 0x9a0095c0, alive: true }\x1b[1m}\x1b[0m\x1b[2m:\x1b[0m com.system76.CosmicAppletMinimize:     maximized: false,
[2m1970-01-01T00:00:08.481588Z[0m [32m INFO[0m [1mcosmic-panel[0m[2m:[0m [2mcosmic_session::notifications[0m[2m:[0m \x1b[2m1970-01-01T00:00:07.720138Z\x1b[0m \x1b[32m INFO\x1b[0m \x1b[1mstdout\x1b[0m\x1b[1m{\x1b[0m\x1b[3mclient\x1b[0m\x1b[2m=\x1b[0mInnerClientId { ptr: 0x9a0095c0, alive: true }\x1b[1m}\x1b[0m\x1b[2m:\x1b[0m com.system76.CosmicAppletMinimize:     visible: false,
[2m1970-01-01T00:00:08.485208Z[0m [32m INFO[0m [1mcosmic-panel[0m[2m:[0m [2mcosmic_session::notifications[0m[2m:[0m \x1b[2m1970-01-01T00:00:07.720149Z\x1b[0m \x1b[32m INFO\x1b[0m \x1b[1mstdout\x1b[0m\x1b[1m{\x1b[0m\x1b[3mclient\x1b[0m\x1b[2m=\x1b[0mInnerClientId { ptr: 0x9a0095c0, alive: true }\x1b[1m}\x1b[0m\x1b[2m:\x1b[0m com.system76.CosmicAppletMinimize:     transparent: true,
[2m1970-01-01T00:00:08.490026Z[0m [32m INFO[0m [1mcosmic-panel[0m[2m:[0m [2mcosmic_session::notifications[0m[2m:[0m \x1b[2m1970-01-01T00:00:07.720163Z\x1b[0m \x1b[32m INFO\x1b[0m \x1b[1mstdout\x1b[0m\x1b[1m{\x1b[0m\x1b[3mclient\x1b[0m\x1b[2m=\x1b[0mInnerClientId { ptr: 0x9a0095c0, alive: true }\x1b[1m}\x1b[0m\x1b[2m:\x1b[0m com.system76.CosmicAppletMinimize:     blur: false,
[2m1970-01-01T00:00:08.493389Z[0m [32m INFO[0m [1mcosmic-panel[0m[2m:[0m [2mcosmic_session::notifications[0m[2m:[0m \x1b[2m1970-01-01T00:00:07.720178Z\x1b[0m \x1b[32m INFO\x1b[0m \x1b[1mstdout\x1b[0m\x1b[1m{\x1b[0m\x1b[3mclient\x1b[0m\x1b[2m=\x1b[0mInnerClientId { ptr: 0x9a0095c0, alive: true }\x1b[1m}\x1b[0m\x1b[2m:\x1b[0m com.system76.CosmicAppletMinimize:     decorations: false,
[2m1970-01-01T00:00:08.496885Z[0m [32m INFO[0m [1mcosmic-panel[0m[2m:[0m [2mcosmic_session::notifications[0m[2m:[0m \x1b[2m1970-01-01T00:00:07.720192Z\x1b[0m \x1b[32m INFO\x1b[0m \x1b[1mstdout\x1b[0m\x1b[1m{\x1b[0m\x1b[3mclient\x1b[0m\x1b[2m=\x1b[0mInnerClientId { ptr: 0x9a0095c0, alive: true }\x1b[1m}\x1b[0m\x1b[2m:\x1b[0m com.system76.CosmicAppletMinimize:     window_icon: None,
[2m1970-01-01T00:00:08.508906Z[0m [32m INFO[0m [1mcosmic-panel[0m[2m:[0m [2mcosmic_session::notifications[0m[2m:[0m \x1b[2m1970-01-01T00:00:07.720205Z\x1b[0m \x1b[32m INFO\x1b[0m \x1b[1mstdout\x1b[0m\x1b[1m{\x1b[0m\x1b[3mclient\x1b[0m\x1b[2m=\x1b[0mInnerClientId { ptr: 0x9a0095c0, alive: true }\x1b[1m}\x1b[0m\x1b[2m:\x1b[0m com.system76.CosmicAppletMinimize:     preferred_theme: None,
[2m1970-01-01T00:00:08.511772Z[0m [32m INFO[0m [1mcosmic-panel[0m[2m:[0m [2mcosmic_session::notifications[0m[2m:[0m \x1b[2m1970-01-01T00:00:07.720221Z\x1b[0m \x1b[32m INFO\x1b[0m \x1b[1mstdout\x1b[0m\x1b[1m{\x1b[0m\x1b[3mclient\x1b[0m\x1b[2m=\x1b[0mInnerClientId { ptr: 0x9a0095c0, alive: true }\x1b[1m}\x1b[0m\x1b[2m:\x1b[0m com.system76.CosmicAppletMinimize:     content_protected: false,
[2m1970-01-01T00:00:08.515336Z[0m [32m INFO[0m [1mcosmic-panel[0m[2m:[0m [2mcosmic_session::notifications[0m[2m:[0m \x1b[2m1970-01-01T00:00:07.720236Z\x1b[0m \x1b[32m INFO\x1b[0m \x1b[1mstdout\x1b[0m\x1b[1m{\x1b[0m\x1b[3mclient\x1b[0m\x1b[2m=\x1b[0mInnerClientId { ptr: 0x9a0095c0, alive: true }\x1b[1m}\x1b[0m\x1b[2m:\x1b[0m com.system76.CosmicAppletMinimize:     window_level: Normal,
[2m1970-01-01T00:00:08.541085Z[0m [32m INFO[0m [1mcosmic-panel[0m[2m:[0m [2mcosmic_session::notifications[0m[2m:[0m \x1b[2m1970-01-01T00:00:07.720248Z\x1b[0m \x1b[32m INFO\x1b[0m \x1b[1mstdout\x1b[0m\x1b[1m{\x1b[0m\x1b[3mclient\x1b[0m\x1b[2m=\x1b[0mInnerClientId { ptr: 0x9a0095c0, alive: true }\x1b[1m}\x1b[0m\x1b[2m:\x1b[0m com.system76.CosmicAppletMinimize:     active: true,
[2m1970-01-01T00:00:08.544376Z[0m [32m INFO[0m [1mcosmic-panel[0m[2m:[0m [2mcosmic_session::notifications[0m[2m:[0m \x1b[2m1970-01-01T00:00:07.720258Z\x1b[0m \x1b[32m INFO\x1b[0m \x1b[1mstdout\x1b[0m\x1b[1m{\x1b[0m\x1b[3mclient\x1b[0m\x1b[2m=\x1b[0mInnerClientId { ptr: 0x9a0095c0, alive: true }\x1b[1m}\x1b[0m\x1b[2m:\x1b[0m com.system76.CosmicAppletMinimize:     cursor: Icon(
[2m1970-01-01T00:00:08.546935Z[0m [32m INFO[0m [1mcosmic-panel[0m[2m:[0m [2mcosmic_session::notifications[0m[2m:[0m \x1b[2m1970-01-01T00:00:07.720268Z\x1b[0m \x1b[32m INFO\x1b[0m \x1b[1mstdout\x1b[0m\x1b[1m{\x1b[0m\x1b[3mclient\x1b[0m\x1b[2m=\x1b[0mInnerClientId { ptr: 0x9a0095c0, alive: true }\x1b[1m}\x1b[0m\x1b[2m:\x1b[0m com.system76.CosmicAppletMinimize:         Default,
[2m1970-01-01T00:00:08.549509Z[0m [32m INFO[0m [1mcosmic-panel[0m[2m:[0m [2mcosmic_session::notifications[0m[2m:[0m \x1b[2m1970-01-01T00:00:07.720278Z\x1b[0m \x1b[32m INFO\x1b[0m \x1b[1mstdout\x1b[0m\x1b[1m{\x1b[0m\x1b[3mclient\x1b[0m\x1b[2m=\x1b[0mInnerClientId { ptr: 0x9a0095c0, alive: true }\x1b[1m}\x1b[0m\x1b[2m:\x1b[0m com.system76.CosmicAppletMinimize:     ),
[2m1970-01-01T00:00:08.551376Z[0m [32m INFO[0m [1mcosmic-panel[0m[2m:[0m [2mcosmic_session::notifications[0m[2m:[0m \x1b[2m1970-01-01T00:00:07.720289Z\x1b[0m \x1b[32m INFO\x1b[0m \x1b[1mstdout\x1b[0m\x1b[1m{\x1b[0m\x1b[3mclient\x1b[0m\x1b[2m=\x1b[0mInnerClientId { ptr: 0x9a0095c0, alive: true }\x1b[1m}\x1b[0m\x1b[2m:\x1b[0m com.system76.CosmicAppletMinimize:     parent_window: None,
[2m1970-01-01T00:00:08.554013Z[0m [32m INFO[0m [1mcosmic-panel[0m[2m:[0m [2mcosmic_session::notifications[0m[2m:[0m \x1b[2m1970-01-01T00:00:07.720301Z\x1b[0m \x1b[32m INFO\x1b[0m \x1b[1mstdout\x1b[0m\x1b[1m{\x1b[0m\x1b[3mclient\x1b[0m\x1b[2m=\x1b[0mInnerClientId { ptr: 0x9a0095c0, alive: true }\x1b[1m}\x1b[0m\x1b[2m:\x1b[0m com.system76.CosmicAppletMinimize:     fullscreen: None,
[2m1970-01-01T00:00:08.556398Z[0m [32m INFO[0m [1mcosmic-panel[0m[2m:[0m [2mcosmic_session::notifications[0m[2m:[0m \x1b[2m1970-01-01T00:00:07.937204Z\x1b[0m \x1b[32m INFO\x1b[0m \x1b[1mstdout\x1b[0m\x1b[1m{\x1b[0m\x1b[3mclient\x1b[0m\x1b[2m=\x1b[0mInnerClientId { ptr: 0x9a0095c0, alive: true }\x1b[1m}\x1b[0m\x1b[2m:\x1b[0m com.system76.CosmicAppletMinimize:     platform: Some(
[2m1970-01-01T00:00:08.558924Z[0m [32m INFO[0m [1mcosmic-panel[0m[2m:[0m [2mcosmic_session::notifications[0m[2m:[0m \x1b[2m1970-01-01T00:00:07.937221Z\x1b[0m \x1b[32m INFO\x1b[0m \x1b[1mstdout\x1b[0m\x1b[1m{\x1b[0m\x1b[3mclient\x1b[0m\x1b[2m=\x1b[0mInnerClientId { ptr: 0x9a0095c0, alive: true }\x1b[1m}\x1b[0m\x1b[2m:\x1b[0m com.system76.CosmicAppletMinimize:         WindowAttributesWayland {
[2m1970-01-01T00:00:08.561296Z[0m [32m INFO[0m [1mcosmic-panel[0m[2m:[0m [2mcosmic_session::notifications[0m[2m:[0m \x1b[2m1970-01-01T00:00:07.937233Z\x1b[0m \x1b[32m INFO\x1b[0m \x1b[1mstdout\x1b[0m\x1b[1m{\x1b[0m\x1b[3mclient\x1b[0m\x1b[2m=\x1b[0mInnerClientId { ptr: 0x9a0095c0, alive: true }\x1b[1m}\x1b[0m\x1b[2m:\x1b[0m com.system76.CosmicAppletMinimize:             name: Some(
[2m1970-01-01T00:00:08.570025Z[0m [32m INFO[0m [1mcosmic-panel[0m[2m:[0m [2mcosmic_session::notifications[0m[2m:[0m \x1b[2m1970-01-01T00:00:07.937243Z\x1b[0m \x1b[32m INFO\x1b[0m \x1b[1mstdout\x1b[0m\x1b[1m{\x1b[0m\x1b[3mclient\x1b[0m\x1b[2m=\x1b[0mInnerClientId { ptr: 0x9a0095c0, alive: true }\x1b[1m}\x1b[0m\x1b[2m:\x1b[0m com.system76.CosmicAppletMinimize:                 ApplicationName {
[2m1970-01-01T00:00:08.573746Z[0m [32m INFO[0m [1mcosmic-panel[0m[2m:[0m [2mcosmic_session::notifications[0m[2m:[0m \x1b[2m1970-01-01T00:00:07.937254Z\x1b[0m \x1b[32m INFO\x1b[0m \x1b[1mstdout\x1b[0m\x1b[1m{\x1b[0m\x1b[3mclient\x1b[0m\x1b[2m=\x1b[0mInnerClientId { ptr: 0x9a0095c0, alive: true }\x1b[1m}\x1b[0m\x1b[2m:\x1b[0m com.system76.CosmicAppletMinimize:                     general: "com.system76.CosmicAppletMinimize",
[2m1970-01-01T00:00:08.577654Z[0m [32m INFO[0m [1mcosmic-panel[0m[2m:[0m [2mcosmic_session::notifications[0m[2m:[0m \x1b[2m1970-01-01T00:00:07.937273Z\x1b[0m \x1b[32m INFO\x1b[0m \x1b[1mstdout\x1b[0m\x1b[1m{\x1b[0m\x1b[3mclient\x1b[0m\x1b[2m=\x1b[0mInnerClientId { ptr: 0x9a0095c0, alive: true }\x1b[1m}\x1b[0m\x1b[2m:\x1b[0m com.system76.CosmicAppletMinimize:                     instance: "com.system76.CosmicAppletMinimize",
[2m1970-01-01T00:00:08.580398Z[0m [32m INFO[0m [1mcosmic-panel[0m[2m:[0m [2mcosmic_session::notifications[0m[2m:[0m \x1b[2m1970-01-01T00:00:07.937285Z\x1b[0m \x1b[32m INFO\x1b[0m \x1b[1mstdout\x1b[0m\x1b[1m{\x1b[0m\x1b[3mclient\x1b[0m\x1b[2m=\x1b[0mInnerClientId { ptr: 0x9a0095c0, alive: true }\x1b[1m}\x1b[0m\x1b[2m:\x1b[0m com.system76.CosmicAppletMinimize:                 },
[2m1970-01-01T00:00:08.581258Z[0m [32m INFO[0m [1mcosmic-panel[0m[2m:[0m [2mcosmic_session::notifications[0m[2m:[0m \x1b[2m1970-01-01T00:00:07.937302Z\x1b[0m \x1b[32m INFO\x1b[0m \x1b[1mstdout\x1b[0m\x1b[1m{\x1b[0m\x1b[3mclient\x1b[0m\x1b[2m=\x1b[0mInnerClientId { ptr: 0x9a0095c0, alive: true }\x1b[1m}\x1b[0m\x1b[2m:\x1b[0m com.system76.CosmicAppletMinimize:             ),
[2m1970-01-01T00:00:08.582108Z[0m [32m INFO[0m [1mcosmic-panel[0m[2m:[0m [2mcosmic_session::notifications[0m[2m:[0m \x1b[2m1970-01-01T00:00:07.937313Z\x1b[0m \x1b[32m INFO\x1b[0m \x1b[1mstdout\x1b[0m\x1b[1m{\x1b[0m\x1b[3mclient\x1b[0m\x1b[2m=\x1b[0mInnerClientId { ptr: 0x9a0095c0, alive: true }\x1b[1m}\x1b[0m\x1b[2m:\x1b[0m com.system76.CosmicAppletMinimize:             activation_token: None,
[2m1970-01-01T00:00:08.584988Z[0m [32m INFO[0m [1mcosmic-panel[0m[2m:[0m [2mcosmic_session::notifications[0m[2m:[0m \x1b[2m1970-01-01T00:00:07.937324Z\x1b[0m \x1b[32m INFO\x1b[0m \x1b[1mstdout\x1b[0m\x1b[1m{\x1b[0m\x1b[3mclient\x1b[0m\x1b[2m=\x1b[0mInnerClientId { ptr: 0x9a0095c0, alive: true }\x1b[1m}\x1b[0m\x1b[2m:\x1b[0m com.system76.CosmicAppletMinimize:             prefer_csd: false,
[2m1970-01-01T00:00:08.592014Z[0m [32m INFO[0m [1mcosmic-panel[0m[2m:[0m [2mcosmic_session::notifications[0m[2m:[0m \x1b[2m1970-01-01T00:00:07.937335Z\x1b[0m \x1b[32m INFO\x1b[0m \x1b[1mstdout\x1b[0m\x1b[1m{\x1b[0m\x1b[3mclient\x1b[0m\x1b[2m=\x1b[0mInnerClientId { ptr: 0x9a0095c0, alive: true }\x1b[1m}\x1b[0m\x1b[2m:\x1b[0m com.system76.CosmicAppletMinimize:         },
[2m1970-01-01T00:00:08.595242Z[0m [32m INFO[0m [1mcosmic-panel[0m[2m:[0m [2mcosmic_session::notifications[0m[2m:[0m \x1b[2m1970-01-01T00:00:07.937354Z\x1b[0m \x1b[32m INFO\x1b[0m \x1b[1mstdout\x1b[0m\x1b[1m{\x1b[0m\x1b[3mclient\x1b[0m\x1b[2m=\x1b[0mInnerClientId { ptr: 0x9a0095c0, alive: true }\x1b[1m}\x1b[0m\x1b[2m:\x1b[0m com.system76.CosmicAppletMinimize:     ),
[2m1970-01-01T00:00:08.598797Z[0m [32m INFO[0m [1mcosmic-panel[0m[2m:[0m [2mcosmic_session::notifications[0m[2m:[0m \x1b[2m1970-01-01T00:00:07.937367Z\x1b[0m \x1b[32m INFO\x1b[0m \x1b[1mstdout\x1b[0m\x1b[1m{\x1b[0m\x1b[3mclient\x1b[0m\x1b[2m=\x1b[0mInnerClientId { ptr: 0x9a0095c0, alive: true }\x1b[1m}\x1b[0m\x1b[2m:\x1b[0m com.system76.CosmicAppletMinimize: }
[2m1970-01-01T00:00:08.602255Z[0m [32m INFO[0m [1mcosmic-panel[0m[2m:[0m [2mcosmic_session::notifications[0m[2m:[0m \x1b[2m1970-01-01T00:00:07.937378Z\x1b[0m \x1b[32m INFO\x1b[0m \x1b[1mstdout\x1b[0m\x1b[1m{\x1b[0m\x1b[3mclient\x1b[0m\x1b[2m=\x1b[0mInnerClientId { ptr: 0x9a0095c0, alive: true }\x1b[1m}\x1b[0m\x1b[2m:\x1b[0m com.system76.CosmicAppletMinimize: \x1b[2m1970-01-01T00:00:06.979340Z\x1b[0m \x1b[33m WARN\x1b[0m \x1b[2mwinit_wayland::window::state\x1b[0m\x1b[2m:\x1b[0m `xdg_toplevel_icon_manager_v1` is not supported
[2m1970-01-01T00:00:08.605871Z[0m [32m INFO[0m [1mcosmic-panel[0m[2m:[0m [2mcosmic_session::notifications[0m[2m:[0m \x1b[2m1970-01-01T00:00:07.937390Z\x1b[0m \x1b[32m INFO\x1b[0m \x1b[1mstdout\x1b[0m\x1b[1m{\x1b[0m\x1b[3mclient\x1b[0m\x1b[2m=\x1b[0mInnerClientId { ptr: 0x9a0095c0, alive: true }\x1b[1m}\x1b[0m\x1b[2m:\x1b[0m com.system76.CosmicAppletMinimize: \x1b[2m1970-01-01T00:00:06.982767Z\x1b[0m \x1b[32m INFO\x1b[0m \x1b[2miced_winit::platform_specific::wayland::event_loop\x1b[0m\x1b[2m:\x1b[0m SCTK setup complete.
[2m1970-01-01T00:00:08.613751Z[0m [32m INFO[0m [1mcosmic-panel[0m[2m:[0m [2mcosmic_session::notifications[0m[2m:[0m \x1b[2m1970-01-01T00:00:07.937403Z\x1b[0m \x1b[31mERROR\x1b[0m \x1b[1mstderr\x1b[0m\x1b[1m{\x1b[0m\x1b[3mclient\x1b[0m\x1b[2m=\x1b[0mInnerClientId { ptr: 0x9a0092f0, alive: true }\x1b[1m}\x1b[0m\x1b[2m:\x1b[0m com.system76.CosmicPanelAppButton: xkbcommon: ERROR: couldn't find a Compose file for locale "C" (mapped to "C")
[2m1970-01-01T00:00:08.617055Z[0m [32m INFO[0m [1mcosmic-panel[0m[2m:[0m [2mcosmic_session::notifications[0m[2m:[0m \x1b[2m1970-01-01T00:00:08.144081Z\x1b[0m \x1b[31mERROR\x1b[0m \x1b[1mstderr\x1b[0m\x1b[1m{\x1b[0m\x1b[3mclient\x1b[0m\x1b[2m=\x1b[0mInnerClientId { ptr: 0x9a0096b0, alive: true }\x1b[1m}\x1b[0m\x1b[2m:\x1b[0m com.system76.CosmicPanelLauncherButton: xkbcommon: ERROR: couldn't find a Compose file for locale "C" (mapped to "C")
[2m1970-01-01T00:00:08.633042Z[0m [32m INFO[0m [1mcosmic-panel[0m[2m:[0m [2mcosmic_session::notifications[0m[2m:[0m \x1b[2m1970-01-01T00:00:08.144098Z\x1b[0m \x1b[31mERROR\x1b[0m \x1b[1mstderr\x1b[0m\x1b[1m{\x1b[0m\x1b[3mclient\x1b[0m\x1b[2m=\x1b[0mInnerClientId { ptr: 0x9a009110, alive: true }\x1b[1m}\x1b[0m\x1b[2m:\x1b[0m com.system76.CosmicPanelWorkspacesButton: xkbcommon: ERROR: couldn't find a Compose file for locale "C" (mapped to "C")
[2m1970-01-01T00:00:08.634070Z[0m [32m INFO[0m [1mcosmic-panel[0m[2m:[0m [2mcosmic_session::notifications[0m[2m:[0m \x1b[2m1970-01-01T00:00:08.144863Z\x1b[0m \x1b[32m INFO\x1b[0m \x1b[1mstdout\x1b[0m\x1b[1m{\x1b[0m\x1b[3mclient\x1b[0m\x1b[2m=\x1b[0mInnerClientId { ptr: 0x98d24800, alive: true }\x1b[1m}\x1b[0m\x1b[2m:\x1b[0m com.system76.CosmicAppletTiling: \x1b[2m1970-01-01T00:00:07.159999Z\x1b[0m \x1b[31mERROR\x1b[0m \x1b[2mcosmic_applet_tiling::window\x1b[0m\x1b[2m:\x1b[0m Error loading config \x1b[3merr\x1b[0m\x1b[2m=\x1b[0mGetKey("workspaces", Os { code: 2, kind: NotFound, message: "No such file or directory" })
[2m1970-01-01T00:00:08.635515Z[0m [32m INFO[0m [1mcosmic-panel[0m[2m:[0m [2mcosmic_session::notifications[0m[2m:[0m \x1b[2m1970-01-01T00:00:08.144877Z\x1b[0m \x1b[32m INFO\x1b[0m \x1b[1mstdout\x1b[0m\x1b[1m{\x1b[0m\x1b[3mclient\x1b[0m\x1b[2m=\x1b[0mInnerClientId { ptr: 0x98d24800, alive: true }\x1b[1m}\x1b[0m\x1b[2m:\x1b[0m com.system76.CosmicAppletTiling: \x1b[2m1970-01-01T00:00:07.159999Z\x1b[0m \x1b[31mERROR\x1b[0m \x1b[2mcosmic_applet_tiling::window\x1b[0m\x1b[2m:\x1b[0m Error loading config \x1b[3merr\x1b[0m\x1b[2m=\x1b[0mGetKey("input_default", Os { code: 2, kind: NotFound, message: "No such file or directory" })
[2m1970-01-01T00:00:08.640021Z[0m [32m INFO[0m [1mcosmic-panel[0m[2m:[0m [2mcosmic_session::notifications[0m[2m:[0m \x1b[2m1970-01-01T00:00:08.144888Z\x1b[0m \x1b[32m INFO\x1b[0m \x1b[1mstdout\x1b[0m\x1b[1m{\x1b[0m\x1b[3mclient\x1b[0m\x1b[2m=\x1b[0mInnerClientId { ptr: 0x98d24800, alive: true }\x1b[1m}\x1b[0m\x1b[2m:\x1b[0m com.system76.CosmicAppletTiling: \x1b[2m1970-01-01T00:00:07.159999Z\x1b[0m \x1b[31mERROR\x1b[0m \x1b[2mcosmic_applet_tiling::window\x1b[0m\x1b[2m:\x1b[0m Error loading config \x1b[3merr\x1b[0m\x1b[2m=\x1b[0mGetKey("input_devices", Os { code: 2, kind: NotFound, message: "No such file or directory" })
[2m1970-01-01T00:00:08.645716Z[0m [32m INFO[0m [1mcosmic-panel[0m[2m:[0m [2mcosmic_session::notifications[0m[2m:[0m \x1b[2m1970-01-01T00:00:08.144899Z\x1b[0m \x1b[32m INFO\x1b[0m \x1b[1mstdout\x1b[0m\x1b[1m{\x1b[0m\x1b[3mclient\x1b[0m\x1b[2m=\x1b[0mInnerClientId { ptr: 0x98d24800, alive: true }\x1b[1m}\x1b[0m\x1b[2m:\x1b[0m com.system76.CosmicAppletTiling: \x1b[2m1970-01-01T00:00:07.159999Z\x1b[0m \x1b[31mERROR\x1b[0m \x1b[2mcosmic_applet_tiling::window\x1b[0m\x1b[2m:\x1b[0m Error loading config \x1b[3merr\x1b[0m\x1b[2m=\x1b[0mGetKey("xkb_config", Os { code: 2, kind: NotFound, message: "No such file or directory" })
[2m1970-01-01T00:00:08.650015Z[0m [32m INFO[0m [1mcosmic-panel[0m[2m:[0m [2mcosmic_session::notifications[0m[2m:[0m \x1b[2m1970-01-01T00:00:08.144910Z\x1b[0m \x1b[32m INFO\x1b[0m \x1b[1mstdout\x1b[0m\x1b[1m{\x1b[0m\x1b[3mclient\x1b[0m\x1b[2m=\x1b[0mInnerClientId { ptr: 0x98d24800, alive: true }\x1b[1m}\x1b[0m\x1b[2m:\x1b[0m com.system76.CosmicAppletTiling: \x1b[2m1970-01-01T00:00:07.159999Z\x1b[0m \x1b[31mERROR\x1b[0m \x1b[2mcosmic_applet_tiling::window\x1b[0m\x1b[2m:\x1b[0m Error loading config \x1b[3merr\x1b[0m\x1b[2m=\x1b[0mGetKey("autotile", Os { code: 2, kind: NotFound, message: "No such file or directory" })
[2m1970-01-01T00:00:08.654197Z[0m [32m INFO[0m [1mcosmic-panel[0m[2m:[0m [2mcosmic_session::notifications[0m[2m:[0m \x1b[2m1970-01-01T00:00:08.144922Z\x1b[0m \x1b[32m INFO\x1b[0m \x1b[1mstdout\x1b[0m\x1b[1m{\x1b[0m\x1b[3mclient\x1b[0m\x1b[2m=\x1b[0mInnerClientId { ptr: 0x98d24800, alive: true }\x1b[1m}\x1b[0m\x1b[2m:\x1b[0m com.system76.CosmicAppletTiling: \x1b[2m1970-01-01T00:00:07.159999Z\x1b[0m \x1b[31mERROR\x1b[0m \x1b[2mcosmic_applet_tiling::window\x1b[0m\x1b[2m:\x1b[0m Error loading config \x1b[3merr\x1b[0m\x1b[2m=\x1b[0mGetKey("autotile_behavior", Os { code: 2, kind: NotFound, message: "No such file or directory" })
[2m1970-01-01T00:00:08.659849Z[0m [32m INFO[0m [1mcosmic-panel[0m[2m:[0m [2mcosmic_session::notifications[0m[2m:[0m \x1b[2m1970-01-01T00:00:08.144934Z\x1b[0m \x1b[32m INFO\x1b[0m \x1b[1mstdout\x1b[0m\x1b[1m{\x1b[0m\x1b[3mclient\x1b[0m\x1b[2m=\x1b[0mInnerClientId { ptr: 0x98d24800, alive: true }\x1b[1m}\x1b[0m\x1b[2m:\x1b[0m com.system76.CosmicAppletTiling: \x1b[2m1970-01-01T00:00:07.159999Z\x1b[0m \x1b[31mERROR\x1b[0m \x1b[2mcosmic_applet_tiling::window\x1b[0m\x1b[2m:\x1b[0m Error loading config \x1b[3merr\x1b[0m\x1b[2m=\x1b[0mGetKey("active_hint", Os { code: 2, kind: NotFound, message: "No such file or directory" })
[2m1970-01-01T00:00:08.660216Z[0m [32m INFO[0m [1mcosmic-panel[0m[2m:[0m [2mcosmic_session::notifications[0m[2m:[0m \x1b[2m1970-01-01T00:00:08.144947Z\x1b[0m \x1b[32m INFO\x1b[0m \x1b[1mstdout\x1b[0m\x1b[1m{\x1b[0m\x1b[3mclient\x1b[0m\x1b[2m=\x1b[0mInnerClientId { ptr: 0x98d24800, alive: true }\x1b[1m}\x1b[0m\x1b[2m:\x1b[0m com.system76.CosmicAppletTiling: \x1b[2m1970-01-01T00:00:07.167866Z\x1b[0m \x1b[32m INFO\x1b[0m \x1b[2miced_winit\x1b[0m\x1b[2m:\x1b[0m System theme: None
[2m1970-01-01T00:00:08.661621Z[0m [32m INFO[0m [1mcosmic-panel[0m[2m:[0m [2mcosmic_session::notifications[0m[2m:[0m \x1b[2m1970-01-01T00:00:08.311709Z\x1b[0m \x1b[31mERROR\x1b[0m \x1b[1mstderr\x1b[0m\x1b[1m{\x1b[0m\x1b[3mclient\x1b[0m\x1b[2m=\x1b[0mInnerClientId { ptr: 0x98d24800, alive: true }\x1b[1m}\x1b[0m\x1b[2m:\x1b[0m com.system76.CosmicAppletTiling: xkbcommon: ERROR: couldn't find a Compose file for locale "C" (mapped to "C")
[2m1970-01-01T00:00:08.662917Z[0m [32m INFO[0m [1mcosmic-panel[0m[2m:[0m [2mcosmic_session::notifications[0m[2m:[0m \x1b[2m1970-01-01T00:00:08.311724Z\x1b[0m \x1b[31mERROR\x1b[0m \x1b[1mstderr\x1b[0m\x1b[1m{\x1b[0m\x1b[3mclient\x1b[0m\x1b[2m=\x1b[0mInnerClientId { ptr: 0x98d24800, alive: true }\x1b[1m}\x1b[0m\x1b[2m:\x1b[0m com.system76.CosmicAppletTiling: xkbcommon: ERROR: couldn't find a Compose file for locale "C" (mapped to "C")
[2m1970-01-01T00:00:08.666650Z[0m [32m INFO[0m [1mcosmic-panel[0m[2m:[0m [2mcosmic_session::notifications[0m[2m:[0m \x1b[2m1970-01-01T00:00:08.311738Z\x1b[0m \x1b[32m INFO\x1b[0m \x1b[1mstdout\x1b[0m\x1b[1m{\x1b[0m\x1b[3mclient\x1b[0m\x1b[2m=\x1b[0mInnerClientId { ptr: 0x98d24800, alive: true }\x1b[1m}\x1b[0m\x1b[2m:\x1b[0m com.system76.CosmicAppletTiling: \x1b[2m1970-01-01T00:00:07.186858Z\x1b[0m \x1b[32m INFO\x1b[0m \x1b[2miced_winit::platform_specific::wayland::event_loop\x1b[0m\x1b[2m:\x1b[0m SCTK setup complete.
[2m1970-01-01T00:00:08.669983Z[0m [32m INFO[0m [1mcosmic-panel[0m[2m:[0m [2mcosmic_session::notifications[0m[2m:[0m \x1b[2m1970-01-01T00:00:08.311767Z\x1b[0m \x1b[32m INFO\x1b[0m \x1b[1mstdout\x1b[0m\x1b[1m{\x1b[0m\x1b[3mclient\x1b[0m\x1b[2m=\x1b[0mInnerClientId { ptr: 0x98d24800, alive: true }\x1b[1m}\x1b[0m\x1b[2m:\x1b[0m com.system76.CosmicAppletTiling: \x1b[2m1970-01-01T00:00:07.169665Z\x1b[0m \x1b[32m INFO\x1b[0m \x1b[2miced_winit\x1b[0m\x1b[2m:\x1b[0m Window attributes for id `Id(
[2m1970-01-01T00:00:08.670011Z[0m [32m INFO[0m [1mcosmic-panel[0m[2m:[0m [2mcosmic_session::notifications[0m[2m:[0m \x1b[2m1970-01-01T00:00:08.311778Z\x1b[0m \x1b[32m INFO\x1b[0m \x1b[1mstdout\x1b[0m\x1b[1m{\x1b[0m\x1b[3mclient\x1b[0m\x1b[2m=\x1b[0mInnerClientId { ptr: 0x98d24800, alive: true }\x1b[1m}\x1b[0m\x1b[2m:\x1b[0m com.system76.CosmicAppletTiling:     1,
[2m1970-01-01T00:00:08.672664Z[0m [32m INFO[0m [1mcosmic-panel[0m[2m:[0m [2mcosmic_session::notifications[0m[2m:[0m \x1b[2m1970-01-01T00:00:08.311791Z\x1b[0m \x1b[32m INFO\x1b[0m \x1b[1mstdout\x1b[0m\x1b[1m{\x1b[0m\x1b[3mclient\x1b[0m\x1b[2m=\x1b[0mInnerClientId { ptr: 0x98d24800, alive: true }\x1b[1m}\x1b[0m\x1b[2m:\x1b[0m com.system76.CosmicAppletTiling: )`: WindowAttributes {
[2m1970-01-01T00:00:08.674947Z[0m [32m INFO[0m [1mcosmic-panel[0m[2m:[0m [2mcosmic_session::notifications[0m[2m:[0m \x1b[2m1970-01-01T00:00:08.311802Z\x1b[0m \x1b[32m INFO\x1b[0m \x1b[1mstdout\x1b[0m\x1b[1m{\x1b[0m\x1b[3mclient\x1b[0m\x1b[2m=\x1b[0mInnerClientId { ptr: 0x98d24800, alive: true }\x1b[1m}\x1b[0m\x1b[2m:\x1b[0m com.system76.CosmicAppletTiling:     surface_size: Some(
[2m1970-01-01T00:00:08.677347Z[0m [32m INFO[0m [1mcosmic-panel[0m[2m:[0m [2mcosmic_session::notifications[0m[2m:[0m \x1b[2m1970-01-01T00:00:08.311816Z\x1b[0m \x1b[32m INFO\x1b[0m \x1b[1mstdout\x1b[0m\x1b[1m{\x1b[0m\x1b[3mclient\x1b[0m\x1b[2m=\x1b[0mInnerClientId { ptr: 0x98d24800, alive: true }\x1b[1m}\x1b[0m\x1b[2m:\x1b[0m com.system76.CosmicAppletTiling:         Logical(
[2m1970-01-01T00:00:08.679659Z[0m [32m INFO[0m [1mcosmic-panel[0m[2m:[0m [2mcosmic_session::notifications[0m[2m:[0m \x1b[2m1970-01-01T00:00:08.311833Z\x1b[0m \x1b[32m INFO\x1b[0m \x1b[1mstdout\x1b[0m\x1b[1m{\x1b[0m\x1b[3mclient\x1b[0m\x1b[2m=\x1b[0mInnerClientId { ptr: 0x98d24800, alive: true }\x1b[1m}\x1b[0m\x1b[2m:\x1b[0m com.system76.CosmicAppletTiling:             LogicalSize {
[2m1970-01-01T00:00:08.680017Z[0m [32m INFO[0m [1mcosmic-panel[0m[2m:[0m [2mcosmic_session::notifications[0m[2m:[0m \x1b[2m1970-01-01T00:00:08.311846Z\x1b[0m \x1b[32m INFO\x1b[0m \x1b[1mstdout\x1b[0m\x1b[1m{\x1b[0m\x1b[3mclient\x1b[0m\x1b[2m=\x1b[0mInnerClientId { ptr: 0x98d24800, alive: true }\x1b[1m}\x1b[0m\x1b[2m:\x1b[0m com.system76.CosmicAppletTiling:                 width: 40.0,
[2m1970-01-01T00:00:08.683653Z[0m [32m INFO[0m [1mcosmic-panel[0m[2m:[0m [2mcosmic_session::notifications[0m[2m:[0m \x1b[2m1970-01-01T00:00:08.311856Z\x1b[0m \x1b[32m INFO\x1b[0m \x1b[1mstdout\x1b[0m\x1b[1m{\x1b[0m\x1b[3mclient\x1b[0m\x1b[2m=\x1b[0mInnerClientId { ptr: 0x98d24800, alive: true }\x1b[1m}\x1b[0m\x1b[2m:\x1b[0m com.system76.CosmicAppletTiling:                 height: 32.0,
[2m1970-01-01T00:00:08.686638Z[0m [32m INFO[0m [1mcosmic-panel[0m[2m:[0m [2mcosmic_session::notifications[0m[2m:[0m \x1b[2m1970-01-01T00:00:08.311873Z\x1b[0m \x1b[32m INFO\x1b[0m \x1b[1mstdout\x1b[0m\x1b[1m{\x1b[0m\x1b[3mclient\x1b[0m\x1b[2m=\x1b[0mInnerClientId { ptr: 0x98d24800, alive: true }\x1b[1m}\x1b[0m\x1b[2m:\x1b[0m com.system76.CosmicAppletTiling:             },
[2m1970-01-01T00:00:08.688908Z[0m [32m INFO[0m [1mcosmic-panel[0m[2m:[0m [2mcosmic_session::notifications[0m[2m:[0m \x1b[2m1970-01-01T00:00:08.311885Z\x1b[0m \x1b[32m INFO\x1b[0m \x1b[1mstdout\x1b[0m\x1b[1m{\x1b[0m\x1b[3mclient\x1b[0m\x1b[2m=\x1b[0mInnerClientId { ptr: 0x98d24800, alive: true }\x1b[1m}\x1b[0m\x1b[2m:\x1b[0m com.system76.CosmicAppletTiling:         ),
[2m1970-01-01T00:00:08.690016Z[0m [32m INFO[0m [1mcosmic-panel[0m[2m:[0m [2mcosmic_session::notifications[0m[2m:[0m \x1b[2m1970-01-01T00:00:08.311895Z\x1b[0m \x1b[32m INFO\x1b[0m \x1b[1mstdout\x1b[0m\x1b[1m{\x1b[0m\x1b[3mclient\x1b[0m\x1b[2m=\x1b[0mInnerClientId { ptr: 0x98d24800, alive: true }\x1b[1m}\x1b[0m\x1b[2m:\x1b[0m com.system76.CosmicAppletTiling:     ),
[2m1970-01-01T00:00:08.692294Z[0m [32m INFO[0m [1mcosmic-panel[0m[2m:[0m [2mcosmic_session::notifications[0m[2m:[0m \x1b[2m1970-01-01T00:00:08.311905Z\x1b[0m \x1b[32m INFO\x1b[0m \x1b[1mstdout\x1b[0m\x1b[1m{\x1b[0m\x1b[3mclient\x1b[0m\x1b[2m=\x1b[0mInnerClientId { ptr: 0x98d24800, alive: true }\x1b[1m}\x1b[0m\x1b[2m:\x1b[0m com.system76.CosmicAppletTiling:     min_surface_size: Some(
[2m1970-01-01T00:00:08.694703Z[0m [32m INFO[0m [1mcosmic-panel[0m[2m:[0m [2mcosmic_session::notifications[0m[2m:[0m \x1b[2m1970-01-01T00:00:08.311915Z\x1b[0m \x1b[32m INFO\x1b[0m \x1b[1mstdout\x1b[0m\x1b[1m{\x1b[0m\x1b[3mclient\x1b[0m\x1b[2m=\x1b[0mInnerClientId { ptr: 0x98d24800, alive: true }\x1b[1m}\x1b[0m\x1b[2m:\x1b[0m com.system76.CosmicAppletTiling:         Logical(
[2m1970-01-01T00:00:08.697084Z[0m [32m INFO[0m [1mcosmic-panel[0m[2m:[0m [2mcosmic_session::notifications[0m[2m:[0m \x1b[2m1970-01-01T00:00:08.311932Z\x1b[0m \x1b[32m INFO\x1b[0m \x1b[1mstdout\x1b[0m\x1b[1m{\x1b[0m\x1b[3mclient\x1b[0m\x1b[2m=\x1b[0mInnerClientId { ptr: 0x98d24800, alive: true }\x1b[1m}\x1b[0m\x1b[2m:\x1b[0m com.system76.CosmicAppletTiling:             LogicalSize {
[2m1970-01-01T00:00:08.700186Z[0m [32m INFO[0m [1mcosmic-panel[0m[2m:[0m [2mcosmic_session::notifications[0m[2m:[0m \x1b[2m1970-01-01T00:00:08.311944Z\x1b[0m \x1b[32m INFO\x1b[0m \x1b[1mstdout\x1b[0m\x1b[1m{\x1b[0m\x1b[3mclient\x1b[0m\x1b[2m=\x1b[0mInnerClientId { ptr: 0x98d24800, alive: true }\x1b[1m}\x1b[0m\x1b[2m:\x1b[0m com.system76.CosmicAppletTiling:                 width: 40.0,
[2m1970-01-01T00:00:08.702683Z[0m [32m INFO[0m [1mcosmic-panel[0m[2m:[0m [2mcosmic_session::notifications[0m[2m:[0m \x1b[2m1970-01-01T00:00:08.469058Z\x1b[0m \x1b[32m INFO\x1b[0m \x1b[1mstdout\x1b[0m\x1b[1m{\x1b[0m\x1b[3mclient\x1b[0m\x1b[2m=\x1b[0mInnerClientId { ptr: 0x98d24800, alive: true }\x1b[1m}\x1b[0m\x1b[2m:\x1b[0m com.system76.CosmicAppletTiling:                 height: 32.0,
[2m1970-01-01T00:00:08.705239Z[0m [32m INFO[0m [1mcosmic-panel[0m[2m:[0m [2mcosmic_session::notifications[0m[2m:[0m \x1b[2m1970-01-01T00:00:08.469078Z\x1b[0m \x1b[32m INFO\x1b[0m \x1b[1mstdout\x1b[0m\x1b[1m{\x1b[0m\x1b[3mclient\x1b[0m\x1b[2m=\x1b[0mInnerClientId { ptr: 0x98d24800, alive: true }\x1b[1m}\x1b[0m\x1b[2m:\x1b[0m com.system76.CosmicAppletTiling:             },
[2m1970-01-01T00:00:08.707621Z[0m [32m INFO[0m [1mcosmic-panel[0m[2m:[0m [2mcosmic_session::notifications[0m[2m:[0m \x1b[2m1970-01-01T00:00:08.469090Z\x1b[0m \x1b[32m INFO\x1b[0m \x1b[1mstdout\x1b[0m\x1b[1m{\x1b[0m\x1b[3mclient\x1b[0m\x1b[2m=\x1b[0mInnerClientId { ptr: 0x98d24800, alive: true }\x1b[1m}\x1b[0m\x1b[2m:\x1b[0m com.system76.CosmicAppletTiling:         ),
[2m1970-01-01T00:00:08.710021Z[0m [32m INFO[0m [1mcosmic-panel[0m[2m:[0m [2mcosmic_session::notifications[0m[2m:[0m \x1b[2m1970-01-01T00:00:08.469101Z\x1b[0m \x1b[32m INFO\x1b[0m \x1b[1mstdout\x1b[0m\x1b[1m{\x1b[0m\x1b[3mclient\x1b[0m\x1b[2m=\x1b[0mInnerClientId { ptr: 0x98d24800, alive: true }\x1b[1m}\x1b[0m\x1b[2m:\x1b[0m com.system76.CosmicAppletTiling:     ),
[2m1970-01-01T00:00:08.713561Z[0m [32m INFO[0m [1mcosmic-panel[0m[2m:[0m [2mcosmic_session::notifications[0m[2m:[0m \x1b[2m1970-01-01T00:00:08.469116Z\x1b[0m \x1b[32m INFO\x1b[0m \x1b[1mstdout\x1b[0m\x1b[1m{\x1b[0m\x1b[3mclient\x1b[0m\x1b[2m=\x1b[0mInnerClientId { ptr: 0x98d24800, alive: true }\x1b[1m}\x1b[0m\x1b[2m:\x1b[0m com.system76.CosmicAppletTiling:     max_surface_size: None,
[2m1970-01-01T00:00:08.716878Z[0m [32m INFO[0m [1mcosmic-panel[0m[2m:[0m [2mcosmic_session::notifications[0m[2m:[0m \x1b[2m1970-01-01T00:00:08.469128Z\x1b[0m \x1b[32m INFO\x1b[0m \x1b[1mstdout\x1b[0m\x1b[1m{\x1b[0m\x1b[3mclient\x1b[0m\x1b[2m=\x1b[0mInnerClientId { ptr: 0x98d24800, alive: true }\x1b[1m}\x1b[0m\x1b[2m:\x1b[0m com.system76.CosmicAppletTiling:     surface_resize_increments: None,
[2m1970-01-01T00:00:08.719903Z[0m [32m INFO[0m [1mcosmic-panel[0m[2m:[0m [2mcosmic_session::notifications[0m[2m:[0m \x1b[2m1970-01-01T00:00:08.469141Z\x1b[0m \x1b[32m INFO\x1b[0m \x1b[1mstdout\x1b[0m\x1b[1m{\x1b[0m\x1b[3mclient\x1b[0m\x1b[2m=\x1b[0mInnerClientId { ptr: 0x98d24800, alive: true }\x1b[1m}\x1b[0m\x1b[2m:\x1b[0m com.system76.CosmicAppletTiling:     position: None,
[2m1970-01-01T00:00:08.720012Z[0m [32m INFO[0m [1mcosmic-panel[0m[2m:[0m [2mcosmic_session::notifications[0m[2m:[0m \x1b[2m1970-01-01T00:00:08.469154Z\x1b[0m \x1b[32m INFO\x1b[0m \x1b[1mstdout\x1b[0m\x1b[1m{\x1b[0m\x1b[3mclient\x1b[0m\x1b[2m=\x1b[0mInnerClientId { ptr: 0x98d24800, alive: true }\x1b[1m}\x1b[0m\x1b[2m:\x1b[0m com.system76.CosmicAppletTiling:     resizable: false,
[2m1970-01-01T00:00:08.722461Z[0m [32m INFO[0m [1mcosmic-panel[0m[2m:[0m [2mcosmic_session::notifications[0m[2m:[0m \x1b[2m1970-01-01T00:00:08.469166Z\x1b[0m \x1b[32m INFO\x1b[0m \x1b[1mstdout\x1b[0m\x1b[1m{\x1b[0m\x1b[3mclient\x1b[0m\x1b[2m=\x1b[0mInnerClientId { ptr: 0x98d24800, alive: true }\x1b[1m}\x1b[0m\x1b[2m:\x1b[0m com.system76.CosmicAppletTiling:     enabled_buttons: WindowButtons(
[2m1970-01-01T00:00:08.725006Z[0m [32m INFO[0m [1mcosmic-panel[0m[2m:[0m [2mcosmic_session::notifications[0m[2m:[0m \x1b[2m1970-01-01T00:00:08.469177Z\x1b[0m \x1b[32m INFO\x1b[0m \x1b[1mstdout\x1b[0m\x1b[1m{\x1b[0m\x1b[3mclient\x1b[0m\x1b[2m=\x1b[0mInnerClientId { ptr: 0x98d24800, alive: true }\x1b[1m}\x1b[0m\x1b[2m:\x1b[0m com.system76.CosmicAppletTiling:         CLOSE | MINIMIZE,
[2m1970-01-01T00:00:08.727453Z[0m [32m INFO[0m [1mcosmic-panel[0m[2m:[0m [2mcosmic_session::notifications[0m[2m:[0m \x1b[2m1970-01-01T00:00:08.469190Z\x1b[0m \x1b[32m INFO\x1b[0m \x1b[1mstdout\x1b[0m\x1b[1m{\x1b[0m\x1b[3mclient\x1b[0m\x1b[2m=\x1b[0mInnerClientId { ptr: 0x98d24800, alive: true }\x1b[1m}\x1b[0m\x1b[2m:\x1b[0m com.system76.CosmicAppletTiling:     ),
[2m1970-01-01T00:00:08.729838Z[0m [32m INFO[0m [1mcosmic-panel[0m[2m:[0m [2mcosmic_session::notifications[0m[2m:[0m \x1b[2m1970-01-01T00:00:08.469202Z\x1b[0m \x1b[32m INFO\x1b[0m \x1b[1mstdout\x1b[0m\x1b[1m{\x1b[0m\x1b[3mclient\x1b[0m\x1b[2m=\x1b[0mInnerClientId { ptr: 0x98d24800, alive: true }\x1b[1m}\x1b[0m\x1b[2m:\x1b[0m com.system76.CosmicAppletTiling:     title: "Cosmic - Iced",
[2m1970-01-01T00:00:08.730011Z[0m [32m INFO[0m [1mcosmic-panel[0m[2m:[0m [2mcosmic_session::notifications[0m[2m:[0m \x1b[2m1970-01-01T00:00:08.469214Z\x1b[0m \x1b[32m INFO\x1b[0m \x1b[1mstdout\x1b[0m\x1b[1m{\x1b[0m\x1b[3mclient\x1b[0m\x1b[2m=\x1b[0mInnerClientId { ptr: 0x98d24800, alive: true }\x1b[1m}\x1b[0m\x1b[2m:\x1b[0m com.system76.CosmicAppletTiling:     maximized: false,
[2m1970-01-01T00:00:08.732487Z[0m [32m INFO[0m [1mcosmic-panel[0m[2m:[0m [2mcosmic_session::notifications[0m[2m:[0m \x1b[2m1970-01-01T00:00:08.469228Z\x1b[0m \x1b[32m INFO\x1b[0m \x1b[1mstdout\x1b[0m\x1b[1m{\x1b[0m\x1b[3mclient\x1b[0m\x1b[2m=\x1b[0mInnerClientId { ptr: 0x98d24800, alive: true }\x1b[1m}\x1b[0m\x1b[2m:\x1b[0m com.system76.CosmicAppletTiling:     visible: false,
[2m1970-01-01T00:00:08.734941Z[0m [32m INFO[0m [1mcosmic-panel[0m[2m:[0m [2mcosmic_session::notifications[0m[2m:[0m \x1b[2m1970-01-01T00:00:08.469239Z\x1b[0m \x1b[32m INFO\x1b[0m \x1b[1mstdout\x1b[0m\x1b[1m{\x1b[0m\x1b[3mclient\x1b[0m\x1b[2m=\x1b[0mInnerClientId { ptr: 0x98d24800, alive: true }\x1b[1m}\x1b[0m\x1b[2m:\x1b[0m com.system76.CosmicAppletTiling:     transparent: true,
[2m1970-01-01T00:00:08.737359Z[0m [32m INFO[0m [1mcosmic-panel[0m[2m:[0m [2mcosmic_session::notifications[0m[2m:[0m \x1b[2m1970-01-01T00:00:08.469250Z\x1b[0m \x1b[32m INFO\x1b[0m \x1b[1mstdout\x1b[0m\x1b[1m{\x1b[0m\x1b[3mclient\x1b[0m\x1b[2m=\x1b[0mInnerClientId { ptr: 0x98d24800, alive: true }\x1b[1m}\x1b[0m\x1b[2m:\x1b[0m com.system76.CosmicAppletTiling:     blur: false,
[2m1970-01-01T00:00:08.739769Z[0m [32m INFO[0m [1mcosmic-panel[0m[2m:[0m [2mcosmic_session::notifications[0m[2m:[0m \x1b[2m1970-01-01T00:00:08.469263Z\x1b[0m \x1b[32m INFO\x1b[0m \x1b[1mstdout\x1b[0m\x1b[1m{\x1b[0m\x1b[3mclient\x1b[0m\x1b[2m=\x1b[0mInnerClientId { ptr: 0x98d24800, alive: true }\x1b[1m}\x1b[0m\x1b[2m:\x1b[0m com.system76.CosmicAppletTiling:     decorations: false,
[2m1970-01-01T00:00:08.740011Z[0m [32m INFO[0m [1mcosmic-panel[0m[2m:[0m [2mcosmic_session::notifications[0m[2m:[0m \x1b[2m1970-01-01T00:00:08.469276Z\x1b[0m \x1b[32m INFO\x1b[0m \x1b[1mstdout\x1b[0m\x1b[1m{\x1b[0m\x1b[3mclient\x1b[0m\x1b[2m=\x1b[0mInnerClientId { ptr: 0x98d24800, alive: true }\x1b[1m}\x1b[0m\x1b[2m:\x1b[0m com.system76.CosmicAppletTiling:     window_icon: None,
[2m1970-01-01T00:00:08.743255Z[0m [32m INFO[0m [1mcosmic-panel[0m[2m:[0m [2mcosmic_session::notifications[0m[2m:[0m \x1b[2m1970-01-01T00:00:08.469290Z\x1b[0m \x1b[32m INFO\x1b[0m \x1b[1mstdout\x1b[0m\x1b[1m{\x1b[0m\x1b[3mclient\x1b[0m\x1b[2m=\x1b[0mInnerClientId { ptr: 0x98d24800, alive: true }\x1b[1m}\x1b[0m\x1b[2m:\x1b[0m com.system76.CosmicAppletTiling:     preferred_theme: None,
[2m1970-01-01T00:00:08.745775Z[0m [32m INFO[0m [1mcosmic-panel[0m[2m:[0m [2mcosmic_session::notifications[0m[2m:[0m \x1b[2m1970-01-01T00:00:08.592048Z\x1b[0m \x1b[32m INFO\x1b[0m \x1b[1mstdout\x1b[0m\x1b[1m{\x1b[0m\x1b[3mclient\x1b[0m\x1b[2m=\x1b[0mInnerClientId { ptr: 0x98d24800, alive: true }\x1b[1m}\x1b[0m\x1b[2m:\x1b[0m com.system76.CosmicAppletTiling:     content_protected: false,
[2m1970-01-01T00:00:08.748961Z[0m [32m INFO[0m [1mcosmic-panel[0m[2m:[0m [2mcosmic_session::notifications[0m[2m:[0m \x1b[2m1970-01-01T00:00:08.592086Z\x1b[0m \x1b[32m INFO\x1b[0m \x1b[1mstdout\x1b[0m\x1b[1m{\x1b[0m\x1b[3mclient\x1b[0m\x1b[2m=\x1b[0mInnerClientId { ptr: 0x98d24800, alive: true }\x1b[1m}\x1b[0m\x1b[2m:\x1b[0m com.system76.CosmicAppletTiling:     window_level: Normal,
[2m1970-01-01T00:00:08.750023Z[0m [32m INFO[0m [1mcosmic-panel[0m[2m:[0m [2mcosmic_session::notifications[0m[2m:[0m \x1b[2m1970-01-01T00:00:08.592118Z\x1b[0m \x1b[32m INFO\x1b[0m \x1b[1mstdout\x1b[0m\x1b[1m{\x1b[0m\x1b[3mclient\x1b[0m\x1b[2m=\x1b[0mInnerClientId { ptr: 0x98d24800, alive: true }\x1b[1m}\x1b[0m\x1b[2m:\x1b[0m com.system76.CosmicAppletTiling:     active: true,
[2m1970-01-01T00:00:08.752850Z[0m [32m INFO[0m [1mcosmic-panel[0m[2m:[0m [2mcosmic_session::notifications[0m[2m:[0m \x1b[2m1970-01-01T00:00:08.592147Z\x1b[0m \x1b[32m INFO\x1b[0m \x1b[1mstdout\x1b[0m\x1b[1m{\x1b[0m\x1b[3mclient\x1b[0m\x1b[2m=\x1b[0mInnerClientId { ptr: 0x98d24800, alive: true }\x1b[1m}\x1b[0m\x1b[2m:\x1b[0m com.system76.CosmicAppletTiling:     cursor: Icon(
[2m1970-01-01T00:00:08.755861Z[0m [32m INFO[0m [1mcosmic-panel[0m[2m:[0m [2mcosmic_session::notifications[0m[2m:[0m \x1b[2m1970-01-01T00:00:08.592182Z\x1b[0m \x1b[32m INFO\x1b[0m \x1b[1mstdout\x1b[0m\x1b[1m{\x1b[0m\x1b[3mclient\x1b[0m\x1b[2m=\x1b[0mInnerClientId { ptr: 0x98d24800, alive: true }\x1b[1m}\x1b[0m\x1b[2m:\x1b[0m com.system76.CosmicAppletTiling:         Default,
[2m1970-01-01T00:00:08.758980Z[0m [32m INFO[0m [1mcosmic-panel[0m[2m:[0m [2mcosmic_session::notifications[0m[2m:[0m \x1b[2m1970-01-01T00:00:08.592215Z\x1b[0m \x1b[32m INFO\x1b[0m \x1b[1mstdout\x1b[0m\x1b[1m{\x1b[0m\x1b[3mclient\x1b[0m\x1b[2m=\x1b[0mInnerClientId { ptr: 0x98d24800, alive: true }\x1b[1m}\x1b[0m\x1b[2m:\x1b[0m com.system76.CosmicAppletTiling:     ),
[2m1970-01-01T00:00:08.760020Z[0m [32m INFO[0m [1mcosmic-panel[0m[2m:[0m [2mcosmic_session::notifications[0m[2m:[0m \x1b[2m1970-01-01T00:00:08.592245Z\x1b[0m \x1b[32m INFO\x1b[0m \x1b[1mstdout\x1b[0m\x1b[1m{\x1b[0m\x1b[3mclient\x1b[0m\x1b[2m=\x1b[0mInnerClientId { ptr: 0x98d24800, alive: true }\x1b[1m}\x1b[0m\x1b[2m:\x1b[0m com.system76.CosmicAppletTiling:     parent_window: None,
[2m1970-01-01T00:00:08.762509Z[0m [32m INFO[0m [1mcosmic-panel[0m[2m:[0m [2mcosmic_session::notifications[0m[2m:[0m \x1b[2m1970-01-01T00:00:08.592276Z\x1b[0m \x1b[32m INFO\x1b[0m \x1b[1mstdout\x1b[0m\x1b[1m{\x1b[0m\x1b[3mclient\x1b[0m\x1b[2m=\x1b[0mInnerClientId { ptr: 0x98d24800, alive: true }\x1b[1m}\x1b[0m\x1b[2m:\x1b[0m com.system76.CosmicAppletTiling:     fullscreen: None,
[2m1970-01-01T00:00:08.764977Z[0m [32m INFO[0m [1mcosmic-panel[0m[2m:[0m [2mcosmic_session::notifications[0m[2m:[0m \x1b[2m1970-01-01T00:00:08.592306Z\x1b[0m \x1b[32m INFO\x1b[0m \x1b[1mstdout\x1b[0m\x1b[1m{\x1b[0m\x1b[3mclient\x1b[0m\x1b[2m=\x1b[0mInnerClientId { ptr: 0x98d24800, alive: true }\x1b[1m}\x1b[0m\x1b[2m:\x1b[0m com.system76.CosmicAppletTiling:     platform: Some(
[2m1970-01-01T00:00:08.767409Z[0m [32m INFO[0m [1mcosmic-panel[0m[2m:[0m [2mcosmic_session::notifications[0m[2m:[0m \x1b[2m1970-01-01T00:00:08.592338Z\x1b[0m \x1b[32m INFO\x1b[0m \x1b[1mstdout\x1b[0m\x1b[1m{\x1b[0m\x1b[3mclient\x1b[0m\x1b[2m=\x1b[0mInnerClientId { ptr: 0x98d24800, alive: true }\x1b[1m}\x1b[0m\x1b[2m:\x1b[0m com.system76.CosmicAppletTiling:         WindowAttributesWayland {
[2m1970-01-01T00:00:08.769867Z[0m [32m INFO[0m [1mcosmic-panel[0m[2m:[0m [2mcosmic_session::notifications[0m[2m:[0m \x1b[2m1970-01-01T00:00:08.592370Z\x1b[0m \x1b[32m INFO\x1b[0m \x1b[1mstdout\x1b[0m\x1b[1m{\x1b[0m\x1b[3mclient\x1b[0m\x1b[2m=\x1b[0mInnerClientId { ptr: 0x98d24800, alive: true }\x1b[1m}\x1b[0m\x1b[2m:\x1b[0m com.system76.CosmicAppletTiling:             name: Some(
[2m1970-01-01T00:00:08.770011Z[0m [32m INFO[0m [1mcosmic-panel[0m[2m:[0m [2mcosmic_session::notifications[0m[2m:[0m \x1b[2m1970-01-01T00:00:08.592399Z\x1b[0m \x1b[32m INFO\x1b[0m \x1b[1mstdout\x1b[0m\x1b[1m{\x1b[0m\x1b[3mclient\x1b[0m\x1b[2m=\x1b[0mInnerClientId { ptr: 0x98d24800, alive: true }\x1b[1m}\x1b[0m\x1b[2m:\x1b[0m com.system76.CosmicAppletTiling:                 ApplicationName {
[2m1970-01-01T00:00:08.772495Z[0m [32m INFO[0m [1mcosmic-panel[0m[2m:[0m [2mcosmic_session::notifications[0m[2m:[0m \x1b[2m1970-01-01T00:00:08.592436Z\x1b[0m \x1b[32m INFO\x1b[0m \x1b[1mstdout\x1b[0m\x1b[1m{\x1b[0m\x1b[3mclient\x1b[0m\x1b[2m=\x1b[0mInnerClientId { ptr: 0x98d24800, alive: true }\x1b[1m}\x1b[0m\x1b[2m:\x1b[0m com.system76.CosmicAppletTiling:                     general: "com.system76.CosmicAppletTiling",
[2m1970-01-01T00:00:08.775153Z[0m [32m INFO[0m [1mcosmic-panel[0m[2m:[0m [2mcosmic_session::notifications[0m[2m:[0m \x1b[2m1970-01-01T00:00:08.592471Z\x1b[0m \x1b[32m INFO\x1b[0m \x1b[1mstdout\x1b[0m\x1b[1m{\x1b[0m\x1b[3mclient\x1b[0m\x1b[2m=\x1b[0mInnerClientId { ptr: 0x98d24800, alive: true }\x1b[1m}\x1b[0m\x1b[2m:\x1b[0m com.system76.CosmicAppletTiling:                     instance: "com.system76.CosmicAppletTiling",
[2m1970-01-01T00:00:08.777826Z[0m [32m INFO[0m [1mcosmic-panel[0m[2m:[0m [2mcosmic_session::notifications[0m[2m:[0m \x1b[2m1970-01-01T00:00:08.592503Z\x1b[0m \x1b[32m INFO\x1b[0m \x1b[1mstdout\x1b[0m\x1b[1m{\x1b[0m\x1b[3mclient\x1b[0m\x1b[2m=\x1b[0mInnerClientId { ptr: 0x98d24800, alive: true }\x1b[1m}\x1b[0m\x1b[2m:\x1b[0m com.system76.CosmicAppletTiling:                 },
[2m1970-01-01T00:00:08.780015Z[0m [32m INFO[0m [1mcosmic-panel[0m[2m:[0m [2mcosmic_session::notifications[0m[2m:[0m \x1b[2m1970-01-01T00:00:08.592534Z\x1b[0m \x1b[32m INFO\x1b[0m \x1b[1mstdout\x1b[0m\x1b[1m{\x1b[0m\x1b[3mclient\x1b[0m\x1b[2m=\x1b[0mInnerClientId { ptr: 0x98d24800, alive: true }\x1b[1m}\x1b[0m\x1b[2m:\x1b[0m com.system76.CosmicAppletTiling:             ),
[2m1970-01-01T00:00:08.783483Z[0m [32m INFO[0m [1mcosmic-panel[0m[2m:[0m [2mcosmic_session::notifications[0m[2m:[0m \x1b[2m1970-01-01T00:00:08.592570Z\x1b[0m \x1b[32m INFO\x1b[0m \x1b[1mstdout\x1b[0m\x1b[1m{\x1b[0m\x1b[3mclient\x1b[0m\x1b[2m=\x1b[0mInnerClientId { ptr: 0x98d24800, alive: true }\x1b[1m}\x1b[0m\x1b[2m:\x1b[0m com.system76.CosmicAppletTiling:             activation_token: None,
[2m1970-01-01T00:00:08.786271Z[0m [32m INFO[0m [1mcosmic-panel[0m[2m:[0m [2mcosmic_session::notifications[0m[2m:[0m \x1b[2m1970-01-01T00:00:08.592600Z\x1b[0m \x1b[32m INFO\x1b[0m \x1b[1mstdout\x1b[0m\x1b[1m{\x1b[0m\x1b[3mclient\x1b[0m\x1b[2m=\x1b[0mInnerClientId { ptr: 0x98d24800, alive: true }\x1b[1m}\x1b[0m\x1b[2m:\x1b[0m com.system76.CosmicAppletTiling:             prefer_csd: false,
[2m1970-01-01T00:00:08.788718Z[0m [32m INFO[0m [1mcosmic-panel[0m[2m:[0m [2mcosmic_session::notifications[0m[2m:[0m \x1b[2m1970-01-01T00:00:08.613728Z\x1b[0m \x1b[32m INFO\x1b[0m \x1b[1mstdout\x1b[0m\x1b[1m{\x1b[0m\x1b[3mclient\x1b[0m\x1b[2m=\x1b[0mInnerClientId { ptr: 0x98d24800, alive: true }\x1b[1m}\x1b[0m\x1b[2m:\x1b[0m com.system76.CosmicAppletTiling:         },
[2m1970-01-01T00:00:08.790011Z[0m [32m INFO[0m [1mcosmic-panel[0m[2m:[0m [2mcosmic_session::notifications[0m[2m:[0m \x1b[2m1970-01-01T00:00:08.613779Z\x1b[0m \x1b[32m INFO\x1b[0m \x1b[1mstdout\x1b[0m\x1b[1m{\x1b[0m\x1b[3mclient\x1b[0m\x1b[2m=\x1b[0mInnerClientId { ptr: 0x98d24800, alive: true }\x1b[1m}\x1b[0m\x1b[2m:\x1b[0m com.system76.CosmicAppletTiling:     ),
[2m1970-01-01T00:00:08.793477Z[0m [32m INFO[0m [1mcosmic-panel[0m[2m:[0m [2mcosmic_session::notifications[0m[2m:[0m \x1b[2m1970-01-01T00:00:08.613817Z\x1b[0m \x1b[32m INFO\x1b[0m \x1b[1mstdout\x1b[0m\x1b[1m{\x1b[0m\x1b[3mclient\x1b[0m\x1b[2m=\x1b[0mInnerClientId { ptr: 0x98d24800, alive: true }\x1b[1m}\x1b[0m\x1b[2m:\x1b[0m com.system76.CosmicAppletTiling: }
[2m1970-01-01T00:00:08.796703Z[0m [32m INFO[0m [1mcosmic-panel[0m[2m:[0m [2mcosmic_session::notifications[0m[2m:[0m \x1b[2m1970-01-01T00:00:08.613851Z\x1b[0m \x1b[32m INFO\x1b[0m \x1b[1mstdout\x1b[0m\x1b[1m{\x1b[0m\x1b[3mclient\x1b[0m\x1b[2m=\x1b[0mInnerClientId { ptr: 0x98d24800, alive: true }\x1b[1m}\x1b[0m\x1b[2m:\x1b[0m com.system76.CosmicAppletTiling: \x1b[2m1970-01-01T00:00:07.228979Z\x1b[0m \x1b[33m WARN\x1b[0m \x1b[2mwinit_wayland::window::state\x1b[0m\x1b[2m:\x1b[0m `xdg_toplevel_icon_manager_v1` is not supported
[2m1970-01-01T00:00:08.800020Z[0m [32m INFO[0m [1mcosmic-panel[0m[2m:[0m [2mcosmic_session::notifications[0m[2m:[0m \x1b[2m1970-01-01T00:00:08.613883Z\x1b[0m \x1b[32m INFO\x1b[0m \x1b[1mstdout\x1b[0m\x1b[1m{\x1b[0m\x1b[3mclient\x1b[0m\x1b[2m=\x1b[0mInnerClientId { ptr: 0x9a0092f0, alive: true }\x1b[1m}\x1b[0m\x1b[2m:\x1b[0m com.system76.CosmicPanelAppButton: \x1b[2m1970-01-01T00:00:07.164593Z\x1b[0m \x1b[32m INFO\x1b[0m \x1b[2miced_winit\x1b[0m\x1b[2m:\x1b[0m System theme: None
[2m1970-01-01T00:00:08.803186Z[0m [32m INFO[0m [1mcosmic-panel[0m[2m:[0m [2mcosmic_session::notifications[0m[2m:[0m \x1b[2m1970-01-01T00:00:08.613913Z\x1b[0m \x1b[32m INFO\x1b[0m \x1b[1mstdout\x1b[0m\x1b[1m{\x1b[0m\x1b[3mclient\x1b[0m\x1b[2m=\x1b[0mInnerClientId { ptr: 0x9a0092f0, alive: true }\x1b[1m}\x1b[0m\x1b[2m:\x1b[0m com.system76.CosmicPanelAppButton: \x1b[2m1970-01-01T00:00:07.165672Z\x1b[0m \x1b[32m INFO\x1b[0m \x1b[2miced_winit\x1b[0m\x1b[2m:\x1b[0m Window attributes for id `Id(
[2m1970-01-01T00:00:08.807156Z[0m [32m INFO[0m [1mcosmic-panel[0m[2m:[0m [2mcosmic_session::notifications[0m[2m:[0m \x1b[2m1970-01-01T00:00:08.613942Z\x1b[0m \x1b[32m INFO\x1b[0m \x1b[1mstdout\x1b[0m\x1b[1m{\x1b[0m\x1b[3mclient\x1b[0m\x1b[2m=\x1b[0mInnerClientId { ptr: 0x9a0092f0, alive: true }\x1b[1m}\x1b[0m\x1b[2m:\x1b[0m com.system76.CosmicPanelAppButton:     1,
[2m1970-01-01T00:00:08.810021Z[0m [32m INFO[0m [1mcosmic-panel[0m[2m:[0m [2mcosmic_session::notifications[0m[2m:[0m \x1b[2m1970-01-01T00:00:08.613972Z\x1b[0m \x1b[32m INFO\x1b[0m \x1b[1mstdout\x1b[0m\x1b[1m{\x1b[0m\x1b[3mclient\x1b[0m\x1b[2m=\x1b[0mInnerClientId { ptr: 0x9a0092f0, alive: true }\x1b[1m}\x1b[0m\x1b[2m:\x1b[0m com.system76.CosmicPanelAppButton: )`: WindowAttributes {
[2m1970-01-01T00:00:08.812951Z[0m [32m INFO[0m [1mcosmic-panel[0m[2m:[0m [2mcosmic_session::notifications[0m[2m:[0m \x1b[2m1970-01-01T00:00:08.614002Z\x1b[0m \x1b[31mERROR\x1b[0m \x1b[1mstderr\x1b[0m\x1b[1m{\x1b[0m\x1b[3mclient\x1b[0m\x1b[2m=\x1b[0mInnerClientId { ptr: 0x9a0092f0, alive: true }\x1b[1m}\x1b[0m\x1b[2m:\x1b[0m com.system76.CosmicPanelAppButton: xkbcommon: ERROR: couldn't find a Compose file for locale "C" (mapped to "C")
[2m1970-01-01T00:00:08.815774Z[0m [32m INFO[0m [1mcosmic-panel[0m[2m:[0m [2mcosmic_session::notifications[0m[2m:[0m \x1b[2m1970-01-01T00:00:08.614033Z\x1b[0m \x1b[32m INFO\x1b[0m \x1b[1mstdout\x1b[0m\x1b[1m{\x1b[0m\x1b[3mclient\x1b[0m\x1b[2m=\x1b[0mInnerClientId { ptr: 0x9a0092f0, alive: true }\x1b[1m}\x1b[0m\x1b[2m:\x1b[0m com.system76.CosmicPanelAppButton:     surface_size: Some(
[2m1970-01-01T00:00:08.818235Z[0m [32m INFO[0m [1mcosmic-panel[0m[2m:[0m [2mcosmic_session::notifications[0m[2m:[0m \x1b[2m1970-01-01T00:00:08.614063Z\x1b[0m \x1b[32m INFO\x1b[0m \x1b[1mstdout\x1b[0m\x1b[1m{\x1b[0m\x1b[3mclient\x1b[0m\x1b[2m=\x1b[0mInnerClientId { ptr: 0x9a0092f0, alive: true }\x1b[1m}\x1b[0m\x1b[2m:\x1b[0m com.system76.CosmicPanelAppButton:         Logical(
[2m1970-01-01T00:00:08.820010Z[0m [32m INFO[0m [1mcosmic-panel[0m[2m:[0m [2mcosmic_session::notifications[0m[2m:[0m \x1b[2m1970-01-01T00:00:08.614096Z\x1b[0m \x1b[31mERROR\x1b[0m \x1b[1mstderr\x1b[0m\x1b[1m{\x1b[0m\x1b[3mclient\x1b[0m\x1b[2m=\x1b[0mInnerClientId { ptr: 0x9a0092f0, alive: true }\x1b[1m}\x1b[0m\x1b[2m:\x1b[0m com.system76.CosmicPanelAppButton: xkbcommon: ERROR: couldn't find a Compose file for locale "C" (mapped to "C")
[2m1970-01-01T00:00:08.822822Z[0m [32m INFO[0m [1mcosmic-panel[0m[2m:[0m [2mcosmic_session::notifications[0m[2m:[0m \x1b[2m1970-01-01T00:00:08.614131Z\x1b[0m \x1b[32m INFO\x1b[0m \x1b[1mstdout\x1b[0m\x1b[1m{\x1b[0m\x1b[3mclient\x1b[0m\x1b[2m=\x1b[0mInnerClientId { ptr: 0x9a0092f0, alive: true }\x1b[1m}\x1b[0m\x1b[2m:\x1b[0m com.system76.CosmicPanelAppButton:             LogicalSize {
[2m1970-01-01T00:00:08.825276Z[0m [32m INFO[0m [1mcosmic-panel[0m[2m:[0m [2mcosmic_session::notifications[0m[2m:[0m \x1b[2m1970-01-01T00:00:08.614164Z\x1b[0m \x1b[32m INFO\x1b[0m \x1b[1mstdout\x1b[0m\x1b[1m{\x1b[0m\x1b[3mclient\x1b[0m\x1b[2m=\x1b[0mInnerClientId { ptr: 0x9a0092f0, alive: true }\x1b[1m}\x1b[0m\x1b[2m:\x1b[0m com.system76.CosmicPanelAppButton:                 width: 72.0,
[2m1970-01-01T00:00:08.827727Z[0m [32m INFO[0m [1mcosmic-panel[0m[2m:[0m [2mcosmic_session::notifications[0m[2m:[0m \x1b[2m1970-01-01T00:00:08.614195Z\x1b[0m \x1b[32m INFO\x1b[0m \x1b[1mstdout\x1b[0m\x1b[1m{\x1b[0m\x1b[3mclient\x1b[0m\x1b[2m=\x1b[0mInnerClientId { ptr: 0x9a0092f0, alive: true }\x1b[1m}\x1b[0m\x1b[2m:\x1b[0m com.system76.CosmicPanelAppButton:                 height: 64.0,
[2m1970-01-01T00:00:08.830021Z[0m [32m INFO[0m [1mcosmic-panel[0m[2m:[0m [2mcosmic_session::notifications[0m[2m:[0m \x1b[2m1970-01-01T00:00:08.614228Z\x1b[0m \x1b[32m INFO\x1b[0m \x1b[1mstdout\x1b[0m\x1b[1m{\x1b[0m\x1b[3mclient\x1b[0m\x1b[2m=\x1b[0mInnerClientId { ptr: 0x9a0092f0, alive: true }\x1b[1m}\x1b[0m\x1b[2m:\x1b[0m com.system76.CosmicPanelAppButton:             },
[2m1970-01-01T00:00:08.832647Z[0m [32m INFO[0m [1mcosmic-panel[0m[2m:[0m [2mcosmic_session::notifications[0m[2m:[0m \x1b[2m1970-01-01T00:00:08.614260Z\x1b[0m \x1b[32m INFO\x1b[0m \x1b[1mstdout\x1b[0m\x1b[1m{\x1b[0m\x1b[3mclient\x1b[0m\x1b[2m=\x1b[0mInnerClientId { ptr: 0x9a0092f0, alive: true }\x1b[1m}\x1b[0m\x1b[2m:\x1b[0m com.system76.CosmicPanelAppButton:         ),
[2m1970-01-01T00:00:08.835145Z[0m [32m INFO[0m [1mcosmic-panel[0m[2m:[0m [2mcosmic_session::notifications[0m[2m:[0m \x1b[2m1970-01-01T00:00:08.660187Z\x1b[0m \x1b[32m INFO\x1b[0m \x1b[1mstdout\x1b[0m\x1b[1m{\x1b[0m\x1b[3mclient\x1b[0m\x1b[2m=\x1b[0mInnerClientId { ptr: 0x9a0092f0, alive: true }\x1b[1m}\x1b[0m\x1b[2m:\x1b[0m com.system76.CosmicPanelAppButton:     ),
[2m1970-01-01T00:00:08.837488Z[0m [32m INFO[0m [1mcosmic-panel[0m[2m:[0m [2mcosmic_session::notifications[0m[2m:[0m \x1b[2m1970-01-01T00:00:08.660231Z\x1b[0m \x1b[32m INFO\x1b[0m \x1b[1mstdout\x1b[0m\x1b[1m{\x1b[0m\x1b[3mclient\x1b[0m\x1b[2m=\x1b[0mInnerClientId { ptr: 0x9a0092f0, alive: true }\x1b[1m}\x1b[0m\x1b[2m:\x1b[0m com.system76.CosmicPanelAppButton:     min_surface_size: Some(
[2m1970-01-01T00:00:08.839977Z[0m [32m INFO[0m [1mcosmic-panel[0m[2m:[0m [2mcosmic_session::notifications[0m[2m:[0m \x1b[2m1970-01-01T00:00:08.660266Z\x1b[0m \x1b[32m INFO\x1b[0m \x1b[1mstdout\x1b[0m\x1b[1m{\x1b[0m\x1b[3mclient\x1b[0m\x1b[2m=\x1b[0mInnerClientId { ptr: 0x9a0092f0, alive: true }\x1b[1m}\x1b[0m\x1b[2m:\x1b[0m com.system76.CosmicPanelAppButton:         Logical(
[2m1970-01-01T00:00:08.842423Z[0m [32m INFO[0m [1mcosmic-panel[0m[2m:[0m [2mcosmic_session::notifications[0m[2m:[0m \x1b[2m1970-01-01T00:00:08.660298Z\x1b[0m \x1b[32m INFO\x1b[0m \x1b[1mstdout\x1b[0m\x1b[1m{\x1b[0m\x1b[3mclient\x1b[0m\x1b[2m=\x1b[0mInnerClientId { ptr: 0x9a0092f0, alive: true }\x1b[1m}\x1b[0m\x1b[2m:\x1b[0m com.system76.CosmicPanelAppButton:             LogicalSize {
[2m1970-01-01T00:00:08.845882Z[0m [32m INFO[0m [1mcosmic-panel[0m[2m:[0m [2mcosmic_session::notifications[0m[2m:[0m \x1b[2m1970-01-01T00:00:08.660332Z\x1b[0m \x1b[32m INFO\x1b[0m \x1b[1mstdout\x1b[0m\x1b[1m{\x1b[0m\x1b[3mclient\x1b[0m\x1b[2m=\x1b[0mInnerClientId { ptr: 0x9a0092f0, alive: true }\x1b[1m}\x1b[0m\x1b[2m:\x1b[0m com.system76.CosmicPanelAppButton:                 width: 72.0,
[2m1970-01-01T00:00:08.849226Z[0m [32m INFO[0m [1mcosmic-panel[0m[2m:[0m [2mcosmic_session::notifications[0m[2m:[0m \x1b[2m1970-01-01T00:00:08.660366Z\x1b[0m \x1b[32m INFO\x1b[0m \x1b[1mstdout\x1b[0m\x1b[1m{\x1b[0m\x1b[3mclient\x1b[0m\x1b[2m=\x1b[0mInnerClientId { ptr: 0x9a0092f0, alive: true }\x1b[1m}\x1b[0m\x1b[2m:\x1b[0m com.system76.CosmicPanelAppButton:                 height: 64.0,
[2m1970-01-01T00:00:08.852069Z[0m [32m INFO[0m [1mcosmic-panel[0m[2m:[0m [2mcosmic_session::notifications[0m[2m:[0m \x1b[2m1970-01-01T00:00:08.660395Z\x1b[0m \x1b[32m INFO\x1b[0m \x1b[1mstdout\x1b[0m\x1b[1m{\x1b[0m\x1b[3mclient\x1b[0m\x1b[2m=\x1b[0mInnerClientId { ptr: 0x9a0092f0, alive: true }\x1b[1m}\x1b[0m\x1b[2m:\x1b[0m com.system76.CosmicPanelAppButton:             },
[2m1970-01-01T00:00:08.855528Z[0m [32m INFO[0m [1mcosmic-panel[0m[2m:[0m [2mcosmic_session::notifications[0m[2m:[0m \x1b[2m1970-01-01T00:00:08.660425Z\x1b[0m \x1b[32m INFO\x1b[0m \x1b[1mstdout\x1b[0m\x1b[1m{\x1b[0m\x1b[3mclient\x1b[0m\x1b[2m=\x1b[0mInnerClientId { ptr: 0x9a0092f0, alive: true }\x1b[1m}\x1b[0m\x1b[2m:\x1b[0m com.system76.CosmicPanelAppButton:         ),
[2m1970-01-01T00:00:08.859029Z[0m [32m INFO[0m [1mcosmic-panel[0m[2m:[0m [2mcosmic_session::notifications[0m[2m:[0m \x1b[2m1970-01-01T00:00:08.660454Z\x1b[0m \x1b[32m INFO\x1b[0m \x1b[1mstdout\x1b[0m\x1b[1m{\x1b[0m\x1b[3mclient\x1b[0m\x1b[2m=\x1b[0mInnerClientId { ptr: 0x9a0092f0, alive: true }\x1b[1m}\x1b[0m\x1b[2m:\x1b[0m com.system76.CosmicPanelAppButton:     ),
[2m1970-01-01T00:00:08.862505Z[0m [32m INFO[0m [1mcosmic-panel[0m[2m:[0m [2mcosmic_session::notifications[0m[2m:[0m \x1b[2m1970-01-01T00:00:08.660486Z\x1b[0m \x1b[32m INFO\x1b[0m \x1b[1mstdout\x1b[0m\x1b[1m{\x1b[0m\x1b[3mclient\x1b[0m\x1b[2m=\x1b[0mInnerClientId { ptr: 0x9a0092f0, alive: true }\x1b[1m}\x1b[0m\x1b[2m:\x1b[0m com.system76.CosmicPanelAppButton:     max_surface_size: None,
[2m1970-01-01T00:00:08.866322Z[0m [32m INFO[0m [1mcosmic-panel[0m[2m:[0m [2mcosmic_session::notifications[0m[2m:[0m \x1b[2m1970-01-01T00:00:08.660516Z\x1b[0m \x1b[32m INFO\x1b[0m \x1b[1mstdout\x1b[0m\x1b[1m{\x1b[0m\x1b[3mclient\x1b[0m\x1b[2m=\x1b[0mInnerClientId { ptr: 0x9a0092f0, alive: true }\x1b[1m}\x1b[0m\x1b[2m:\x1b[0m com.system76.CosmicPanelAppButton:     surface_resize_increments: None,
[2m1970-01-01T00:00:08.870096Z[0m [32m INFO[0m [1mcosmic-panel[0m[2m:[0m [2mcosmic_session::notifications[0m[2m:[0m \x1b[2m1970-01-01T00:00:08.660545Z\x1b[0m \x1b[32m INFO\x1b[0m \x1b[1mstdout\x1b[0m\x1b[1m{\x1b[0m\x1b[3mclient\x1b[0m\x1b[2m=\x1b[0mInnerClientId { ptr: 0x9a0092f0, alive: true }\x1b[1m}\x1b[0m\x1b[2m:\x1b[0m com.system76.CosmicPanelAppButton:     position: None,
[2m1970-01-01T00:00:08.873791Z[0m [32m INFO[0m [1mcosmic-panel[0m[2m:[0m [2mcosmic_session::notifications[0m[2m:[0m \x1b[2m1970-01-01T00:00:08.660577Z\x1b[0m \x1b[32m INFO\x1b[0m \x1b[1mstdout\x1b[0m\x1b[1m{\x1b[0m\x1b[3mclient\x1b[0m\x1b[2m=\x1b[0mInnerClientId { ptr: 0x9a0092f0, alive: true }\x1b[1m}\x1b[0m\x1b[2m:\x1b[0m com.system76.CosmicPanelAppButton:     resizable: false,
[2m1970-01-01T00:00:08.877542Z[0m [32m INFO[0m [1mcosmic-panel[0m[2m:[0m [2mcosmic_session::notifications[0m[2m:[0m \x1b[2m1970-01-01T00:00:08.660608Z\x1b[0m \x1b[32m INFO\x1b[0m \x1b[1mstdout\x1b[0m\x1b[1m{\x1b[0m\x1b[3mclient\x1b[0m\x1b[2m=\x1b[0mInnerClientId { ptr: 0x9a0092f0, alive: true }\x1b[1m}\x1b[0m\x1b[2m:\x1b[0m com.system76.CosmicPanelAppButton:     enabled_buttons: WindowButtons(
[2m1970-01-01T00:00:08.881143Z[0m [32m INFO[0m [1mcosmic-panel[0m[2m:[0m [2mcosmic_session::notifications[0m[2m:[0m \x1b[2m1970-01-01T00:00:08.660642Z\x1b[0m \x1b[32m INFO\x1b[0m \x1b[1mstdout\x1b[0m\x1b[1m{\x1b[0m\x1b[3mclient\x1b[0m\x1b[2m=\x1b[0mInnerClientId { ptr: 0x9a0092f0, alive: true }\x1b[1m}\x1b[0m\x1b[2m:\x1b[0m com.system76.CosmicPanelAppButton:         CLOSE | MINIMIZE,
[2m1970-01-01T00:00:08.884513Z[0m [32m INFO[0m [1mcosmic-panel[0m[2m:[0m [2mcosmic_session::notifications[0m[2m:[0m \x1b[2m1970-01-01T00:00:08.660674Z\x1b[0m \x1b[32m INFO\x1b[0m \x1b[1mstdout\x1b[0m\x1b[1m{\x1b[0m\x1b[3mclient\x1b[0m\x1b[2m=\x1b[0mInnerClientId { ptr: 0x9a0092f0, alive: true }\x1b[1m}\x1b[0m\x1b[2m:\x1b[0m com.system76.CosmicPanelAppButton:     ),
[2m1970-01-01T00:00:08.886897Z[0m [32m INFO[0m [1mcosmic-panel[0m[2m:[0m [2mcosmic_session::notifications[0m[2m:[0m \x1b[2m1970-01-01T00:00:08.660706Z\x1b[0m \x1b[32m INFO\x1b[0m \x1b[1mstdout\x1b[0m\x1b[1m{\x1b[0m\x1b[3mclient\x1b[0m\x1b[2m=\x1b[0mInnerClientId { ptr: 0x9a0092f0, alive: true }\x1b[1m}\x1b[0m\x1b[2m:\x1b[0m com.system76.CosmicPanelAppButton:     title: "Cosmic - Iced",
[2m1970-01-01T00:00:08.889632Z[0m [32m INFO[0m [1mcosmic-panel[0m[2m:[0m [2mcosmic_session::notifications[0m[2m:[0m \x1b[2m1970-01-01T00:00:08.660741Z\x1b[0m \x1b[32m INFO\x1b[0m \x1b[1mstdout\x1b[0m\x1b[1m{\x1b[0m\x1b[3mclient\x1b[0m\x1b[2m=\x1b[0mInnerClientId { ptr: 0x9a0092f0, alive: true }\x1b[1m}\x1b[0m\x1b[2m:\x1b[0m com.system76.CosmicPanelAppButton:     maximized: false,
[2m1970-01-01T00:00:08.892164Z[0m [32m INFO[0m [1mcosmic-panel[0m[2m:[0m [2mcosmic_session::notifications[0m[2m:[0m \x1b[2m1970-01-01T00:00:08.700162Z\x1b[0m \x1b[32m INFO\x1b[0m \x1b[1mstdout\x1b[0m\x1b[1m{\x1b[0m\x1b[3mclient\x1b[0m\x1b[2m=\x1b[0mInnerClientId { ptr: 0x9a0092f0, alive: true }\x1b[1m}\x1b[0m\x1b[2m:\x1b[0m com.system76.CosmicPanelAppButton:     visible: false,
[2m1970-01-01T00:00:08.894987Z[0m [32m INFO[0m [1mcosmic-panel[0m[2m:[0m [2mcosmic_session::notifications[0m[2m:[0m \x1b[2m1970-01-01T00:00:08.700203Z\x1b[0m \x1b[32m INFO\x1b[0m \x1b[1mstdout\x1b[0m\x1b[1m{\x1b[0m\x1b[3mclient\x1b[0m\x1b[2m=\x1b[0mInnerClientId { ptr: 0x9a0092f0, alive: true }\x1b[1m}\x1b[0m\x1b[2m:\x1b[0m com.system76.CosmicPanelAppButton:     transparent: true,
[2m1970-01-01T00:00:08.898085Z[0m [32m INFO[0m [1mcosmic-panel[0m[2m:[0m [2mcosmic_session::notifications[0m[2m:[0m \x1b[2m1970-01-01T00:00:08.700232Z\x1b[0m \x1b[32m INFO\x1b[0m \x1b[1mstdout\x1b[0m\x1b[1m{\x1b[0m\x1b[3mclient\x1b[0m\x1b[2m=\x1b[0mInnerClientId { ptr: 0x9a0092f0, alive: true }\x1b[1m}\x1b[0m\x1b[2m:\x1b[0m com.system76.CosmicPanelAppButton:     blur: false,
[2m1970-01-01T00:00:08.900601Z[0m [32m INFO[0m [1mcosmic-panel[0m[2m:[0m [2mcosmic_session::notifications[0m[2m:[0m \x1b[2m1970-01-01T00:00:08.700261Z\x1b[0m \x1b[32m INFO\x1b[0m \x1b[1mstdout\x1b[0m\x1b[1m{\x1b[0m\x1b[3mclient\x1b[0m\x1b[2m=\x1b[0mInnerClientId { ptr: 0x9a0092f0, alive: true }\x1b[1m}\x1b[0m\x1b[2m:\x1b[0m com.system76.CosmicPanelAppButton:     decorations: false,
[2m1970-01-01T00:00:08.902986Z[0m [32m INFO[0m [1mcosmic-panel[0m[2m:[0m [2mcosmic_session::notifications[0m[2m:[0m \x1b[2m1970-01-01T00:00:08.700288Z\x1b[0m \x1b[32m INFO\x1b[0m \x1b[1mstdout\x1b[0m\x1b[1m{\x1b[0m\x1b[3mclient\x1b[0m\x1b[2m=\x1b[0mInnerClientId { ptr: 0x9a0092f0, alive: true }\x1b[1m}\x1b[0m\x1b[2m:\x1b[0m com.system76.CosmicPanelAppButton:     window_icon: None,
[2m1970-01-01T00:00:08.906636Z[0m [32m INFO[0m [1mcosmic-panel[0m[2m:[0m [2mcosmic_session::notifications[0m[2m:[0m \x1b[2m1970-01-01T00:00:08.700315Z\x1b[0m \x1b[32m INFO\x1b[0m \x1b[1mstdout\x1b[0m\x1b[1m{\x1b[0m\x1b[3mclient\x1b[0m\x1b[2m=\x1b[0mInnerClientId { ptr: 0x9a0092f0, alive: true }\x1b[1m}\x1b[0m\x1b[2m:\x1b[0m com.system76.CosmicPanelAppButton:     preferred_theme: None,
[2m1970-01-01T00:00:08.909222Z[0m [32m INFO[0m [1mcosmic-panel[0m[2m:[0m [2mcosmic_session::notifications[0m[2m:[0m \x1b[2m1970-01-01T00:00:08.700348Z\x1b[0m \x1b[32m INFO\x1b[0m \x1b[1mstdout\x1b[0m\x1b[1m{\x1b[0m\x1b[3mclient\x1b[0m\x1b[2m=\x1b[0mInnerClientId { ptr: 0x9a0092f0, alive: true }\x1b[1m}\x1b[0m\x1b[2m:\x1b[0m com.system76.CosmicPanelAppButton:     content_protected: false,
[2m1970-01-01T00:00:08.911765Z[0m [32m INFO[0m [1mcosmic-panel[0m[2m:[0m [2mcosmic_session::notifications[0m[2m:[0m \x1b[2m1970-01-01T00:00:08.700373Z\x1b[0m \x1b[32m INFO\x1b[0m \x1b[1mstdout\x1b[0m\x1b[1m{\x1b[0m\x1b[3mclient\x1b[0m\x1b[2m=\x1b[0mInnerClientId { ptr: 0x9a0092f0, alive: true }\x1b[1m}\x1b[0m\x1b[2m:\x1b[0m com.system76.CosmicPanelAppButton:     window_level: Normal,
[2m1970-01-01T00:00:08.914211Z[0m [32m INFO[0m [1mcosmic-panel[0m[2m:[0m [2mcosmic_session::notifications[0m[2m:[0m \x1b[2m1970-01-01T00:00:08.700403Z\x1b[0m \x1b[32m INFO\x1b[0m \x1b[1mstdout\x1b[0m\x1b[1m{\x1b[0m\x1b[3mclient\x1b[0m\x1b[2m=\x1b[0mInnerClientId { ptr: 0x9a0092f0, alive: true }\x1b[1m}\x1b[0m\x1b[2m:\x1b[0m com.system76.CosmicPanelAppButton:     active: true,
[2m1970-01-01T00:00:08.916641Z[0m [32m INFO[0m [1mcosmic-panel[0m[2m:[0m [2mcosmic_session::notifications[0m[2m:[0m \x1b[2m1970-01-01T00:00:08.700430Z\x1b[0m \x1b[32m INFO\x1b[0m \x1b[1mstdout\x1b[0m\x1b[1m{\x1b[0m\x1b[3mclient\x1b[0m\x1b[2m=\x1b[0mInnerClientId { ptr: 0x9a0092f0, alive: true }\x1b[1m}\x1b[0m\x1b[2m:\x1b[0m com.system76.CosmicPanelAppButton:     cursor: Icon(
[2m1970-01-01T00:00:08.919119Z[0m [32m INFO[0m [1mcosmic-panel[0m[2m:[0m [2mcosmic_session::notifications[0m[2m:[0m \x1b[2m1970-01-01T00:00:08.700456Z\x1b[0m \x1b[32m INFO\x1b[0m \x1b[1mstdout\x1b[0m\x1b[1m{\x1b[0m\x1b[3mclient\x1b[0m\x1b[2m=\x1b[0mInnerClientId { ptr: 0x9a0092f0, alive: true }\x1b[1m}\x1b[0m\x1b[2m:\x1b[0m com.system76.CosmicPanelAppButton:         Default,
[2m1970-01-01T00:00:08.921379Z[0m [32m INFO[0m [1mcosmic-panel[0m[2m:[0m [2mcosmic_session::notifications[0m[2m:[0m \x1b[2m1970-01-01T00:00:08.700485Z\x1b[0m \x1b[32m INFO\x1b[0m \x1b[1mstdout\x1b[0m\x1b[1m{\x1b[0m\x1b[3mclient\x1b[0m\x1b[2m=\x1b[0mInnerClientId { ptr: 0x9a0092f0, alive: true }\x1b[1m}\x1b[0m\x1b[2m:\x1b[0m com.system76.CosmicPanelAppButton:     ),
[2m1970-01-01T00:00:08.923800Z[0m [32m INFO[0m [1mcosmic-panel[0m[2m:[0m [2mcosmic_session::notifications[0m[2m:[0m \x1b[2m1970-01-01T00:00:08.700511Z\x1b[0m \x1b[32m INFO\x1b[0m \x1b[1mstdout\x1b[0m\x1b[1m{\x1b[0m\x1b[3mclient\x1b[0m\x1b[2m=\x1b[0mInnerClientId { ptr: 0x9a0092f0, alive: true }\x1b[1m}\x1b[0m\x1b[2m:\x1b[0m com.system76.CosmicPanelAppButton:     parent_window: None,
[2m1970-01-01T00:00:08.926288Z[0m [32m INFO[0m [1mcosmic-panel[0m[2m:[0m [2mcosmic_session::notifications[0m[2m:[0m \x1b[2m1970-01-01T00:00:08.700538Z\x1b[0m \x1b[32m INFO\x1b[0m \x1b[1mstdout\x1b[0m\x1b[1m{\x1b[0m\x1b[3mclient\x1b[0m\x1b[2m=\x1b[0mInnerClientId { ptr: 0x9a0092f0, alive: true }\x1b[1m}\x1b[0m\x1b[2m:\x1b[0m com.system76.CosmicPanelAppButton:     fullscreen: None,
[2m1970-01-01T00:00:08.928915Z[0m [32m INFO[0m [1mcosmic-panel[0m[2m:[0m [2mcosmic_session::notifications[0m[2m:[0m \x1b[2m1970-01-01T00:00:08.700564Z\x1b[0m \x1b[32m INFO\x1b[0m \x1b[1mstdout\x1b[0m\x1b[1m{\x1b[0m\x1b[3mclient\x1b[0m\x1b[2m=\x1b[0mInnerClientId { ptr: 0x9a0092f0, alive: true }\x1b[1m}\x1b[0m\x1b[2m:\x1b[0m com.system76.CosmicPanelAppButton:     platform: Some(
[2m1970-01-01T00:00:08.931700Z[0m [32m INFO[0m [1mcosmic-panel[0m[2m:[0m [2mcosmic_session::notifications[0m[2m:[0m \x1b[2m1970-01-01T00:00:08.700590Z\x1b[0m \x1b[32m INFO\x1b[0m \x1b[1mstdout\x1b[0m\x1b[1m{\x1b[0m\x1b[3mclient\x1b[0m\x1b[2m=\x1b[0mInnerClientId { ptr: 0x9a0092f0, alive: true }\x1b[1m}\x1b[0m\x1b[2m:\x1b[0m com.system76.CosmicPanelAppButton:         WindowAttributesWayland {
[2m1970-01-01T00:00:08.935666Z[0m [32m INFO[0m [1mcosmic-panel[0m[2m:[0m [2mcosmic_session::notifications[0m[2m:[0m \x1b[2m1970-01-01T00:00:08.700618Z\x1b[0m \x1b[32m INFO\x1b[0m \x1b[1mstdout\x1b[0m\x1b[1m{\x1b[0m\x1b[3mclient\x1b[0m\x1b[2m=\x1b[0mInnerClientId { ptr: 0x9a0092f0, alive: true }\x1b[1m}\x1b[0m\x1b[2m:\x1b[0m com.system76.CosmicPanelAppButton:             name: Some(
[2m1970-01-01T00:00:08.939562Z[0m [32m INFO[0m [1mcosmic-panel[0m[2m:[0m [2mcosmic_session::notifications[0m[2m:[0m \x1b[2m1970-01-01T00:00:08.700647Z\x1b[0m \x1b[32m INFO\x1b[0m \x1b[1mstdout\x1b[0m\x1b[1m{\x1b[0m\x1b[3mclient\x1b[0m\x1b[2m=\x1b[0mInnerClientId { ptr: 0x9a0092f0, alive: true }\x1b[1m}\x1b[0m\x1b[2m:\x1b[0m com.system76.CosmicPanelAppButton:                 ApplicationName {
[2m1970-01-01T00:00:08.943495Z[0m [32m INFO[0m [1mcosmic-panel[0m[2m:[0m [2mcosmic_session::notifications[0m[2m:[0m \x1b[2m1970-01-01T00:00:08.700677Z\x1b[0m \x1b[32m INFO\x1b[0m \x1b[1mstdout\x1b[0m\x1b[1m{\x1b[0m\x1b[3mclient\x1b[0m\x1b[2m=\x1b[0mInnerClientId { ptr: 0x9a0092f0, alive: true }\x1b[1m}\x1b[0m\x1b[2m:\x1b[0m com.system76.CosmicPanelAppButton:                     general: "com.system76.CosmicPanelButton",
[2m1970-01-01T00:00:08.946774Z[0m [32m INFO[0m [1mcosmic-panel[0m[2m:[0m [2mcosmic_session::notifications[0m[2m:[0m \x1b[2m1970-01-01T00:00:08.743226Z\x1b[0m \x1b[32m INFO\x1b[0m \x1b[1mstdout\x1b[0m\x1b[1m{\x1b[0m\x1b[3mclient\x1b[0m\x1b[2m=\x1b[0mInnerClientId { ptr: 0x9a0092f0, alive: true }\x1b[1m}\x1b[0m\x1b[2m:\x1b[0m com.system76.CosmicPanelAppButton:                     instance: "com.system76.CosmicPanelButton",
[2m1970-01-01T00:00:08.949403Z[0m [32m INFO[0m [1mcosmic-panel[0m[2m:[0m [2mcosmic_session::notifications[0m[2m:[0m \x1b[2m1970-01-01T00:00:08.743274Z\x1b[0m \x1b[32m INFO\x1b[0m \x1b[1mstdout\x1b[0m\x1b[1m{\x1b[0m\x1b[3mclient\x1b[0m\x1b[2m=\x1b[0mInnerClientId { ptr: 0x9a0092f0, alive: true }\x1b[1m}\x1b[0m\x1b[2m:\x1b[0m com.system76.CosmicPanelAppButton:                 },
[2m1970-01-01T00:00:08.952857Z[0m [32m INFO[0m [1mcosmic-panel[0m[2m:[0m [2mcosmic_session::notifications[0m[2m:[0m \x1b[2m1970-01-01T00:00:08.743305Z\x1b[0m \x1b[32m INFO\x1b[0m \x1b[1mstdout\x1b[0m\x1b[1m{\x1b[0m\x1b[3mclient\x1b[0m\x1b[2m=\x1b[0mInnerClientId { ptr: 0x9a0092f0, alive: true }\x1b[1m}\x1b[0m\x1b[2m:\x1b[0m com.system76.CosmicPanelAppButton:             ),
[2m1970-01-01T00:00:08.955505Z[0m [32m INFO[0m [1mcosmic-panel[0m[2m:[0m [2mcosmic_session::notifications[0m[2m:[0m \x1b[2m1970-01-01T00:00:08.743346Z\x1b[0m \x1b[32m INFO\x1b[0m \x1b[1mstdout\x1b[0m\x1b[1m{\x1b[0m\x1b[3mclient\x1b[0m\x1b[2m=\x1b[0mInnerClientId { ptr: 0x9a0092f0, alive: true }\x1b[1m}\x1b[0m\x1b[2m:\x1b[0m com.system76.CosmicPanelAppButton:             activation_token: None,
[2m1970-01-01T00:00:08.958103Z[0m [32m INFO[0m [1mcosmic-panel[0m[2m:[0m [2mcosmic_session::notifications[0m[2m:[0m \x1b[2m1970-01-01T00:00:08.743379Z\x1b[0m \x1b[32m INFO\x1b[0m \x1b[1mstdout\x1b[0m\x1b[1m{\x1b[0m\x1b[3mclient\x1b[0m\x1b[2m=\x1b[0mInnerClientId { ptr: 0x9a0092f0, alive: true }\x1b[1m}\x1b[0m\x1b[2m:\x1b[0m com.system76.CosmicPanelAppButton:             prefer_csd: false,
[2m1970-01-01T00:00:08.960645Z[0m [32m INFO[0m [1mcosmic-panel[0m[2m:[0m [2mcosmic_session::notifications[0m[2m:[0m \x1b[2m1970-01-01T00:00:08.743410Z\x1b[0m \x1b[32m INFO\x1b[0m \x1b[1mstdout\x1b[0m\x1b[1m{\x1b[0m\x1b[3mclient\x1b[0m\x1b[2m=\x1b[0mInnerClientId { ptr: 0x9a0092f0, alive: true }\x1b[1m}\x1b[0m\x1b[2m:\x1b[0m com.system76.CosmicPanelAppButton:         },
[2m1970-01-01T00:00:08.964236Z[0m [32m INFO[0m [1mcosmic-panel[0m[2m:[0m [2mcosmic_session::notifications[0m[2m:[0m \x1b[2m1970-01-01T00:00:08.743442Z\x1b[0m \x1b[32m INFO\x1b[0m \x1b[1mstdout\x1b[0m\x1b[1m{\x1b[0m\x1b[3mclient\x1b[0m\x1b[2m=\x1b[0mInnerClientId { ptr: 0x9a0092f0, alive: true }\x1b[1m}\x1b[0m\x1b[2m:\x1b[0m com.system76.CosmicPanelAppButton:     ),
[2m1970-01-01T00:00:08.967621Z[0m [32m INFO[0m [1mcosmic-panel[0m[2m:[0m [2mcosmic_session::notifications[0m[2m:[0m \x1b[2m1970-01-01T00:00:08.743471Z\x1b[0m \x1b[32m INFO\x1b[0m \x1b[1mstdout\x1b[0m\x1b[1m{\x1b[0m\x1b[3mclient\x1b[0m\x1b[2m=\x1b[0mInnerClientId { ptr: 0x9a0092f0, alive: true }\x1b[1m}\x1b[0m\x1b[2m:\x1b[0m com.system76.CosmicPanelAppButton: }
[2m1970-01-01T00:00:08.970774Z[0m [32m INFO[0m [1mcosmic-panel[0m[2m:[0m [2mcosmic_session::notifications[0m[2m:[0m \x1b[2m1970-01-01T00:00:08.743501Z\x1b[0m \x1b[32m INFO\x1b[0m \x1b[1mstdout\x1b[0m\x1b[1m{\x1b[0m\x1b[3mclient\x1b[0m\x1b[2m=\x1b[0mInnerClientId { ptr: 0x9a0092f0, alive: true }\x1b[1m}\x1b[0m\x1b[2m:\x1b[0m com.system76.CosmicPanelAppButton: \x1b[2m1970-01-01T00:00:07.166761Z\x1b[0m \x1b[33m WARN\x1b[0m \x1b[2mwinit_wayland::window::state\x1b[0m\x1b[2m:\x1b[0m `xdg_toplevel_icon_manager_v1` is not supported
[2m1970-01-01T00:00:08.975262Z[0m [32m INFO[0m [1mcosmic-panel[0m[2m:[0m [2mcosmic_session::notifications[0m[2m:[0m \x1b[2m1970-01-01T00:00:08.743533Z\x1b[0m \x1b[32m INFO\x1b[0m \x1b[1mstdout\x1b[0m\x1b[1m{\x1b[0m\x1b[3mclient\x1b[0m\x1b[2m=\x1b[0mInnerClientId { ptr: 0x9a0092f0, alive: true }\x1b[1m}\x1b[0m\x1b[2m:\x1b[0m com.system76.CosmicPanelAppButton: \x1b[2m1970-01-01T00:00:07.248609Z\x1b[0m \x1b[32m INFO\x1b[0m \x1b[2miced_winit::platform_specific::wayland::event_loop\x1b[0m\x1b[2m:\x1b[0m SCTK setup complete.
[2m1970-01-01T00:00:08.978825Z[0m [32m INFO[0m [1mcosmic-panel[0m[2m:[0m [2mcosmic_session::notifications[0m[2m:[0m \x1b[2m1970-01-01T00:00:08.743566Z\x1b[0m \x1b[31mERROR\x1b[0m \x1b[1mstderr\x1b[0m\x1b[1m{\x1b[0m\x1b[3mclient\x1b[0m\x1b[2m=\x1b[0mInnerClientId { ptr: 0x9a0096b0, alive: true }\x1b[1m}\x1b[0m\x1b[2m:\x1b[0m com.system76.CosmicPanelLauncherButton: xkbcommon: ERROR: couldn't find a Compose file for locale "C" (mapped to "C")
[2m1970-01-01T00:00:08.981518Z[0m [32m INFO[0m [1mcosmic-panel[0m[2m:[0m [2mcosmic_session::notifications[0m[2m:[0m \x1b[2m1970-01-01T00:00:08.743596Z\x1b[0m \x1b[31mERROR\x1b[0m \x1b[1mstderr\x1b[0m\x1b[1m{\x1b[0m\x1b[3mclient\x1b[0m\x1b[2m=\x1b[0mInnerClientId { ptr: 0x9a0096b0, alive: true }\x1b[1m}\x1b[0m\x1b[2m:\x1b[0m com.system76.CosmicPanelLauncherButton: xkbcommon: ERROR: couldn't find a Compose file for locale "C" (mapped to "C")
[2m1970-01-01T00:00:08.984521Z[0m [32m INFO[0m [1mcosmic-panel[0m[2m:[0m [2mcosmic_session::notifications[0m[2m:[0m \x1b[2m1970-01-01T00:00:08.743627Z\x1b[0m \x1b[32m INFO\x1b[0m \x1b[1mstdout\x1b[0m\x1b[1m{\x1b[0m\x1b[3mclient\x1b[0m\x1b[2m=\x1b[0mInnerClientId { ptr: 0x9a0096b0, alive: true }\x1b[1m}\x1b[0m\x1b[2m:\x1b[0m com.system76.CosmicPanelLauncherButton: \x1b[2m1970-01-01T00:00:07.166539Z\x1b[0m \x1b[32m INFO\x1b[0m \x1b[2miced_winit\x1b[0m\x1b[2m:\x1b[0m System theme: None
[2m1970-01-01T00:00:08.987815Z[0m [32m INFO[0m [1mcosmic-panel[0m[2m:[0m [2mcosmic_session::notifications[0m[2m:[0m \x1b[2m1970-01-01T00:00:08.743665Z\x1b[0m \x1b[32m INFO\x1b[0m \x1b[1mstdout\x1b[0m\x1b[1m{\x1b[0m\x1b[3mclient\x1b[0m\x1b[2m=\x1b[0mInnerClientId { ptr: 0x9a0096b0, alive: true }\x1b[1m}\x1b[0m\x1b[2m:\x1b[0m com.system76.CosmicPanelLauncherButton: \x1b[2m1970-01-01T00:00:07.187369Z\x1b[0m \x1b[32m INFO\x1b[0m \x1b[2miced_winit::platform_specific::wayland::event_loop\x1b[0m\x1b[2m:\x1b[0m SCTK setup complete.
[2m1970-01-01T00:00:08.991535Z[0m [32m INFO[0m [1mcosmic-panel[0m[2m:[0m [2mcosmic_session::notifications[0m[2m:[0m \x1b[2m1970-01-01T00:00:08.743700Z\x1b[0m \x1b[32m INFO\x1b[0m \x1b[1mstdout\x1b[0m\x1b[1m{\x1b[0m\x1b[3mclient\x1b[0m\x1b[2m=\x1b[0mInnerClientId { ptr: 0x9a0096b0, alive: true }\x1b[1m}\x1b[0m\x1b[2m:\x1b[0m com.system76.CosmicPanelLauncherButton: \x1b[2m1970-01-01T00:00:07.179961Z\x1b[0m \x1b[32m INFO\x1b[0m \x1b[2miced_winit\x1b[0m\x1b[2m:\x1b[0m Window attributes for id `Id(
[2m1970-01-01T00:00:08.995664Z[0m [32m INFO[0m [1mcosmic-panel[0m[2m:[0m [2mcosmic_session::notifications[0m[2m:[0m \x1b[2m1970-01-01T00:00:08.786226Z\x1b[0m \x1b[32m INFO\x1b[0m \x1b[1mstdout\x1b[0m\x1b[1m{\x1b[0m\x1b[3mclient\x1b[0m\x1b[2m=\x1b[0mInnerClientId { ptr: 0x9a0096b0, alive: true }\x1b[1m}\x1b[0m\x1b[2m:\x1b[0m com.system76.CosmicPanelLauncherButton:     1,
[2m1970-01-01T00:00:08.998281Z[0m [32m INFO[0m [1mcosmic-panel[0m[2m:[0m [2mcosmic_session::notifications[0m[2m:[0m \x1b[2m1970-01-01T00:00:08.786274Z\x1b[0m \x1b[32m INFO\x1b[0m \x1b[1mstdout\x1b[0m\x1b[1m{\x1b[0m\x1b[3mclient\x1b[0m\x1b[2m=\x1b[0mInnerClientId { ptr: 0x9a0096b0, alive: true }\x1b[1m}\x1b[0m\x1b[2m:\x1b[0m com.system76.CosmicPanelLauncherButton: )`: WindowAttributes {
[2m1970-01-01T00:00:09.000792Z[0m [32m INFO[0m [1mcosmic-panel[0m[2m:[0m [2mcosmic_session::notifications[0m[2m:[0m \x1b[2m1970-01-01T00:00:08.786302Z\x1b[0m \x1b[32m INFO\x1b[0m \x1b[1mstdout\x1b[0m\x1b[1m{\x1b[0m\x1b[3mclient\x1b[0m\x1b[2m=\x1b[0mInnerClientId { ptr: 0x9a0096b0, alive: true }\x1b[1m}\x1b[0m\x1b[2m:\x1b[0m com.system76.CosmicPanelLauncherButton:     surface_size: Some(
[2m1970-01-01T00:00:09.003321Z[0m [32m INFO[0m [1mcosmic-panel[0m[2m:[0m [2mcosmic_session::notifications[0m[2m:[0m \x1b[2m1970-01-01T00:00:08.786336Z\x1b[0m \x1b[32m INFO\x1b[0m \x1b[1mstdout\x1b[0m\x1b[1m{\x1b[0m\x1b[3mclient\x1b[0m\x1b[2m=\x1b[0mInnerClientId { ptr: 0x9a0096b0, alive: true }\x1b[1m}\x1b[0m\x1b[2m:\x1b[0m com.system76.CosmicPanelLauncherButton:         Logical(
[2m1970-01-01T00:00:09.006441Z[0m [32m INFO[0m [1mcosmic-panel[0m[2m:[0m [2mcosmic_session::notifications[0m[2m:[0m \x1b[2m1970-01-01T00:00:08.786365Z\x1b[0m \x1b[32m INFO\x1b[0m \x1b[1mstdout\x1b[0m\x1b[1m{\x1b[0m\x1b[3mclient\x1b[0m\x1b[2m=\x1b[0mInnerClientId { ptr: 0x9a0096b0, alive: true }\x1b[1m}\x1b[0m\x1b[2m:\x1b[0m com.system76.CosmicPanelLauncherButton:             LogicalSize {
[2m1970-01-01T00:00:09.010038Z[0m [32m INFO[0m [1mcosmic-panel[0m[2m:[0m [2mcosmic_session::notifications[0m[2m:[0m \x1b[2m1970-01-01T00:00:08.786390Z\x1b[0m \x1b[32m INFO\x1b[0m \x1b[1mstdout\x1b[0m\x1b[1m{\x1b[0m\x1b[3mclient\x1b[0m\x1b[2m=\x1b[0mInnerClientId { ptr: 0x9a0096b0, alive: true }\x1b[1m}\x1b[0m\x1b[2m:\x1b[0m com.system76.CosmicPanelLauncherButton:                 width: 72.0,
[2m1970-01-01T00:00:09.012556Z[0m [32m INFO[0m [1mcosmic-panel[0m[2m:[0m [2mcosmic_session::notifications[0m[2m:[0m \x1b[2m1970-01-01T00:00:08.786416Z\x1b[0m \x1b[32m INFO\x1b[0m \x1b[1mstdout\x1b[0m\x1b[1m{\x1b[0m\x1b[3mclient\x1b[0m\x1b[2m=\x1b[0mInnerClientId { ptr: 0x9a0096b0, alive: true }\x1b[1m}\x1b[0m\x1b[2m:\x1b[0m com.system76.CosmicPanelLauncherButton:                 height: 64.0,
[2m1970-01-01T00:00:09.015015Z[0m [32m INFO[0m [1mcosmic-panel[0m[2m:[0m [2mcosmic_session::notifications[0m[2m:[0m \x1b[2m1970-01-01T00:00:08.786443Z\x1b[0m \x1b[32m INFO\x1b[0m \x1b[1mstdout\x1b[0m\x1b[1m{\x1b[0m\x1b[3mclient\x1b[0m\x1b[2m=\x1b[0mInnerClientId { ptr: 0x9a0096b0, alive: true }\x1b[1m}\x1b[0m\x1b[2m:\x1b[0m com.system76.CosmicPanelLauncherButton:             },
[2m1970-01-01T00:00:09.017295Z[0m [32m INFO[0m [1mcosmic-panel[0m[2m:[0m [2mcosmic_session::notifications[0m[2m:[0m \x1b[2m1970-01-01T00:00:08.786469Z\x1b[0m \x1b[32m INFO\x1b[0m \x1b[1mstdout\x1b[0m\x1b[1m{\x1b[0m\x1b[3mclient\x1b[0m\x1b[2m=\x1b[0mInnerClientId { ptr: 0x9a0096b0, alive: true }\x1b[1m}\x1b[0m\x1b[2m:\x1b[0m com.system76.CosmicPanelLauncherButton:         ),
[2m1970-01-01T00:00:09.019708Z[0m [32m INFO[0m [1mcosmic-panel[0m[2m:[0m [2mcosmic_session::notifications[0m[2m:[0m \x1b[2m1970-01-01T00:00:08.786498Z\x1b[0m \x1b[32m INFO\x1b[0m \x1b[1mstdout\x1b[0m\x1b[1m{\x1b[0m\x1b[3mclient\x1b[0m\x1b[2m=\x1b[0mInnerClientId { ptr: 0x9a0096b0, alive: true }\x1b[1m}\x1b[0m\x1b[2m:\x1b[0m com.system76.CosmicPanelLauncherButton:     ),
[2m1970-01-01T00:00:09.023143Z[0m [32m INFO[0m [1mcosmic-panel[0m[2m:[0m [2mcosmic_session::notifications[0m[2m:[0m \x1b[2m1970-01-01T00:00:08.786523Z\x1b[0m \x1b[32m INFO\x1b[0m \x1b[1mstdout\x1b[0m\x1b[1m{\x1b[0m\x1b[3mclient\x1b[0m\x1b[2m=\x1b[0mInnerClientId { ptr: 0x9a0096b0, alive: true }\x1b[1m}\x1b[0m\x1b[2m:\x1b[0m com.system76.CosmicPanelLauncherButton:     min_surface_size: Some(
[2m1970-01-01T00:00:09.026907Z[0m [32m INFO[0m [1mcosmic-panel[0m[2m:[0m [2mcosmic_session::notifications[0m[2m:[0m \x1b[2m1970-01-01T00:00:08.786548Z\x1b[0m \x1b[32m INFO\x1b[0m \x1b[1mstdout\x1b[0m\x1b[1m{\x1b[0m\x1b[3mclient\x1b[0m\x1b[2m=\x1b[0mInnerClientId { ptr: 0x9a0096b0, alive: true }\x1b[1m}\x1b[0m\x1b[2m:\x1b[0m com.system76.CosmicPanelLauncherButton:         Logical(
[2m1970-01-01T00:00:09.030250Z[0m [32m INFO[0m [1mcosmic-panel[0m[2m:[0m [2mcosmic_session::notifications[0m[2m:[0m \x1b[2m1970-01-01T00:00:08.786574Z\x1b[0m \x1b[32m INFO\x1b[0m \x1b[1mstdout\x1b[0m\x1b[1m{\x1b[0m\x1b[3mclient\x1b[0m\x1b[2m=\x1b[0mInnerClientId { ptr: 0x9a0096b0, alive: true }\x1b[1m}\x1b[0m\x1b[2m:\x1b[0m com.system76.CosmicPanelLauncherButton:             LogicalSize {
[2m1970-01-01T00:00:09.032835Z[0m [32m INFO[0m [1mcosmic-panel[0m[2m:[0m [2mcosmic_session::notifications[0m[2m:[0m \x1b[2m1970-01-01T00:00:08.786601Z\x1b[0m \x1b[32m INFO\x1b[0m \x1b[1mstdout\x1b[0m\x1b[1m{\x1b[0m\x1b[3mclient\x1b[0m\x1b[2m=\x1b[0mInnerClientId { ptr: 0x9a0096b0, alive: true }\x1b[1m}\x1b[0m\x1b[2m:\x1b[0m com.system76.CosmicPanelLauncherButton:                 width: 72.0,
[2m1970-01-01T00:00:09.035633Z[0m [32m INFO[0m [1mcosmic-panel[0m[2m:[0m [2mcosmic_session::notifications[0m[2m:[0m \x1b[2m1970-01-01T00:00:08.786620Z\x1b[0m \x1b[32m INFO\x1b[0m \x1b[1mstdout\x1b[0m\x1b[1m{\x1b[0m\x1b[3mclient\x1b[0m\x1b[2m=\x1b[0mInnerClientId { ptr: 0x9a0096b0, alive: true }\x1b[1m}\x1b[0m\x1b[2m:\x1b[0m com.system76.CosmicPanelLauncherButton:                 height: 64.0,
[2m1970-01-01T00:00:09.038069Z[0m [32m INFO[0m [1mcosmic-panel[0m[2m:[0m [2mcosmic_session::notifications[0m[2m:[0m \x1b[2m1970-01-01T00:00:08.786630Z\x1b[0m \x1b[32m INFO\x1b[0m \x1b[1mstdout\x1b[0m\x1b[1m{\x1b[0m\x1b[3mclient\x1b[0m\x1b[2m=\x1b[0mInnerClientId { ptr: 0x9a0096b0, alive: true }\x1b[1m}\x1b[0m\x1b[2m:\x1b[0m com.system76.CosmicPanelLauncherButton:             },
[2m1970-01-01T00:00:09.040644Z[0m [32m INFO[0m [1mcosmic-panel[0m[2m:[0m [2mcosmic_session::notifications[0m[2m:[0m \x1b[2m1970-01-01T00:00:08.786641Z\x1b[0m \x1b[32m INFO\x1b[0m \x1b[1mstdout\x1b[0m\x1b[1m{\x1b[0m\x1b[3mclient\x1b[0m\x1b[2m=\x1b[0mInnerClientId { ptr: 0x9a0096b0, alive: true }\x1b[1m}\x1b[0m\x1b[2m:\x1b[0m com.system76.CosmicPanelLauncherButton:         ),
[2m1970-01-01T00:00:09.043319Z[0m [32m INFO[0m [1mcosmic-panel[0m[2m:[0m [2mcosmic_session::notifications[0m[2m:[0m \x1b[2m1970-01-01T00:00:08.786651Z\x1b[0m \x1b[32m INFO\x1b[0m \x1b[1mstdout\x1b[0m\x1b[1m{\x1b[0m\x1b[3mclient\x1b[0m\x1b[2m=\x1b[0mInnerClientId { ptr: 0x9a0096b0, alive: true }\x1b[1m}\x1b[0m\x1b[2m:\x1b[0m com.system76.CosmicPanelLauncherButton:     ),
[2m1970-01-01T00:00:09.045925Z[0m [32m INFO[0m [1mcosmic-panel[0m[2m:[0m [2mcosmic_session::notifications[0m[2m:[0m \x1b[2m1970-01-01T00:00:08.786664Z\x1b[0m \x1b[32m INFO\x1b[0m \x1b[1mstdout\x1b[0m\x1b[1m{\x1b[0m\x1b[3mclient\x1b[0m\x1b[2m=\x1b[0mInnerClientId { ptr: 0x9a0096b0, alive: true }\x1b[1m}\x1b[0m\x1b[2m:\x1b[0m com.system76.CosmicPanelLauncherButton:     max_surface_size: None,
[2m1970-01-01T00:00:09.049359Z[0m [32m INFO[0m [1mcosmic-panel[0m[2m:[0m [2mcosmic_session::notifications[0m[2m:[0m \x1b[2m1970-01-01T00:00:08.832597Z\x1b[0m \x1b[32m INFO\x1b[0m \x1b[1mstdout\x1b[0m\x1b[1m{\x1b[0m\x1b[3mclient\x1b[0m\x1b[2m=\x1b[0mInnerClientId { ptr: 0x9a0096b0, alive: true }\x1b[1m}\x1b[0m\x1b[2m:\x1b[0m com.system76.CosmicPanelLauncherButton:     surface_resize_increments: None,
[2m1970-01-01T00:00:09.052754Z[0m [32m INFO[0m [1mcosmic-panel[0m[2m:[0m [2mcosmic_session::notifications[0m[2m:[0m \x1b[2m1970-01-01T00:00:08.832627Z\x1b[0m \x1b[32m INFO\x1b[0m \x1b[1mstdout\x1b[0m\x1b[1m{\x1b[0m\x1b[3mclient\x1b[0m\x1b[2m=\x1b[0mInnerClientId { ptr: 0x9a0096b0, alive: true }\x1b[1m}\x1b[0m\x1b[2m:\x1b[0m com.system76.CosmicPanelLauncherButton:     position: None,
[2m1970-01-01T00:00:09.055266Z[0m [32m INFO[0m [1mcosmic-panel[0m[2m:[0m [2mcosmic_session::notifications[0m[2m:[0m \x1b[2m1970-01-01T00:00:08.832652Z\x1b[0m \x1b[32m INFO\x1b[0m \x1b[1mstdout\x1b[0m\x1b[1m{\x1b[0m\x1b[3mclient\x1b[0m\x1b[2m=\x1b[0mInnerClientId { ptr: 0x9a0096b0, alive: true }\x1b[1m}\x1b[0m\x1b[2m:\x1b[0m com.system76.CosmicPanelLauncherButton:     resizable: false,
[2m1970-01-01T00:00:09.058037Z[0m [32m INFO[0m [1mcosmic-panel[0m[2m:[0m [2mcosmic_session::notifications[0m[2m:[0m \x1b[2m1970-01-01T00:00:08.832663Z\x1b[0m \x1b[32m INFO\x1b[0m \x1b[1mstdout\x1b[0m\x1b[1m{\x1b[0m\x1b[3mclient\x1b[0m\x1b[2m=\x1b[0mInnerClientId { ptr: 0x9a0096b0, alive: true }\x1b[1m}\x1b[0m\x1b[2m:\x1b[0m com.system76.CosmicPanelLauncherButton:     enabled_buttons: WindowButtons(
[2m1970-01-01T00:00:09.060527Z[0m [32m INFO[0m [1mcosmic-panel[0m[2m:[0m [2mcosmic_session::notifications[0m[2m:[0m \x1b[2m1970-01-01T00:00:08.832674Z\x1b[0m \x1b[32m INFO\x1b[0m \x1b[1mstdout\x1b[0m\x1b[1m{\x1b[0m\x1b[3mclient\x1b[0m\x1b[2m=\x1b[0mInnerClientId { ptr: 0x9a0096b0, alive: true }\x1b[1m}\x1b[0m\x1b[2m:\x1b[0m com.system76.CosmicPanelLauncherButton:         CLOSE | MINIMIZE,
[2m1970-01-01T00:00:09.063126Z[0m [32m INFO[0m [1mcosmic-panel[0m[2m:[0m [2mcosmic_session::notifications[0m[2m:[0m \x1b[2m1970-01-01T00:00:08.832686Z\x1b[0m \x1b[32m INFO\x1b[0m \x1b[1mstdout\x1b[0m\x1b[1m{\x1b[0m\x1b[3mclient\x1b[0m\x1b[2m=\x1b[0mInnerClientId { ptr: 0x9a0096b0, alive: true }\x1b[1m}\x1b[0m\x1b[2m:\x1b[0m com.system76.CosmicPanelLauncherButton:     ),
[2m1970-01-01T00:00:09.065632Z[0m [32m INFO[0m [1mcosmic-panel[0m[2m:[0m [2mcosmic_session::notifications[0m[2m:[0m \x1b[2m1970-01-01T00:00:08.832706Z\x1b[0m \x1b[32m INFO\x1b[0m \x1b[1mstdout\x1b[0m\x1b[1m{\x1b[0m\x1b[3mclient\x1b[0m\x1b[2m=\x1b[0mInnerClientId { ptr: 0x9a0096b0, alive: true }\x1b[1m}\x1b[0m\x1b[2m:\x1b[0m com.system76.CosmicPanelLauncherButton:     title: "Cosmic - Iced",
[2m1970-01-01T00:00:09.068238Z[0m [32m INFO[0m [1mcosmic-panel[0m[2m:[0m [2mcosmic_session::notifications[0m[2m:[0m \x1b[2m1970-01-01T00:00:08.832722Z\x1b[0m \x1b[32m INFO\x1b[0m \x1b[1mstdout\x1b[0m\x1b[1m{\x1b[0m\x1b[3mclient\x1b[0m\x1b[2m=\x1b[0mInnerClientId { ptr: 0x9a0096b0, alive: true }\x1b[1m}\x1b[0m\x1b[2m:\x1b[0m com.system76.CosmicPanelLauncherButton:     maximized: false,
[2m1970-01-01T00:00:09.070613Z[0m [32m INFO[0m [1mcosmic-panel[0m[2m:[0m [2mcosmic_session::notifications[0m[2m:[0m \x1b[2m1970-01-01T00:00:08.832755Z\x1b[0m \x1b[32m INFO\x1b[0m \x1b[1mstdout\x1b[0m\x1b[1m{\x1b[0m\x1b[3mclient\x1b[0m\x1b[2m=\x1b[0mInnerClientId { ptr: 0x9a0096b0, alive: true }\x1b[1m}\x1b[0m\x1b[2m:\x1b[0m com.system76.CosmicPanelLauncherButton:     visible: false,
[2m1970-01-01T00:00:09.073863Z[0m [32m INFO[0m [1mcosmic-panel[0m[2m:[0m [2mcosmic_session::notifications[0m[2m:[0m \x1b[2m1970-01-01T00:00:08.832766Z\x1b[0m \x1b[32m INFO\x1b[0m \x1b[1mstdout\x1b[0m\x1b[1m{\x1b[0m\x1b[3mclient\x1b[0m\x1b[2m=\x1b[0mInnerClientId { ptr: 0x9a0096b0, alive: true }\x1b[1m}\x1b[0m\x1b[2m:\x1b[0m com.system76.CosmicPanelLauncherButton:     transparent: true,
[2m1970-01-01T00:00:09.077234Z[0m [32m INFO[0m [1mcosmic-panel[0m[2m:[0m [2mcosmic_session::notifications[0m[2m:[0m \x1b[2m1970-01-01T00:00:08.832781Z\x1b[0m \x1b[32m INFO\x1b[0m \x1b[1mstdout\x1b[0m\x1b[1m{\x1b[0m\x1b[3mclient\x1b[0m\x1b[2m=\x1b[0mInnerClientId { ptr: 0x9a0096b0, alive: true }\x1b[1m}\x1b[0m\x1b[2m:\x1b[0m com.system76.CosmicPanelLauncherButton:     blur: false,
[2m1970-01-01T00:00:09.079948Z[0m [32m INFO[0m [1mcosmic-panel[0m[2m:[0m [2mcosmic_session::notifications[0m[2m:[0m \x1b[2m1970-01-01T00:00:08.832791Z\x1b[0m \x1b[32m INFO\x1b[0m \x1b[1mstdout\x1b[0m\x1b[1m{\x1b[0m\x1b[3mclient\x1b[0m\x1b[2m=\x1b[0mInnerClientId { ptr: 0x9a0096b0, alive: true }\x1b[1m}\x1b[0m\x1b[2m:\x1b[0m com.system76.CosmicPanelLauncherButton:     decorations: false,
[2m1970-01-01T00:00:09.083505Z[0m [32m INFO[0m [1mcosmic-panel[0m[2m:[0m [2mcosmic_session::notifications[0m[2m:[0m \x1b[2m1970-01-01T00:00:08.832801Z\x1b[0m \x1b[32m INFO\x1b[0m \x1b[1mstdout\x1b[0m\x1b[1m{\x1b[0m\x1b[3mclient\x1b[0m\x1b[2m=\x1b[0mInnerClientId { ptr: 0x9a0096b0, alive: true }\x1b[1m}\x1b[0m\x1b[2m:\x1b[0m com.system76.CosmicPanelLauncherButton:     window_icon: None,
[2m1970-01-01T00:00:09.086030Z[0m [32m INFO[0m [1mcosmic-panel[0m[2m:[0m [2mcosmic_session::notifications[0m[2m:[0m \x1b[2m1970-01-01T00:00:08.832812Z\x1b[0m \x1b[32m INFO\x1b[0m \x1b[1mstdout\x1b[0m\x1b[1m{\x1b[0m\x1b[3mclient\x1b[0m\x1b[2m=\x1b[0mInnerClientId { ptr: 0x9a0096b0, alive: true }\x1b[1m}\x1b[0m\x1b[2m:\x1b[0m com.system76.CosmicPanelLauncherButton:     preferred_theme: None,
[2m1970-01-01T00:00:09.088600Z[0m [32m INFO[0m [1mcosmic-panel[0m[2m:[0m [2mcosmic_session::notifications[0m[2m:[0m \x1b[2m1970-01-01T00:00:08.832822Z\x1b[0m \x1b[32m INFO\x1b[0m \x1b[1mstdout\x1b[0m\x1b[1m{\x1b[0m\x1b[3mclient\x1b[0m\x1b[2m=\x1b[0mInnerClientId { ptr: 0x9a0096b0, alive: true }\x1b[1m}\x1b[0m\x1b[2m:\x1b[0m com.system76.CosmicPanelLauncherButton:     content_protected: false,
[2m1970-01-01T00:00:09.091636Z[0m [32m INFO[0m [1mcosmic-panel[0m[2m:[0m [2mcosmic_session::notifications[0m[2m:[0m \x1b[2m1970-01-01T00:00:08.832832Z\x1b[0m \x1b[32m INFO\x1b[0m \x1b[1mstdout\x1b[0m\x1b[1m{\x1b[0m\x1b[3mclient\x1b[0m\x1b[2m=\x1b[0mInnerClientId { ptr: 0x9a0096b0, alive: true }\x1b[1m}\x1b[0m\x1b[2m:\x1b[0m com.system76.CosmicPanelLauncherButton:     window_level: Normal,
[2m1970-01-01T00:00:09.095083Z[0m [32m INFO[0m [1mcosmic-panel[0m[2m:[0m [2mcosmic_session::notifications[0m[2m:[0m \x1b[2m1970-01-01T00:00:08.832843Z\x1b[0m \x1b[32m INFO\x1b[0m \x1b[1mstdout\x1b[0m\x1b[1m{\x1b[0m\x1b[3mclient\x1b[0m\x1b[2m=\x1b[0mInnerClientId { ptr: 0x9a0096b0, alive: true }\x1b[1m}\x1b[0m\x1b[2m:\x1b[0m com.system76.CosmicPanelLauncherButton:     active: true,
[2m1970-01-01T00:00:09.098957Z[0m [32m INFO[0m [1mcosmic-panel[0m[2m:[0m [2mcosmic_session::notifications[0m[2m:[0m \x1b[2m1970-01-01T00:00:08.832853Z\x1b[0m \x1b[32m INFO\x1b[0m \x1b[1mstdout\x1b[0m\x1b[1m{\x1b[0m\x1b[3mclient\x1b[0m\x1b[2m=\x1b[0mInnerClientId { ptr: 0x9a0096b0, alive: true }\x1b[1m}\x1b[0m\x1b[2m:\x1b[0m com.system76.CosmicPanelLauncherButton:     cursor: Icon(
[2m1970-01-01T00:00:09.102149Z[0m [32m INFO[0m [1mcosmic-panel[0m[2m:[0m [2mcosmic_session::notifications[0m[2m:[0m \x1b[2m1970-01-01T00:00:08.889579Z\x1b[0m \x1b[32m INFO\x1b[0m \x1b[1mstdout\x1b[0m\x1b[1m{\x1b[0m\x1b[3mclient\x1b[0m\x1b[2m=\x1b[0mInnerClientId { ptr: 0x9a0096b0, alive: true }\x1b[1m}\x1b[0m\x1b[2m:\x1b[0m com.system76.CosmicPanelLauncherButton:         Default,
[2m1970-01-01T00:00:09.105554Z[0m [32m INFO[0m [1mcosmic-panel[0m[2m:[0m [2mcosmic_session::notifications[0m[2m:[0m \x1b[2m1970-01-01T00:00:08.889609Z\x1b[0m \x1b[32m INFO\x1b[0m \x1b[1mstdout\x1b[0m\x1b[1m{\x1b[0m\x1b[3mclient\x1b[0m\x1b[2m=\x1b[0mInnerClientId { ptr: 0x9a0096b0, alive: true }\x1b[1m}\x1b[0m\x1b[2m:\x1b[0m com.system76.CosmicPanelLauncherButton:     ),
[2m1970-01-01T00:00:09.108088Z[0m [32m INFO[0m [1mcosmic-panel[0m[2m:[0m [2mcosmic_session::notifications[0m[2m:[0m \x1b[2m1970-01-01T00:00:08.889638Z\x1b[0m \x1b[32m INFO\x1b[0m \x1b[1mstdout\x1b[0m\x1b[1m{\x1b[0m\x1b[3mclient\x1b[0m\x1b[2m=\x1b[0mInnerClientId { ptr: 0x9a0096b0, alive: true }\x1b[1m}\x1b[0m\x1b[2m:\x1b[0m com.system76.CosmicPanelLauncherButton:     parent_window: None,
[2m1970-01-01T00:00:09.110833Z[0m [32m INFO[0m [1mcosmic-panel[0m[2m:[0m [2mcosmic_session::notifications[0m[2m:[0m \x1b[2m1970-01-01T00:00:08.889650Z\x1b[0m \x1b[32m INFO\x1b[0m \x1b[1mstdout\x1b[0m\x1b[1m{\x1b[0m\x1b[3mclient\x1b[0m\x1b[2m=\x1b[0mInnerClientId { ptr: 0x9a0096b0, alive: true }\x1b[1m}\x1b[0m\x1b[2m:\x1b[0m com.system76.CosmicPanelLauncherButton:     fullscreen: None,
[2m1970-01-01T00:00:09.115435Z[0m [32m INFO[0m [1mcosmic-panel[0m[2m:[0m [2mcosmic_session::notifications[0m[2m:[0m \x1b[2m1970-01-01T00:00:08.889660Z\x1b[0m \x1b[32m INFO\x1b[0m \x1b[1mstdout\x1b[0m\x1b[1m{\x1b[0m\x1b[3mclient\x1b[0m\x1b[2m=\x1b[0mInnerClientId { ptr: 0x9a0096b0, alive: true }\x1b[1m}\x1b[0m\x1b[2m:\x1b[0m com.system76.CosmicPanelLauncherButton:     platform: Some(
[2m1970-01-01T00:00:09.118613Z[0m [32m INFO[0m [1mcosmic-panel[0m[2m:[0m [2mcosmic_session::notifications[0m[2m:[0m \x1b[2m1970-01-01T00:00:08.889670Z\x1b[0m \x1b[32m INFO\x1b[0m \x1b[1mstdout\x1b[0m\x1b[1m{\x1b[0m\x1b[3mclient\x1b[0m\x1b[2m=\x1b[0mInnerClientId { ptr: 0x9a0096b0, alive: true }\x1b[1m}\x1b[0m\x1b[2m:\x1b[0m com.system76.CosmicPanelLauncherButton:         WindowAttributesWayland {
[2m1970-01-01T00:00:09.121191Z[0m [32m INFO[0m [1mcosmic-panel[0m[2m:[0m [2mcosmic_session::notifications[0m[2m:[0m \x1b[2m1970-01-01T00:00:08.889681Z\x1b[0m \x1b[32m INFO\x1b[0m \x1b[1mstdout\x1b[0m\x1b[1m{\x1b[0m\x1b[3mclient\x1b[0m\x1b[2m=\x1b[0mInnerClientId { ptr: 0x9a0096b0, alive: true }\x1b[1m}\x1b[0m\x1b[2m:\x1b[0m com.system76.CosmicPanelLauncherButton:             name: Some(
[2m1970-01-01T00:00:09.123215Z[0m [32m INFO[0m [1mcosmic-panel[0m[2m:[0m [2mcosmic_session::notifications[0m[2m:[0m \x1b[2m1970-01-01T00:00:08.889694Z\x1b[0m \x1b[32m INFO\x1b[0m \x1b[1mstdout\x1b[0m\x1b[1m{\x1b[0m\x1b[3mclient\x1b[0m\x1b[2m=\x1b[0mInnerClientId { ptr: 0x9a0096b0, alive: true }\x1b[1m}\x1b[0m\x1b[2m:\x1b[0m com.system76.CosmicPanelLauncherButton:                 ApplicationName {
[2m1970-01-01T00:00:09.124177Z[0m [32m INFO[0m [1mcosmic-panel[0m[2m:[0m [2mcosmic_session::notifications[0m[2m:[0m \x1b[2m1970-01-01T00:00:08.889705Z\x1b[0m \x1b[32m INFO\x1b[0m \x1b[1mstdout\x1b[0m\x1b[1m{\x1b[0m\x1b[3mclient\x1b[0m\x1b[2m=\x1b[0mInnerClientId { ptr: 0x9a0096b0, alive: true }\x1b[1m}\x1b[0m\x1b[2m:\x1b[0m com.system76.CosmicPanelLauncherButton:                     general: "com.system76.CosmicPanelButton",
[2m1970-01-01T00:00:09.125147Z[0m [32m INFO[0m [1mcosmic-panel[0m[2m:[0m [2mcosmic_session::notifications[0m[2m:[0m \x1b[2m1970-01-01T00:00:08.889728Z\x1b[0m \x1b[32m INFO\x1b[0m \x1b[1mstdout\x1b[0m\x1b[1m{\x1b[0m\x1b[3mclient\x1b[0m\x1b[2m=\x1b[0mInnerClientId { ptr: 0x9a0096b0, alive: true }\x1b[1m}\x1b[0m\x1b[2m:\x1b[0m com.system76.CosmicPanelLauncherButton:                     instance: "com.system76.CosmicPanelButton",
[2m1970-01-01T00:00:09.126112Z[0m [32m INFO[0m [1mcosmic-panel[0m[2m:[0m [2mcosmic_session::notifications[0m[2m:[0m \x1b[2m1970-01-01T00:00:08.889742Z\x1b[0m \x1b[32m INFO\x1b[0m \x1b[1mstdout\x1b[0m\x1b[1m{\x1b[0m\x1b[3mclient\x1b[0m\x1b[2m=\x1b[0mInnerClientId { ptr: 0x9a0096b0, alive: true }\x1b[1m}\x1b[0m\x1b[2m:\x1b[0m com.system76.CosmicPanelLauncherButton:                 },
[2m1970-01-01T00:00:09.126992Z[0m [32m INFO[0m [1mcosmic-panel[0m[2m:[0m [2mcosmic_session::notifications[0m[2m:[0m \x1b[2m1970-01-01T00:00:08.889761Z\x1b[0m \x1b[32m INFO\x1b[0m \x1b[1mstdout\x1b[0m\x1b[1m{\x1b[0m\x1b[3mclient\x1b[0m\x1b[2m=\x1b[0mInnerClientId { ptr: 0x9a0096b0, alive: true }\x1b[1m}\x1b[0m\x1b[2m:\x1b[0m com.system76.CosmicPanelLauncherButton:             ),
[2m1970-01-01T00:00:09.127865Z[0m [32m INFO[0m [1mcosmic-panel[0m[2m:[0m [2mcosmic_session::notifications[0m[2m:[0m \x1b[2m1970-01-01T00:00:08.889771Z\x1b[0m \x1b[32m INFO\x1b[0m \x1b[1mstdout\x1b[0m\x1b[1m{\x1b[0m\x1b[3mclient\x1b[0m\x1b[2m=\x1b[0mInnerClientId { ptr: 0x9a0096b0, alive: true }\x1b[1m}\x1b[0m\x1b[2m:\x1b[0m com.system76.CosmicPanelLauncherButton:             activation_token: None,
[2m1970-01-01T00:00:09.128770Z[0m [32m INFO[0m [1mcosmic-panel[0m[2m:[0m [2mcosmic_session::notifications[0m[2m:[0m \x1b[2m1970-01-01T00:00:08.889788Z\x1b[0m \x1b[32m INFO\x1b[0m \x1b[1mstdout\x1b[0m\x1b[1m{\x1b[0m\x1b[3mclient\x1b[0m\x1b[2m=\x1b[0mInnerClientId { ptr: 0x9a0096b0, alive: true }\x1b[1m}\x1b[0m\x1b[2m:\x1b[0m com.system76.CosmicPanelLauncherButton:             prefer_csd: false,
[2m1970-01-01T00:00:09.129674Z[0m [32m INFO[0m [1mcosmic-panel[0m[2m:[0m [2mcosmic_session::notifications[0m[2m:[0m \x1b[2m1970-01-01T00:00:08.889800Z\x1b[0m \x1b[32m INFO\x1b[0m \x1b[1mstdout\x1b[0m\x1b[1m{\x1b[0m\x1b[3mclient\x1b[0m\x1b[2m=\x1b[0mInnerClientId { ptr: 0x9a0096b0, alive: true }\x1b[1m}\x1b[0m\x1b[2m:\x1b[0m com.system76.CosmicPanelLauncherButton:         },
[2m1970-01-01T00:00:09.130497Z[0m [32m INFO[0m [1mcosmic-panel[0m[2m:[0m [2mcosmic_session::notifications[0m[2m:[0m \x1b[2m1970-01-01T00:00:08.889813Z\x1b[0m \x1b[32m INFO\x1b[0m \x1b[1mstdout\x1b[0m\x1b[1m{\x1b[0m\x1b[3mclient\x1b[0m\x1b[2m=\x1b[0mInnerClientId { ptr: 0x9a0096b0, alive: true }\x1b[1m}\x1b[0m\x1b[2m:\x1b[0m com.system76.CosmicPanelLauncherButton:     ),
[2m1970-01-01T00:00:09.131342Z[0m [32m INFO[0m [1mcosmic-panel[0m[2m:[0m [2mcosmic_session::notifications[0m[2m:[0m \x1b[2m1970-01-01T00:00:08.889826Z\x1b[0m \x1b[32m INFO\x1b[0m \x1b[1mstdout\x1b[0m\x1b[1m{\x1b[0m\x1b[3mclient\x1b[0m\x1b[2m=\x1b[0mInnerClientId { ptr: 0x9a0096b0, alive: true }\x1b[1m}\x1b[0m\x1b[2m:\x1b[0m com.system76.CosmicPanelLauncherButton: }
[2m1970-01-01T00:00:09.132394Z[0m [32m INFO[0m [1mcosmic-panel[0m[2m:[0m [2mcosmic_session::notifications[0m[2m:[0m \x1b[2m1970-01-01T00:00:08.889835Z\x1b[0m \x1b[32m INFO\x1b[0m \x1b[1mstdout\x1b[0m\x1b[1m{\x1b[0m\x1b[3mclient\x1b[0m\x1b[2m=\x1b[0mInnerClientId { ptr: 0x9a0096b0, alive: true }\x1b[1m}\x1b[0m\x1b[2m:\x1b[0m com.system76.CosmicPanelLauncherButton: \x1b[2m1970-01-01T00:00:07.230415Z\x1b[0m \x1b[33m WARN\x1b[0m \x1b[2mwinit_wayland::window::state\x1b[0m\x1b[2m:\x1b[0m `xdg_toplevel_icon_manager_v1` is not supported
[2m1970-01-01T00:00:09.133593Z[0m [32m INFO[0m [1mcosmic-panel[0m[2m:[0m [2mcosmic_session::notifications[0m[2m:[0m \x1b[2m1970-01-01T00:00:08.943478Z\x1b[0m \x1b[31mERROR\x1b[0m \x1b[1mstderr\x1b[0m\x1b[1m{\x1b[0m\x1b[3mclient\x1b[0m\x1b[2m=\x1b[0mInnerClientId { ptr: 0x9a009110, alive: true }\x1b[1m}\x1b[0m\x1b[2m:\x1b[0m com.system76.CosmicPanelWorkspacesButton: xkbcommon: ERROR: couldn't find a Compose file for locale "C" (mapped to "C")
[2m1970-01-01T00:00:09.134672Z[0m [32m INFO[0m [1mcosmic-panel[0m[2m:[0m [2mcosmic_session::notifications[0m[2m:[0m \x1b[2m1970-01-01T00:00:08.943501Z\x1b[0m \x1b[31mERROR\x1b[0m \x1b[1mstderr\x1b[0m\x1b[1m{\x1b[0m\x1b[3mclient\x1b[0m\x1b[2m=\x1b[0mInnerClientId { ptr: 0x9a009110, alive: true }\x1b[1m}\x1b[0m\x1b[2m:\x1b[0m com.system76.CosmicPanelWorkspacesButton: xkbcommon: ERROR: couldn't find a Compose file for locale "C" (mapped to "C")
[2m1970-01-01T00:00:09.135661Z[0m [32m INFO[0m [1mcosmic-panel[0m[2m:[0m [2mcosmic_session::notifications[0m[2m:[0m \x1b[2m1970-01-01T00:00:08.943512Z\x1b[0m \x1b[32m INFO\x1b[0m \x1b[1mstdout\x1b[0m\x1b[1m{\x1b[0m\x1b[3mclient\x1b[0m\x1b[2m=\x1b[0mInnerClientId { ptr: 0x9a009110, alive: true }\x1b[1m}\x1b[0m\x1b[2m:\x1b[0m com.system76.CosmicPanelWorkspacesButton: \x1b[2m1970-01-01T00:00:07.147025Z\x1b[0m \x1b[32m INFO\x1b[0m \x1b[2miced_winit\x1b[0m\x1b[2m:\x1b[0m System theme: None
[2m1970-01-01T00:00:09.136747Z[0m [32m INFO[0m [1mcosmic-panel[0m[2m:[0m [2mcosmic_session::notifications[0m[2m:[0m \x1b[2m1970-01-01T00:00:08.943522Z\x1b[0m \x1b[32m INFO\x1b[0m \x1b[1mstdout\x1b[0m\x1b[1m{\x1b[0m\x1b[3mclient\x1b[0m\x1b[2m=\x1b[0mInnerClientId { ptr: 0x9a009110, alive: true }\x1b[1m}\x1b[0m\x1b[2m:\x1b[0m com.system76.CosmicPanelWorkspacesButton: \x1b[2m1970-01-01T00:00:07.216711Z\x1b[0m \x1b[32m INFO\x1b[0m \x1b[2miced_winit::platform_specific::wayland::event_loop\x1b[0m\x1b[2m:\x1b[0m SCTK setup complete.
[2m1970-01-01T00:00:09.139933Z[0m [32m INFO[0m [1mcosmic-panel[0m[2m:[0m [2mcosmic_session::notifications[0m[2m:[0m \x1b[2m1970-01-01T00:00:08.943533Z\x1b[0m \x1b[32m INFO\x1b[0m \x1b[1mstdout\x1b[0m\x1b[1m{\x1b[0m\x1b[3mclient\x1b[0m\x1b[2m=\x1b[0mInnerClientId { ptr: 0x9a009110, alive: true }\x1b[1m}\x1b[0m\x1b[2m:\x1b[0m com.system76.CosmicPanelWorkspacesButton: \x1b[2m1970-01-01T00:00:07.221422Z\x1b[0m \x1b[32m INFO\x1b[0m \x1b[2miced_winit\x1b[0m\x1b[2m:\x1b[0m Window attributes for id `Id(
[2m1970-01-01T00:00:09.144139Z[0m [32m INFO[0m [1mcosmic-panel[0m[2m:[0m [2mcosmic_session::notifications[0m[2m:[0m \x1b[2m1970-01-01T00:00:08.943543Z\x1b[0m \x1b[32m INFO\x1b[0m \x1b[1mstdout\x1b[0m\x1b[1m{\x1b[0m\x1b[3mclient\x1b[0m\x1b[2m=\x1b[0mInnerClientId { ptr: 0x9a009110, alive: true }\x1b[1m}\x1b[0m\x1b[2m:\x1b[0m com.system76.CosmicPanelWorkspacesButton:     1,
[2m1970-01-01T00:00:09.147826Z[0m [32m INFO[0m [1mcosmic-panel[0m[2m:[0m [2mcosmic_session::notifications[0m[2m:[0m \x1b[2m1970-01-01T00:00:08.943555Z\x1b[0m \x1b[32m INFO\x1b[0m \x1b[1mstdout\x1b[0m\x1b[1m{\x1b[0m\x1b[3mclient\x1b[0m\x1b[2m=\x1b[0mInnerClientId { ptr: 0x9a009110, alive: true }\x1b[1m}\x1b[0m\x1b[2m:\x1b[0m com.system76.CosmicPanelWorkspacesButton: )`: WindowAttributes {
[2m1970-01-01T00:00:09.150926Z[0m [32m INFO[0m [1mcosmic-panel[0m[2m:[0m [2mcosmic_session::notifications[0m[2m:[0m \x1b[2m1970-01-01T00:00:08.943565Z\x1b[0m \x1b[32m INFO\x1b[0m \x1b[1mstdout\x1b[0m\x1b[1m{\x1b[0m\x1b[3mclient\x1b[0m\x1b[2m=\x1b[0mInnerClientId { ptr: 0x9a009110, alive: true }\x1b[1m}\x1b[0m\x1b[2m:\x1b[0m com.system76.CosmicPanelWorkspacesButton:     surface_size: Some(
[2m1970-01-01T00:00:09.153437Z[0m [32m INFO[0m [1mcosmic-panel[0m[2m:[0m [2mcosmic_session::notifications[0m[2m:[0m \x1b[2m1970-01-01T00:00:08.943581Z\x1b[0m \x1b[32m INFO\x1b[0m \x1b[1mstdout\x1b[0m\x1b[1m{\x1b[0m\x1b[3mclient\x1b[0m\x1b[2m=\x1b[0mInnerClientId { ptr: 0x9a009110, alive: true }\x1b[1m}\x1b[0m\x1b[2m:\x1b[0m com.system76.CosmicPanelWorkspacesButton:         Logical(
[2m1970-01-01T00:00:09.155837Z[0m [32m INFO[0m [1mcosmic-panel[0m[2m:[0m [2mcosmic_session::notifications[0m[2m:[0m \x1b[2m1970-01-01T00:00:08.943594Z\x1b[0m \x1b[32m INFO\x1b[0m \x1b[1mstdout\x1b[0m\x1b[1m{\x1b[0m\x1b[3mclient\x1b[0m\x1b[2m=\x1b[0mInnerClientId { ptr: 0x9a009110, alive: true }\x1b[1m}\x1b[0m\x1b[2m:\x1b[0m com.system76.CosmicPanelWorkspacesButton:             LogicalSize {
[2m1970-01-01T00:00:09.158336Z[0m [32m INFO[0m [1mcosmic-panel[0m[2m:[0m [2mcosmic_session::notifications[0m[2m:[0m \x1b[2m1970-01-01T00:00:08.943606Z\x1b[0m \x1b[32m INFO\x1b[0m \x1b[1mstdout\x1b[0m\x1b[1m{\x1b[0m\x1b[3mclient\x1b[0m\x1b[2m=\x1b[0mInnerClientId { ptr: 0x9a009110, alive: true }\x1b[1m}\x1b[0m\x1b[2m:\x1b[0m com.system76.CosmicPanelWorkspacesButton:                 width: 72.0,
[2m1970-01-01T00:00:09.160939Z[0m [32m INFO[0m [1mcosmic-panel[0m[2m:[0m [2mcosmic_session::notifications[0m[2m:[0m \x1b[2m1970-01-01T00:00:08.943619Z\x1b[0m \x1b[32m INFO\x1b[0m \x1b[1mstdout\x1b[0m\x1b[1m{\x1b[0m\x1b[3mclient\x1b[0m\x1b[2m=\x1b[0mInnerClientId { ptr: 0x9a009110, alive: true }\x1b[1m}\x1b[0m\x1b[2m:\x1b[0m com.system76.CosmicPanelWorkspacesButton:                 height: 64.0,
[2m1970-01-01T00:00:09.163580Z[0m [32m INFO[0m [1mcosmic-panel[0m[2m:[0m [2mcosmic_session::notifications[0m[2m:[0m \x1b[2m1970-01-01T00:00:08.943631Z\x1b[0m \x1b[32m INFO\x1b[0m \x1b[1mstdout\x1b[0m\x1b[1m{\x1b[0m\x1b[3mclient\x1b[0m\x1b[2m=\x1b[0mInnerClientId { ptr: 0x9a009110, alive: true }\x1b[1m}\x1b[0m\x1b[2m:\x1b[0m com.system76.CosmicPanelWorkspacesButton:             },
[2m1970-01-01T00:00:09.165946Z[0m [32m INFO[0m [1mcosmic-panel[0m[2m:[0m [2mcosmic_session::notifications[0m[2m:[0m \x1b[2m1970-01-01T00:00:08.943642Z\x1b[0m \x1b[32m INFO\x1b[0m \x1b[1mstdout\x1b[0m\x1b[1m{\x1b[0m\x1b[3mclient\x1b[0m\x1b[2m=\x1b[0mInnerClientId { ptr: 0x9a009110, alive: true }\x1b[1m}\x1b[0m\x1b[2m:\x1b[0m com.system76.CosmicPanelWorkspacesButton:         ),
[2m1970-01-01T00:00:09.168410Z[0m [32m INFO[0m [1mcosmic-panel[0m[2m:[0m [2mcosmic_session::notifications[0m[2m:[0m \x1b[2m1970-01-01T00:00:08.943652Z\x1b[0m \x1b[32m INFO\x1b[0m \x1b[1mstdout\x1b[0m\x1b[1m{\x1b[0m\x1b[3mclient\x1b[0m\x1b[2m=\x1b[0mInnerClientId { ptr: 0x9a009110, alive: true }\x1b[1m}\x1b[0m\x1b[2m:\x1b[0m com.system76.CosmicPanelWorkspacesButton:     ),
[2m1970-01-01T00:00:09.171307Z[0m [32m INFO[0m [1mcosmic-panel[0m[2m:[0m [2mcosmic_session::notifications[0m[2m:[0m \x1b[2m1970-01-01T00:00:08.991488Z\x1b[0m \x1b[32m INFO\x1b[0m \x1b[1mstdout\x1b[0m\x1b[1m{\x1b[0m\x1b[3mclient\x1b[0m\x1b[2m=\x1b[0mInnerClientId { ptr: 0x9a009110, alive: true }\x1b[1m}\x1b[0m\x1b[2m:\x1b[0m com.system76.CosmicPanelWorkspacesButton:     min_surface_size: Some(
[2m1970-01-01T00:00:09.172187Z[0m [32m INFO[0m [1mcosmic-panel[0m[2m:[0m [2mcosmic_session::notifications[0m[2m:[0m \x1b[2m1970-01-01T00:00:08.991512Z\x1b[0m \x1b[32m INFO\x1b[0m \x1b[1mstdout\x1b[0m\x1b[1m{\x1b[0m\x1b[3mclient\x1b[0m\x1b[2m=\x1b[0mInnerClientId { ptr: 0x9a009110, alive: true }\x1b[1m}\x1b[0m\x1b[2m:\x1b[0m com.system76.CosmicPanelWorkspacesButton:         Logical(
[2m1970-01-01T00:00:09.173057Z[0m [32m INFO[0m [1mcosmic-panel[0m[2m:[0m [2mcosmic_session::notifications[0m[2m:[0m \x1b[2m1970-01-01T00:00:08.991530Z\x1b[0m \x1b[32m INFO\x1b[0m \x1b[1mstdout\x1b[0m\x1b[1m{\x1b[0m\x1b[3mclient\x1b[0m\x1b[2m=\x1b[0mInnerClientId { ptr: 0x9a009110, alive: true }\x1b[1m}\x1b[0m\x1b[2m:\x1b[0m com.system76.CosmicPanelWorkspacesButton:             LogicalSize {
[2m1970-01-01T00:00:09.173936Z[0m [32m INFO[0m [1mcosmic-panel[0m[2m:[0m [2mcosmic_session::notifications[0m[2m:[0m \x1b[2m1970-01-01T00:00:08.991548Z\x1b[0m \x1b[32m INFO\x1b[0m \x1b[1mstdout\x1b[0m\x1b[1m{\x1b[0m\x1b[3mclient\x1b[0m\x1b[2m=\x1b[0mInnerClientId { ptr: 0x9a009110, alive: true }\x1b[1m}\x1b[0m\x1b[2m:\x1b[0m com.system76.CosmicPanelWorkspacesButton:                 width: 72.0,
[2m1970-01-01T00:00:09.176312Z[0m [32m INFO[0m [1mcosmic-panel[0m[2m:[0m [2mcosmic_session::notifications[0m[2m:[0m \x1b[2m1970-01-01T00:00:08.991558Z\x1b[0m \x1b[32m INFO\x1b[0m \x1b[1mstdout\x1b[0m\x1b[1m{\x1b[0m\x1b[3mclient\x1b[0m\x1b[2m=\x1b[0mInnerClientId { ptr: 0x9a009110, alive: true }\x1b[1m}\x1b[0m\x1b[2m:\x1b[0m com.system76.CosmicPanelWorkspacesButton:                 height: 64.0,
[2m1970-01-01T00:00:09.178878Z[0m [32m INFO[0m [1mcosmic-panel[0m[2m:[0m [2mcosmic_session::notifications[0m[2m:[0m \x1b[2m1970-01-01T00:00:08.991568Z\x1b[0m \x1b[32m INFO\x1b[0m \x1b[1mstdout\x1b[0m\x1b[1m{\x1b[0m\x1b[3mclient\x1b[0m\x1b[2m=\x1b[0mInnerClientId { ptr: 0x9a009110, alive: true }\x1b[1m}\x1b[0m\x1b[2m:\x1b[0m com.system76.CosmicPanelWorkspacesButton:             },
[2m1970-01-01T00:00:09.181169Z[0m [32m INFO[0m [1mcosmic-panel[0m[2m:[0m [2mcosmic_session::notifications[0m[2m:[0m \x1b[2m1970-01-01T00:00:08.991581Z\x1b[0m \x1b[32m INFO\x1b[0m \x1b[1mstdout\x1b[0m\x1b[1m{\x1b[0m\x1b[3mclient\x1b[0m\x1b[2m=\x1b[0mInnerClientId { ptr: 0x9a009110, alive: true }\x1b[1m}\x1b[0m\x1b[2m:\x1b[0m com.system76.CosmicPanelWorkspacesButton:         ),
[2m1970-01-01T00:00:09.183535Z[0m [32m INFO[0m [1mcosmic-panel[0m[2m:[0m [2mcosmic_session::notifications[0m[2m:[0m \x1b[2m1970-01-01T00:00:08.991592Z\x1b[0m \x1b[32m INFO\x1b[0m \x1b[1mstdout\x1b[0m\x1b[1m{\x1b[0m\x1b[3mclient\x1b[0m\x1b[2m=\x1b[0mInnerClientId { ptr: 0x9a009110, alive: true }\x1b[1m}\x1b[0m\x1b[2m:\x1b[0m com.system76.CosmicPanelWorkspacesButton:     ),
[2m1970-01-01T00:00:09.186375Z[0m [32m INFO[0m [1mcosmic-panel[0m[2m:[0m [2mcosmic_session::notifications[0m[2m:[0m \x1b[2m1970-01-01T00:00:08.991610Z\x1b[0m \x1b[32m INFO\x1b[0m \x1b[1mstdout\x1b[0m\x1b[1m{\x1b[0m\x1b[3mclient\x1b[0m\x1b[2m=\x1b[0mInnerClientId { ptr: 0x9a009110, alive: true }\x1b[1m}\x1b[0m\x1b[2m:\x1b[0m com.system76.CosmicPanelWorkspacesButton:     max_surface_size: None,
[2m1970-01-01T00:00:09.189692Z[0m [32m INFO[0m [1mcosmic-panel[0m[2m:[0m [2mcosmic_session::notifications[0m[2m:[0m \x1b[2m1970-01-01T00:00:08.991624Z\x1b[0m \x1b[32m INFO\x1b[0m \x1b[1mstdout\x1b[0m\x1b[1m{\x1b[0m\x1b[3mclient\x1b[0m\x1b[2m=\x1b[0mInnerClientId { ptr: 0x9a009110, alive: true }\x1b[1m}\x1b[0m\x1b[2m:\x1b[0m com.system76.CosmicPanelWorkspacesButton:     surface_resize_increments: None,
[2m1970-01-01T00:00:09.192164Z[0m [32m INFO[0m [1mcosmic-panel[0m[2m:[0m [2mcosmic_session::notifications[0m[2m:[0m \x1b[2m1970-01-01T00:00:08.991639Z\x1b[0m \x1b[32m INFO\x1b[0m \x1b[1mstdout\x1b[0m\x1b[1m{\x1b[0m\x1b[3mclient\x1b[0m\x1b[2m=\x1b[0mInnerClientId { ptr: 0x9a009110, alive: true }\x1b[1m}\x1b[0m\x1b[2m:\x1b[0m com.system76.CosmicPanelWorkspacesButton:     position: None,
[2m1970-01-01T00:00:09.195432Z[0m [32m INFO[0m [1mcosmic-panel[0m[2m:[0m [2mcosmic_session::notifications[0m[2m:[0m \x1b[2m1970-01-01T00:00:08.991652Z\x1b[0m \x1b[32m INFO\x1b[0m \x1b[1mstdout\x1b[0m\x1b[1m{\x1b[0m\x1b[3mclient\x1b[0m\x1b[2m=\x1b[0mInnerClientId { ptr: 0x9a009110, alive: true }\x1b[1m}\x1b[0m\x1b[2m:\x1b[0m com.system76.CosmicPanelWorkspacesButton:     resizable: false,
[2m1970-01-01T00:00:09.198928Z[0m [32m INFO[0m [1mcosmic-panel[0m[2m:[0m [2mcosmic_session::notifications[0m[2m:[0m \x1b[2m1970-01-01T00:00:08.991667Z\x1b[0m \x1b[32m INFO\x1b[0m \x1b[1mstdout\x1b[0m\x1b[1m{\x1b[0m\x1b[3mclient\x1b[0m\x1b[2m=\x1b[0mInnerClientId { ptr: 0x9a009110, alive: true }\x1b[1m}\x1b[0m\x1b[2m:\x1b[0m com.system76.CosmicPanelWorkspacesButton:     enabled_buttons: WindowButtons(
[2m1970-01-01T00:00:09.204368Z[0m [32m INFO[0m [1mcosmic-panel[0m[2m:[0m [2mcosmic_session::notifications[0m[2m:[0m \x1b[2m1970-01-01T00:00:08.991677Z\x1b[0m \x1b[32m INFO\x1b[0m \x1b[1mstdout\x1b[0m\x1b[1m{\x1b[0m\x1b[3mclient\x1b[0m\x1b[2m=\x1b[0mInnerClientId { ptr: 0x9a009110, alive: true }\x1b[1m}\x1b[0m\x1b[2m:\x1b[0m com.system76.CosmicPanelWorkspacesButton:         CLOSE | MINIMIZE,
[2m1970-01-01T00:00:09.207900Z[0m [32m INFO[0m [1mcosmic-panel[0m[2m:[0m [2mcosmic_session::notifications[0m[2m:[0m \x1b[2m1970-01-01T00:00:08.991687Z\x1b[0m \x1b[32m INFO\x1b[0m \x1b[1mstdout\x1b[0m\x1b[1m{\x1b[0m\x1b[3mclient\x1b[0m\x1b[2m=\x1b[0mInnerClientId { ptr: 0x9a009110, alive: true }\x1b[1m}\x1b[0m\x1b[2m:\x1b[0m com.system76.CosmicPanelWorkspacesButton:     ),
[2m1970-01-01T00:00:09.211250Z[0m [32m INFO[0m [1mcosmic-panel[0m[2m:[0m [2mcosmic_session::notifications[0m[2m:[0m \x1b[2m1970-01-01T00:00:08.991699Z\x1b[0m \x1b[32m INFO\x1b[0m \x1b[1mstdout\x1b[0m\x1b[1m{\x1b[0m\x1b[3mclient\x1b[0m\x1b[2m=\x1b[0mInnerClientId { ptr: 0x9a009110, alive: true }\x1b[1m}\x1b[0m\x1b[2m:\x1b[0m com.system76.CosmicPanelWorkspacesButton:     title: "Cosmic - Iced",
[2m1970-01-01T00:00:09.214936Z[0m [32m INFO[0m [1mcosmic-panel[0m[2m:[0m [2mcosmic_session::notifications[0m[2m:[0m \x1b[2m1970-01-01T00:00:08.991711Z\x1b[0m \x1b[32m INFO\x1b[0m \x1b[1mstdout\x1b[0m\x1b[1m{\x1b[0m\x1b[3mclient\x1b[0m\x1b[2m=\x1b[0mInnerClientId { ptr: 0x9a009110, alive: true }\x1b[1m}\x1b[0m\x1b[2m:\x1b[0m com.system76.CosmicPanelWorkspacesButton:     maximized: false,
[2m1970-01-01T00:00:09.216083Z[0m [32m INFO[0m [1mcosmic-panel[0m[2m:[0m [2mcosmic_session::notifications[0m[2m:[0m \x1b[2m1970-01-01T00:00:08.991721Z\x1b[0m \x1b[32m INFO\x1b[0m \x1b[1mstdout\x1b[0m\x1b[1m{\x1b[0m\x1b[3mclient\x1b[0m\x1b[2m=\x1b[0mInnerClientId { ptr: 0x9a009110, alive: true }\x1b[1m}\x1b[0m\x1b[2m:\x1b[0m com.system76.CosmicPanelWorkspacesButton:     visible: false,
[2m1970-01-01T00:00:09.216944Z[0m [32m INFO[0m [1mcosmic-panel[0m[2m:[0m [2mcosmic_session::notifications[0m[2m:[0m \x1b[2m1970-01-01T00:00:09.045864Z\x1b[0m \x1b[32m INFO\x1b[0m \x1b[1mstdout\x1b[0m\x1b[1m{\x1b[0m\x1b[3mclient\x1b[0m\x1b[2m=\x1b[0mInnerClientId { ptr: 0x9a009110, alive: true }\x1b[1m}\x1b[0m\x1b[2m:\x1b[0m com.system76.CosmicPanelWorkspacesButton:     transparent: true,
[2m1970-01-01T00:00:09.217807Z[0m [32m INFO[0m [1mcosmic-panel[0m[2m:[0m [2mcosmic_session::notifications[0m[2m:[0m \x1b[2m1970-01-01T00:00:09.045886Z\x1b[0m \x1b[32m INFO\x1b[0m \x1b[1mstdout\x1b[0m\x1b[1m{\x1b[0m\x1b[3mclient\x1b[0m\x1b[2m=\x1b[0mInnerClientId { ptr: 0x9a009110, alive: true }\x1b[1m}\x1b[0m\x1b[2m:\x1b[0m com.system76.CosmicPanelWorkspacesButton:     blur: false,
[2m1970-01-01T00:00:09.218896Z[0m [32m INFO[0m [1mcosmic-panel[0m[2m:[0m [2mcosmic_session::notifications[0m[2m:[0m \x1b[2m1970-01-01T00:00:09.045908Z\x1b[0m \x1b[32m INFO\x1b[0m \x1b[1mstdout\x1b[0m\x1b[1m{\x1b[0m\x1b[3mclient\x1b[0m\x1b[2m=\x1b[0mInnerClientId { ptr: 0x9a009110, alive: true }\x1b[1m}\x1b[0m\x1b[2m:\x1b[0m com.system76.CosmicPanelWorkspacesButton:     decorations: false,
[2m1970-01-01T00:00:09.221779Z[0m [32m INFO[0m [1mcosmic-panel[0m[2m:[0m [2mcosmic_session::notifications[0m[2m:[0m \x1b[2m1970-01-01T00:00:09.045931Z\x1b[0m \x1b[32m INFO\x1b[0m \x1b[1mstdout\x1b[0m\x1b[1m{\x1b[0m\x1b[3mclient\x1b[0m\x1b[2m=\x1b[0mInnerClientId { ptr: 0x9a009110, alive: true }\x1b[1m}\x1b[0m\x1b[2m:\x1b[0m com.system76.CosmicPanelWorkspacesButton:     window_icon: None,
[2m1970-01-01T00:00:09.226632Z[0m [32m INFO[0m [1mcosmic-panel[0m[2m:[0m [2mcosmic_session::notifications[0m[2m:[0m \x1b[2m1970-01-01T00:00:09.045944Z\x1b[0m \x1b[32m INFO\x1b[0m \x1b[1mstdout\x1b[0m\x1b[1m{\x1b[0m\x1b[3mclient\x1b[0m\x1b[2m=\x1b[0mInnerClientId { ptr: 0x9a009110, alive: true }\x1b[1m}\x1b[0m\x1b[2m:\x1b[0m com.system76.CosmicPanelWorkspacesButton:     preferred_theme: None,
[2m1970-01-01T00:00:09.229159Z[0m [32m INFO[0m [1mcosmic-panel[0m[2m:[0m [2mcosmic_session::notifications[0m[2m:[0m \x1b[2m1970-01-01T00:00:09.045955Z\x1b[0m \x1b[32m INFO\x1b[0m \x1b[1mstdout\x1b[0m\x1b[1m{\x1b[0m\x1b[3mclient\x1b[0m\x1b[2m=\x1b[0mInnerClientId { ptr: 0x9a009110, alive: true }\x1b[1m}\x1b[0m\x1b[2m:\x1b[0m com.system76.CosmicPanelWorkspacesButton:     content_protected: false,
[2m1970-01-01T00:00:09.230518Z[0m [32m INFO[0m [1mcosmic-panel[0m[2m:[0m [2mcosmic_session::notifications[0m[2m:[0m \x1b[2m1970-01-01T00:00:09.045971Z\x1b[0m \x1b[32m INFO\x1b[0m \x1b[1mstdout\x1b[0m\x1b[1m{\x1b[0m\x1b[3mclient\x1b[0m\x1b[2m=\x1b[0mInnerClientId { ptr: 0x9a009110, alive: true }\x1b[1m}\x1b[0m\x1b[2m:\x1b[0m com.system76.CosmicPanelWorkspacesButton:     window_level: Normal,
[2m1970-01-01T00:00:09.231387Z[0m [32m INFO[0m [1mcosmic-panel[0m[2m:[0m [2mcosmic_session::notifications[0m[2m:[0m \x1b[2m1970-01-01T00:00:09.045981Z\x1b[0m \x1b[32m INFO\x1b[0m \x1b[1mstdout\x1b[0m\x1b[1m{\x1b[0m\x1b[3mclient\x1b[0m\x1b[2m=\x1b[0mInnerClientId { ptr: 0x9a009110, alive: true }\x1b[1m}\x1b[0m\x1b[2m:\x1b[0m com.system76.CosmicPanelWorkspacesButton:     active: true,
[2m1970-01-01T00:00:09.232240Z[0m [32m INFO[0m [1mcosmic-panel[0m[2m:[0m [2mcosmic_session::notifications[0m[2m:[0m \x1b[2m1970-01-01T00:00:09.045991Z\x1b[0m \x1b[32m INFO\x1b[0m \x1b[1mstdout\x1b[0m\x1b[1m{\x1b[0m\x1b[3mclient\x1b[0m\x1b[2m=\x1b[0mInnerClientId { ptr: 0x9a009110, alive: true }\x1b[1m}\x1b[0m\x1b[2m:\x1b[0m com.system76.CosmicPanelWorkspacesButton:     cursor: Icon(
[2m1970-01-01T00:00:09.233998Z[0m [32m INFO[0m [1mcosmic-panel[0m[2m:[0m [2mcosmic_session::notifications[0m[2m:[0m \x1b[2m1970-01-01T00:00:09.046005Z\x1b[0m \x1b[32m INFO\x1b[0m \x1b[1mstdout\x1b[0m\x1b[1m{\x1b[0m\x1b[3mclient\x1b[0m\x1b[2m=\x1b[0mInnerClientId { ptr: 0x9a009110, alive: true }\x1b[1m}\x1b[0m\x1b[2m:\x1b[0m com.system76.CosmicPanelWorkspacesButton:         Default,
[2m1970-01-01T00:00:09.236805Z[0m [32m INFO[0m [1mcosmic-panel[0m[2m:[0m [2mcosmic_session::notifications[0m[2m:[0m \x1b[2m1970-01-01T00:00:09.046015Z\x1b[0m \x1b[32m INFO\x1b[0m \x1b[1mstdout\x1b[0m\x1b[1m{\x1b[0m\x1b[3mclient\x1b[0m\x1b[2m=\x1b[0mInnerClientId { ptr: 0x9a009110, alive: true }\x1b[1m}\x1b[0m\x1b[2m:\x1b[0m com.system76.CosmicPanelWorkspacesButton:     ),
[2m1970-01-01T00:00:09.239191Z[0m [32m INFO[0m [1mcosmic-panel[0m[2m:[0m [2mcosmic_session::notifications[0m[2m:[0m \x1b[2m1970-01-01T00:00:09.046026Z\x1b[0m \x1b[32m INFO\x1b[0m \x1b[1mstdout\x1b[0m\x1b[1m{\x1b[0m\x1b[3mclient\x1b[0m\x1b[2m=\x1b[0mInnerClientId { ptr: 0x9a009110, alive: true }\x1b[1m}\x1b[0m\x1b[2m:\x1b[0m com.system76.CosmicPanelWorkspacesButton:     parent_window: None,
[2m1970-01-01T00:00:09.241400Z[0m [32m INFO[0m [1mcosmic-panel[0m[2m:[0m [2mcosmic_session::notifications[0m[2m:[0m \x1b[2m1970-01-01T00:00:09.046037Z\x1b[0m \x1b[32m INFO\x1b[0m \x1b[1mstdout\x1b[0m\x1b[1m{\x1b[0m\x1b[3mclient\x1b[0m\x1b[2m=\x1b[0mInnerClientId { ptr: 0x9a009110, alive: true }\x1b[1m}\x1b[0m\x1b[2m:\x1b[0m com.system76.CosmicPanelWorkspacesButton:     fullscreen: None,
[2m1970-01-01T00:00:09.244195Z[0m [32m INFO[0m [1mcosmic-panel[0m[2m:[0m [2mcosmic_session::notifications[0m[2m:[0m \x1b[2m1970-01-01T00:00:09.046050Z\x1b[0m \x1b[32m INFO\x1b[0m \x1b[1mstdout\x1b[0m\x1b[1m{\x1b[0m\x1b[3mclient\x1b[0m\x1b[2m=\x1b[0mInnerClientId { ptr: 0x9a009110, alive: true }\x1b[1m}\x1b[0m\x1b[2m:\x1b[0m com.system76.CosmicPanelWorkspacesButton:     platform: Some(
[2m1970-01-01T00:00:09.247894Z[0m [32m INFO[0m [1mcosmic-panel[0m[2m:[0m [2mcosmic_session::notifications[0m[2m:[0m \x1b[2m1970-01-01T00:00:09.046061Z\x1b[0m \x1b[32m INFO\x1b[0m \x1b[1mstdout\x1b[0m\x1b[1m{\x1b[0m\x1b[3mclient\x1b[0m\x1b[2m=\x1b[0mInnerClientId { ptr: 0x9a009110, alive: true }\x1b[1m}\x1b[0m\x1b[2m:\x1b[0m com.system76.CosmicPanelWorkspacesButton:         WindowAttributesWayland {
[2m1970-01-01T00:00:09.250313Z[0m [32m INFO[0m [1mcosmic-panel[0m[2m:[0m [2mcosmic_session::notifications[0m[2m:[0m \x1b[2m1970-01-01T00:00:09.046074Z\x1b[0m \x1b[32m INFO\x1b[0m \x1b[1mstdout\x1b[0m\x1b[1m{\x1b[0m\x1b[3mclient\x1b[0m\x1b[2m=\x1b[0mInnerClientId { ptr: 0x9a009110, alive: true }\x1b[1m}\x1b[0m\x1b[2m:\x1b[0m com.system76.CosmicPanelWorkspacesButton:             name: Some(
[2m1970-01-01T00:00:09.251181Z[0m [32m INFO[0m [1mcosmic-panel[0m[2m:[0m [2mcosmic_session::notifications[0m[2m:[0m \x1b[2m1970-01-01T00:00:09.046085Z\x1b[0m \x1b[32m INFO\x1b[0m \x1b[1mstdout\x1b[0m\x1b[1m{\x1b[0m\x1b[3mclient\x1b[0m\x1b[2m=\x1b[0mInnerClientId { ptr: 0x9a009110, alive: true }\x1b[1m}\x1b[0m\x1b[2m:\x1b[0m com.system76.CosmicPanelWorkspacesButton:                 ApplicationName {
[2m1970-01-01T00:00:09.252275Z[0m [32m INFO[0m [1mcosmic-panel[0m[2m:[0m [2mcosmic_session::notifications[0m[2m:[0m \x1b[2m1970-01-01T00:00:09.046095Z\x1b[0m \x1b[32m INFO\x1b[0m \x1b[1mstdout\x1b[0m\x1b[1m{\x1b[0m\x1b[3mclient\x1b[0m\x1b[2m=\x1b[0mInnerClientId { ptr: 0x9a009110, alive: true }\x1b[1m}\x1b[0m\x1b[2m:\x1b[0m com.system76.CosmicPanelWorkspacesButton:                     general: "com.system76.CosmicPanelButton",
[2m1970-01-01T00:00:09.253241Z[0m [32m INFO[0m [1mcosmic-panel[0m[2m:[0m [2mcosmic_session::notifications[0m[2m:[0m \x1b[2m1970-01-01T00:00:09.098938Z\x1b[0m \x1b[32m INFO\x1b[0m \x1b[1mstdout\x1b[0m\x1b[1m{\x1b[0m\x1b[3mclient\x1b[0m\x1b[2m=\x1b[0mInnerClientId { ptr: 0x9a009110, alive: true }\x1b[1m}\x1b[0m\x1b[2m:\x1b[0m com.system76.CosmicPanelWorkspacesButton:                     instance: "com.system76.CosmicPanelButton",
[2m1970-01-01T00:00:09.255122Z[0m [32m INFO[0m [1mcosmic-panel[0m[2m:[0m [2mcosmic_session::notifications[0m[2m:[0m \x1b[2m1970-01-01T00:00:09.098964Z\x1b[0m \x1b[32m INFO\x1b[0m \x1b[1mstdout\x1b[0m\x1b[1m{\x1b[0m\x1b[3mclient\x1b[0m\x1b[2m=\x1b[0mInnerClientId { ptr: 0x9a009110, alive: true }\x1b[1m}\x1b[0m\x1b[2m:\x1b[0m com.system76.CosmicPanelWorkspacesButton:                 },
[2m1970-01-01T00:00:09.258046Z[0m [32m INFO[0m [1mcosmic-panel[0m[2m:[0m [2mcosmic_session::notifications[0m[2m:[0m \x1b[2m1970-01-01T00:00:09.098975Z\x1b[0m \x1b[32m INFO\x1b[0m \x1b[1mstdout\x1b[0m\x1b[1m{\x1b[0m\x1b[3mclient\x1b[0m\x1b[2m=\x1b[0mInnerClientId { ptr: 0x9a009110, alive: true }\x1b[1m}\x1b[0m\x1b[2m:\x1b[0m com.system76.CosmicPanelWorkspacesButton:             ),
[2m1970-01-01T00:00:09.260294Z[0m [32m INFO[0m [1mcosmic-panel[0m[2m:[0m [2mcosmic_session::notifications[0m[2m:[0m \x1b[2m1970-01-01T00:00:09.098985Z\x1b[0m \x1b[32m INFO\x1b[0m \x1b[1mstdout\x1b[0m\x1b[1m{\x1b[0m\x1b[3mclient\x1b[0m\x1b[2m=\x1b[0mInnerClientId { ptr: 0x9a009110, alive: true }\x1b[1m}\x1b[0m\x1b[2m:\x1b[0m com.system76.CosmicPanelWorkspacesButton:             activation_token: None,
[2m1970-01-01T00:00:09.262832Z[0m [32m INFO[0m [1mcosmic-panel[0m[2m:[0m [2mcosmic_session::notifications[0m[2m:[0m \x1b[2m1970-01-01T00:00:09.098994Z\x1b[0m \x1b[32m INFO\x1b[0m \x1b[1mstdout\x1b[0m\x1b[1m{\x1b[0m\x1b[3mclient\x1b[0m\x1b[2m=\x1b[0mInnerClientId { ptr: 0x9a009110, alive: true }\x1b[1m}\x1b[0m\x1b[2m:\x1b[0m com.system76.CosmicPanelWorkspacesButton:             prefer_csd: false,
[2m1970-01-01T00:00:09.263737Z[0m [32m INFO[0m [1mcosmic-panel[0m[2m:[0m [2mcosmic_session::notifications[0m[2m:[0m \x1b[2m1970-01-01T00:00:09.099004Z\x1b[0m \x1b[32m INFO\x1b[0m \x1b[1mstdout\x1b[0m\x1b[1m{\x1b[0m\x1b[3mclient\x1b[0m\x1b[2m=\x1b[0mInnerClientId { ptr: 0x9a009110, alive: true }\x1b[1m}\x1b[0m\x1b[2m:\x1b[0m com.system76.CosmicPanelWorkspacesButton:         },
[2m1970-01-01T00:00:09.265729Z[0m [32m INFO[0m [1mcosmic-panel[0m[2m:[0m [2mcosmic_session::notifications[0m[2m:[0m \x1b[2m1970-01-01T00:00:09.099014Z\x1b[0m \x1b[32m INFO\x1b[0m \x1b[1mstdout\x1b[0m\x1b[1m{\x1b[0m\x1b[3mclient\x1b[0m\x1b[2m=\x1b[0mInnerClientId { ptr: 0x9a009110, alive: true }\x1b[1m}\x1b[0m\x1b[2m:\x1b[0m com.system76.CosmicPanelWorkspacesButton:     ),
[2m1970-01-01T00:00:09.268558Z[0m [32m INFO[0m [1mcosmic-panel[0m[2m:[0m [2mcosmic_session::notifications[0m[2m:[0m \x1b[2m1970-01-01T00:00:09.099025Z\x1b[0m \x1b[32m INFO\x1b[0m \x1b[1mstdout\x1b[0m\x1b[1m{\x1b[0m\x1b[3mclient\x1b[0m\x1b[2m=\x1b[0mInnerClientId { ptr: 0x9a009110, alive: true }\x1b[1m}\x1b[0m\x1b[2m:\x1b[0m com.system76.CosmicPanelWorkspacesButton: }
[2m1970-01-01T00:00:09.270719Z[0m [32m INFO[0m [1mcosmic-panel[0m[2m:[0m [2mcosmic_session::notifications[0m[2m:[0m \x1b[2m1970-01-01T00:00:09.099037Z\x1b[0m \x1b[32m INFO\x1b[0m \x1b[1mstdout\x1b[0m\x1b[1m{\x1b[0m\x1b[3mclient\x1b[0m\x1b[2m=\x1b[0mInnerClientId { ptr: 0x9a009110, alive: true }\x1b[1m}\x1b[0m\x1b[2m:\x1b[0m com.system76.CosmicPanelWorkspacesButton: \x1b[2m1970-01-01T00:00:07.221817Z\x1b[0m \x1b[33m WARN\x1b[0m \x1b[2mwinit_wayland::window::state\x1b[0m\x1b[2m:\x1b[0m `xdg_toplevel_icon_manager_v1` is not supported
[2m1970-01-01T00:00:09.281845Z[0m [32m INFO[0m [1mcosmic-panel[0m[2m:[0m [2mcosmic_session::notifications[0m[2m:[0m \x1b[2m1970-01-01T00:00:09.099161Z\x1b[0m \x1b[32m INFO\x1b[0m \x1b[1mstdout\x1b[0m\x1b[1m{\x1b[0m\x1b[3mclient\x1b[0m\x1b[2m=\x1b[0mInnerClientId { ptr: 0x98d24800, alive: true }\x1b[1m}\x1b[0m\x1b[2m:\x1b[0m com.system76.CosmicAppletTiling: \x1b[2m1970-01-01T00:00:08.226830Z\x1b[0m \x1b[33m WARN\x1b[0m \x1b[2musvg::parser::filter\x1b[0m\x1b[2m:\x1b[0m Filters on zero-sized shapes are not allowed.
[2m1970-01-01T00:00:09.283030Z[0m [32m INFO[0m [1mcosmic-panel[0m[2m:[0m [2mcosmic_session::notifications[0m[2m:[0m \x1b[2m1970-01-01T00:00:08.558925Z\x1b[0m \x1b[32m INFO\x1b[0m Requires relayout: resizing list
[2m1970-01-01T00:00:09.283526Z[0m [32m INFO[0m [1mcosmic-panel[0m[2m:[0m [2mcosmic_session::notifications[0m[2m:[0m 
[2m1970-01-01T00:00:09.283808Z[0m [32m INFO[0m [1mcosmic-panel[0m[2m:[0m [2mcosmic_session::notifications[0m[2m:[0m Stack backtrace:
[2m1970-01-01T00:00:09.284205Z[0m [32m INFO[0m [1mcosmic-panel[0m[2m:[0m [2mcosmic_session::notifications[0m[2m:[0m    0: <unknown>
[2m1970-01-01T00:00:09.284947Z[0m [32m INFO[0m [1mcosmic-panel[0m[2m:[0m [2mcosmic_session::notifications[0m[2m:[0m    1: <unknown>
[2m1970-01-01T00:00:09.285259Z[0m [32m INFO[0m [1mcosmic-panel[0m[2m:[0m [2mcosmic_session::notifications[0m[2m:[0m    2: <unknown>
[2m1970-01-01T00:00:09.285572Z[0m [32m INFO[0m [1mcosmic-panel[0m[2m:[0m [2mcosmic_session::notifications[0m[2m:[0m    3: <unknown>
[2m1970-01-01T00:00:09.285886Z[0m [32m INFO[0m [1mcosmic-panel[0m[2m:[0m [2mcosmic_session::notifications[0m[2m:[0m    4: <unknown>
[2m1970-01-01T00:00:09.286198Z[0m [32m INFO[0m [1mcosmic-panel[0m[2m:[0m [2mcosmic_session::notifications[0m[2m:[0m    5: <unknown>
[2m1970-01-01T00:00:09.286517Z[0m [32m INFO[0m [1mcosmic-panel[0m[2m:[0m [2mcosmic_session::notifications[0m[2m:[0m    6: <unknown>
[2m1970-01-01T00:00:09.287296Z[0m [32m INFO[0m [1mcosmic-panel[0m[2m:[0m [2mcosmic_session::notifications[0m[2m:[0m    7: <unknown>
[2m1970-01-01T00:00:09.288459Z[0m [32m INFO[0m [1mcosmic-panel[0m[2m:[0m [2mcosmic_session::notifications[0m[2m:[0m    8: <unknown>
[2m1970-01-01T00:00:09.289753Z[0m [32m INFO[0m [1mcosmic-panel[0m[2m:[0m [2mcosmic_session::notifications[0m[2m:[0m    9: <unknown>
[2m1970-01-01T00:00:09.290021Z[0m [32m INFO[0m [1mcosmic-panel[0m[2m:[0m [2mcosmic_session::notifications[0m[2m:[0m \x1b[2m1970-01-01T00:00:09.104224Z\x1b[0m \x1b[32m INFO\x1b[0m Cell { value: None }
[2m1970-01-01T00:00:09.511960Z[0m [33m WARN[0m [1mcosmic-files-applet[0m[2m:[0m [2mcosmic_session[0m[2m:[0m   \x1b[33m WARN\x1b[0m  \x1b[33mNo valid locale found in environment, using fallback\x1b[0m
[2m1970-01-01T00:00:09.512719Z[0m [33m WARN[0m [1mcosmic-files-applet[0m[2m:[0m [2mcosmic_session[0m[2m:[0m     \x1b[2;3mat\x1b[0m src/localize.rs:69 \x1b[2;3mon\x1b[0m main
[2m1970-01-01T00:00:09.513487Z[0m [33m WARN[0m [1mcosmic-files-applet[0m[2m:[0m [2mcosmic_session[0m[2m:[0m 
[2m1970-01-01T00:00:09.514188Z[0m [33m WARN[0m [1mcosmic-files-applet[0m[2m:[0m [2mcosmic_session[0m[2m:[0m   \x1b[32m INFO\x1b[0m  \x1b[32mrescan_tab Entity(1v1) Desktop("/root/Desktop", "", DesktopConfig { grid_spacing: 100, icon_size: 100, show_content: true, show_mounted_drives: false, show_trash: false }) None\x1b[0m
[2m1970-01-01T00:00:09.515593Z[0m [33m WARN[0m [1mcosmic-files-applet[0m[2m:[0m [2mcosmic_session[0m[2m:[0m     \x1b[2;3mat\x1b[0m src/app.rs:1512 \x1b[2;3mon\x1b[0m main
[2m1970-01-01T00:00:09.516074Z[0m [33m WARN[0m [1mcosmic-files-applet[0m[2m:[0m [2mcosmic_session[0m[2m:[0m 
[2m1970-01-01T00:00:09.517520Z[0m [33m WARN[0m [1mcosmic-files-applet[0m[2m:[0m [2mcosmic_session[0m[2m:[0m   \x1b[32m INFO\x1b[0m  \x1b[32mSystem theme: None\x1b[0m
[2m1970-01-01T00:00:09.518610Z[0m [33m WARN[0m [1mcosmic-files-applet[0m[2m:[0m [2mcosmic_session[0m[2m:[0m     \x1b[2;3mat\x1b[0m /Users/forain/.cargo/git/checkouts/libcosmic-41009aea1d72760b/96a8204/iced/winit/src/lib.rs:843 \x1b[2;3mon\x1b[0m main
[2m1970-01-01T00:00:09.520009Z[0m [33m WARN[0m [1mcosmic-files-applet[0m[2m:[0m [2mcosmic_session[0m[2m:[0m 
[2m1970-01-01T00:00:09.520279Z[0m [33m WARN[0m [1mcosmic-files-applet[0m[2m:[0m [2mcosmic_session[0m[2m:[0m   \x1b[33m WARN\x1b[0m  \x1b[33mfailed to read directory /root/Desktop: No such file or directory (os error 2)\x1b[0m
[2m1970-01-01T00:00:09.521570Z[0m [33m WARN[0m [1mcosmic-files-applet[0m[2m:[0m [2mcosmic_session[0m[2m:[0m     \x1b[2;3mat\x1b[0m src/tab.rs:1086 \x1b[2;3mon\x1b[0m tokio-rt-worker
[2m1970-01-01T00:00:09.522204Z[0m [33m WARN[0m [1mcosmic-files-applet[0m[2m:[0m [2mcosmic_session[0m[2m:[0m 
[2m1970-01-01T00:00:09.522971Z[0m [33m WARN[0m [1mcosmic-files-applet[0m[2m:[0m [2mcosmic_session[0m[2m:[0m   \x1b[33m WARN\x1b[0m  \x1b[33mfailed to get item for /root/Desktop: failed to read metadata for /root/Desktop: No such file or directory (os error 2)\x1b[0m
[2m1970-01-01T00:00:09.523606Z[0m [33m WARN[0m [1mcosmic-files-applet[0m[2m:[0m [2mcosmic_session[0m[2m:[0m     \x1b[2;3mat\x1b[0m src/tab.rs:1611 \x1b[2;3mon\x1b[0m tokio-rt-worker
[2m1970-01-01T00:00:09.524027Z[0m [33m WARN[0m [1mcosmic-files-applet[0m[2m:[0m [2mcosmic_session[0m[2m:[0m 
[2m1970-01-01T00:00:09.524293Z[0m [33m WARN[0m [1mcosmic-files-applet[0m[2m:[0m [2mcosmic_session[0m[2m:[0m   \x1b[32m INFO\x1b[0m  \x1b[32mSCTK setup complete.\x1b[0m
[2m1970-01-01T00:00:09.524701Z[0m [33m WARN[0m [1mcosmic-files-applet[0m[2m:[0m [2mcosmic_session[0m[2m:[0m     \x1b[2;3mat\x1b[0m /Users/forain/.cargo/git/checkouts/libcosmic-41009aea1d72760b/96a8204/iced/winit/src/platform_specific/wayland/event_loop/mod.rs:465 \x1b[2;3mon\x1b[0m 
[2m1970-01-01T00:00:09.525458Z[0m [33m WARN[0m [1mcosmic-files-applet[0m[2m:[0m [2mcosmic_session[0m[2m:[0m 
[2m1970-01-01T00:00:09.533444Z[0m [33m WARN[0m [1mcosmic-files-applet[0m[2m:[0m [2mcosmic_session[0m[2m:[0m xkbcommon: ERROR: couldn't find a Compose file for locale "C" (mapped to "C")
[2m1970-01-01T00:00:09.533890Z[0m [33m WARN[0m [1mcosmic-files-applet[0m[2m:[0m [2mcosmic_session[0m[2m:[0m xkbcommon: ERROR: couldn't find a Compose file for locale "C" (mapped to "C")
