[0m[?25l[47;1H[J[39mbrush-0.5# [38;5;14m[38;5;5m[0m[0msh /bin/78[?25h[0m[?25l[47;1H[J[39mbrush-0.5# [38;5;14m[38;5;5m[0m[0msh /bin/start-cosmic-leandros &78[?25h
[?2004l[1]+	<pid unknown>
[?2004h[0m[?25l[49;1H[J[39mbrush-0.5# [38;5;14m[38;5;5m[0m[0m78[?25h[2m1970-01-01T00:00:02.697092Z[0m [32m INFO[0m [2mbusd[0m[2m:[0m reading configuration file /usr/share/dbus-1/session.conf ...
[2m1970-01-01T00:00:02.742937Z[0m [32m INFO[0m [2mbusd::bus[0m[2m:[0m Listening on UNIX socket file `/run/user/0/bus`.
[2m1970-01-01T00:00:02.874595Z[0m [33m WARN[0m [2mcosmic_session[0m[2m:[0m failed to connect to journald
[2m1970-01-01T00:00:02.949524Z[0m [32m INFO[0m [2mcosmic_session[0m[2m:[0m Starting cosmic-session
[2m1970-01-01T00:00:02.955136Z[0m [32m INFO[0m [2mlaunch_pad[0m[2m:[0m starting process ' COSMIC_SESSION_SOCK=261 /bin/cosmic-comp  --no-xwayland'
[GPU] device features hi=0x00000101 lo=0x30000002
[GPU] *** host does NOT offer VIRTIO_GPU_F_VIRGL -- 3D/Venus unavailable ***
[GPU] *** host does NOT offer VIRTIO_GPU_F_RESOURCE_BLOB -- 3D/Venus unavailable ***
[GPU] *** host does NOT offer VIRTIO_GPU_F_CONTEXT_INIT -- 3D/Venus unavailable ***
[GPU] acked features hi=0x00000001 lo=0x00000002
[2m1970-01-01T00:00:07.952828Z[0m [33m WARN[0m [2mcosmic_session[0m[2m:[0m cosmic-comp env handshake did not complete; falling back to WAYLAND_DISPLAY=wayland-1
[2m1970-01-01T00:00:07.960177Z[0m [32m INFO[0m [2mcosmic_session[0m[2m:[0m got environmental variables from cosmic-comp: [("WAYLAND_DISPLAY", "wayland-1")]
[2m1970-01-01T00:00:07.970058Z[0m [33m WARN[0m [2mcosmic_session::systemd[0m[2m:[0m unable to start systemctl --user set-environment XDG_SESSION_TYPE=wayland: No such file or directory (os error 2)
[2m1970-01-01T00:00:07.974186Z[0m [32m INFO[0m [2mlaunch_pad[0m[2m:[0m starting process ' WAYLAND_DISPLAY=wayland-1 XDG_SESSION_TYPE=wayland cosmic-settings-daemon '
[2m1970-01-01T00:00:08.059999Z[0m [33m WARN[0m [2mcosmic_session::systemd[0m[2m:[0m unable to start systemctl --user start --no-block cosmic-session.target: No such file or directory (os error 2)
[2m1970-01-01T00:00:08.059999Z[0m [32m INFO[0m [2mlaunch_pad[0m[2m:[0m starting process ' WAYLAND_DISPLAY=wayland-1 XDG_SESSION_TYPE=wayland DAEMON_NOTIFICATIONS_FD=263 cosmic-notifications '
[2m1970-01-01T00:00:08.109999Z[0m [32m INFO[0m [2mlaunch_pad[0m[2m:[0m starting process ' WAYLAND_DISPLAY=wayland-1 XDG_SESSION_TYPE=wayland PANEL_NOTIFICATIONS_FD=262 cosmic-panel '
[2m1970-01-01T00:00:08.119999Z[0m [32m INFO[0m [2mlaunch_pad[0m[2m:[0m starting process ' WAYLAND_DISPLAY=wayland-1 XDG_SESSION_TYPE=wayland cosmic-app-library '
[2m1970-01-01T00:00:08.399999Z[0m [32m INFO[0m [2mlaunch_pad[0m[2m:[0m starting process ' WAYLAND_DISPLAY=wayland-1 XDG_SESSION_TYPE=wayland cosmic-launcher '
[2m1970-01-01T00:00:08.480258Z[0m [32m INFO[0m [1mcosmic-notifications[0m[2m:[0m [2mcosmic_session::notifications[0m[2m:[0m \x1b[2m1970-01-01T00:00:08.199999Z\x1b[0m \x1b[33m WARN\x1b[0m \x1b[2mcosmic_notifications\x1b[0m\x1b[2m:\x1b[0m Failed to connect to journald
[2m1970-01-01T00:00:08.500209Z[0m [32m INFO[0m [1mcosmic-notifications[0m[2m:[0m [2mcosmic_session::notifications[0m[2m:[0m \x1b[2m1970-01-01T00:00:08.199999Z\x1b[0m \x1b[32m INFO\x1b[0m \x1b[2mcosmic_notifications\x1b[0m\x1b[2m:\x1b[0m cosmic-notifications (com.system76.CosmicNotifications)
[2m1970-01-01T00:00:08.519999Z[0m [32m INFO[0m [1mcosmic-notifications[0m[2m:[0m [2mcosmic_session::notifications[0m[2m:[0m \x1b[2m1970-01-01T00:00:08.199999Z\x1b[0m \x1b[32m INFO\x1b[0m \x1b[2mcosmic_notifications\x1b[0m\x1b[2m:\x1b[0m Version: 0.1.0 (release)
[2m1970-01-01T00:00:08.529999Z[0m [32m INFO[0m [1mcosmic-panel[0m[2m:[0m [2mcosmic_session::notifications[0m[2m:[0m \x1b[2m1970-01-01T00:00:08.329999Z\x1b[0m \x1b[31mERROR\x1b[0m Panel Entry Error: GetKey("padding_overlap", Os { code: 2, kind: NotFound, message: "No such file or directory" })
[2m1970-01-01T00:00:08.529999Z[0m [32m INFO[0m [1mcosmic-panel[0m[2m:[0m [2mcosmic_session::notifications[0m[2m:[0m \x1b[2m1970-01-01T00:00:08.329999Z\x1b[0m \x1b[31mERROR\x1b[0m Panel Entry Error: GetKey("keep_style_on_maximize", Os { code: 2, kind: NotFound, message: "No such file or directory" })
[2m1970-01-01T00:00:08.529999Z[0m [32m INFO[0m [1mcosmic-panel[0m[2m:[0m [2mcosmic_session::notifications[0m[2m:[0m \x1b[2m1970-01-01T00:00:08.329999Z\x1b[0m \x1b[31mERROR\x1b[0m Panel Entry Error: GetKey("padding_overlap", Os { code: 2, kind: NotFound, message: "No such file or directory" })
[2m1970-01-01T00:00:08.529999Z[0m [32m INFO[0m [1mcosmic-panel[0m[2m:[0m [2mcosmic_session::notifications[0m[2m:[0m \x1b[2m1970-01-01T00:00:08.329999Z\x1b[0m \x1b[31mERROR\x1b[0m Panel Entry Error: GetKey("keep_style_on_maximize", Os { code: 2, kind: NotFound, message: "No such file or directory" })
[2m1970-01-01T00:00:08.553109Z[0m [32m INFO[0m [2mlaunch_pad[0m[2m:[0m starting process ' WAYLAND_DISPLAY=wayland-1 XDG_SESSION_TYPE=wayland cosmic-workspaces '
[2m1970-01-01T00:00:08.670302Z[0m [32m INFO[0m [1mcosmic-notifications[0m[2m:[0m [2mcosmic_session::notifications[0m[2m:[0m \x1b[2m1970-01-01T00:00:08.459999Z\x1b[0m \x1b[33m WARN\x1b[0m \x1b[2mcosmic_text::font::system\x1b[0m\x1b[2m:\x1b[0m failed to get system locale, falling back to en-US
[2m1970-01-01T00:00:08.680128Z[0m [32m INFO[0m [1mcosmic-notifications[0m[2m:[0m [2mcosmic_session::notifications[0m[2m:[0m \x1b[2m1970-01-01T00:00:08.459999Z\x1b[0m \x1b[33m WARN\x1b[0m \x1b[2mfontdb\x1b[0m\x1b[2m:\x1b[0m Fallback to loading from known font dir paths.
[2m1970-01-01T00:00:08.684655Z[0m [32m INFO[0m [2mlaunch_pad[0m[2m:[0m starting process ' WAYLAND_DISPLAY=wayland-1 XDG_SESSION_TYPE=wayland cosmic-osd '
[2m1970-01-01T00:00:08.799999Z[0m [33m WARN[0m [1mcosmic-app-library[0m[2m:[0m [2mcosmic_session[0m[2m:[0m  INFO  cosmic_app_library > Cosmic App Library (com.system76.CosmicAppLibrary)
[2m1970-01-01T00:00:08.799999Z[0m [33m WARN[0m [1mcosmic-app-library[0m[2m:[0m [2mcosmic_session[0m[2m:[0m  INFO  cosmic_app_library > Version: 0.1.0
[2m1970-01-01T00:00:08.799999Z[0m [32m INFO[0m [2mlaunch_pad[0m[2m:[0m starting process ' WAYLAND_DISPLAY=wayland-1 XDG_SESSION_TYPE=wayland cosmic-bg '
[2m1970-01-01T00:00:09.092328Z[0m [33m WARN[0m [1mcosmic-app-library[0m[2m:[0m [2mcosmic_session[0m[2m:[0m  INFO  i18n_embed::requester > Current Locale: []
[2m1970-01-01T00:00:09.109999Z[0m [33m WARN[0m [1mcosmic-app-library[0m[2m:[0m [2mcosmic_session[0m[2m:[0m  INFO  i18n_embed            > Selecting translations for domain "cosmic_app_library"
[2m1970-01-01T00:00:09.109999Z[0m [32m INFO[0m [1mcosmic-launcher[0m[2m:[0m [2mcosmic_session[0m[2m:[0m 1970-01-01T00:00:08.759999Z  INFO cosmic-launcher (com.system76.CosmicLauncher)
[2m1970-01-01T00:00:09.109999Z[0m [32m INFO[0m [1mcosmic-launcher[0m[2m:[0m [2mcosmic_session[0m[2m:[0m 1970-01-01T00:00:08.759999Z  INFO Version: 1.0.12 (release)
[2m1970-01-01T00:00:09.109999Z[0m [33m WARN[0m [1mcosmic-workspaces[0m[2m:[0m [2mcosmic_session[0m[2m:[0m [1970-01-01T00:00:08Z INFO  i18n_embed::requester] Current Locale: []
[2m1970-01-01T00:00:09.109999Z[0m [33m WARN[0m [1mcosmic-workspaces[0m[2m:[0m [2mcosmic_session[0m[2m:[0m [1970-01-01T00:00:08Z INFO  i18n_embed] Selecting translations for domain "cosmic_workspaces"
[2m1970-01-01T00:00:09.109999Z[0m [32m INFO[0m [2mlaunch_pad[0m[2m:[0m starting process ' WAYLAND_DISPLAY=wayland-1 XDG_SESSION_TYPE=wayland cosmic-greeter '
[2m1970-01-01T00:00:09.229999Z[0m [31mERROR[0m [1mcosmic-greeter[0m[2m:[0m [2mcosmic_session[0m[2m:[0m failed to start cosmic-greeter: failed to start process: No such file or directory (os error 2)
[2m1970-01-01T00:00:09.229999Z[0m [32m INFO[0m [2mlaunch_pad[0m[2m:[0m starting process ' WAYLAND_DISPLAY=wayland-1 XDG_SESSION_TYPE=wayland cosmic-files-applet '
[2m1970-01-01T00:00:09.369999Z[0m [32m INFO[0m [2mlaunch_pad[0m[2m:[0m starting process ' WAYLAND_DISPLAY=wayland-1 XDG_SESSION_TYPE=wayland cosmic-idle '
[2m1970-01-01T00:00:09.409999Z[0m [33m WARN[0m [2mbusd::peers[0m[2m:[0m unknown destination: org.a11y.Bus
[2m1970-01-01T00:00:09.449999Z[0m [33m WARN[0m [1mcosmic-workspaces[0m[2m:[0m [2mcosmic_session[0m[2m:[0m [1970-01-01T00:00:09Z INFO  zbus::connection::handshake::common] write_command; command=Auth(Some(External), Some([48]))
[2m1970-01-01T00:00:09.449999Z[0m [33m WARN[0m [1mcosmic-workspaces[0m[2m:[0m [2mcosmic_session[0m[2m:[0m [1970-01-01T00:00:09Z INFO  zbus::connection::handshake::common] write_commands; commands=[Auth(Some(External), Some([48]))] extra_bytes=None
[2m1970-01-01T00:00:09.500527Z[0m [33m WARN[0m [1mcosmic-workspaces[0m[2m:[0m [2mcosmic_session[0m[2m:[0m [1970-01-01T00:00:09Z INFO  tracing::span] read_command;
[2m1970-01-01T00:00:09.502784Z[0m [33m WARN[0m [1mcosmic-workspaces[0m[2m:[0m [2mcosmic_session[0m[2m:[0m [1970-01-01T00:00:09Z INFO  zbus::connection::handshake::common] read_commands; n_commands=1
[2m1970-01-01T00:00:09.505500Z[0m [33m WARN[0m [1mcosmic-workspaces[0m[2m:[0m [2mcosmic_session[0m[2m:[0m [1970-01-01T00:00:09Z INFO  zbus::connection::handshake::common] write_commands; commands=[NegotiateUnixFD, Begin] extra_bytes=Some([108, 1, 0, 1, 0, 0, 0, 0, 1, 0, 0, 0, 109, 0, 0, 0, 1, 1, 111, 0, 21, 0, 0, 0, 47, 111, 114, 103, 47, 102, 114, 101, 101, 100, 101, 115, 107, 116, 111, 112, 47, 68, 66, 117, 115, 0, 0, 0, 2, 1, 115, 0, 20, 0, 0, 0, 111, 114, 103, 46, 102, 114, 101, 101, 100, 101, 115, 107, 116, 111, 112, 46, 68, 66, 117, 115, 0, 0, 0, 0, 3, 1, 115, 0, 5, 0, 0, 0, 72, 101, 108, 108, 111, 0, 0, 0, 6, 1, 115, 0, 20, 0, 0, 0, 111, 114, 103, 46, 102, 114, 101, 101, 100, 101, 115, 107, 116, 111, 112, 46, 68, 66, 117, 115, 0, 0, 0, 0])
[2m1970-01-01T00:00:09.510710Z[0m [33m WARN[0m [1mcosmic-workspaces[0m[2m:[0m [2mcosmic_session[0m[2m:[0m [1970-01-01T00:00:09Z INFO  zbus::connection::handshake::common] read_commands; n_commands=1
[2m1970-01-01T00:00:09.699999Z[0m [33m WARN[0m [1mcosmic-app-library[0m[2m:[0m [2mcosmic_session[0m[2m:[0m  INFO  zbus::connection::handshake::common > write_command; command=Auth(Some(External), Some([48]))
[2m1970-01-01T00:00:09.699999Z[0m [33m WARN[0m [1mcosmic-app-library[0m[2m:[0m [2mcosmic_session[0m[2m:[0m  INFO  zbus::connection::handshake::common > write_commands; commands=[Auth(Some(External), Some([48]))] extra_bytes=None
[2m1970-01-01T00:00:09.719999Z[0m [33m WARN[0m [1mcosmic-app-library[0m[2m:[0m [2mcosmic_session[0m[2m:[0m  INFO  tracing::span                       > read_command;
[2m1970-01-01T00:00:09.719999Z[0m [33m WARN[0m [1mcosmic-app-library[0m[2m:[0m [2mcosmic_session[0m[2m:[0m  INFO  zbus::connection::handshake::common > read_commands; n_commands=1
[2m1970-01-01T00:00:09.809999Z[0m [33m WARN[0m [1mcosmic-app-library[0m[2m:[0m [2mcosmic_session[0m[2m:[0m  INFO  zbus::connection::handshake::common > write_commands; commands=[NegotiateUnixFD, Begin] extra_bytes=Some([108, 1, 0, 1, 0, 0, 0, 0, 1, 0, 0, 0, 109, 0, 0, 0, 1, 1, 111, 0, 21, 0, 0, 0, 47, 111, 114, 103, 47, 102, 114, 101, 101, 100, 101, 115, 107, 116, 111, 112, 47, 68, 66, 117, 115, 0, 0, 0, 2, 1, 115, 0, 20, 0, 0, 0, 111, 114, 103, 46, 102, 114, 101, 101, 100, 101, 115, 107, 116, 111, 112, 46, 68, 66, 117, 115, 0, 0, 0, 0, 3, 1, 115, 0, 5, 0, 0, 0, 72, 101, 108, 108, 111, 0, 0, 0, 6, 1, 115, 0, 20, 0, 0, 0, 111, 114, 103, 46, 102, 114, 101, 101, 100, 101, 115, 107, 116, 111, 112, 46, 68, 66, 117, 115, 0, 0, 0, 0])
[2m1970-01-01T00:00:09.809999Z[0m [33m WARN[0m [1mcosmic-app-library[0m[2m:[0m [2mcosmic_session[0m[2m:[0m  INFO  zbus::connection::handshake::common > read_commands; n_commands=1
[2m1970-01-01T00:00:09.981626Z[0m [33m WARN[0m [2mbusd::peers[0m[2m:[0m unknown destination: com.system76.CosmicWorkspaces
[2m1970-01-01T00:00:10.000823Z[0m [33m WARN[0m [1mcosmic-workspaces[0m[2m:[0m [2mcosmic_session[0m[2m:[0m [1970-01-01T00:00:09Z WARN  cosmic::app] Failed to activate another instance err=MethodError(OwnedErrorName("org.freedesktop.DBus.Error.ServiceUnknown"), Some("The name com.system76.CosmicWorkspaces was not provided by any .service files"), Msg { type: Error, serial: 33, sender: UniqueName("org.freedesktop.DBus"), reply-serial: 2, body: Str, fds: [] })
[2m1970-01-01T00:00:10.007990Z[0m [33m WARN[0m [1mcosmic-workspaces[0m[2m:[0m [2mcosmic_session[0m[2m:[0m [1970-01-01T00:00:09Z WARN  cosmic_text::font::system] failed to get system locale, falling back to en-US
[2m1970-01-01T00:00:10.019999Z[0m [33m WARN[0m [1mcosmic-workspaces[0m[2m:[0m [2mcosmic_session[0m[2m:[0m [1970-01-01T00:00:10Z WARN  fontdb] Fallback to loading from known font dir paths.
[2m1970-01-01T00:00:10.290580Z[0m [33m WARN[0m [1mcosmic-osd[0m[2m:[0m [2mcosmic_session[0m[2m:[0m [1970-01-01T00:00:10Z INFO  zbus::connection::handshake::common] write_command; command=Auth(Some(External), Some([48]))
[2m1970-01-01T00:00:10.293697Z[0m [33m WARN[0m [1mcosmic-osd[0m[2m:[0m [2mcosmic_session[0m[2m:[0m [1970-01-01T00:00:10Z INFO  zbus::connection::handshake::common] write_commands; commands=[Auth(Some(External), Some([48]))] extra_bytes=None
[2m1970-01-01T00:00:10.296944Z[0m [33m WARN[0m [1mcosmic-osd[0m[2m:[0m [2mcosmic_session[0m[2m:[0m [1970-01-01T00:00:10Z INFO  tracing::span] read_command;
[2m1970-01-01T00:00:10.309999Z[0m [33m WARN[0m [1mcosmic-osd[0m[2m:[0m [2mcosmic_session[0m[2m:[0m [1970-01-01T00:00:10Z INFO  zbus::connection::handshake::common] read_commands; n_commands=1
[2m1970-01-01T00:00:10.359999Z[0m [33m WARN[0m [1mcosmic-osd[0m[2m:[0m [2mcosmic_session[0m[2m:[0m [1970-01-01T00:00:10Z INFO  zbus::connection::handshake::common] write_commands; commands=[NegotiateUnixFD, Begin] extra_bytes=Some([108, 1, 0, 1, 0, 0, 0, 0, 1, 0, 0, 0, 109, 0, 0, 0, 1, 1, 111, 0, 21, 0, 0, 0, 47, 111, 114, 103, 47, 102, 114, 101, 101, 100, 101, 115, 107, 116, 111, 112, 47, 68, 66, 117, 115, 0, 0, 0, 2, 1, 115, 0, 20, 0, 0, 0, 111, 114, 103, 46, 102, 114, 101, 101, 100, 101, 115, 107, 116, 111, 112, 46, 68, 66, 117, 115, 0, 0, 0, 0, 3, 1, 115, 0, 5, 0, 0, 0, 72, 101, 108, 108, 111, 0, 0, 0, 6, 1, 115, 0, 20, 0, 0, 0, 111, 114, 103, 46, 102, 114, 101, 101, 100, 101, 115, 107, 116, 111, 112, 46, 68, 66, 117, 115, 0, 0, 0, 0])
[2m1970-01-01T00:00:10.369999Z[0m [33m WARN[0m [1mcosmic-osd[0m[2m:[0m [2mcosmic_session[0m[2m:[0m [1970-01-01T00:00:10Z INFO  zbus::connection::handshake::common] read_commands; n_commands=1
[2m1970-01-01T00:00:10.389999Z[0m [33m WARN[0m [2mbusd::peers[0m[2m:[0m unknown destination: com.system76.CosmicAppLibrary
[2m1970-01-01T00:00:10.389999Z[0m [33m WARN[0m [2mbusd::peers[0m[2m:[0m unknown destination: com.system76.CosmicLauncher
[2m1970-01-01T00:00:10.389999Z[0m [33m WARN[0m [1mcosmic-app-library[0m[2m:[0m [2mcosmic_session[0m[2m:[0m  WARN  cosmic::app                         > Failed to activate another instance err=MethodError(OwnedErrorName("org.freedesktop.DBus.Error.ServiceUnknown"), Some("The name com.system76.CosmicAppLibrary was not provided by any .service files"), Msg { type: Error, serial: 46, sender: UniqueName("org.freedesktop.DBus"), reply-serial: 2, body: Str, fds: [] })
[2m1970-01-01T00:00:10.389999Z[0m [33m WARN[0m [1mcosmic-app-library[0m[2m:[0m [2mcosmic_session[0m[2m:[0m  WARN  cosmic_text::font::system           > failed to get system locale, falling back to en-US
[2m1970-01-01T00:00:10.389999Z[0m [33m WARN[0m [1mcosmic-app-library[0m[2m:[0m [2mcosmic_session[0m[2m:[0m  WARN  fontdb                              > Fallback to loading from known font dir paths.
[2m1970-01-01T00:00:10.419999Z[0m [32m INFO[0m [1mcosmic-launcher[0m[2m:[0m [2mcosmic_session[0m[2m:[0m 1970-01-01T00:00:10.401118Z  WARN Failed to activate another instance err=MethodError(OwnedErrorName("org.freedesktop.DBus.Error.ServiceUnknown"), Some("The name com.system76.CosmicLauncher was not provided by any .service files"), Msg { type: Error, serial: 47, sender: UniqueName("org.freedesktop.DBus"), reply-serial: 2, body: Str, fds: [] })
[2m1970-01-01T00:00:10.619999Z[0m [33m WARN[0m [2mbusd::peers[0m[2m:[0m unknown destination: com.system76.CosmicOnScreenDisplay
[2m1970-01-01T00:00:10.632068Z[0m [33m WARN[0m [1mcosmic-osd[0m[2m:[0m [2mcosmic_session[0m[2m:[0m [1970-01-01T00:00:10Z WARN  cosmic::app] Failed to activate another instance err=MethodError(OwnedErrorName("org.freedesktop.DBus.Error.ServiceUnknown"), Some("The name com.system76.CosmicOnScreenDisplay was not provided by any .service files"), Msg { type: Error, serial: 56, sender: UniqueName("org.freedesktop.DBus"), reply-serial: 2, body: Str, fds: [] })
[2m1970-01-01T00:00:10.639684Z[0m [33m WARN[0m [1mcosmic-osd[0m[2m:[0m [2mcosmic_session[0m[2m:[0m [1970-01-01T00:00:10Z WARN  cosmic_text::font::system] failed to get system locale, falling back to en-US
[2m1970-01-01T00:00:10.649999Z[0m [33m WARN[0m [1mcosmic-osd[0m[2m:[0m [2mcosmic_session[0m[2m:[0m [1970-01-01T00:00:10Z WARN  fontdb] Fallback to loading from known font dir paths.
[2m1970-01-01T00:00:10.669999Z[0m [32m INFO[0m [1mcosmic-panel[0m[2m:[0m [2mcosmic_session::notifications[0m[2m:[0m \x1b[2m1970-01-01T00:00:10.662590Z\x1b[0m \x1b[32m INFO\x1b[0m Watching panel config entries for changes Config { system_path: Some("/usr/share/cosmic/com.system76.CosmicPanel/v1"), user_path: Some("/root/.config/cosmic/com.system76.CosmicPanel/v1"), previous: None }
[2m1970-01-01T00:00:10.733362Z[0m [32m INFO[0m [1mcosmic-panel[0m[2m:[0m [2mcosmic_session::notifications[0m[2m:[0m \x1b[2m1970-01-01T00:00:10.730949Z\x1b[0m \x1b[32m INFO\x1b[0m Watching panel config entry: Config { system_path: Some("/usr/share/cosmic/com.system76.CosmicPanel.Panel/v1"), user_path: Some("/root/.config/cosmic/com.system76.CosmicPanel.Panel/v1"), previous: None }
[2m1970-01-01T00:00:10.889999Z[0m [32m INFO[0m [1mcosmic-panel[0m[2m:[0m [2mcosmic_session::notifications[0m[2m:[0m \x1b[2m1970-01-01T00:00:10.889999Z\x1b[0m \x1b[32m INFO\x1b[0m Watching panel config entry: Config { system_path: Some("/usr/share/cosmic/com.system76.CosmicPanel.Dock/v1"), user_path: Some("/root/.config/cosmic/com.system76.CosmicPanel.Dock/v1"), previous: None }
[2m1970-01-01T00:00:10.889999Z[0m [32m INFO[0m [1mcosmic-panel[0m[2m:[0m [2mcosmic_session::notifications[0m[2m:[0m \x1b[2m1970-01-01T00:00:10.889999Z\x1b[0m \x1b[32m INFO\x1b[0m Watching panel config successful
[2m1970-01-01T00:00:11.039999Z[0m [32m INFO[0m [1mcosmic-panel[0m[2m:[0m [2mcosmic_session::notifications[0m[2m:[0m \x1b[2m1970-01-01T00:00:11.039999Z\x1b[0m \x1b[32m INFO\x1b[0m Connecting to notifications daemon
[2m1970-01-01T00:00:11.179999Z[0m [33m WARN[0m [1mcosmic-files-applet[0m[2m:[0m [2mcosmic_session[0m[2m:[0m   \x1b[32m INFO\x1b[0m  \x1b[32mCurrent Locale: []\x1b[0m
[2m1970-01-01T00:00:11.189999Z[0m [33m WARN[0m [1mcosmic-files-applet[0m[2m:[0m [2mcosmic_session[0m[2m:[0m     \x1b[2;3mat\x1b[0m /Users/forain/.cargo/registry/src/index.crates.io-1949cf8c6b5b557f/i18n-embed-0.16.0/src/requester.rs:299 \x1b[2;3mon\x1b[0m main
[2m1970-01-01T00:00:11.189999Z[0m [33m WARN[0m [1mcosmic-files-applet[0m[2m:[0m [2mcosmic_session[0m[2m:[0m 
[2m1970-01-01T00:00:11.189999Z[0m [33m WARN[0m [1mcosmic-files-applet[0m[2m:[0m [2mcosmic_session[0m[2m:[0m   \x1b[32m INFO\x1b[0m  \x1b[32mSelecting translations for domain "cosmic_files"\x1b[0m
[2m1970-01-01T00:00:11.189999Z[0m [33m WARN[0m [1mcosmic-files-applet[0m[2m:[0m [2mcosmic_session[0m[2m:[0m     \x1b[2;3mat\x1b[0m /Users/forain/.cargo/registry/src/index.crates.io-1949cf8c6b5b557f/i18n-embed-0.16.0/src/lib.rs:602 \x1b[2;3mon\x1b[0m main
[2m1970-01-01T00:00:11.189999Z[0m [33m WARN[0m [1mcosmic-files-applet[0m[2m:[0m [2mcosmic_session[0m[2m:[0m 
[2m1970-01-01T00:00:12.199999Z[0m [33m WARN[0m [2mbusd::peers[0m[2m:[0m unknown destination: org.freedesktop.locale1
[2m1970-01-01T00:00:12.211795Z[0m [33m WARN[0m [1mcosmic-settings-daemon[0m[2m:[0m [2mcosmic_session[0m[2m:[0m   \x1b[33m WARN\x1b[0m  \x1b[33mFailed to populate properties cache via GetAll: org.freedesktop.DBus.Error.ServiceUnknown: The name org.freedesktop.locale1 was not provided by any .service files. Property change streams will not produce values.\x1b[0m
[2m1970-01-01T00:00:12.229999Z[0m [33m WARN[0m [1mcosmic-settings-daemon[0m[2m:[0m [2mcosmic_session[0m[2m:[0m     \x1b[2;3mat\x1b[0m /Users/forain/.cargo/registry/src/index.crates.io-1949cf8c6b5b557f/zbus-5.16.0/src/proxy/mod.rs:301 \x1b[2;3mon\x1b[0m main
[2m1970-01-01T00:00:12.229999Z[0m [33m WARN[0m [1mcosmic-settings-daemon[0m[2m:[0m [2mcosmic_session[0m[2m:[0m     \x1b[2;3min\x1b[0m \x1b[1m{}\x1b[0m \x1b[2;3mwith\x1b[0m \x1b[3mtask_name\x1b[0m\x1b[2m=\x1b[0m"org.freedesktop.locale1 proxy caching"
[2m1970-01-01T00:00:12.229999Z[0m [33m WARN[0m [1mcosmic-settings-daemon[0m[2m:[0m [2mcosmic_session[0m[2m:[0m 
[2m1970-01-01T00:00:13.986998Z[0m [33m WARN[0m [1mcosmic-files-applet[0m[2m:[0m [2mcosmic_session[0m[2m:[0m   \x1b[33m WARN\x1b[0m  \x1b[33mfailed to locate desktop directory, falling back to /root/Desktop\x1b[0m
[2m1970-01-01T00:00:13.989859Z[0m [33m WARN[0m [1mcosmic-files-applet[0m[2m:[0m [2mcosmic_session[0m[2m:[0m     \x1b[2;3mat\x1b[0m src/lib.rs:50 \x1b[2;3mon\x1b[0m main
[2m1970-01-01T00:00:13.991157Z[0m [33m WARN[0m [1mcosmic-files-applet[0m[2m:[0m [2mcosmic_session[0m[2m:[0m 
[2m1970-01-01T00:00:13.992997Z[0m [33m WARN[0m [1mcosmic-files-applet[0m[2m:[0m [2mcosmic_session[0m[2m:[0m   \x1b[33m WARN\x1b[0m  \x1b[33mfailed to get system locale, falling back to en-US\x1b[0m
[2m1970-01-01T00:00:13.995462Z[0m [33m WARN[0m [1mcosmic-files-applet[0m[2m:[0m [2mcosmic_session[0m[2m:[0m     \x1b[2;3mat\x1b[0m /Users/forain/.cargo/registry/src/index.crates.io-1949cf8c6b5b557f/cosmic-text-0.19.0/src/font/system.rs:423 \x1b[2;3mon\x1b[0m main
[2m1970-01-01T00:00:14.180184Z[0m [33m WARN[0m [1mcosmic-files-applet[0m[2m:[0m [2mcosmic_session[0m[2m:[0m 
[2m1970-01-01T00:00:14.181857Z[0m [33m WARN[0m [1mcosmic-files-applet[0m[2m:[0m [2mcosmic_session[0m[2m:[0m   \x1b[33m WARN\x1b[0m  \x1b[33mFallback to loading from known font dir paths.\x1b[0m
[2m1970-01-01T00:00:14.184283Z[0m [33m WARN[0m [1mcosmic-files-applet[0m[2m:[0m [2mcosmic_session[0m[2m:[0m     \x1b[2;3mat\x1b[0m /Users/forain/.cargo/registry/src/index.crates.io-1949cf8c6b5b557f/fontdb-0.23.0/src/lib.rs:466 \x1b[2;3mon\x1b[0m main
[2m1970-01-01T00:00:14.187455Z[0m [33m WARN[0m [1mcosmic-files-applet[0m[2m:[0m [2mcosmic_session[0m[2m:[0m 
[2m1970-01-01T00:00:16.042798Z[0m [32m INFO[0m [1mcosmic-panel[0m[2m:[0m [2mcosmic_session::notifications[0m[2m:[0m \x1b[2m1970-01-01T00:00:16.041381Z\x1b[0m \x1b[31mERROR\x1b[0m Failed to connect to the notifications daemon.
[DRM] unimplemented ioctl cmd=0xC00864BF nr=0x000000BF type=0x00000064 size=0x00000008 (reported once per boot)
[DRM-SRV] mmap token=0x000000006B000000 map_info=0x01 -> writeback
[DRM-SRV] mmap token=0x000000006C000000 map_info=0x01 -> writeback
[2m1970-01-01T00:00:21.609999Z[0m [31mERROR[0m [2mpanic[0m[2m:[0m thread 'main' panicked at 'called `Result::unwrap()` on an `Err` value: {"WAYLAND_DISPLAY": "wayland-1"}': src/comp.rs:37
   0: <log_panics::Config>::install_panic_hook::{closure#0}
   1: std::panicking::panic_with_hook
   2: std::panicking::panic_handler::{closure#0}
   3: std::sys::backtrace::__rust_end_short_backtrace::<std::panicking::panic_handler::{closure#0}, !>
   4: __rustc::rust_begin_unwind
   5: core::panicking::panic_fmt
   6: core::result::unwrap_failed
   7: cosmic_session::comp::parse_and_handle_ipc
   8: <core::future::poll_fn::PollFn<cosmic_session::comp::run_compositor::{closure#0}::{closure#1}> as core::future::future::Future>::poll
   9: cosmic_session::comp::run_compositor::{closure#0}
  10: <tokio::runtime::task::core::Core<cosmic_session::comp::run_compositor::{closure#0}, alloc::sync::Arc<tokio::runtime::scheduler::multi_thread::handle::Handle>>>::poll
  11: <tokio::runtime::task::harness::Harness<cosmic_session::comp::run_compositor::{closure#0}, alloc::sync::Arc<tokio::runtime::scheduler::current_thread::Handle>>>::poll
  12: <tokio::runtime::scheduler::current_thread::Context>::enter::<(), <tokio::runtime::scheduler::current_thread::Context>::run_task<(), <tokio::runtime::scheduler::current_thread::CoreGuard>::block_on<core::pin::Pin<&mut cosmic_session::main::{closure#0}>>::{closure#0}::{closure#1}>::{closure#0}>
  13: <tokio::runtime::context::scoped::Scoped<tokio::runtime::scheduler::Context>>::set::<<tokio::runtime::scheduler::current_thread::CoreGuard>::enter<<tokio::runtime::scheduler::current_thread::CoreGuard>::block_on<core::pin::Pin<&mut cosmic_session::main::{closure#0}>>::{closure#0}, core::option::Option<core::result::Result<(), eyre::Report>>>::{closure#0}, (alloc::boxed::Box<tokio::runtime::scheduler::current_thread::Core>, core::option::Option<core::result::Result<(), eyre::Report>>)>
  14: <tokio::runtime::scheduler::current_thread::CoreGuard>::block_on::<core::pin::Pin<&mut cosmic_session::main::{closure#0}>>
  15: tokio::runtime::context::runtime::enter_runtime::<<tokio::runtime::scheduler::current_thread::CurrentThread>::block_on<cosmic_session::main::{closure#0}>::{closure#0}, core::result::Result<(), eyre::Report>>
  16: <tokio::runtime::runtime::Runtime>::block_on::<cosmic_session::main::{closure#0}>
  17: cosmic_session::main
  18: std::sys::backtrace::__rust_begin_short_backtrace::<fn() -> core::result::Result<(), eyre::Report>, core::result::Result<(), eyre::Report>>
  19: std::rt::lang_start::<core::result::Result<(), eyre::Report>>::{closure#0}
  20: std::rt::lang_start_internal
  21: main

[2m1970-01-01T00:00:21.609999Z[0m [33m WARN[0m [2mbusd::peers[0m[2m:[0m unknown destination: com.system76.PowerDaemon
[2m1970-01-01T00:00:21.909999Z[0m [33m WARN[0m [1mcosmic-workspaces[0m[2m:[0m [2mcosmic_session[0m[2m:[0m xkbcommon: ERROR: couldn't find a Compose file for locale "C" (mapped to "C")
[2m1970-01-01T00:00:21.950350Z[0m [33m WARN[0m [1mcosmic-launcher[0m[2m:[0m [2mcosmic_session[0m[2m:[0m xkbcommon: ERROR: couldn't find a Compose file for locale "C" (mapped to "C")
[2m1970-01-01T00:00:22.010531Z[0m [33m WARN[0m [1mcosmic-osd[0m[2m:[0m [2mcosmic_session[0m[2m:[0m xkbcommon: ERROR: couldn't find a Compose file for locale "C" (mapped to "C")
[2m1970-01-01T00:00:22.042810Z[0m [33m WARN[0m [1mcosmic-osd[0m[2m:[0m [2mcosmic_session[0m[2m:[0m [1970-01-01T00:00:22Z INFO  zbus::connection::handshake::common] write_command; command=Auth(Some(External), Some([48]))
[2m1970-01-01T00:00:22.043098Z[0m [33m WARN[0m [1mcosmic-osd[0m[2m:[0m [2mcosmic_session[0m[2m:[0m [1970-01-01T00:00:22Z INFO  zbus::connection::handshake::common] write_commands; commands=[Auth(Some(External), Some([48]))] extra_bytes=None
[2m1970-01-01T00:00:22.045558Z[0m [33m WARN[0m [1mcosmic-osd[0m[2m:[0m [2mcosmic_session[0m[2m:[0m [1970-01-01T00:00:22Z INFO  tracing::span] read_command;
[2m1970-01-01T00:00:22.045840Z[0m [33m WARN[0m [1mcosmic-osd[0m[2m:[0m [2mcosmic_session[0m[2m:[0m [1970-01-01T00:00:22Z INFO  zbus::connection::handshake::common] read_commands; n_commands=1
[2m1970-01-01T00:00:22.060570Z[0m [33m WARN[0m [1mcosmic-app-library[0m[2m:[0m [2mcosmic_session[0m[2m:[0m xkbcommon: ERROR: couldn't find a Compose file for locale "C" (mapped to "C")
[2m1970-01-01T00:00:22.084490Z[0m [33m WARN[0m [1mcosmic-app-library[0m[2m:[0m [2mcosmic_session[0m[2m:[0m  INFO  zbus::connection::handshake::common > write_command; command=Auth(Some(External), Some([48]))
[2m1970-01-01T00:00:22.084687Z[0m [33m WARN[0m [1mcosmic-app-library[0m[2m:[0m [2mcosmic_session[0m[2m:[0m  INFO  zbus::connection::handshake::common > write_commands; commands=[Auth(Some(External), Some([48]))] extra_bytes=None
[2m1970-01-01T00:00:22.088478Z[0m [33m WARN[0m [1mcosmic-app-library[0m[2m:[0m [2mcosmic_session[0m[2m:[0m  INFO  tracing::span                       > read_command;
[2m1970-01-01T00:00:22.088778Z[0m [33m WARN[0m [1mcosmic-app-library[0m[2m:[0m [2mcosmic_session[0m[2m:[0m  INFO  zbus::connection::handshake::common > read_commands; n_commands=1
[2m1970-01-01T00:00:22.100669Z[0m [33m WARN[0m [1mcosmic-idle[0m[2m:[0m [2mcosmic_session[0m[2m:[0m [1970-01-01T00:00:22Z WARN  cosmic_settings_config::shortcuts] Skipping over invalid SystemAction (
[2m1970-01-01T00:00:22.101047Z[0m [33m WARN[0m [1mcosmic-idle[0m[2m:[0m [2mcosmic_session[0m[2m:[0m         /// Toggles the screen reader
[2m1970-01-01T00:00:22.101241Z[0m [33m WARN[0m [1mcosmic-idle[0m[2m:[0m [2mcosmic_session[0m[2m:[0m         ScreenReader): 3:5-3:17: Unexpected variant named `ScreenReader` in enum `System`, expected one of `AppLibrary`, `BrightnessDown`, `BrightnessUp`, `DisplayToggle`, `HomeFolder`, `InputSourceSwitch`, `KeyboardBrightnessDown`, `KeyboardBrightnessUp`, `Launcher`, `LockScreen`, `LogOut`, `Mute`, `MuteMic`, `PlayPause`, `PlayNext`, `PlayPrev`, `PowerOff`, `Screenshot`, `Suspend`, `Terminal`, `TouchpadToggle`, `VolumeLower`, `VolumeRaise`, `WebBrowser`, `WindowSwitcher`, `WindowSwitcherPrevious`, or `WorkspaceOverview` instead
[2m1970-01-01T00:00:22.109999Z[0m [32m INFO[0m [1mcosmic-panel[0m[2m:[0m [2mcosmic_session::notifications[0m[2m:[0m \x1b[2m1970-01-01T00:00:22.108301Z\x1b[0m \x1b[32m INFO\x1b[0m \x1b[1minput_seat\x1b[0m\x1b[1m{\x1b[0m\x1b[3mname\x1b[0m\x1b[2m=\x1b[0m"seat-0"\x1b[1m}\x1b[0m\x1b[2m:\x1b[0m\x1b[1madd_keyboard_with_context_flags\x1b[0m\x1b[1m{\x1b[0m\x1b[3mxkb_config\x1b[0m\x1b[2m=\x1b[0mXkbConfig { rules: "", model: "", layout: "", variant: "", options: None } \x1b[3mrepeat_delay\x1b[0m\x1b[2m=\x1b[0m200 \x1b[3mrepeat_rate\x1b[0m\x1b[2m=\x1b[0m20 \x1b[3mcontext_flags\x1b[0m\x1b[2m=\x1b[0m0\x1b[1m}\x1b[0m\x1b[2m:\x1b[0m\x1b[1minput_keyboard\x1b[0m\x1b[2m:\x1b[0m Initializing a xkbcommon handler with keymap query
[2m1970-01-01T00:00:22.129999Z[0m [33m WARN[0m [1mcosmic-files-applet[0m[2m:[0m [2mcosmic_session[0m[2m:[0m xkbcommon: ERROR: couldn't find a Compose file for locale "C" (mapped to "C")
[2m1970-01-01T00:00:22.170599Z[0m [33m WARN[0m [1mcosmic-notifications[0m[2m:[0m [2mcosmic_session::notifications[0m[2m:[0m xkbcommon: ERROR: couldn't find a Compose file for locale "C" (mapped to "C")
[2m1970-01-01T00:00:22.171301Z[0m [33m WARN[0m [1mcosmic-idle[0m[2m:[0m [2mcosmic_session[0m[2m:[0m [1970-01-01T00:00:22Z WARN  cosmic_settings_config::shortcuts] Skipping over invalid SystemAction (
[2m1970-01-01T00:00:22.171824Z[0m [33m WARN[0m [1mcosmic-idle[0m[2m:[0m [2mcosmic_session[0m[2m:[0m         /// Toggles the screen reader
[2m1970-01-01T00:00:22.172253Z[0m [33m WARN[0m [1mcosmic-idle[0m[2m:[0m [2mcosmic_session[0m[2m:[0m         ScreenReader): 3:5-3:17: Unexpected variant named `ScreenReader` in enum `System`, expected one of `AppLibrary`, `BrightnessDown`, `BrightnessUp`, `DisplayToggle`, `HomeFolder`, `InputSourceSwitch`, `KeyboardBrightnessDown`, `KeyboardBrightnessUp`, `Launcher`, `LockScreen`, `LogOut`, `Mute`, `MuteMic`, `PlayPause`, `PlayNext`, `PlayPrev`, `PowerOff`, `Screenshot`, `Suspend`, `Terminal`, `TouchpadToggle`, `VolumeLower`, `VolumeRaise`, `WebBrowser`, `WindowSwitcher`, `WindowSwitcherPrevious`, or `WorkspaceOverview` instead
[2m1970-01-01T00:00:22.255117Z[0m [33m WARN[0m [1mcosmic-workspaces[0m[2m:[0m [2mcosmic_session[0m[2m:[0m [1970-01-01T00:00:22Z INFO  iced_winit] System theme: None
[2m1970-01-01T00:00:22.284599Z[0m [33m WARN[0m [1mcosmic-idle[0m[2m:[0m [2mcosmic_session[0m[2m:[0m [1970-01-01T00:00:22Z INFO  tracing::span] perform;
[2m1970-01-01T00:00:22.284994Z[0m [33m WARN[0m [1mcosmic-idle[0m[2m:[0m [2mcosmic_session[0m[2m:[0m [1970-01-01T00:00:22Z INFO  tracing::span] authenticate;
[2m1970-01-01T00:00:22.290139Z[0m [33m WARN[0m [1mcosmic-idle[0m[2m:[0m [2mcosmic_session[0m[2m:[0m [1970-01-01T00:00:22Z INFO  zbus::connection::handshake::common] write_command; command=Auth(Some(External), Some([48]))
[2m1970-01-01T00:00:22.290443Z[0m [33m WARN[0m [1mcosmic-idle[0m[2m:[0m [2mcosmic_session[0m[2m:[0m [1970-01-01T00:00:22Z INFO  zbus::connection::handshake::common] write_commands; commands=[Auth(Some(External), Some([48]))] extra_bytes=None
[2m1970-01-01T00:00:22.319374Z[0m [33m WARN[0m [1mcosmic-workspaces[0m[2m:[0m [2mcosmic_session[0m[2m:[0m [1970-01-01T00:00:22Z INFO  iced_winit::platform_specific::wayland::event_loop] SCTK setup complete.
[2m1970-01-01T00:00:22.354033Z[0m [33m WARN[0m [1mcosmic-workspaces[0m[2m:[0m [2mcosmic_session[0m[2m:[0m xkbcommon: ERROR: couldn't find a Compose file for locale "C" (mapped to "C")
[2m1970-01-01T00:00:22.354731Z[0m [33m WARN[0m [1mcosmic-workspaces[0m[2m:[0m [2mcosmic_session[0m[2m:[0m xkbcommon: ERROR: couldn't find a Compose file for locale "C" (mapped to "C")
[2m1970-01-01T00:00:22.355463Z[0m [33m WARN[0m [1mcosmic-idle[0m[2m:[0m [2mcosmic_session[0m[2m:[0m [1970-01-01T00:00:22Z INFO  tracing::span] read_command;
[2m1970-01-01T00:00:22.355941Z[0m [33m WARN[0m [1mcosmic-idle[0m[2m:[0m [2mcosmic_session[0m[2m:[0m [1970-01-01T00:00:22Z INFO  zbus::connection::handshake::common] read_commands; n_commands=1
[2m1970-01-01T00:00:22.356586Z[0m [33m WARN[0m [1mcosmic-idle[0m[2m:[0m [2mcosmic_session[0m[2m:[0m [1970-01-01T00:00:22Z INFO  tracing::span] perform;
[2m1970-01-01T00:00:22.357095Z[0m [33m WARN[0m [1mcosmic-idle[0m[2m:[0m [2mcosmic_session[0m[2m:[0m [1970-01-01T00:00:22Z INFO  tracing::span] authenticate;
[2m1970-01-01T00:00:22.357612Z[0m [33m WARN[0m [1mcosmic-idle[0m[2m:[0m [2mcosmic_session[0m[2m:[0m [1970-01-01T00:00:22Z INFO  zbus::connection::handshake::common] write_command; command=Auth(Some(External), Some([48]))
[2m1970-01-01T00:00:22.358346Z[0m [33m WARN[0m [1mcosmic-idle[0m[2m:[0m [2mcosmic_session[0m[2m:[0m [1970-01-01T00:00:22Z INFO  zbus::connection::handshake::common] write_commands; commands=[Auth(Some(External), Some([48]))] extra_bytes=None
[2m1970-01-01T00:00:22.368025Z[0m [33m WARN[0m [1mcosmic-idle[0m[2m:[0m [2mcosmic_session[0m[2m:[0m [1970-01-01T00:00:22Z INFO  tracing::span] read_command;
[2m1970-01-01T00:00:22.368255Z[0m [33m WARN[0m [1mcosmic-idle[0m[2m:[0m [2mcosmic_session[0m[2m:[0m [1970-01-01T00:00:22Z INFO  zbus::connection::handshake::common] read_commands; n_commands=1
[2m1970-01-01T00:00:22.386094Z[0m [33m WARN[0m [1mcosmic-app-library[0m[2m:[0m [2mcosmic_session[0m[2m:[0m  INFO  zbus::connection::handshake::common > write_commands; commands=[NegotiateUnixFD, Begin] extra_bytes=Some([108, 1, 0, 1, 0, 0, 0, 0, 3, 0, 0, 0, 109, 0, 0, 0, 1, 1, 111, 0, 21, 0, 0, 0, 47, 111, 114, 103, 47, 102, 114, 101, 101, 100, 101, 115, 107, 116, 111, 112, 47, 68, 66, 117, 115, 0, 0, 0, 2, 1, 115, 0, 20, 0, 0, 0, 111, 114, 103, 46, 102, 114, 101, 101, 100, 101, 115, 107, 116, 111, 112, 46, 68, 66, 117, 115, 0, 0, 0, 0, 3, 1, 115, 0, 5, 0, 0, 0, 72, 101, 108, 108, 111, 0, 0, 0, 6, 1, 115, 0, 20, 0, 0, 0, 111, 114, 103, 46, 102, 114, 101, 101, 100, 101, 115, 107, 116, 111, 112, 46, 68, 66, 117, 115, 0, 0, 0, 0])
[2m1970-01-01T00:00:22.387171Z[0m [33m WARN[0m [1mcosmic-app-library[0m[2m:[0m [2mcosmic_session[0m[2m:[0m  INFO  zbus::connection::handshake::common > read_commands; n_commands=1
[2m1970-01-01T00:00:22.992937Z[0m [33m WARN[0m [1mcosmic-osd[0m[2m:[0m [2mcosmic_session[0m[2m:[0m [1970-01-01T00:00:22Z INFO  zbus::connection::handshake::common] write_commands; commands=[NegotiateUnixFD, Begin] extra_bytes=Some([108, 1, 0, 1, 0, 0, 0, 0, 3, 0, 0, 0, 109, 0, 0, 0, 1, 1, 111, 0, 21, 0, 0, 0, 47, 111, 114, 103, 47, 102, 114, 101, 101, 100, 101, 115, 107, 116, 111, 112, 47, 68, 66, 117, 115, 0, 0, 0, 2, 1, 115, 0, 20, 0, 0, 0, 111, 114, 103, 46, 102, 114, 101, 101, 100, 101, 115, 107, 116, 111, 112, 46, 68, 66, 117, 115, 0, 0, 0, 0, 3, 1, 115, 0, 5, 0, 0, 0, 72, 101, 108, 108, 111, 0, 0, 0, 6, 1, 115, 0, 20, 0, 0, 0, 111, 114, 103, 46, 102, 114, 101, 101, 100, 101, 115, 107, 116, 111, 112, 46, 68, 66, 117, 115, 0, 0, 0, 0])
[2m1970-01-01T00:00:22.994084Z[0m [33m WARN[0m [1mcosmic-osd[0m[2m:[0m [2mcosmic_session[0m[2m:[0m [1970-01-01T00:00:22Z INFO  zbus::connection::handshake::common] read_commands; n_commands=1
[2m1970-01-01T00:00:23.020989Z[0m [33m WARN[0m [1mcosmic-idle[0m[2m:[0m [2mcosmic_session[0m[2m:[0m [1970-01-01T00:00:23Z INFO  tracing::span] send_secondary_commands;
[2m1970-01-01T00:00:23.021374Z[0m [33m WARN[0m [1mcosmic-idle[0m[2m:[0m [2mcosmic_session[0m[2m:[0m [1970-01-01T00:00:23Z INFO  zbus::connection::handshake::common] write_commands; commands=[NegotiateUnixFD, Begin] extra_bytes=Some([108, 1, 0, 1, 0, 0, 0, 0, 1, 0, 0, 0, 109, 0, 0, 0, 1, 1, 111, 0, 21, 0, 0, 0, 47, 111, 114, 103, 47, 102, 114, 101, 101, 100, 101, 115, 107, 116, 111, 112, 47, 68, 66, 117, 115, 0, 0, 0, 2, 1, 115, 0, 20, 0, 0, 0, 111, 114, 103, 46, 102, 114, 101, 101, 100, 101, 115, 107, 116, 111, 112, 46, 68, 66, 117, 115, 0, 0, 0, 0, 3, 1, 115, 0, 5, 0, 0, 0, 72, 101, 108, 108, 111, 0, 0, 0, 6, 1, 115, 0, 20, 0, 0, 0, 111, 114, 103, 46, 102, 114, 101, 101, 100, 101, 115, 107, 116, 111, 112, 46, 68, 66, 117, 115, 0, 0, 0, 0])
[2m1970-01-01T00:00:23.031462Z[0m [33m WARN[0m [1mcosmic-idle[0m[2m:[0m [2mcosmic_session[0m[2m:[0m [1970-01-01T00:00:23Z INFO  zbus::connection::handshake::client] receive_secondary_responses; expected_n_responses=1
[2m1970-01-01T00:00:23.031795Z[0m [33m WARN[0m [1mcosmic-idle[0m[2m:[0m [2mcosmic_session[0m[2m:[0m [1970-01-01T00:00:23Z INFO  zbus::connection::handshake::common] read_commands; n_commands=1
[2m1970-01-01T00:00:23.031990Z[0m [33m WARN[0m [1mcosmic-idle[0m[2m:[0m [2mcosmic_session[0m[2m:[0m [1970-01-01T00:00:23Z INFO  tracing::span] send_secondary_commands;
[2m1970-01-01T00:00:23.032398Z[0m [33m WARN[0m [1mcosmic-idle[0m[2m:[0m [2mcosmic_session[0m[2m:[0m [1970-01-01T00:00:23Z INFO  zbus::connection::handshake::common] write_commands; commands=[NegotiateUnixFD, Begin] extra_bytes=Some([108, 1, 0, 1, 0, 0, 0, 0, 2, 0, 0, 0, 109, 0, 0, 0, 1, 1, 111, 0, 21, 0, 0, 0, 47, 111, 114, 103, 47, 102, 114, 101, 101, 100, 101, 115, 107, 116, 111, 112, 47, 68, 66, 117, 115, 0, 0, 0, 2, 1, 115, 0, 20, 0, 0, 0, 111, 114, 103, 46, 102, 114, 101, 101, 100, 101, 115, 107, 116, 111, 112, 46, 68, 66, 117, 115, 0, 0, 0, 0, 3, 1, 115, 0, 5, 0, 0, 0, 72, 101, 108, 108, 111, 0, 0, 0, 6, 1, 115, 0, 20, 0, 0, 0, 111, 114, 103, 46, 102, 114, 101, 101, 100, 101, 115, 107, 116, 111, 112, 46, 68, 66, 117, 115, 0, 0, 0, 0])
[2m1970-01-01T00:00:23.033125Z[0m [33m WARN[0m [1mcosmic-idle[0m[2m:[0m [2mcosmic_session[0m[2m:[0m [1970-01-01T00:00:23Z INFO  zbus::connection::handshake::client] receive_secondary_responses; expected_n_responses=1
[2m1970-01-01T00:00:23.033324Z[0m [33m WARN[0m [1mcosmic-idle[0m[2m:[0m [2mcosmic_session[0m[2m:[0m [1970-01-01T00:00:23Z INFO  zbus::connection::handshake::common] read_commands; n_commands=1
[2m1970-01-01T00:00:23.091370Z[0m [32m INFO[0m [1mcosmic-panel[0m[2m:[0m [2mcosmic_session::notifications[0m[2m:[0m \x1b[2m1970-01-01T00:00:23.080822Z\x1b[0m \x1b[32m INFO\x1b[0m \x1b[1minput_seat\x1b[0m\x1b[1m{\x1b[0m\x1b[3mname\x1b[0m\x1b[2m=\x1b[0m"seat-0"\x1b[1m}\x1b[0m\x1b[2m:\x1b[0m\x1b[1madd_keyboard_with_context_flags\x1b[0m\x1b[1m{\x1b[0m\x1b[3mxkb_config\x1b[0m\x1b[2m=\x1b[0mXkbConfig { rules: "", model: "", layout: "", variant: "", options: None } \x1b[3mrepeat_delay\x1b[0m\x1b[2m=\x1b[0m200 \x1b[3mrepeat_rate\x1b[0m\x1b[2m=\x1b[0m20 \x1b[3mcontext_flags\x1b[0m\x1b[2m=\x1b[0m0\x1b[1m}\x1b[0m\x1b[2m:\x1b[0m\x1b[1minput_keyboard\x1b[0m\x1b[2m:\x1b[0m Loaded Keymap \x1b[3mname\x1b[0m\x1b[2m=\x1b[0m"English (US)"
[2m1970-01-01T00:00:23.092304Z[0m [33m WARN[0m [1mcosmic-osd[0m[2m:[0m [2mcosmic_session[0m[2m:[0m [1970-01-01T00:00:23Z ERROR cosmic_settings_airplane_mode_subscription] Failed to monitor rfkill: No such file or directory (os error 2)
[2m1970-01-01T00:00:23.110960Z[0m [33m WARN[0m [1mcosmic-osd[0m[2m:[0m [2mcosmic_session[0m[2m:[0m [1970-01-01T00:00:23Z INFO  iced_winit] System theme: None
[2m1970-01-01T00:00:23.113203Z[0m [32m INFO[0m [1mcosmic-launcher[0m[2m:[0m [2mcosmic_session[0m[2m:[0m 1970-01-01T00:00:23.112275Z  INFO starting pop-launcher service
[2m1970-01-01T00:00:23.120803Z[0m [33m WARN[0m [1mcosmic-idle[0m[2m:[0m [2mcosmic_session[0m[2m:[0m [1970-01-01T00:00:23Z INFO  zbus::connection] start_object_server; started_event=Some(Event { listeners_notified: 0, listeners_total: 1 })
[2m1970-01-01T00:00:23.121086Z[0m [33m WARN[0m [1mcosmic-idle[0m[2m:[0m [2mcosmic_session[0m[2m:[0m [1970-01-01T00:00:23Z INFO  tracing::span] obj_server_task;
[2m1970-01-01T00:00:23.132278Z[0m [33m WARN[0m [1mcosmic-idle[0m[2m:[0m [2mcosmic_session[0m[2m:[0m [1970-01-01T00:00:23Z INFO  tracing::span] socket reader;
[2m1970-01-01T00:00:23.132777Z[0m [33m WARN[0m [1mcosmic-idle[0m[2m:[0m [2mcosmic_session[0m[2m:[0m [1970-01-01T00:00:23Z INFO  tracing::span] read_socket;
[2m1970-01-01T00:00:23.134852Z[0m [33m WARN[0m [1mcosmic-idle[0m[2m:[0m [2mcosmic_session[0m[2m:[0m [1970-01-01T00:00:23Z INFO  tracing::span] read_socket;
[2m1970-01-01T00:00:23.136567Z[0m [33m WARN[0m [1mcosmic-osd[0m[2m:[0m [2mcosmic_session[0m[2m:[0m [1970-01-01T00:00:23Z INFO  iced_winit::platform_specific::wayland::event_loop] SCTK setup complete.
[2m1970-01-01T00:00:23.190683Z[0m [33m WARN[0m [1mcosmic-idle[0m[2m:[0m [2mcosmic_session[0m[2m:[0m [1970-01-01T00:00:23Z INFO  tracing::span] new;
[2m1970-01-01T00:00:23.191117Z[0m [33m WARN[0m [1mcosmic-idle[0m[2m:[0m [2mcosmic_session[0m[2m:[0m [1970-01-01T00:00:23Z INFO  zbus::proxy] {}; task_name="org.freedesktop.UPower proxy caching"
[2m1970-01-01T00:00:23.240640Z[0m [33m WARN[0m [1mcosmic-osd[0m[2m:[0m [2mcosmic_session[0m[2m:[0m xkbcommon: ERROR: couldn't find a Compose file for locale "C" (mapped to "C")
[2m1970-01-01T00:00:23.241127Z[0m [33m WARN[0m [1mcosmic-osd[0m[2m:[0m [2mcosmic_session[0m[2m:[0m xkbcommon: ERROR: couldn't find a Compose file for locale "C" (mapped to "C")
[2m1970-01-01T00:00:23.288836Z[0m [33m WARN[0m [1mcosmic-panel[0m[2m:[0m [2mcosmic_session::notifications[0m[2m:[0m xkbcommon: ERROR: couldn't find a Compose file for locale "C" (mapped to "C")
[2m1970-01-01T00:00:23.300438Z[0m [32m INFO[0m [1mcosmic-panel[0m[2m:[0m [2mcosmic_session::notifications[0m[2m:[0m \x1b[2m1970-01-01T00:00:23.299650Z\x1b[0m \x1b[32m INFO\x1b[0m \x1b[1mnew\x1b[0m\x1b[1m{\x1b[0m\x1b[3mname\x1b[0m\x1b[2m=\x1b[0m"HDMI-A-1" \x1b[3mphysical\x1b[0m\x1b[2m=\x1b[0mPhysicalProperties { size: Size<smithay::utils::geometry::Raw> { w: 320, h: 200 }, subpixel: Unknown, make: "Unknown", model: "Unknown", serial_number: "Unknown" }\x1b[1m}\x1b[0m\x1b[2m:\x1b[0m Creating new Output \x1b[3mname\x1b[0m\x1b[2m=\x1b[0m"HDMI-A-1"
[2m1970-01-01T00:00:23.311502Z[0m [32m INFO[0m [1mcosmic-panel[0m[2m:[0m [2mcosmic_session::notifications[0m[2m:[0m \x1b[2m1970-01-01T00:00:23.305120Z\x1b[0m \x1b[32m INFO\x1b[0m Creating new wl_output \x1b[3moutput\x1b[0m\x1b[2m=\x1b[0m"HDMI-A-1"
[2m1970-01-01T00:00:23.350064Z[0m [33m WARN[0m [1mcosmic-idle[0m[2m:[0m [2mcosmic_session[0m[2m:[0m [1970-01-01T00:00:23Z INFO  tracing::span] socket reader;
[2m1970-01-01T00:00:23.350337Z[0m [33m WARN[0m [1mcosmic-idle[0m[2m:[0m [2mcosmic_session[0m[2m:[0m [1970-01-01T00:00:23Z INFO  tracing::span] read_socket;
[2m1970-01-01T00:00:23.350614Z[0m [33m WARN[0m [1mcosmic-idle[0m[2m:[0m [2mcosmic_session[0m[2m:[0m [1970-01-01T00:00:23Z INFO  tracing::span] read_socket;
[2m1970-01-01T00:00:23.374695Z[0m [32m INFO[0m [1mcosmic-panel[0m[2m:[0m [2mcosmic_session::notifications[0m[2m:[0m \x1b[2m1970-01-01T00:00:23.367129Z\x1b[0m \x1b[32m INFO\x1b[0m Spawning applets
[2m1970-01-01T00:00:23.388186Z[0m [32m INFO[0m [1mcosmic-notifications[0m[2m:[0m [2mcosmic_session::notifications[0m[2m:[0m \x1b[2m1970-01-01T00:00:23.381064Z\x1b[0m \x1b[32m INFO\x1b[0m \x1b[2miced_winit\x1b[0m\x1b[2m:\x1b[0m System theme: None
[2m1970-01-01T00:00:23.401264Z[0m [32m INFO[0m [1mcosmic-notifications[0m[2m:[0m [2mcosmic_session::notifications[0m[2m:[0m \x1b[2m1970-01-01T00:00:23.399667Z\x1b[0m \x1b[32m INFO\x1b[0m \x1b[2mcosmic_notifications::subscriptions::applet\x1b[0m\x1b[2m:\x1b[0m Connecting to daemon on fd 263
[2m1970-01-01T00:00:23.401664Z[0m [33m WARN[0m [1mcosmic-app-library[0m[2m:[0m [2mcosmic_session[0m[2m:[0m  INFO  iced_winit                          > System theme: None
[2m1970-01-01T00:00:23.421494Z[0m [32m INFO[0m [1mcosmic-panel[0m[2m:[0m [2mcosmic_session::notifications[0m[2m:[0m \x1b[2m1970-01-01T00:00:23.413109Z\x1b[0m \x1b[32m INFO\x1b[0m [(PanelClient { name: "com.system76.CosmicPanelWorkspacesButton", path: None, client: Some(Client { id: InnerClientId { ptr: 0x91cc8fe0, alive: true }, data: ClientData { .. } }), stream: Some(UnixStream { fd: FileDesc(OwnedFd { fd: 264 }) }), security_ctx: None, exec: None, minimize_priority: None, requests_wayland_display: None, is_notification_applet: None, shrink_priority: None, shrink_min_size: None, padding_shrinkable: false, auto_popup_hover_press: None }, Mutex { data: "<locked>", poisoned: false, .. }, WingStart), (PanelClient { name: "com.system76.CosmicPanelAppButton", path: None, client: Some(Client { id: InnerClientId { ptr: 0x91cc90d0, alive: true }, data: ClientData { .. } }), stream: Some(UnixStream { fd: FileDesc(OwnedFd { fd: 267 }) }), security_ctx: None, exec: None, minimize_priority: None, requests_wayland_display: None, is_notification_applet: None, shrink_priority: None, shrink_min_size: None, padding_shrinkable: false, auto_popup_hover_press: None }, Mutex { data: "<locked>", poisoned: false, .. }, WingStart), (PanelClient { name: "com.system76.CosmicAppletTime", path: None, client: Some(Client { id: InnerClientId { ptr: 0x91cc92b0, alive: true }, data: ClientData { .. } }), stream: Some(UnixStream { fd: FileDesc(OwnedFd { fd: 270 }) }), security_ctx: None, exec: None, minimize_priority: None, requests_wayland_display: None, is_notification_applet: None, shrink_priority: None, shrink_min_size: None, padding_shrinkable: false, auto_popup_hover_press: None }, Mutex { data: "<locked>", poisoned: false, .. }, Center), (PanelClient { name: "com.system76.CosmicAppletInputSources", path: None, client: Some(Client { id: InnerClientId { ptr: 0x91cc9bb0, alive: true }, data: ClientData { .. } }), stream: Some(UnixStream { fd: FileDesc(OwnedFd { fd: 273 }) }), security_ctx: None, exec: None, minimize_priority: None, requests_wayland_display: None, is_notification_applet: None, shrink_priority: None, shrink_min_size: None, padding_shrinkable: false, auto_popup_hover_press: None }, Mutex { data: "<locked>", poisoned: false, .. }, WingEnd), (PanelClient { name: "com.system76.CosmicAppletA11y", path: None, client: Some(Client { id: InnerClientId { ptr: 0x91cc9ca0, alive: true }, data: ClientData { .. } }), stream: Some(UnixStream { fd: FileDesc(OwnedFd { fd: 276 }) }), security_ctx: None, exec: None, minimize_priority: None, requests_wayland_display: None, is_notification_applet: None, shrink_priority: None, shrink_min_size: None, padding_shrinkable: false, auto_popup_hover_press: None }, Mutex { data: "<locked>", poisoned: false, .. }, WingEnd), (PanelClient { name: "com.system76.CosmicAppletStatusArea", path: None, client: Some(Client { id: InnerClientId { ptr: 0x91cc9d90, alive: true }, data: ClientData { .. } }), stream: Some(UnixStream { fd: FileDesc(OwnedFd { fd: 279 }) }), security_ctx: None, exec: None, minimize_priority: None, requests_wayland_display: None, is_notification_applet: None, shrink_priority: None, shrink_min_size: None, padding_shrinkable: false, auto_popup_hover_press: None }, Mutex { data: "<locked>", poisoned: false, .. }, WingEnd), (PanelClient { name: "com.system76.CosmicAppletTiling", path: None, client: Some(Client { id: InnerClientId { ptr: 0x91cc9e80, alive: true }, data: ClientData { .. } }), stream: Some(UnixStream { fd: FileDesc(OwnedFd { fd: 282 }) }), security_ctx: None, exec: None, minimize_priority: None, requests_wayland_display: None, is_notification_applet: None, shrink_priority: None, shrink_min_size: None, padding_shrinkable: false, auto_popup_hover_press: None }, Mutex { data: "<locked>", poisoned: false, .. }, WingEnd), (PanelClient { name: "com.system76.CosmicAppletAudio", path: None, client: Some(Client { id: InnerClientId { ptr: 0x91cccbf0, alive: true }, data: ClientData { .. } }), stream: Some(UnixStream { fd: FileDesc(OwnedFd { fd: 285 }) }), security_ctx: None, exec: None, minimize_priority: None, requests_wayland_display: None, is_notification_applet: None, shrink_priority: None, shrink_min_size: None, padding_shrinkable: false, auto_popup_hover_press: None }, Mutex { data: "<locked>", poisoned: false, .. }, WingEnd), (PanelClient { name: "com.system76.CosmicAppletBluetooth", path: None, client: Some(Client { id: InnerClientId { ptr: 0x91cccce0, alive: true }, data: ClientData { .. } }), stream: Some(UnixStream { fd: FileDesc(OwnedFd { fd: 288 }) }), security_ctx: None, exec: None, minimize_priority: None, requests_wayland_display: None, is_notification_applet: None, shrink_priority: None, shrink_min_size: None, padding_shrinkable: false, auto_popup_hover_press: None }, Mutex { data: "<locked>", poisoned: false, .. }, WingEnd), (PanelClient { name: "com.system76.CosmicAppletNetwork", path: None, client: Some(Client { id: InnerClientId { ptr: 0x91cccdd0, alive: true }, data: ClientData { .. } }), stream: Some(UnixStream { fd: FileDesc(OwnedFd { fd: 291 }) }), security_ctx: None, exec: None, minimize_priority: None, requests_wayland_display: None, is_notification_applet: None, shrink_priority: None, shrink_min_size: None, padding_shrinkable: false, auto_popup_hover_press: None }, Mutex { data: "<locked>", poisoned: false, .. }, WingEnd), (PanelClient { name: "com.system76.CosmicAppletBattery", path: None, client: Some(Client { id: InnerClientId { ptr: 0x91cccec0, alive: true }, data: ClientData { .. } }), stream: Some(UnixStream { fd: FileDesc(OwnedFd { fd: 294 }) }), security_ctx: None, exec: None, minimize_priority: None, requests_wayland_display: None, is_notification_applet: None, shrink_priority: None, shrink_min_size: None, padding_shrinkable: false, auto_popup_hover_press: None }, Mutex { data: "<locked>", poisoned: false, .. }, WingEnd), (PanelClient { name: "com.system76.CosmicAppletNotifications", path: None, client: Some(Client { id: InnerClientId { ptr: 0x940e7fc0, alive: true }, data: ClientData { .. } }), stream: Some(UnixStream { fd: FileDesc(OwnedFd { fd: 297 }) }), security_ctx: None, exec: None, minimize_priority: None, requests_wayland_display: None, is_notification_applet: None, shrink_priority: None, shrink_min_size: None, padding_shrinkable: false, auto_popup_hover_press: None }, Mutex { data: "<locked>", poisoned: false, .. }, WingEnd), (PanelClient { name: "com.system76.CosmicAppletPower", path: None, client: Some(Client { id: InnerClientId { ptr: 0x940e80b0, alive: true }, data: ClientData { .. } }), stream: Some(UnixStream { fd: FileDesc(OwnedFd { fd: 300 }) }), security_ctx: None, exec: None, minimize_priority: None, requests_wayland_display: None, is_notification_applet: None, shrink_priority: None, shrink_min_size: None, padding_shrinkable: false, auto_popup_hover_press: None }, Mutex { data: "<locked>", poisoned: false, .. }, WingEnd)]
[2m1970-01-01T00:00:23.504169Z[0m [33m WARN[0m [1mcosmic-osd[0m[2m:[0m [2mcosmic_session[0m[2m:[0m [1970-01-01T00:00:23Z INFO  iced_winit::platform_specific::wayland::event_loop::state] Failed to find surface for blur action
[2m1970-01-01T00:00:23.505005Z[0m [33m WARN[0m [1mcosmic-osd[0m[2m:[0m [2mcosmic_session[0m[2m:[0m [1970-01-01T00:00:23Z INFO  zbus::connection::handshake::common] write_command; command=Auth(Some(External), Some([48]))
[2m1970-01-01T00:00:23.505724Z[0m [33m WARN[0m [1mcosmic-osd[0m[2m:[0m [2mcosmic_session[0m[2m:[0m [1970-01-01T00:00:23Z INFO  zbus::connection::handshake::common] write_commands; commands=[Auth(Some(External), Some([48]))] extra_bytes=None
[2m1970-01-01T00:00:23.506356Z[0m [33m WARN[0m [1mcosmic-osd[0m[2m:[0m [2mcosmic_session[0m[2m:[0m [1970-01-01T00:00:23Z INFO  zbus::connection::handshake::common] write_command; command=Auth(Some(External), Some([48]))
[2m1970-01-01T00:00:23.507117Z[0m [33m WARN[0m [1mcosmic-osd[0m[2m:[0m [2mcosmic_session[0m[2m:[0m [1970-01-01T00:00:23Z INFO  zbus::connection::handshake::common] write_commands; commands=[Auth(Some(External), Some([48]))] extra_bytes=None
[2m1970-01-01T00:00:23.516087Z[0m [33m WARN[0m [1mcosmic-osd[0m[2m:[0m [2mcosmic_session[0m[2m:[0m [1970-01-01T00:00:23Z INFO  tracing::span] read_command;
[2m1970-01-01T00:00:23.516388Z[0m [33m WARN[0m [1mcosmic-osd[0m[2m:[0m [2mcosmic_session[0m[2m:[0m [1970-01-01T00:00:23Z INFO  zbus::connection::handshake::common] read_commands; n_commands=1
[2m1970-01-01T00:00:23.516587Z[0m [33m WARN[0m [1mcosmic-osd[0m[2m:[0m [2mcosmic_session[0m[2m:[0m [1970-01-01T00:00:23Z INFO  tracing::span] read_command;
[2m1970-01-01T00:00:23.516758Z[0m [33m WARN[0m [1mcosmic-osd[0m[2m:[0m [2mcosmic_session[0m[2m:[0m [1970-01-01T00:00:23Z INFO  zbus::connection::handshake::common] read_commands; n_commands=1
[2m1970-01-01T00:00:23.516931Z[0m [33m WARN[0m [1mcosmic-osd[0m[2m:[0m [2mcosmic_session[0m[2m:[0m [1970-01-01T00:00:23Z INFO  zbus::connection::handshake::common] write_command; command=Auth(Some(External), Some([48]))
[2m1970-01-01T00:00:23.517130Z[0m [33m WARN[0m [1mcosmic-osd[0m[2m:[0m [2mcosmic_session[0m[2m:[0m [1970-01-01T00:00:23Z INFO  zbus::connection::handshake::common] write_commands; commands=[Auth(Some(External), Some([48]))] extra_bytes=None
[2m1970-01-01T00:00:23.517305Z[0m [33m WARN[0m [1mcosmic-osd[0m[2m:[0m [2mcosmic_session[0m[2m:[0m [1970-01-01T00:00:23Z INFO  tracing::span] read_command;
[2m1970-01-01T00:00:23.517426Z[0m [33m WARN[0m [1mcosmic-osd[0m[2m:[0m [2mcosmic_session[0m[2m:[0m [1970-01-01T00:00:23Z INFO  zbus::connection::handshake::common] read_commands; n_commands=1
[2m1970-01-01T00:00:23.561795Z[0m [33m WARN[0m [1mcosmic-osd[0m[2m:[0m [2mcosmic_session[0m[2m:[0m [1970-01-01T00:00:23Z INFO  zbus::connection::handshake::common] write_commands; commands=[NegotiateUnixFD, Begin] extra_bytes=Some([108, 1, 0, 1, 0, 0, 0, 0, 7, 0, 0, 0, 109, 0, 0, 0, 1, 1, 111, 0, 21, 0, 0, 0, 47, 111, 114, 103, 47, 102, 114, 101, 101, 100, 101, 115, 107, 116, 111, 112, 47, 68, 66, 117, 115, 0, 0, 0, 2, 1, 115, 0, 20, 0, 0, 0, 111, 114, 103, 46, 102, 114, 101, 101, 100, 101, 115, 107, 116, 111, 112, 46, 68, 66, 117, 115, 0, 0, 0, 0, 3, 1, 115, 0, 5, 0, 0, 0, 72, 101, 108, 108, 111, 0, 0, 0, 6, 1, 115, 0, 20, 0, 0, 0, 111, 114, 103, 46, 102, 114, 101, 101, 100, 101, 115, 107, 116, 111, 112, 46, 68, 66, 117, 115, 0, 0, 0, 0])
[2m1970-01-01T00:00:23.563175Z[0m [33m WARN[0m [1mcosmic-osd[0m[2m:[0m [2mcosmic_session[0m[2m:[0m [1970-01-01T00:00:23Z INFO  zbus::connection::handshake::common] read_commands; n_commands=1
[2m1970-01-01T00:00:23.570120Z[0m [33m WARN[0m [1mcosmic-osd[0m[2m:[0m [2mcosmic_session[0m[2m:[0m [1970-01-01T00:00:23Z INFO  zbus::connection::handshake::common] write_commands; commands=[NegotiateUnixFD, Begin] extra_bytes=Some([108, 1, 0, 1, 0, 0, 0, 0, 8, 0, 0, 0, 109, 0, 0, 0, 1, 1, 111, 0, 21, 0, 0, 0, 47, 111, 114, 103, 47, 102, 114, 101, 101, 100, 101, 115, 107, 116, 111, 112, 47, 68, 66, 117, 115, 0, 0, 0, 2, 1, 115, 0, 20, 0, 0, 0, 111, 114, 103, 46, 102, 114, 101, 101, 100, 101, 115, 107, 116, 111, 112, 46, 68, 66, 117, 115, 0, 0, 0, 0, 3, 1, 115, 0, 5, 0, 0, 0, 72, 101, 108, 108, 111, 0, 0, 0, 6, 1, 115, 0, 20, 0, 0, 0, 111, 114, 103, 46, 102, 114, 101, 101, 100, 101, 115, 107, 116, 111, 112, 46, 68, 66, 117, 115, 0, 0, 0, 0])
[2m1970-01-01T00:00:23.570982Z[0m [33m WARN[0m [1mcosmic-osd[0m[2m:[0m [2mcosmic_session[0m[2m:[0m [1970-01-01T00:00:23Z INFO  zbus::connection::handshake::common] read_commands; n_commands=1
[2m1970-01-01T00:00:23.612169Z[0m [33m WARN[0m [1mcosmic-osd[0m[2m:[0m [2mcosmic_session[0m[2m:[0m [1970-01-01T00:00:23Z INFO  zbus::connection::handshake::common] write_commands; commands=[NegotiateUnixFD, Begin] extra_bytes=Some([108, 1, 0, 1, 0, 0, 0, 0, 9, 0, 0, 0, 109, 0, 0, 0, 1, 1, 111, 0, 21, 0, 0, 0, 47, 111, 114, 103, 47, 102, 114, 101, 101, 100, 101, 115, 107, 116, 111, 112, 47, 68, 66, 117, 115, 0, 0, 0, 2, 1, 115, 0, 20, 0, 0, 0, 111, 114, 103, 46, 102, 114, 101, 101, 100, 101, 115, 107, 116, 111, 112, 46, 68, 66, 117, 115, 0, 0, 0, 0, 3, 1, 115, 0, 5, 0, 0, 0, 72, 101, 108, 108, 111, 0, 0, 0, 6, 1, 115, 0, 20, 0, 0, 0, 111, 114, 103, 46, 102, 114, 101, 101, 100, 101, 115, 107, 116, 111, 112, 46, 68, 66, 117, 115, 0, 0, 0, 0])
[2m1970-01-01T00:00:23.641729Z[0m [33m WARN[0m [1mcosmic-osd[0m[2m:[0m [2mcosmic_session[0m[2m:[0m [1970-01-01T00:00:23Z INFO  zbus::connection::handshake::common] read_commands; n_commands=1
[2m1970-01-01T00:00:23.769999Z[0m [32m INFO[0m [1mcosmic-panel[0m[2m:[0m [2mcosmic_session::notifications[0m[2m:[0m \x1b[2m1970-01-01T00:00:23.659999Z\x1b[0m \x1b[32m INFO\x1b[0m \x1b[3mpanel_client.name\x1b[0m\x1b[2m=\x1b[0m"com.system76.CosmicAppletTiling"
[2m1970-01-01T00:00:23.769999Z[0m [32m INFO[0m [1mcosmic-panel[0m[2m:[0m [2mcosmic_session::notifications[0m[2m:[0m \x1b[2m1970-01-01T00:00:23.659999Z\x1b[0m \x1b[32m INFO\x1b[0m \x1b[3mpanel_client.name\x1b[0m\x1b[2m=\x1b[0m"com.system76.CosmicAppletTime"
[2m1970-01-01T00:00:23.769999Z[0m [32m INFO[0m [1mcosmic-panel[0m[2m:[0m [2mcosmic_session::notifications[0m[2m:[0m \x1b[2m1970-01-01T00:00:23.659999Z\x1b[0m \x1b[32m INFO\x1b[0m \x1b[3mpanel_client.name\x1b[0m\x1b[2m=\x1b[0m"com.system76.CosmicPanelAppButton"
[2m1970-01-01T00:00:23.769999Z[0m [32m INFO[0m [1mcosmic-panel[0m[2m:[0m [2mcosmic_session::notifications[0m[2m:[0m \x1b[2m1970-01-01T00:00:23.659999Z\x1b[0m \x1b[32m INFO\x1b[0m \x1b[3mpanel_client.name\x1b[0m\x1b[2m=\x1b[0m"com.system76.CosmicPanelWorkspacesButton"
[2m1970-01-01T00:00:23.769999Z[0m [32m INFO[0m [1mcosmic-panel[0m[2m:[0m [2mcosmic_session::notifications[0m[2m:[0m \x1b[2m1970-01-01T00:00:23.659999Z\x1b[0m \x1b[32m INFO\x1b[0m Starting: cosmic-applet-tiling
[2m1970-01-01T00:00:23.769999Z[0m [32m INFO[0m [1mcosmic-panel[0m[2m:[0m [2mcosmic_session::notifications[0m[2m:[0m \x1b[2m1970-01-01T00:00:23.659999Z\x1b[0m \x1b[32m INFO\x1b[0m Starting: /bin/leandros-applet
[2m1970-01-01T00:00:23.769999Z[0m [32m INFO[0m [1mcosmic-panel[0m[2m:[0m [2mcosmic_session::notifications[0m[2m:[0m \x1b[2m1970-01-01T00:00:23.659999Z\x1b[0m \x1b[32m INFO\x1b[0m Starting: cosmic-panel-button
[2m1970-01-01T00:00:23.769999Z[0m [32m INFO[0m [1mcosmic-panel[0m[2m:[0m [2mcosmic_session::notifications[0m[2m:[0m \x1b[2m1970-01-01T00:00:23.659999Z\x1b[0m \x1b[32m INFO\x1b[0m Starting: cosmic-panel-button
[2m1970-01-01T00:00:23.769999Z[0m [32m INFO[0m [1mcosmic-panel[0m[2m:[0m [2mcosmic_session::notifications[0m[2m:[0m \x1b[2m1970-01-01T00:00:23.659999Z\x1b[0m \x1b[32m INFO\x1b[0m Done spawning applets
[2m1970-01-01T00:00:23.769999Z[0m [32m INFO[0m [1mcosmic-panel[0m[2m:[0m [2mcosmic_session::notifications[0m[2m:[0m \x1b[2m1970-01-01T00:00:23.659999Z\x1b[0m \x1b[32m INFO\x1b[0m Spawning applets
[2m1970-01-01T00:00:23.769999Z[0m [32m INFO[0m [1mcosmic-panel[0m[2m:[0m [2mcosmic_session::notifications[0m[2m:[0m \x1b[2m1970-01-01T00:00:23.659999Z\x1b[0m \x1b[32m INFO\x1b[0m [(PanelClient { name: "com.system76.CosmicPanelLauncherButton", path: None, client: Some(Client { id: InnerClientId { ptr: 0x940e8650, alive: true }, data: ClientData { .. } }), stream: Some(UnixStream { fd: FileDesc(OwnedFd { fd: 305 }) }), security_ctx: None, exec: None, minimize_priority: None, requests_wayland_display: None, is_notification_applet: None, shrink_priority: None, shrink_min_size: None, padding_shrinkable: false, auto_popup_hover_press: None }, Mutex { data: "<locked>", poisoned: false, .. }, Center), (PanelClient { name: "com.system76.CosmicPanelWorkspacesButton", path: None, client: Some(Client { id: InnerClientId { ptr: 0x940e8290, alive: true }, data: ClientData { .. } }), stream: Some(UnixStream { fd: FileDesc(OwnedFd { fd: 308 }) }), security_ctx: None, exec: None, minimize_priority: None, requests_wayland_display: None, is_notification_applet: None, shrink_priority: None, shrink_min_size: None, padding_shrinkable: false, auto_popup_hover_press: None }, Mutex { data: "<locked>", poisoned: false, .. }, Center), (PanelClient { name: "com.system76.CosmicPanelAppButton", path: None, client: Some(Client { id: InnerClientId { ptr: 0x96756020, alive: true }, data: ClientData { .. } }), stream: Some(UnixStream { fd: FileDesc(OwnedFd { fd: 311 }) }), security_ctx: None, exec: None, minimize_priority: None, requests_wayland_display: None, is_notification_applet: None, shrink_priority: None, shrink_min_size: None, padding_shrinkable: false, auto_popup_hover_press: None }, Mutex { data: "<locked>", poisoned: false, .. }, Center), (PanelClient { name: "com.system76.CosmicAppList", path: None, client: Some(Client { id: InnerClientId { ptr: 0x96756110, alive: true }, data: ClientData { .. } }), stream: Some(UnixStream { fd: FileDesc(OwnedFd { fd: 314 }) }), security_ctx: None, exec: None, minimize_priority: None, requests_wayland_display: None, is_notification_applet: None, shrink_priority: None, shrink_min_size: None, padding_shrinkable: false, auto_popup_hover_press: None }, Mutex { data: "<locked>", poisoned: false, .. }, Center), (PanelClient { name: "com.system76.CosmicAppletMinimize", path: None, client: Some(Client { id: InnerClientId { ptr: 0x96756200, alive: true }, data: ClientData { .. } }), stream: Some(UnixStream { fd: FileDesc(OwnedFd { fd: 317 }) }), security_ctx: None, exec: None, minimize_priority: None, requests_wayland_display: None, is_notification_applet: None, shrink_priority: None, shrink_min_size: None, padding_shrinkable: false, auto_popup_hover_press: None }, Mutex { data: "<locked>", poisoned: false, .. }, Center)]
[2m1970-01-01T00:00:24.891892Z[0m [32m INFO[0m [1mcosmic-panel[0m[2m:[0m [2mcosmic_session::notifications[0m[2m:[0m \x1b[2m1970-01-01T00:00:23.659999Z\x1b[0m \x1b[32m INFO\x1b[0m \x1b[3mpanel_client.name\x1b[0m\x1b[2m=\x1b[0m"com.system76.CosmicAppletMinimize"
[2m1970-01-01T00:00:24.892513Z[0m [32m INFO[0m [1mcosmic-panel[0m[2m:[0m [2mcosmic_session::notifications[0m[2m:[0m \x1b[2m1970-01-01T00:00:23.659999Z\x1b[0m \x1b[32m INFO\x1b[0m \x1b[3mpanel_client.name\x1b[0m\x1b[2m=\x1b[0m"com.system76.CosmicPanelAppButton"
[2m1970-01-01T00:00:24.893078Z[0m [33m WARN[0m [1mcosmic-app-library[0m[2m:[0m [2mcosmic_session[0m[2m:[0m  INFO  iced_winit::platform_specific::wayland::event_loop > SCTK setup complete.
[2m1970-01-01T00:00:24.893449Z[0m [32m INFO[0m [1mcosmic-launcher[0m[2m:[0m [2mcosmic_session[0m[2m:[0m 1970-01-01T00:00:23.769999Z ERROR pop-launcher failed to start: No such file or directory (os error 2)
[2m1970-01-01T00:00:24.894659Z[0m [32m INFO[0m [1mcosmic-panel[0m[2m:[0m [2mcosmic_session::notifications[0m[2m:[0m \x1b[2m1970-01-01T00:00:24.129999Z\x1b[0m \x1b[32m INFO\x1b[0m \x1b[3mpanel_client.name\x1b[0m\x1b[2m=\x1b[0m"com.system76.CosmicPanelLauncherButton"
[2m1970-01-01T00:00:24.895264Z[0m [32m INFO[0m [1mcosmic-panel[0m[2m:[0m [2mcosmic_session::notifications[0m[2m:[0m \x1b[2m1970-01-01T00:00:24.139999Z\x1b[0m \x1b[32m INFO\x1b[0m \x1b[3mpanel_client.name\x1b[0m\x1b[2m=\x1b[0m"com.system76.CosmicPanelWorkspacesButton"
[2m1970-01-01T00:00:24.895746Z[0m [32m INFO[0m [1mcosmic-panel[0m[2m:[0m [2mcosmic_session::notifications[0m[2m:[0m \x1b[2m1970-01-01T00:00:24.149999Z\x1b[0m \x1b[32m INFO\x1b[0m Starting: cosmic-applet-minimize
[2m1970-01-01T00:00:24.896159Z[0m [32m INFO[0m [1mcosmic-panel[0m[2m:[0m [2mcosmic_session::notifications[0m[2m:[0m \x1b[2m1970-01-01T00:00:24.149999Z\x1b[0m \x1b[32m INFO\x1b[0m Starting: cosmic-panel-button
[2m1970-01-01T00:00:24.896535Z[0m [32m INFO[0m [1mcosmic-panel[0m[2m:[0m [2mcosmic_session::notifications[0m[2m:[0m \x1b[2m1970-01-01T00:00:24.149999Z\x1b[0m \x1b[32m INFO\x1b[0m Starting: cosmic-panel-button
[2m1970-01-01T00:00:24.896921Z[0m [32m INFO[0m [1mcosmic-panel[0m[2m:[0m [2mcosmic_session::notifications[0m[2m:[0m \x1b[2m1970-01-01T00:00:24.149999Z\x1b[0m \x1b[32m INFO\x1b[0m Starting: cosmic-panel-button
[2m1970-01-01T00:00:24.897311Z[0m [32m INFO[0m [1mcosmic-panel[0m[2m:[0m [2mcosmic_session::notifications[0m[2m:[0m \x1b[2m1970-01-01T00:00:24.149999Z\x1b[0m \x1b[32m INFO\x1b[0m Done spawning applets
[2m1970-01-01T00:00:24.897703Z[0m [32m INFO[0m [1mcosmic-panel[0m[2m:[0m [2mcosmic_session::notifications[0m[2m:[0m \x1b[2m1970-01-01T00:00:24.149999Z\x1b[0m \x1b[32m INFO\x1b[0m Waiting for configure event
[2m1970-01-01T00:00:24.898115Z[0m [32m INFO[0m [1mcosmic-panel[0m[2m:[0m [2mcosmic_session::notifications[0m[2m:[0m \x1b[2m1970-01-01T00:00:24.149999Z\x1b[0m \x1b[32m INFO\x1b[0m Waiting for configure event
[2m1970-01-01T00:00:24.898562Z[0m [32m INFO[0m [1mcosmic-panel[0m[2m:[0m [2mcosmic_session::notifications[0m[2m:[0m \x1b[2m1970-01-01T00:00:24.149999Z\x1b[0m \x1b[32m INFO\x1b[0m Waiting for configure event
[2m1970-01-01T00:00:24.898961Z[0m [32m INFO[0m [1mcosmic-panel[0m[2m:[0m [2mcosmic_session::notifications[0m[2m:[0m \x1b[2m1970-01-01T00:00:24.149999Z\x1b[0m \x1b[32m INFO\x1b[0m Waiting for configure event
[2m1970-01-01T00:00:24.899344Z[0m [33m WARN[0m [1mcosmic-app-library[0m[2m:[0m [2mcosmic_session[0m[2m:[0m xkbcommon: ERROR: couldn't find a Compose file for locale "C" (mapped to "C")
[2m1970-01-01T00:00:24.899697Z[0m [33m WARN[0m [1mcosmic-app-library[0m[2m:[0m [2mcosmic_session[0m[2m:[0m xkbcommon: ERROR: couldn't find a Compose file for locale "C" (mapped to "C")
[2m1970-01-01T00:00:24.899999Z[0m [33m WARN[0m [1mcosmic-app-library[0m[2m:[0m [2mcosmic_session[0m[2m:[0m  INFO  iced_winit::platform_specific::wayland::event_loop::state > Failed to find surface for blur action
[2m1970-01-01T00:00:24.899999Z[0m [33m WARN[0m [1mcosmic-app-library[0m[2m:[0m [2mcosmic_session[0m[2m:[0m  INFO  zbus::connection::handshake::common                       > write_command; command=Auth(Some(External), Some([48]))
[2m1970-01-01T00:00:24.899999Z[0m [33m WARN[0m [1mcosmic-app-library[0m[2m:[0m [2mcosmic_session[0m[2m:[0m  INFO  zbus::connection::handshake::common                       > write_commands; commands=[Auth(Some(External), Some([48]))] extra_bytes=None
[2m1970-01-01T00:00:24.899999Z[0m [33m WARN[0m [1mcosmic-app-library[0m[2m:[0m [2mcosmic_session[0m[2m:[0m  INFO  zbus::connection::handshake::common                       > write_command; command=Auth(Some(External), Some([48]))
[2m1970-01-01T00:00:24.899999Z[0m [33m WARN[0m [1mcosmic-app-library[0m[2m:[0m [2mcosmic_session[0m[2m:[0m  INFO  zbus::connection::handshake::common                       > write_commands; commands=[Auth(Some(External), Some([48]))] extra_bytes=None
[2m1970-01-01T00:00:24.899999Z[0m [33m WARN[0m [1mcosmic-app-library[0m[2m:[0m [2mcosmic_session[0m[2m:[0m  INFO  tracing::span                                             > read_command;
[2m1970-01-01T00:00:24.899999Z[0m [33m WARN[0m [1mcosmic-app-library[0m[2m:[0m [2mcosmic_session[0m[2m:[0m  INFO  zbus::connection::handshake::common                       > read_commands; n_commands=1
[2m1970-01-01T00:00:24.900098Z[0m [33m WARN[0m [1mcosmic-app-library[0m[2m:[0m [2mcosmic_session[0m[2m:[0m  INFO  tracing::span                                             > read_command;
[2m1970-01-01T00:00:24.900480Z[0m [33m WARN[0m [1mcosmic-app-library[0m[2m:[0m [2mcosmic_session[0m[2m:[0m  INFO  zbus::connection::handshake::common                       > read_commands; n_commands=1
[2m1970-01-01T00:00:24.900808Z[0m [33m WARN[0m [1mcosmic-app-library[0m[2m:[0m [2mcosmic_session[0m[2m:[0m  INFO  zbus::connection::handshake::common                       > write_command; command=Auth(Some(External), Some([48]))
[2m1970-01-01T00:00:24.901200Z[0m [33m WARN[0m [1mcosmic-app-library[0m[2m:[0m [2mcosmic_session[0m[2m:[0m  INFO  zbus::connection::handshake::common                       > write_commands; commands=[Auth(Some(External), Some([48]))] extra_bytes=None
[2m1970-01-01T00:00:24.901617Z[0m [33m WARN[0m [1mcosmic-app-library[0m[2m:[0m [2mcosmic_session[0m[2m:[0m  INFO  tracing::span                                             > read_command;
[2m1970-01-01T00:00:24.910164Z[0m [33m WARN[0m [1mcosmic-app-library[0m[2m:[0m [2mcosmic_session[0m[2m:[0m  INFO  zbus::connection::handshake::common                       > read_commands; n_commands=1
[2m1970-01-01T00:00:24.949999Z[0m [33m WARN[0m [1mcosmic-workspaces[0m[2m:[0m [2mcosmic_session[0m[2m:[0m [1970-01-01T00:00:24Z ERROR cosmic_workspaces] Failed to load compositor config: [GetKey("workspaces", Os { code: 2, kind: NotFound, message: "No such file or directory" }), GetKey("pinned_workspaces", Os { code: 2, kind: NotFound, message: "No such file or directory" }), GetKey("input_default", Os { code: 2, kind: NotFound, message: "No such file or directory" }), GetKey("input_touchpad_override", Os { code: 2, kind: NotFound, message: "No such file or directory" }), GetKey("input_devices", Os { code: 2, kind: NotFound, message: "No such file or directory" }), GetKey("xkb_config", Os { code: 2, kind: NotFound, message: "No such file or directory" }), GetKey("keyboard_config", Os { code: 2, kind: NotFound, message: "No such file or directory" }), GetKey("autotile", Os { code: 2, kind: NotFound, message: "No such file or directory" }), GetKey("autotile_behavior", Os { code: 2, kind: NotFound, message: "No such file or directory" }), GetKey("active_hint", Os { code: 2, kind: NotFound, message: "No such file or directory" }), GetKey("focus_follows_cursor", Os { code: 2, kind: NotFound, message: "No such file or directory" }), GetKey("cursor_follows_focus", Os { code: 2, kind: NotFound, message: "No such file or directory" }), GetKey("focus_follows_cursor_delay", Os { code: 2, kind: NotFound, message: "No such file or directory" }), GetKey("descale_xwayland", Os { code: 2, kind: NotFound, message: "No such file or directory" }), GetKey("xwayland_eavesdropping", Os { code: 2, kind: NotFound, message: "No such file or directory" }), GetKey("edge_snap_threshold", Os { code: 2, kind: NotFound, message: "No such file or directory" }), GetKey("accessibility_zoom", Os { code: 2, kind: NotFound, message: "No such file or directory" }), GetKey("appearance_settings", Os { code: 2, kind: NotFound, message: "No such file or directory" }), GetKey("cursor_hide_timeout", Os { code: 2, kind: NotFound, message: "No such file or directory" }), GetKey("activation_policy", Os { code: 2, kind: NotFound, message: "No such file or directory" })]
[2m1970-01-01T00:00:24.959999Z[0m [33m WARN[0m [1mcosmic-workspaces[0m[2m:[0m [2mcosmic_session[0m[2m:[0m [1970-01-01T00:00:24Z INFO  zbus::connection::handshake::common] write_command; command=Auth(Some(External), Some([48]))
[2m1970-01-01T00:00:24.959999Z[0m [33m WARN[0m [1mcosmic-workspaces[0m[2m:[0m [2mcosmic_session[0m[2m:[0m [1970-01-01T00:00:24Z INFO  zbus::connection::handshake::common] write_commands; commands=[Auth(Some(External), Some([48]))] extra_bytes=None
[2m1970-01-01T00:00:24.959999Z[0m [33m WARN[0m [1mcosmic-workspaces[0m[2m:[0m [2mcosmic_session[0m[2m:[0m [1970-01-01T00:00:24Z INFO  tracing::span] read_command;
[2m1970-01-01T00:00:24.959999Z[0m [33m WARN[0m [1mcosmic-workspaces[0m[2m:[0m [2mcosmic_session[0m[2m:[0m [1970-01-01T00:00:24Z INFO  zbus::connection::handshake::common] read_commands; n_commands=1
[2m1970-01-01T00:00:25.214635Z[0m [32m INFO[0m [1mcosmic-notifications[0m[2m:[0m [2mcosmic_session::notifications[0m[2m:[0m \x1b[2m1970-01-01T00:00:25.213781Z\x1b[0m \x1b[31mERROR\x1b[0m \x1b[2mcosmic_notifications::subscriptions::notifications\x1b[0m\x1b[2m:\x1b[0m Failed to setup panel dbus server I/O error: Broken pipe (os error 32)
[2m1970-01-01T00:00:25.215114Z[0m [32m INFO[0m [1mcosmic-notifications[0m[2m:[0m [2mcosmic_session::notifications[0m[2m:[0m \x1b[2m1970-01-01T00:00:25.214168Z\x1b[0m \x1b[32m INFO\x1b[0m \x1b[2miced_winit::platform_specific::wayland::event_loop\x1b[0m\x1b[2m:\x1b[0m SCTK setup complete.
[2m1970-01-01T00:00:25.309999Z[0m [33m WARN[0m [1mcosmic-idle[0m[2m:[0m [2mcosmic_session[0m[2m:[0m [1970-01-01T00:00:25Z INFO  tracing::span] read_socket;
[2m1970-01-01T00:00:25.310844Z[0m [33m WARN[0m [1mcosmic-app-library[0m[2m:[0m [2mcosmic_session[0m[2m:[0m  INFO  zbus::connection::handshake::common                       > write_commands; commands=[NegotiateUnixFD, Begin] extra_bytes=Some([108, 1, 0, 1, 0, 0, 0, 0, 8, 0, 0, 0, 109, 0, 0, 0, 1, 1, 111, 0, 21, 0, 0, 0, 47, 111, 114, 103, 47, 102, 114, 101, 101, 100, 101, 115, 107, 116, 111, 112, 47, 68, 66, 117, 115, 0, 0, 0, 2, 1, 115, 0, 20, 0, 0, 0, 111, 114, 103, 46, 102, 114, 101, 101, 100, 101, 115, 107, 116, 111, 112, 46, 68, 66, 117, 115, 0, 0, 0, 0, 3, 1, 115, 0, 5, 0, 0, 0, 72, 101, 108, 108, 111, 0, 0, 0, 6, 1, 115, 0, 20, 0, 0, 0, 111, 114, 103, 46, 102, 114, 101, 101, 100, 101, 115, 107, 116, 111, 112, 46, 68, 66, 117, 115, 0, 0, 0, 0])
[2m1970-01-01T00:00:25.330166Z[0m [33m WARN[0m [1mcosmic-app-library[0m[2m:[0m [2mcosmic_session[0m[2m:[0m  INFO  zbus::connection::handshake::common                       > read_commands; n_commands=1
[2m1970-01-01T00:00:25.852699Z[0m [33m WARN[0m [1mcosmic-notifications[0m[2m:[0m [2mcosmic_session::notifications[0m[2m:[0m xkbcommon: ERROR: couldn't find a Compose file for locale "C" (mapped to "C")
[2m1970-01-01T00:00:25.856949Z[0m [33m WARN[0m [1mcosmic-notifications[0m[2m:[0m [2mcosmic_session::notifications[0m[2m:[0m xkbcommon: ERROR: couldn't find a Compose file for locale "C" (mapped to "C")
[2m1970-01-01T00:00:26.471215Z[0m [33m WARN[0m [1mcosmic-files-applet[0m[2m:[0m [2mcosmic_session[0m[2m:[0m   \x1b[32m INFO\x1b[0m  \x1b[32mdetected desktop entry, \x1b[1;32mid\x1b[0m\x1b[32m: "com.system76.CosmicAppLibrary"\x1b[0m
[2m1970-01-01T00:00:26.471791Z[0m [33m WARN[0m [1mcosmic-files-applet[0m[2m:[0m [2mcosmic_session[0m[2m:[0m     \x1b[2;3mat\x1b[0m src/mime_app.rs:359 \x1b[2;3mon\x1b[0m main
[2m1970-01-01T00:00:26.472196Z[0m [33m WARN[0m [1mcosmic-files-applet[0m[2m:[0m [2mcosmic_session[0m[2m:[0m 
[2m1970-01-01T00:00:26.478962Z[0m [33m WARN[0m [1mcosmic-files-applet[0m[2m:[0m [2mcosmic_session[0m[2m:[0m   \x1b[32m INFO\x1b[0m  \x1b[32mdetected desktop entry, \x1b[1;32mid\x1b[0m\x1b[32m: "com.system76.CosmicAppletMinimize"\x1b[0m
[2m1970-01-01T00:00:26.479644Z[0m [33m WARN[0m [1mcosmic-files-applet[0m[2m:[0m [2mcosmic_session[0m[2m:[0m     \x1b[2;3mat\x1b[0m src/mime_app.rs:359 \x1b[2;3mon\x1b[0m main
[2m1970-01-01T00:00:26.480388Z[0m [33m WARN[0m [1mcosmic-files-applet[0m[2m:[0m [2mcosmic_session[0m[2m:[0m 
[2m1970-01-01T00:00:26.492484Z[0m [33m WARN[0m [1mcosmic-files-applet[0m[2m:[0m [2mcosmic_session[0m[2m:[0m   \x1b[32m INFO\x1b[0m  \x1b[32mdetected desktop entry, \x1b[1;32mid\x1b[0m\x1b[32m: "com.system76.CosmicAppletTiling"\x1b[0m
[2m1970-01-01T00:00:26.492886Z[0m [33m WARN[0m [1mcosmic-files-applet[0m[2m:[0m [2mcosmic_session[0m[2m:[0m     \x1b[2;3mat\x1b[0m src/mime_app.rs:359 \x1b[2;3mon\x1b[0m main
[2m1970-01-01T00:00:26.493214Z[0m [33m WARN[0m [1mcosmic-files-applet[0m[2m:[0m [2mcosmic_session[0m[2m:[0m 
[2m1970-01-01T00:00:26.493437Z[0m [33m WARN[0m [1mcosmic-files-applet[0m[2m:[0m [2mcosmic_session[0m[2m:[0m   \x1b[32m INFO\x1b[0m  \x1b[32mdetected desktop entry, \x1b[1;32mid\x1b[0m\x1b[32m: "com.system76.CosmicAppletTime"\x1b[0m
[2m1970-01-01T00:00:26.493857Z[0m [33m WARN[0m [1mcosmic-files-applet[0m[2m:[0m [2mcosmic_session[0m[2m:[0m     \x1b[2;3mat\x1b[0m src/mime_app.rs:359 \x1b[2;3mon\x1b[0m main
[2m1970-01-01T00:00:26.494159Z[0m [33m WARN[0m [1mcosmic-files-applet[0m[2m:[0m [2mcosmic_session[0m[2m:[0m 
[2m1970-01-01T00:00:26.494373Z[0m [33m WARN[0m [1mcosmic-files-applet[0m[2m:[0m [2mcosmic_session[0m[2m:[0m   \x1b[32m INFO\x1b[0m  \x1b[32mdetected desktop entry, \x1b[1;32mid\x1b[0m\x1b[32m: "com.system76.CosmicLauncher"\x1b[0m
[2m1970-01-01T00:00:26.494778Z[0m [33m WARN[0m [1mcosmic-files-applet[0m[2m:[0m [2mcosmic_session[0m[2m:[0m     \x1b[2;3mat\x1b[0m src/mime_app.rs:359 \x1b[2;3mon\x1b[0m main
[2m1970-01-01T00:00:26.495100Z[0m [33m WARN[0m [1mcosmic-files-applet[0m[2m:[0m [2mcosmic_session[0m[2m:[0m 
[2m1970-01-01T00:00:26.502200Z[0m [33m WARN[0m [1mcosmic-files-applet[0m[2m:[0m [2mcosmic_session[0m[2m:[0m   \x1b[32m INFO\x1b[0m  \x1b[32mdetected desktop entry, \x1b[1;32mid\x1b[0m\x1b[32m: "com.system76.CosmicPanelAppButton"\x1b[0m
[2m1970-01-01T00:00:26.502664Z[0m [33m WARN[0m [1mcosmic-files-applet[0m[2m:[0m [2mcosmic_session[0m[2m:[0m     \x1b[2;3mat\x1b[0m src/mime_app.rs:359 \x1b[2;3mon\x1b[0m main
[2m1970-01-01T00:00:26.503016Z[0m [33m WARN[0m [1mcosmic-files-applet[0m[2m:[0m [2mcosmic_session[0m[2m:[0m 
[2m1970-01-01T00:00:26.678194Z[0m [33m WARN[0m [1mcosmic-app-library[0m[2m:[0m [2mcosmic_session[0m[2m:[0m  INFO  zbus::connection::handshake::common                       > write_commands; commands=[NegotiateUnixFD, Begin] extra_bytes=Some([108, 1, 0, 1, 0, 0, 0, 0, 9, 0, 0, 0, 109, 0, 0, 0, 1, 1, 111, 0, 21, 0, 0, 0, 47, 111, 114, 103, 47, 102, 114, 101, 101, 100, 101, 115, 107, 116, 111, 112, 47, 68, 66, 117, 115, 0, 0, 0, 2, 1, 115, 0, 20, 0, 0, 0, 111, 114, 103, 46, 102, 114, 101, 101, 100, 101, 115, 107, 116, 111, 112, 46, 68, 66, 117, 115, 0, 0, 0, 0, 3, 1, 115, 0, 5, 0, 0, 0, 72, 101, 108, 108, 111, 0, 0, 0, 6, 1, 115, 0, 20, 0, 0, 0, 111, 114, 103, 46, 102, 114, 101, 101, 100, 101, 115, 107, 116, 111, 112, 46, 68, 66, 117, 115, 0, 0, 0, 0])
[2m1970-01-01T00:00:26.701280Z[0m [33m WARN[0m [1mcosmic-files-applet[0m[2m:[0m [2mcosmic_session[0m[2m:[0m   \x1b[32m INFO\x1b[0m  \x1b[32mdetected desktop entry, \x1b[1;32mid\x1b[0m\x1b[32m: "com.system76.CosmicPanelLauncherButton"\x1b[0m
[2m1970-01-01T00:00:26.701775Z[0m [33m WARN[0m [1mcosmic-files-applet[0m[2m:[0m [2mcosmic_session[0m[2m:[0m     \x1b[2;3mat\x1b[0m src/mime_app.rs:359 \x1b[2;3mon\x1b[0m main
[2m1970-01-01T00:00:26.702098Z[0m [33m WARN[0m [1mcosmic-files-applet[0m[2m:[0m [2mcosmic_session[0m[2m:[0m 
[2m1970-01-01T00:00:26.703005Z[0m [33m WARN[0m [1mcosmic-launcher[0m[2m:[0m [2mcosmic_session[0m[2m:[0m xkbcommon: ERROR: couldn't find a Compose file for locale "C" (mapped to "C")
[2m1970-01-01T00:00:26.706803Z[0m [33m WARN[0m [1mcosmic-launcher[0m[2m:[0m [2mcosmic_session[0m[2m:[0m xkbcommon: ERROR: couldn't find a Compose file for locale "C" (mapped to "C")
[2m1970-01-01T00:00:26.712778Z[0m [33m WARN[0m [1mcosmic-files-applet[0m[2m:[0m [2mcosmic_session[0m[2m:[0m   \x1b[32m INFO\x1b[0m  \x1b[32mdetected desktop entry, \x1b[1;32mid\x1b[0m\x1b[32m: "com.system76.CosmicPanelWorkspacesButton"\x1b[0m
[2m1970-01-01T00:00:26.713208Z[0m [33m WARN[0m [1mcosmic-files-applet[0m[2m:[0m [2mcosmic_session[0m[2m:[0m     \x1b[2;3mat\x1b[0m src/mime_app.rs:359 \x1b[2;3mon\x1b[0m main
[2m1970-01-01T00:00:26.713463Z[0m [33m WARN[0m [1mcosmic-files-applet[0m[2m:[0m [2mcosmic_session[0m[2m:[0m 
[2m1970-01-01T00:00:26.718914Z[0m [33m WARN[0m [1mcosmic-files-applet[0m[2m:[0m [2mcosmic_session[0m[2m:[0m   \x1b[32m INFO\x1b[0m  \x1b[32mdetected desktop entry, \x1b[1;32mid\x1b[0m\x1b[32m: "com.system76.CosmicWorkspaces"\x1b[0m
[2m1970-01-01T00:00:26.719174Z[0m [33m WARN[0m [1mcosmic-files-applet[0m[2m:[0m [2mcosmic_session[0m[2m:[0m     \x1b[2;3mat\x1b[0m src/mime_app.rs:359 \x1b[2;3mon\x1b[0m main
[2m1970-01-01T00:00:26.719371Z[0m [33m WARN[0m [1mcosmic-files-applet[0m[2m:[0m [2mcosmic_session[0m[2m:[0m 
[2m1970-01-01T00:00:26.719545Z[0m [33m WARN[0m [1mcosmic-files-applet[0m[2m:[0m [2mcosmic_session[0m[2m:[0m   \x1b[32m INFO\x1b[0m  \x1b[32mloaded mime app cache in 496.552658ms\x1b[0m
[2m1970-01-01T00:00:26.720112Z[0m [33m WARN[0m [1mcosmic-files-applet[0m[2m:[0m [2mcosmic_session[0m[2m:[0m     \x1b[2;3mat\x1b[0m src/mime_app.rs:501 \x1b[2;3mon\x1b[0m main
[2m1970-01-01T00:00:26.720583Z[0m [33m WARN[0m [1mcosmic-files-applet[0m[2m:[0m [2mcosmic_session[0m[2m:[0m 
[2m1970-01-01T00:00:26.831552Z[0m [33m WARN[0m [1mcosmic-app-library[0m[2m:[0m [2mcosmic_session[0m[2m:[0m  INFO  zbus::connection::handshake::common                       > read_commands; n_commands=1
[2m1970-01-01T00:00:26.844961Z[0m [33m WARN[0m [1mcosmic-app-library[0m[2m:[0m [2mcosmic_session[0m[2m:[0m  INFO  zbus::connection::handshake::common                       > write_commands; commands=[NegotiateUnixFD, Begin] extra_bytes=Some([108, 1, 0, 1, 0, 0, 0, 0, 10, 0, 0, 0, 109, 0, 0, 0, 1, 1, 111, 0, 21, 0, 0, 0, 47, 111, 114, 103, 47, 102, 114, 101, 101, 100, 101, 115, 107, 116, 111, 112, 47, 68, 66, 117, 115, 0, 0, 0, 2, 1, 115, 0, 20, 0, 0, 0, 111, 114, 103, 46, 102, 114, 101, 101, 100, 101, 115, 107, 116, 111, 112, 46, 68, 66, 117, 115, 0, 0, 0, 0, 3, 1, 115, 0, 5, 0, 0, 0, 72, 101, 108, 108, 111, 0, 0, 0, 6, 1, 115, 0, 20, 0, 0, 0, 111, 114, 103, 46, 102, 114, 101, 101, 100, 101, 115, 107, 116, 111, 112, 46, 68, 66, 117, 115, 0, 0, 0, 0])
[2m1970-01-01T00:00:26.846145Z[0m [33m WARN[0m [1mcosmic-app-library[0m[2m:[0m [2mcosmic_session[0m[2m:[0m  INFO  zbus::connection::handshake::common                       > read_commands; n_commands=1
[2m1970-01-01T00:00:27.200031Z[0m [32m INFO[0m [1mcosmic-panel[0m[2m:[0m [2mcosmic_session::notifications[0m[2m:[0m \x1b[2m1970-01-01T00:00:27.192370Z\x1b[0m \x1b[32m INFO\x1b[0m \x1b[1mstdout\x1b[0m\x1b[1m{\x1b[0m\x1b[3mclient\x1b[0m\x1b[2m=\x1b[0mInnerClientId { ptr: 0x91cc90d0, alive: true }\x1b[1m}\x1b[0m\x1b[2m:\x1b[0m com.system76.CosmicPanelAppButton: \x1b[2m1970-01-01T00:00:26.059999Z\x1b[0m \x1b[32m INFO\x1b[0m \x1b[2mcosmic_panel_button\x1b[0m\x1b[2m:\x1b[0m Starting workspaces applet with version 1.0.15
[2m1970-01-01T00:00:27.200632Z[0m [32m INFO[0m [1mcosmic-panel[0m[2m:[0m [2mcosmic_session::notifications[0m[2m:[0m \x1b[2m1970-01-01T00:00:27.193071Z\x1b[0m \x1b[32m INFO\x1b[0m \x1b[1mstdout\x1b[0m\x1b[1m{\x1b[0m\x1b[3mclient\x1b[0m\x1b[2m=\x1b[0mInnerClientId { ptr: 0x91cc90d0, alive: true }\x1b[1m}\x1b[0m\x1b[2m:\x1b[0m com.system76.CosmicPanelAppButton: \x1b[2m1970-01-01T00:00:26.109999Z\x1b[0m \x1b[33m WARN\x1b[0m \x1b[2mcosmic_text::font::system\x1b[0m\x1b[2m:\x1b[0m failed to get system locale, falling back to en-US
[2m1970-01-01T00:00:27.201226Z[0m [32m INFO[0m [1mcosmic-panel[0m[2m:[0m [2mcosmic_session::notifications[0m[2m:[0m \x1b[2m1970-01-01T00:00:27.193339Z\x1b[0m \x1b[32m INFO\x1b[0m \x1b[1mstdout\x1b[0m\x1b[1m{\x1b[0m\x1b[3mclient\x1b[0m\x1b[2m=\x1b[0mInnerClientId { ptr: 0x91cc90d0, alive: true }\x1b[1m}\x1b[0m\x1b[2m:\x1b[0m com.system76.CosmicPanelAppButton: \x1b[2m1970-01-01T00:00:26.109999Z\x1b[0m \x1b[33m WARN\x1b[0m \x1b[2mfontdb\x1b[0m\x1b[2m:\x1b[0m Fallback to loading from known font dir paths.
[2m1970-01-01T00:00:27.693736Z[0m [32m INFO[0m [1mcosmic-panel[0m[2m:[0m [2mcosmic_session::notifications[0m[2m:[0m \x1b[2m1970-01-01T00:00:27.692611Z\x1b[0m \x1b[32m INFO\x1b[0m \x1b[1mstdout\x1b[0m\x1b[1m{\x1b[0m\x1b[3mclient\x1b[0m\x1b[2m=\x1b[0mInnerClientId { ptr: 0x91cc9e80, alive: true }\x1b[1m}\x1b[0m\x1b[2m:\x1b[0m com.system76.CosmicAppletTiling: \x1b[2m1970-01-01T00:00:27.047368Z\x1b[0m \x1b[32m INFO\x1b[0m \x1b[2mcosmic_applet_tiling\x1b[0m\x1b[2m:\x1b[0m Starting tiling applet with version 1.0.15
[2m1970-01-01T00:00:27.694895Z[0m [32m INFO[0m [1mcosmic-panel[0m[2m:[0m [2mcosmic_session::notifications[0m[2m:[0m \x1b[2m1970-01-01T00:00:27.692806Z\x1b[0m \x1b[32m INFO\x1b[0m \x1b[1mstdout\x1b[0m\x1b[1m{\x1b[0m\x1b[3mclient\x1b[0m\x1b[2m=\x1b[0mInnerClientId { ptr: 0x91cc9e80, alive: true }\x1b[1m}\x1b[0m\x1b[2m:\x1b[0m com.system76.CosmicAppletTiling: \x1b[2m1970-01-01T00:00:27.065662Z\x1b[0m \x1b[32m INFO\x1b[0m \x1b[2mi18n_embed::requester\x1b[0m\x1b[2m:\x1b[0m Current Locale: []
[2m1970-01-01T00:00:27.695972Z[0m [32m INFO[0m [1mcosmic-panel[0m[2m:[0m [2mcosmic_session::notifications[0m[2m:[0m \x1b[2m1970-01-01T00:00:27.692967Z\x1b[0m \x1b[32m INFO\x1b[0m \x1b[1mstdout\x1b[0m\x1b[1m{\x1b[0m\x1b[3mclient\x1b[0m\x1b[2m=\x1b[0mInnerClientId { ptr: 0x91cc9e80, alive: true }\x1b[1m}\x1b[0m\x1b[2m:\x1b[0m com.system76.CosmicAppletTiling: \x1b[2m1970-01-01T00:00:27.065935Z\x1b[0m \x1b[32m INFO\x1b[0m \x1b[2mi18n_embed\x1b[0m\x1b[2m:\x1b[0m Selecting translations for domain "cosmic_applet_tiling"
[2m1970-01-01T00:00:27.829242Z[0m [33m WARN[0m [1mcosmic-idle[0m[2m:[0m [2mcosmic_session[0m[2m:[0m [1970-01-01T00:00:27Z INFO  tracing::span] read_socket;
[2m1970-01-01T00:00:27.944909Z[0m [32m INFO[0m [1mcosmic-panel[0m[2m:[0m [2mcosmic_session::notifications[0m[2m:[0m \x1b[2m1970-01-01T00:00:27.943057Z\x1b[0m \x1b[32m INFO\x1b[0m Scale factor changed 1 for as surface in space "Panel" on HDMI-A-1
[2m1970-01-01T00:00:27.999999Z[0m [33m WARN[0m [1mcosmic-app-library[0m[2m:[0m [2mcosmic_session[0m[2m:[0m  INFO  iced_winit::platform_specific::wayland::event_loop::state > Failed to find surface for blur action
[2m1970-01-01T00:00:27.999999Z[0m [32m INFO[0m [1mcosmic-panel[0m[2m:[0m [2mcosmic_session::notifications[0m[2m:[0m \x1b[2m1970-01-01T00:00:27.999999Z\x1b[0m \x1b[32m INFO\x1b[0m \x1b[1mstdout\x1b[0m\x1b[1m{\x1b[0m\x1b[3mclient\x1b[0m\x1b[2m=\x1b[0mInnerClientId { ptr: 0x940e8290, alive: true }\x1b[1m}\x1b[0m\x1b[2m:\x1b[0m com.system76.CosmicPanelWorkspacesButton: \x1b[2m1970-01-01T00:00:27.999999Z\x1b[0m \x1b[32m INFO\x1b[0m \x1b[2mcosmic_panel_button\x1b[0m\x1b[2m:\x1b[0m Starting workspaces applet with version 1.0.15
[2m1970-01-01T00:00:28.075192Z[0m [32m INFO[0m [1mcosmic-panel[0m[2m:[0m [2mcosmic_session::notifications[0m[2m:[0m \x1b[2m1970-01-01T00:00:28.071394Z\x1b[0m \x1b[32m INFO\x1b[0m \x1b[1mstdout\x1b[0m\x1b[1m{\x1b[0m\x1b[3mclient\x1b[0m\x1b[2m=\x1b[0mInnerClientId { ptr: 0x96756200, alive: true }\x1b[1m}\x1b[0m\x1b[2m:\x1b[0m com.system76.CosmicAppletMinimize: \x1b[2m1970-01-01T00:00:28.036541Z\x1b[0m \x1b[32m INFO\x1b[0m \x1b[2mcosmic_applet_minimize\x1b[0m\x1b[2m:\x1b[0m Starting minimize applet with version 1.0.15
[2m1970-01-01T00:00:28.076242Z[0m [32m INFO[0m [1mcosmic-panel[0m[2m:[0m [2mcosmic_session::notifications[0m[2m:[0m \x1b[2m1970-01-01T00:00:28.071549Z\x1b[0m \x1b[32m INFO\x1b[0m \x1b[1mstdout\x1b[0m\x1b[1m{\x1b[0m\x1b[3mclient\x1b[0m\x1b[2m=\x1b[0mInnerClientId { ptr: 0x96756200, alive: true }\x1b[1m}\x1b[0m\x1b[2m:\x1b[0m com.system76.CosmicAppletMinimize: \x1b[2m1970-01-01T00:00:28.049678Z\x1b[0m \x1b[32m INFO\x1b[0m \x1b[2mi18n_embed::requester\x1b[0m\x1b[2m:\x1b[0m Current Locale: []
[2m1970-01-01T00:00:28.085851Z[0m [32m INFO[0m [1mcosmic-panel[0m[2m:[0m [2mcosmic_session::notifications[0m[2m:[0m \x1b[2m1970-01-01T00:00:28.084573Z\x1b[0m \x1b[32m INFO\x1b[0m \x1b[1mstdout\x1b[0m\x1b[1m{\x1b[0m\x1b[3mclient\x1b[0m\x1b[2m=\x1b[0mInnerClientId { ptr: 0x96756200, alive: true }\x1b[1m}\x1b[0m\x1b[2m:\x1b[0m com.system76.CosmicAppletMinimize: \x1b[2m1970-01-01T00:00:28.049937Z\x1b[0m \x1b[32m INFO\x1b[0m \x1b[2mi18n_embed\x1b[0m\x1b[2m:\x1b[0m Selecting translations for domain "cosmic_applet_minimize"
[2m1970-01-01T00:00:28.097444Z[0m [33m WARN[0m [1mcosmic-app-library[0m[2m:[0m [2mcosmic_session[0m[2m:[0m  INFO  iced_winit::platform_specific::wayland::event_loop::state > Failed to find surface for blur action
[2m1970-01-01T00:00:28.241750Z[0m [32m INFO[0m [1mcosmic-panel[0m[2m:[0m [2mcosmic_session::notifications[0m[2m:[0m \x1b[2m1970-01-01T00:00:28.240227Z\x1b[0m \x1b[32m INFO\x1b[0m \x1b[1mstdout\x1b[0m\x1b[1m{\x1b[0m\x1b[3mclient\x1b[0m\x1b[2m=\x1b[0mInnerClientId { ptr: 0x91cc9e80, alive: true }\x1b[1m}\x1b[0m\x1b[2m:\x1b[0m com.system76.CosmicAppletTiling: \x1b[2m1970-01-01T00:00:28.199999Z\x1b[0m \x1b[33m WARN\x1b[0m \x1b[2mcosmic_text::font::system\x1b[0m\x1b[2m:\x1b[0m failed to get system locale, falling back to en-US
[2m1970-01-01T00:00:28.242828Z[0m [32m INFO[0m [1mcosmic-panel[0m[2m:[0m [2mcosmic_session::notifications[0m[2m:[0m \x1b[2m1970-01-01T00:00:28.240405Z\x1b[0m \x1b[32m INFO\x1b[0m \x1b[1mstdout\x1b[0m\x1b[1m{\x1b[0m\x1b[3mclient\x1b[0m\x1b[2m=\x1b[0mInnerClientId { ptr: 0x91cc9e80, alive: true }\x1b[1m}\x1b[0m\x1b[2m:\x1b[0m com.system76.CosmicAppletTiling: \x1b[2m1970-01-01T00:00:28.199999Z\x1b[0m \x1b[33m WARN\x1b[0m \x1b[2mfontdb\x1b[0m\x1b[2m:\x1b[0m Fallback to loading from known font dir paths.
[2m1970-01-01T00:00:28.294474Z[0m [33m WARN[0m [1mcosmic-workspaces[0m[2m:[0m [2mcosmic_session[0m[2m:[0m [1970-01-01T00:00:28Z WARN  cosmic_workspaces::backend::wayland] dmabuf feedback not supported, only shm: the 'zwp_linux_dmabuf_v1' global was not available
[2m1970-01-01T00:00:28.329999Z[0m [32m INFO[0m [1mcosmic-panel[0m[2m:[0m [2mcosmic_session::notifications[0m[2m:[0m \x1b[2m1970-01-01T00:00:28.329999Z\x1b[0m \x1b[32m INFO\x1b[0m \x1b[1mstdout\x1b[0m\x1b[1m{\x1b[0m\x1b[3mclient\x1b[0m\x1b[2m=\x1b[0mInnerClientId { ptr: 0x940e8650, alive: true }\x1b[1m}\x1b[0m\x1b[2m:\x1b[0m com.system76.CosmicPanelLauncherButton: \x1b[2m1970-01-01T00:00:28.329999Z\x1b[0m \x1b[32m INFO\x1b[0m \x1b[2mcosmic_panel_button\x1b[0m\x1b[2m:\x1b[0m Starting workspaces applet with version 1.0.15
[2m1970-01-01T00:00:28.633020Z[0m [32m INFO[0m [1mcosmic-panel[0m[2m:[0m [2mcosmic_session::notifications[0m[2m:[0m \x1b[2m1970-01-01T00:00:28.630956Z\x1b[0m \x1b[32m INFO\x1b[0m \x1b[1mstdout\x1b[0m\x1b[1m{\x1b[0m\x1b[3mclient\x1b[0m\x1b[2m=\x1b[0mInnerClientId { ptr: 0x91cc8fe0, alive: true }\x1b[1m}\x1b[0m\x1b[2m:\x1b[0m com.system76.CosmicPanelWorkspacesButton: \x1b[2m1970-01-01T00:00:28.377208Z\x1b[0m \x1b[32m INFO\x1b[0m \x1b[2mcosmic_panel_button\x1b[0m\x1b[2m:\x1b[0m Starting workspaces applet with version 1.0.15
[2m1970-01-01T00:00:29.088066Z[0m [32m INFO[0m [1mcosmic-panel[0m[2m:[0m [2mcosmic_session::notifications[0m[2m:[0m \x1b[2m1970-01-01T00:00:29.084404Z\x1b[0m \x1b[32m INFO\x1b[0m \x1b[1mstdout\x1b[0m\x1b[1m{\x1b[0m\x1b[3mclient\x1b[0m\x1b[2m=\x1b[0mInnerClientId { ptr: 0x96756020, alive: true }\x1b[1m}\x1b[0m\x1b[2m:\x1b[0m com.system76.CosmicPanelAppButton: \x1b[2m1970-01-01T00:00:29.066844Z\x1b[0m \x1b[32m INFO\x1b[0m \x1b[2mcosmic_panel_button\x1b[0m\x1b[2m:\x1b[0m Starting workspaces applet with version 1.0.15
[2m1970-01-01T00:00:29.540976Z[0m [33m WARN[0m [1mcosmic-workspaces[0m[2m:[0m [2mcosmic_session[0m[2m:[0m [1970-01-01T00:00:29Z INFO  cosmic_workspaces::backend::wayland] Unable to initialize Vulkan: Error loading shared library libvulkan.so.1: No such file or directory. Assuming now GPU workarounds needed.
[2m1970-01-01T00:00:30.122438Z[0m [32m INFO[0m [1mcosmic-panel[0m[2m:[0m [2mcosmic_session::notifications[0m[2m:[0m \x1b[2m1970-01-01T00:00:30.118566Z\x1b[0m \x1b[32m INFO\x1b[0m \x1b[1mstdout\x1b[0m\x1b[1m{\x1b[0m\x1b[3mclient\x1b[0m\x1b[2m=\x1b[0mInnerClientId { ptr: 0x96756200, alive: true }\x1b[1m}\x1b[0m\x1b[2m:\x1b[0m com.system76.CosmicAppletMinimize: \x1b[2m1970-01-01T00:00:30.111802Z\x1b[0m \x1b[33m WARN\x1b[0m \x1b[2mcosmic_text::font::system\x1b[0m\x1b[2m:\x1b[0m failed to get system locale, falling back to en-US
[2m1970-01-01T00:00:30.123341Z[0m [32m INFO[0m [1mcosmic-panel[0m[2m:[0m [2mcosmic_session::notifications[0m[2m:[0m \x1b[2m1970-01-01T00:00:30.118777Z\x1b[0m \x1b[32m INFO\x1b[0m \x1b[1mstdout\x1b[0m\x1b[1m{\x1b[0m\x1b[3mclient\x1b[0m\x1b[2m=\x1b[0mInnerClientId { ptr: 0x96756200, alive: true }\x1b[1m}\x1b[0m\x1b[2m:\x1b[0m com.system76.CosmicAppletMinimize: \x1b[2m1970-01-01T00:00:30.118241Z\x1b[0m \x1b[33m WARN\x1b[0m \x1b[2mfontdb\x1b[0m\x1b[2m:\x1b[0m Fallback to loading from known font dir paths.
[2m1970-01-01T00:00:30.209999Z[0m [33m WARN[0m [1mcosmic-workspaces[0m[2m:[0m [2mcosmic_session[0m[2m:[0m [1970-01-01T00:00:30Z INFO  zbus::connection::handshake::common] write_commands; commands=[NegotiateUnixFD, Begin] extra_bytes=Some([108, 1, 0, 1, 0, 0, 0, 0, 3, 0, 0, 0, 109, 0, 0, 0, 1, 1, 111, 0, 21, 0, 0, 0, 47, 111, 114, 103, 47, 102, 114, 101, 101, 100, 101, 115, 107, 116, 111, 112, 47, 68, 66, 117, 115, 0, 0, 0, 2, 1, 115, 0, 20, 0, 0, 0, 111, 114, 103, 46, 102, 114, 101, 101, 100, 101, 115, 107, 116, 111, 112, 46, 68, 66, 117, 115, 0, 0, 0, 0, 3, 1, 115, 0, 5, 0, 0, 0, 72, 101, 108, 108, 111, 0, 0, 0, 6, 1, 115, 0, 20, 0, 0, 0, 111, 114, 103, 46, 102, 114, 101, 101, 100, 101, 115, 107, 116, 111, 112, 46, 68, 66, 117, 115, 0, 0, 0, 0])
[2m1970-01-01T00:00:30.209999Z[0m [33m WARN[0m [1mcosmic-workspaces[0m[2m:[0m [2mcosmic_session[0m[2m:[0m [1970-01-01T00:00:30Z INFO  zbus::connection::handshake::common] read_commands; n_commands=1
[2m1970-01-01T00:00:30.238946Z[0m [33m WARN[0m [1mcosmic-osd[0m[2m:[0m [2mcosmic_session[0m[2m:[0m [1970-01-01T00:00:30Z WARN  zbus::connection] Requesting name `com.system76.CosmicOsd` before setting up the object server. Method calls arriving before interfaces are registered may be lost. Consider using `connection::Builder::serve_at()` and `::name()` instead.
[2m1970-01-01T00:00:30.241877Z[0m [33m WARN[0m [1mcosmic-idle[0m[2m:[0m [2mcosmic_session[0m[2m:[0m [1970-01-01T00:00:30Z INFO  tracing::span] read_socket;
[2m1970-01-01T00:00:30.250004Z[0m [33m WARN[0m [1mcosmic-app-library[0m[2m:[0m [2mcosmic_session[0m[2m:[0m  INFO  zbus::proxy                                               > {}; task_name="org.freedesktop.portal.Settings proxy caching"
[2m1970-01-01T00:00:30.261335Z[0m [33m WARN[0m [1mcosmic-osd[0m[2m:[0m [2mcosmic_session[0m[2m:[0m [1970-01-01T00:00:30Z INFO  zbus::connection] start_object_server; started_event=None
[2m1970-01-01T00:00:30.261705Z[0m [33m WARN[0m [1mcosmic-osd[0m[2m:[0m [2mcosmic_session[0m[2m:[0m [1970-01-01T00:00:30Z INFO  tracing::span] obj_server_task;
[2m1970-01-01T00:00:30.289079Z[0m [33m WARN[0m [1mcosmic-app-library[0m[2m:[0m [2mcosmic_session[0m[2m:[0m  INFO  zbus::proxy                                               > {}; task_name="org.a11y.Status proxy caching"
[2m1970-01-01T00:00:30.289415Z[0m [33m WARN[0m [1mcosmic-app-library[0m[2m:[0m [2mcosmic_session[0m[2m:[0m  INFO  zbus::connection                                          > start_object_server; started_event=None
[2m1970-01-01T00:00:30.289804Z[0m [33m WARN[0m [1mcosmic-app-library[0m[2m:[0m [2mcosmic_session[0m[2m:[0m  INFO  tracing::span                                             > obj_server_task;
[2m1970-01-01T00:00:30.312344Z[0m [33m WARN[0m [1mcosmic-workspaces[0m[2m:[0m [2mcosmic_session[0m[2m:[0m [1970-01-01T00:00:30Z INFO  zbus::connection] start_object_server; started_event=None
[2m1970-01-01T00:00:30.312525Z[0m [33m WARN[0m [1mcosmic-workspaces[0m[2m:[0m [2mcosmic_session[0m[2m:[0m [1970-01-01T00:00:30Z INFO  tracing::span] obj_server_task;
[2m1970-01-01T00:00:30.312691Z[0m [33m WARN[0m [1mcosmic-idle[0m[2m:[0m [2mcosmic_session[0m[2m:[0m [1970-01-01T00:00:30Z INFO  tracing::span] read_socket;
[2m1970-01-01T00:00:31.084157Z[0m [33m WARN[0m [2mbusd::peers[0m[2m:[0m unknown destination: org.freedesktop.UPower
[2m1970-01-01T00:00:31.100164Z[0m [33m WARN[0m [1mcosmic-osd[0m[2m:[0m [2mcosmic_session[0m[2m:[0m [1970-01-01T00:00:31Z ERROR cosmic_settings_upower_subscription::kbdbacklight] Error listening to KbdBacklight: org.freedesktop.DBus.Error.ServiceUnknown: The name org.freedesktop.UPower was not provided by any .service files
[2m1970-01-01T00:00:31.101136Z[0m [33m WARN[0m [1mcosmic-idle[0m[2m:[0m [2mcosmic_session[0m[2m:[0m [1970-01-01T00:00:31Z INFO  tracing::span] read_socket;
[2m1970-01-01T00:00:31.400453Z[0m [33m WARN[0m [1mcosmic-idle[0m[2m:[0m [2mcosmic_session[0m[2m:[0m [1970-01-01T00:00:31Z INFO  tracing::span] read_socket;
[2m1970-01-01T00:00:31.400707Z[0m [33m WARN[0m [1mcosmic-idle[0m[2m:[0m [2mcosmic_session[0m[2m:[0m [1970-01-01T00:00:31Z INFO  tracing::span] read_socket;
[2m1970-01-01T00:00:31.400966Z[0m [33m WARN[0m [1mcosmic-idle[0m[2m:[0m [2mcosmic_session[0m[2m:[0m [1970-01-01T00:00:31Z INFO  zbus::connection] monitor_name_lost; name=org.freedesktop.ScreenSaver
[2m1970-01-01T00:00:31.408035Z[0m [33m WARN[0m [2mbusd::peers[0m[2m:[0m unknown destination: org.freedesktop.UPower
[2m1970-01-01T00:00:31.420239Z[0m [33m WARN[0m [1mcosmic-idle[0m[2m:[0m [2mcosmic_session[0m[2m:[0m [1970-01-01T00:00:31Z INFO  tracing::span] read_socket;
[2m1970-01-01T00:00:31.517132Z[0m [33m WARN[0m [1mcosmic-idle[0m[2m:[0m [2mcosmic_session[0m[2m:[0m [1970-01-01T00:00:31Z INFO  tracing::span] read_socket;
[2m1970-01-01T00:00:31.517447Z[0m [33m WARN[0m [1mcosmic-idle[0m[2m:[0m [2mcosmic_session[0m[2m:[0m [1970-01-01T00:00:31Z INFO  tracing::span] read_socket;
[2m1970-01-01T00:00:31.537501Z[0m [33m WARN[0m [1mcosmic-idle[0m[2m:[0m [2mcosmic_session[0m[2m:[0m [1970-01-01T00:00:31Z INFO  tracing::span] read_socket;
[2m1970-01-01T00:00:31.537850Z[0m [33m WARN[0m [1mcosmic-idle[0m[2m:[0m [2mcosmic_session[0m[2m:[0m [1970-01-01T00:00:31Z INFO  tracing::span] read_socket;
[2m1970-01-01T00:00:31.596207Z[0m [33m WARN[0m [1mcosmic-app-library[0m[2m:[0m [2mcosmic_session[0m[2m:[0m  INFO  zbus::connection                                          > monitor_name_lost; name=com.system76.CosmicAppLibrary
[2m1970-01-01T00:00:31.596572Z[0m [33m WARN[0m [1mcosmic-osd[0m[2m:[0m [2mcosmic_session[0m[2m:[0m [1970-01-01T00:00:31Z INFO  zbus::connection] monitor_name_lost; name=com.system76.CosmicOnScreenDisplay
[2m1970-01-01T00:00:31.596935Z[0m [33m WARN[0m [1mcosmic-osd[0m[2m:[0m [2mcosmic_session[0m[2m:[0m [1970-01-01T00:00:31Z INFO  zbus::connection] monitor_name_lost; name=com.system76.CosmicOsd
[2m1970-01-01T00:00:31.597214Z[0m [33m WARN[0m [1mcosmic-osd[0m[2m:[0m [2mcosmic_session[0m[2m:[0m [1970-01-01T00:00:31Z INFO  zbus::connection::handshake::common] write_command; command=Auth(Some(External), Some([48]))
[2m1970-01-01T00:00:31.597609Z[0m [33m WARN[0m [1mcosmic-osd[0m[2m:[0m [2mcosmic_session[0m[2m:[0m [1970-01-01T00:00:31Z INFO  zbus::connection::handshake::common] write_commands; commands=[Auth(Some(External), Some([48]))] extra_bytes=None
[2m1970-01-01T00:00:31.597911Z[0m [33m WARN[0m [1mcosmic-osd[0m[2m:[0m [2mcosmic_session[0m[2m:[0m [1970-01-01T00:00:31Z INFO  tracing::span] read_command;
[2m1970-01-01T00:00:31.598043Z[0m [33m WARN[0m [1mcosmic-osd[0m[2m:[0m [2mcosmic_session[0m[2m:[0m [1970-01-01T00:00:31Z INFO  zbus::connection::handshake::common] read_commands; n_commands=1
[2m1970-01-01T00:00:31.598268Z[0m [33m WARN[0m [1mcosmic-idle[0m[2m:[0m [2mcosmic_session[0m[2m:[0m [1970-01-01T00:00:31Z INFO  tracing::span] read_socket;
[2m1970-01-01T00:00:31.598467Z[0m [33m WARN[0m [1mcosmic-idle[0m[2m:[0m [2mcosmic_session[0m[2m:[0m [1970-01-01T00:00:31Z INFO  tracing::span] read_socket;
[2m1970-01-01T00:00:31.598663Z[0m [33m WARN[0m [1mcosmic-idle[0m[2m:[0m [2mcosmic_session[0m[2m:[0m [1970-01-01T00:00:31Z INFO  tracing::span] read_socket;
[2m1970-01-01T00:00:31.623648Z[0m [33m WARN[0m [1mcosmic-idle[0m[2m:[0m [2mcosmic_session[0m[2m:[0m [1970-01-01T00:00:31Z INFO  tracing::span] read_socket;
[2m1970-01-01T00:00:31.637543Z[0m [33m WARN[0m [1mcosmic-workspaces[0m[2m:[0m [2mcosmic_session[0m[2m:[0m [1970-01-01T00:00:31Z INFO  zbus::connection] monitor_name_lost; name=com.system76.CosmicWorkspaces
[2m1970-01-01T00:00:31.637820Z[0m [33m WARN[0m [1mcosmic-idle[0m[2m:[0m [2mcosmic_session[0m[2m:[0m [1970-01-01T00:00:31Z INFO  tracing::span] read_socket;
[2m1970-01-01T00:00:31.638088Z[0m [33m WARN[0m [1mcosmic-idle[0m[2m:[0m [2mcosmic_session[0m[2m:[0m [1970-01-01T00:00:31Z INFO  tracing::span] read_socket;
[2m1970-01-01T00:00:31.707576Z[0m [33m WARN[0m [2mbusd::peers[0m[2m:[0m unknown destination: org.freedesktop.portal.Desktop
[2m1970-01-01T00:00:31.708457Z[0m [33m WARN[0m [2mbusd::peers[0m[2m:[0m unknown destination: org.a11y.Bus
[2m1970-01-01T00:00:31.709269Z[0m [33m WARN[0m [2mbusd::peers[0m[2m:[0m unknown destination: org.freedesktop.portal.Desktop
[2m1970-01-01T00:00:31.709999Z[0m [33m WARN[0m [2mbusd::peers[0m[2m:[0m unknown destination: org.a11y.Bus
[2m1970-01-01T00:00:31.712655Z[0m [33m WARN[0m [1mcosmic-app-library[0m[2m:[0m [2mcosmic_session[0m[2m:[0m  WARN  zbus::proxy                                               > Failed to populate properties cache via GetAll: org.freedesktop.DBus.Error.ServiceUnknown: The name org.freedesktop.portal.Desktop was not provided by any .service files. Property change streams will not produce values.
[2m1970-01-01T00:00:31.713147Z[0m [33m WARN[0m [1mcosmic-app-library[0m[2m:[0m [2mcosmic_session[0m[2m:[0m  WARN  zbus::proxy                                               > Failed to populate properties cache via GetAll: org.freedesktop.DBus.Error.ServiceUnknown: The name org.a11y.Bus was not provided by any .service files. Property change streams will not produce values.
[2m1970-01-01T00:00:31.713521Z[0m [33m WARN[0m [1mcosmic-osd[0m[2m:[0m [2mcosmic_session[0m[2m:[0m [1970-01-01T00:00:31Z INFO  zbus::connection::handshake::common] write_commands; commands=[NegotiateUnixFD, Begin] extra_bytes=Some([108, 1, 0, 1, 0, 0, 0, 0, 18, 0, 0, 0, 109, 0, 0, 0, 1, 1, 111, 0, 21, 0, 0, 0, 47, 111, 114, 103, 47, 102, 114, 101, 101, 100, 101, 115, 107, 116, 111, 112, 47, 68, 66, 117, 115, 0, 0, 0, 2, 1, 115, 0, 20, 0, 0, 0, 111, 114, 103, 46, 102, 114, 101, 101, 100, 101, 115, 107, 116, 111, 112, 46, 68, 66, 117, 115, 0, 0, 0, 0, 3, 1, 115, 0, 5, 0, 0, 0, 72, 101, 108, 108, 111, 0, 0, 0, 6, 1, 115, 0, 20, 0, 0, 0, 111, 114, 103, 46, 102, 114, 101, 101, 100, 101, 115, 107, 116, 111, 112, 46, 68, 66, 117, 115, 0, 0, 0, 0])
[2m1970-01-01T00:00:31.714078Z[0m [33m WARN[0m [1mcosmic-osd[0m[2m:[0m [2mcosmic_session[0m[2m:[0m [1970-01-01T00:00:31Z INFO  zbus::connection::handshake::common] read_commands; n_commands=1
[2m1970-01-01T00:00:31.714579Z[0m [32m INFO[0m [1mcosmic-launcher[0m[2m:[0m [2mcosmic_session[0m[2m:[0m 1970-01-01T00:00:31.712867Z  WARN {}{task_name="org.a11y.Status proxy caching"}: Failed to populate properties cache via GetAll: org.freedesktop.DBus.Error.ServiceUnknown: The name org.a11y.Bus was not provided by any .service files. Property change streams will not produce values.
[2m1970-01-01T00:00:31.725501Z[0m [33m WARN[0m [2mbusd::peers[0m[2m:[0m unknown destination: org.freedesktop.portal.Desktop
[2m1970-01-01T00:00:31.726533Z[0m [33m WARN[0m [2mbusd::peers[0m[2m:[0m unknown destination: org.freedesktop.portal.Desktop
[2m1970-01-01T00:00:31.727782Z[0m [32m INFO[0m [1mcosmic-launcher[0m[2m:[0m [2mcosmic_session[0m[2m:[0m 1970-01-01T00:00:31.719242Z  WARN {}{task_name="org.freedesktop.portal.Settings proxy caching"}: Failed to populate properties cache via GetAll: org.freedesktop.DBus.Error.ServiceUnknown: The name org.freedesktop.portal.Desktop was not provided by any .service files. Property change streams will not produce values.
[2m1970-01-01T00:00:31.728471Z[0m [33m WARN[0m [1mcosmic-idle[0m[2m:[0m [2mcosmic_session[0m[2m:[0m [1970-01-01T00:00:31Z INFO  tracing::span] read_socket;
[2m1970-01-01T00:00:31.728773Z[0m [33m WARN[0m [1mcosmic-idle[0m[2m:[0m [2mcosmic_session[0m[2m:[0m [1970-01-01T00:00:31Z INFO  tracing::span] read_socket;
[2m1970-01-01T00:00:31.733068Z[0m [33m WARN[0m [1mcosmic-app-library[0m[2m:[0m [2mcosmic_session[0m[2m:[0m  ERROR cosmic::theme::portal                                     > Failed to get the color scheme Portal(ZBus(MethodError(OwnedErrorName("org.freedesktop.DBus.Error.ServiceUnknown"), Some("The name org.freedesktop.portal.Desktop was not provided by any .service files"), Msg { type: Error, serial: 227, sender: UniqueName("org.freedesktop.DBus"), reply-serial: 23, body: Str, fds: [] })))
[2m1970-01-01T00:00:31.742253Z[0m [32m INFO[0m [1mcosmic-launcher[0m[2m:[0m [2mcosmic_session[0m[2m:[0m 1970-01-01T00:00:31.737055Z ERROR Failed to get the color scheme Portal(ZBus(MethodError(OwnedErrorName("org.freedesktop.DBus.Error.ServiceUnknown"), Some("The name org.freedesktop.portal.Desktop was not provided by any .service files"), Msg { type: Error, serial: 228, sender: UniqueName("org.freedesktop.DBus"), reply-serial: 23, body: Str, fds: [] })))
[2m1970-01-01T00:00:31.742900Z[0m [33m WARN[0m [1mcosmic-osd[0m[2m:[0m [2mcosmic_session[0m[2m:[0m [1970-01-01T00:00:31Z INFO  zbus::proxy] {}; task_name="com.system76.CosmicSettingsDaemon proxy caching"
[2m1970-01-01T00:00:31.749056Z[0m [33m WARN[0m [2mbusd::peers[0m[2m:[0m unknown destination: org.freedesktop.portal.Desktop
[2m1970-01-01T00:00:31.749956Z[0m [33m WARN[0m [2mbusd::peers[0m[2m:[0m unknown destination: org.freedesktop.portal.Desktop
[2m1970-01-01T00:00:31.755741Z[0m [33m WARN[0m [1mcosmic-app-library[0m[2m:[0m [2mcosmic_session[0m[2m:[0m  ERROR cosmic::theme::portal                                     > Failed to get the contrast Portal(ZBus(MethodError(OwnedErrorName("org.freedesktop.DBus.Error.ServiceUnknown"), Some("The name org.freedesktop.portal.Desktop was not provided by any .service files"), Msg { type: Error, serial: 235, sender: UniqueName("org.freedesktop.DBus"), reply-serial: 25, body: Str, fds: [] })))
[2m1970-01-01T00:00:31.756438Z[0m [32m INFO[0m [1mcosmic-launcher[0m[2m:[0m [2mcosmic_session[0m[2m:[0m 1970-01-01T00:00:31.749999Z ERROR Failed to get the contrast Portal(ZBus(MethodError(OwnedErrorName("org.freedesktop.DBus.Error.ServiceUnknown"), Some("The name org.freedesktop.portal.Desktop was not provided by any .service files"), Msg { type: Error, serial: 236, sender: UniqueName("org.freedesktop.DBus"), reply-serial: 25, body: Str, fds: [] })))
[2m1970-01-01T00:00:31.757069Z[0m [33m WARN[0m [1mcosmic-osd[0m[2m:[0m [2mcosmic_session[0m[2m:[0m [1970-01-01T00:00:31Z INFO  zbus::connection] start_object_server; started_event=None
[2m1970-01-01T00:00:31.757351Z[0m [33m WARN[0m [1mcosmic-osd[0m[2m:[0m [2mcosmic_session[0m[2m:[0m [1970-01-01T00:00:31Z INFO  tracing::span] obj_server_task;
[2m1970-01-01T00:00:31.757642Z[0m [33m WARN[0m [1mcosmic-osd[0m[2m:[0m [2mcosmic_session[0m[2m:[0m [1970-01-01T00:00:31Z INFO  zbus::proxy] {}; task_name="org.freedesktop.login1.Session proxy caching"
[2m1970-01-01T00:00:31.804205Z[0m [33m WARN[0m [1mcosmic-idle[0m[2m:[0m [2mcosmic_session[0m[2m:[0m [1970-01-01T00:00:31Z INFO  tracing::span] read_socket;
[2m1970-01-01T00:00:31.882491Z[0m [32m INFO[0m [1mcosmic-panel[0m[2m:[0m [2mcosmic_session::notifications[0m[2m:[0m \x1b[2m1970-01-01T00:00:31.881373Z\x1b[0m \x1b[32m INFO\x1b[0m Successfully selected EGL platform: PLATFORM_WAYLAND_KHR
[2m1970-01-01T00:00:31.917560Z[0m [33m WARN[0m [1mcosmic-idle[0m[2m:[0m [2mcosmic_session[0m[2m:[0m [1970-01-01T00:00:31Z INFO  tracing::span] read_socket;
[2m1970-01-01T00:00:31.971399Z[0m [33m WARN[0m [1mcosmic-idle[0m[2m:[0m [2mcosmic_session[0m[2m:[0m [1970-01-01T00:00:31Z INFO  tracing::span] read_socket;
[2m1970-01-01T00:00:31.998926Z[0m [33m WARN[0m [2mbusd::peers[0m[2m:[0m unknown destination: org.freedesktop.login1
[2m1970-01-01T00:00:32.030695Z[0m [33m WARN[0m [1mcosmic-osd[0m[2m:[0m [2mcosmic_session[0m[2m:[0m [1970-01-01T00:00:32Z WARN  zbus::proxy] Failed to populate properties cache via GetAll: org.freedesktop.DBus.Error.ServiceUnknown: The name org.freedesktop.login1 was not provided by any .service files. Property change streams will not produce values.
[2m1970-01-01T00:00:32.031231Z[0m [33m WARN[0m [1mcosmic-osd[0m[2m:[0m [2mcosmic_session[0m[2m:[0m [1970-01-01T00:00:32Z WARN  cosmic_osd::subscriptions::polkit_agent] Failed to register PolicyKit agent: org.freedesktop.DBus.Error.ServiceUnknown: The name org.freedesktop.login1 was not provided by any .service files. This is normal if an agent is already registered.
[2m1970-01-01T00:00:32.031720Z[0m [33m WARN[0m [1mcosmic-idle[0m[2m:[0m [2mcosmic_session[0m[2m:[0m [1970-01-01T00:00:32Z INFO  tracing::span] read_socket;
[2m1970-01-01T00:00:32.106425Z[0m [33m WARN[0m [1mcosmic-idle[0m[2m:[0m [2mcosmic_session[0m[2m:[0m [1970-01-01T00:00:32Z INFO  tracing::span] read_socket;
[2m1970-01-01T00:00:32.129922Z[0m [33m WARN[0m [1mcosmic-idle[0m[2m:[0m [2mcosmic_session[0m[2m:[0m [1970-01-01T00:00:32Z INFO  tracing::span] read_socket;
[2m1970-01-01T00:00:32.164361Z[0m [33m WARN[0m [1mcosmic-idle[0m[2m:[0m [2mcosmic_session[0m[2m:[0m [1970-01-01T00:00:32Z INFO  tracing::span] read_socket;
[2m1970-01-01T00:00:32.222224Z[0m [33m WARN[0m [1mcosmic-idle[0m[2m:[0m [2mcosmic_session[0m[2m:[0m [1970-01-01T00:00:32Z INFO  tracing::span] read_socket;
[2m1970-01-01T00:00:32.293918Z[0m [33m WARN[0m [1mcosmic-idle[0m[2m:[0m [2mcosmic_session[0m[2m:[0m [1970-01-01T00:00:32Z INFO  tracing::span] read_socket;
[2m1970-01-01T00:00:32.334172Z[0m [33m WARN[0m [1mcosmic-idle[0m[2m:[0m [2mcosmic_session[0m[2m:[0m [1970-01-01T00:00:32Z INFO  tracing::span] read_socket;
[2m1970-01-01T00:00:32.417709Z[0m [32m INFO[0m [1mcosmic-panel[0m[2m:[0m [2mcosmic_session::notifications[0m[2m:[0m \x1b[2m1970-01-01T00:00:32.414601Z\x1b[0m \x1b[32m INFO\x1b[0m EGL Initialized
[2m1970-01-01T00:00:32.417952Z[0m [32m INFO[0m [1mcosmic-panel[0m[2m:[0m [2mcosmic_session::notifications[0m[2m:[0m \x1b[2m1970-01-01T00:00:32.414753Z\x1b[0m \x1b[32m INFO\x1b[0m EGL Version: (1, 5)
[2m1970-01-01T00:00:32.418123Z[0m [32m INFO[0m [1mcosmic-panel[0m[2m:[0m [2mcosmic_session::notifications[0m[2m:[0m \x1b[2m1970-01-01T00:00:32.415348Z\x1b[0m \x1b[32m INFO\x1b[0m Supported EGL display extensions: EGLExtensions { extensions: ["EGL_EXT_buffer_age", "EGL_EXT_config_select_group", "EGL_EXT_present_opaque", "EGL_EXT_surface_compression", "EGL_EXT_swap_buffers_with_damage", "EGL_KHR_cl_event2", "EGL_KHR_config_attribs", "EGL_KHR_context_flush_control", "EGL_KHR_create_context", "EGL_KHR_create_context_no_error", "EGL_KHR_fence_sync", "EGL_KHR_get_all_proc_addresses", "EGL_KHR_gl_colorspace", "EGL_KHR_gl_renderbuffer_image", "EGL_KHR_gl_texture_2D_image", "EGL_KHR_gl_texture_3D_image", "EGL_KHR_gl_texture_cubemap_image", "EGL_KHR_image_base", "EGL_KHR_no_config_context", "EGL_KHR_reusable_sync", "EGL_KHR_surfaceless_context", "EGL_KHR_swap_buffers_with_damage", "EGL_EXT_pixel_format_float", "EGL_KHR_wait_sync", "EGL_MESA_configless_context", "EGL_MESA_gl_interop", "EGL_MESA_query_driver", "EGL_MESA_x11_native_visual_id", ""], has_fences: true, has_native_fences: false, has_image_base: true, has_import_dmabuf: false, has_import_dmabuf_modifiers: false, has_export_dmabuf: false }
[2m1970-01-01T00:00:32.419238Z[0m [32m INFO[0m [1mcosmic-panel[0m[2m:[0m [2mcosmic_session::notifications[0m[2m:[0m \x1b[2m1970-01-01T00:00:32.416084Z\x1b[0m \x1b[33m WARN\x1b[0m Dmabuf import extension not available
[2m1970-01-01T00:00:32.419420Z[0m [33m WARN[0m [1mcosmic-idle[0m[2m:[0m [2mcosmic_session[0m[2m:[0m [1970-01-01T00:00:32Z INFO  tracing::span] read_socket;
[2m1970-01-01T00:00:32.419798Z[0m [32m INFO[0m [1mcosmic-panel[0m[2m:[0m [2mcosmic_session::notifications[0m[2m:[0m \x1b[2m1970-01-01T00:00:32.418962Z\x1b[0m \x1b[32m INFO\x1b[0m \x1b[1megl\x1b[0m\x1b[1m{\x1b[0m\x1b[3mplatform\x1b[0m\x1b[2m=\x1b[0m"PLATFORM_WAYLAND_KHR" \x1b[3mversion\x1b[0m\x1b[2m=\x1b[0m(1, 5)\x1b[1m}\x1b[0m\x1b[2m:\x1b[0m\x1b[1megl_context\x1b[0m\x1b[2m:\x1b[0m Selected color format: PixelFormat { hardware_accelerated: true, color_bits: 24, alpha_bits: 8, depth_bits: 24, stencil_bits: 8, stereoscopy: false, multisampling: None, srgb: false }
[2m1970-01-01T00:00:32.591805Z[0m [32m INFO[0m [1mcosmic-panel[0m[2m:[0m [2mcosmic_session::notifications[0m[2m:[0m \x1b[2m1970-01-01T00:00:32.584499Z\x1b[0m \x1b[32m INFO\x1b[0m \x1b[1mstdout\x1b[0m\x1b[1m{\x1b[0m\x1b[3mclient\x1b[0m\x1b[2m=\x1b[0mInnerClientId { ptr: 0x940e8290, alive: true }\x1b[1m}\x1b[0m\x1b[2m:\x1b[0m com.system76.CosmicPanelWorkspacesButton: \x1b[2m1970-01-01T00:00:32.579999Z\x1b[0m \x1b[33m WARN\x1b[0m \x1b[2mcosmic_text::font::system\x1b[0m\x1b[2m:\x1b[0m failed to get system locale, falling back to en-US
[2m1970-01-01T00:00:32.595421Z[0m [32m INFO[0m [1mcosmic-panel[0m[2m:[0m [2mcosmic_session::notifications[0m[2m:[0m \x1b[2m1970-01-01T00:00:32.593876Z\x1b[0m \x1b[32m INFO\x1b[0m \x1b[1mstdout\x1b[0m\x1b[1m{\x1b[0m\x1b[3mclient\x1b[0m\x1b[2m=\x1b[0mInnerClientId { ptr: 0x940e8290, alive: true }\x1b[1m}\x1b[0m\x1b[2m:\x1b[0m com.system76.CosmicPanelWorkspacesButton: \x1b[2m1970-01-01T00:00:32.586641Z\x1b[0m \x1b[33m WARN\x1b[0m \x1b[2mfontdb\x1b[0m\x1b[2m:\x1b[0m Fallback to loading from known font dir paths.
[2m1970-01-01T00:00:32.953268Z[0m [32m INFO[0m [1mcosmic-panel[0m[2m:[0m [2mcosmic_session::notifications[0m[2m:[0m \x1b[2m1970-01-01T00:00:32.951800Z\x1b[0m \x1b[32m INFO\x1b[0m \x1b[1mstdout\x1b[0m\x1b[1m{\x1b[0m\x1b[3mclient\x1b[0m\x1b[2m=\x1b[0mInnerClientId { ptr: 0x96756020, alive: true }\x1b[1m}\x1b[0m\x1b[2m:\x1b[0m com.system76.CosmicPanelAppButton: \x1b[2m1970-01-01T00:00:32.942591Z\x1b[0m \x1b[33m WARN\x1b[0m \x1b[2mcosmic_text::font::system\x1b[0m\x1b[2m:\x1b[0m failed to get system locale, falling back to en-US
[2m1970-01-01T00:00:32.972822Z[0m [32m INFO[0m [1mcosmic-panel[0m[2m:[0m [2mcosmic_session::notifications[0m[2m:[0m \x1b[2m1970-01-01T00:00:32.971268Z\x1b[0m \x1b[32m INFO\x1b[0m \x1b[1mstdout\x1b[0m\x1b[1m{\x1b[0m\x1b[3mclient\x1b[0m\x1b[2m=\x1b[0mInnerClientId { ptr: 0x96756020, alive: true }\x1b[1m}\x1b[0m\x1b[2m:\x1b[0m com.system76.CosmicPanelAppButton: \x1b[2m1970-01-01T00:00:32.965067Z\x1b[0m \x1b[33m WARN\x1b[0m \x1b[2mfontdb\x1b[0m\x1b[2m:\x1b[0m Fallback to loading from known font dir paths.
[2m1970-01-01T00:00:33.002852Z[0m [32m INFO[0m [1mcosmic-panel[0m[2m:[0m [2mcosmic_session::notifications[0m[2m:[0m \x1b[2m1970-01-01T00:00:32.996858Z\x1b[0m \x1b[32m INFO\x1b[0m \x1b[1mstdout\x1b[0m\x1b[1m{\x1b[0m\x1b[3mclient\x1b[0m\x1b[2m=\x1b[0mInnerClientId { ptr: 0x940e8650, alive: true }\x1b[1m}\x1b[0m\x1b[2m:\x1b[0m com.system76.CosmicPanelLauncherButton: \x1b[2m1970-01-01T00:00:32.995796Z\x1b[0m \x1b[33m WARN\x1b[0m \x1b[2mcosmic_text::font::system\x1b[0m\x1b[2m:\x1b[0m failed to get system locale, falling back to en-US
[2m1970-01-01T00:00:33.122454Z[0m [32m INFO[0m [1mcosmic-panel[0m[2m:[0m [2mcosmic_session::notifications[0m[2m:[0m \x1b[2m1970-01-01T00:00:33.121076Z\x1b[0m \x1b[32m INFO\x1b[0m \x1b[1mstdout\x1b[0m\x1b[1m{\x1b[0m\x1b[3mclient\x1b[0m\x1b[2m=\x1b[0mInnerClientId { ptr: 0x940e8650, alive: true }\x1b[1m}\x1b[0m\x1b[2m:\x1b[0m com.system76.CosmicPanelLauncherButton: \x1b[2m1970-01-01T00:00:33.112182Z\x1b[0m \x1b[33m WARN\x1b[0m \x1b[2mfontdb\x1b[0m\x1b[2m:\x1b[0m Fallback to loading from known font dir paths.
[2m1970-01-01T00:00:33.305336Z[0m [32m INFO[0m [1mcosmic-panel[0m[2m:[0m [2mcosmic_session::notifications[0m[2m:[0m \x1b[2m1970-01-01T00:00:33.301972Z\x1b[0m \x1b[32m INFO\x1b[0m \x1b[1mstdout\x1b[0m\x1b[1m{\x1b[0m\x1b[3mclient\x1b[0m\x1b[2m=\x1b[0mInnerClientId { ptr: 0x91cc8fe0, alive: true }\x1b[1m}\x1b[0m\x1b[2m:\x1b[0m com.system76.CosmicPanelWorkspacesButton: \x1b[2m1970-01-01T00:00:33.292406Z\x1b[0m \x1b[33m WARN\x1b[0m \x1b[2mcosmic_text::font::system\x1b[0m\x1b[2m:\x1b[0m failed to get system locale, falling back to en-US
[2m1970-01-01T00:00:33.306532Z[0m [32m INFO[0m [1mcosmic-panel[0m[2m:[0m [2mcosmic_session::notifications[0m[2m:[0m \x1b[2m1970-01-01T00:00:33.302124Z\x1b[0m \x1b[32m INFO\x1b[0m \x1b[1mstdout\x1b[0m\x1b[1m{\x1b[0m\x1b[3mclient\x1b[0m\x1b[2m=\x1b[0mInnerClientId { ptr: 0x91cc8fe0, alive: true }\x1b[1m}\x1b[0m\x1b[2m:\x1b[0m com.system76.CosmicPanelWorkspacesButton: \x1b[2m1970-01-01T00:00:33.299599Z\x1b[0m \x1b[33m WARN\x1b[0m \x1b[2mfontdb\x1b[0m\x1b[2m:\x1b[0m Fallback to loading from known font dir paths.
[2m1970-01-01T00:00:34.611276Z[0m [32m INFO[0m [1mcosmic-panel[0m[2m:[0m [2mcosmic_session::notifications[0m[2m:[0m \x1b[2m1970-01-01T00:00:34.602284Z\x1b[0m \x1b[32m INFO\x1b[0m \x1b[1megl\x1b[0m\x1b[1m{\x1b[0m\x1b[3mplatform\x1b[0m\x1b[2m=\x1b[0m"PLATFORM_WAYLAND_KHR" \x1b[3mversion\x1b[0m\x1b[2m=\x1b[0m(1, 5)\x1b[1m}\x1b[0m\x1b[2m:\x1b[0m\x1b[1megl_context\x1b[0m\x1b[1m{\x1b[0m\x1b[3mptr\x1b[0m\x1b[2m=\x1b[0m2557953680\x1b[1m}\x1b[0m\x1b[2m:\x1b[0m EGL context created \x1b[3mpriority\x1b[0m\x1b[2m=\x1b[0mNone
[2m1970-01-01T00:00:34.655015Z[0m [32m INFO[0m [1mcosmic-panel[0m[2m:[0m [2mcosmic_session::notifications[0m[2m:[0m \x1b[2m1970-01-01T00:00:34.653048Z\x1b[0m \x1b[32m INFO\x1b[0m \x1b[1megl\x1b[0m\x1b[1m{\x1b[0m\x1b[3mplatform\x1b[0m\x1b[2m=\x1b[0m"PLATFORM_WAYLAND_KHR" \x1b[3mversion\x1b[0m\x1b[2m=\x1b[0m(1, 5)\x1b[1m}\x1b[0m\x1b[2m:\x1b[0m\x1b[1megl_context\x1b[0m\x1b[1m{\x1b[0m\x1b[3mptr\x1b[0m\x1b[2m=\x1b[0m2557953680\x1b[1m}\x1b[0m\x1b[2m:\x1b[0m\x1b[1mrenderer_gles2\x1b[0m\x1b[2m:\x1b[0m Initializing OpenGL ES Renderer
[2m1970-01-01T00:00:34.656183Z[0m [32m INFO[0m [1mcosmic-panel[0m[2m:[0m [2mcosmic_session::notifications[0m[2m:[0m \x1b[2m1970-01-01T00:00:34.653281Z\x1b[0m \x1b[32m INFO\x1b[0m \x1b[1megl\x1b[0m\x1b[1m{\x1b[0m\x1b[3mplatform\x1b[0m\x1b[2m=\x1b[0m"PLATFORM_WAYLAND_KHR" \x1b[3mversion\x1b[0m\x1b[2m=\x1b[0m(1, 5)\x1b[1m}\x1b[0m\x1b[2m:\x1b[0m\x1b[1megl_context\x1b[0m\x1b[1m{\x1b[0m\x1b[3mptr\x1b[0m\x1b[2m=\x1b[0m2557953680\x1b[1m}\x1b[0m\x1b[2m:\x1b[0m\x1b[1mrenderer_gles2\x1b[0m\x1b[2m:\x1b[0m GL Version: "OpenGL ES 3.1 Mesa 25.3.6"
[2m1970-01-01T00:00:34.657013Z[0m [32m INFO[0m [1mcosmic-panel[0m[2m:[0m [2mcosmic_session::notifications[0m[2m:[0m \x1b[2m1970-01-01T00:00:34.653600Z\x1b[0m \x1b[32m INFO\x1b[0m \x1b[1megl\x1b[0m\x1b[1m{\x1b[0m\x1b[3mplatform\x1b[0m\x1b[2m=\x1b[0m"PLATFORM_WAYLAND_KHR" \x1b[3mversion\x1b[0m\x1b[2m=\x1b[0m(1, 5)\x1b[1m}\x1b[0m\x1b[2m:\x1b[0m\x1b[1megl_context\x1b[0m\x1b[1m{\x1b[0m\x1b[3mptr\x1b[0m\x1b[2m=\x1b[0m2557953680\x1b[1m}\x1b[0m\x1b[2m:\x1b[0m\x1b[1mrenderer_gles2\x1b[0m\x1b[2m:\x1b[0m GL Vendor: "Mesa"
[2m1970-01-01T00:00:34.657932Z[0m [32m INFO[0m [1mcosmic-panel[0m[2m:[0m [2mcosmic_session::notifications[0m[2m:[0m \x1b[2m1970-01-01T00:00:34.653785Z\x1b[0m \x1b[32m INFO\x1b[0m \x1b[1megl\x1b[0m\x1b[1m{\x1b[0m\x1b[3mplatform\x1b[0m\x1b[2m=\x1b[0m"PLATFORM_WAYLAND_KHR" \x1b[3mversion\x1b[0m\x1b[2m=\x1b[0m(1, 5)\x1b[1m}\x1b[0m\x1b[2m:\x1b[0m\x1b[1megl_context\x1b[0m\x1b[1m{\x1b[0m\x1b[3mptr\x1b[0m\x1b[2m=\x1b[0m2557953680\x1b[1m}\x1b[0m\x1b[2m:\x1b[0m\x1b[1mrenderer_gles2\x1b[0m\x1b[2m:\x1b[0m GL Renderer: "softpipe"
[2m1970-01-01T00:00:34.660077Z[0m [32m INFO[0m [1mcosmic-panel[0m[2m:[0m [2mcosmic_session::notifications[0m[2m:[0m \x1b[2m1970-01-01T00:00:34.653926Z\x1b[0m \x1b[32m INFO\x1b[0m \x1b[1megl\x1b[0m\x1b[1m{\x1b[0m\x1b[3mplatform\x1b[0m\x1b[2m=\x1b[0m"PLATFORM_WAYLAND_KHR" \x1b[3mversion\x1b[0m\x1b[2m=\x1b[0m(1, 5)\x1b[1m}\x1b[0m\x1b[2m:\x1b[0m\x1b[1megl_context\x1b[0m\x1b[1m{\x1b[0m\x1b[3mptr\x1b[0m\x1b[2m=\x1b[0m2557953680\x1b[1m}\x1b[0m\x1b[2m:\x1b[0m\x1b[1mrenderer_gles2\x1b[0m\x1b[2m:\x1b[0m Supported GL Extensions: ["GL_EXT_blend_minmax", "GL_EXT_multi_draw_arrays", "GL_EXT_texture_filter_anisotropic", "GL_EXT_texture_compression_s3tc", "GL_EXT_texture_compression_dxt1", "GL_EXT_texture_compression_rgtc", "GL_EXT_texture_format_BGRA8888", "GL_OES_compressed_ETC1_RGB8_texture", "GL_OES_depth24", "GL_OES_element_index_uint", "GL_OES_fbo_render_mipmap", "GL_OES_mapbuffer", "GL_OES_rgb8_rgba8", "GL_OES_standard_derivatives", "GL_OES_stencil8", "GL_OES_texture_3D", "GL_OES_texture_float", "GL_OES_texture_float_linear", "GL_OES_texture_half_float", "GL_OES_texture_half_float_linear", "GL_OES_texture_npot", "GL_OES_vertex_half_float", "GL_EXT_draw_instanced", "GL_EXT_texture_sRGB_decode", "GL_OES_EGL_image", "GL_OES_depth_texture", "GL_OES_packed_depth_stencil", "GL_EXT_texture_type_2_10_10_10_REV", "GL_NV_conditional_render", "GL_OES_get_program_binary", "GL_APPLE_texture_max_level", "GL_EXT_discard_framebuffer", "GL_EXT_read_format_bgra", "GL_EXT_texture_storage", "GL_NV_pack_subimage", "GL_EXT_frag_depth", "GL_NV_fbo_color_attachments", "GL_OES_EGL_image_external", "GL_OES_EGL_sync", "GL_OES_vertex_array_object", "GL_OES_viewport_array", "GL_ANGLE_pack_reverse_row_order", "GL_ANGLE_texture_compression_dxt3", "GL_ANGLE_texture_compression_dxt5", "GL_EXT_occlusion_query_boolean", "GL_EXT_sRGB", "GL_EXT_texture_rg", "GL_EXT_unpack_subimage", "GL_NV_draw_buffers", "GL_NV_read_buffer", "GL_NV_read_depth", "GL_NV_read_depth_stencil", "GL_NV_read_stencil", "GL_APPLE_sync", "GL_EXT_draw_buffers", "GL_EXT_instanced_arrays", "GL_EXT_map_buffer_range", "GL_EXT_shadow_samplers", "GL_KHR_debug", "GL_KHR_texture_compression_astc_ldr", "GL_NV_generate_mipmap_sRGB", "GL_NV_pixel_buffer_object", "GL_OES_depth_texture_cube_map", "GL_OES_required_internalformat", "GL_OES_surfaceless_context", "GL_EXT_color_buffer_float", "GL_EXT_debug_label", "GL_EXT_sRGB_write_control", "GL_EXT_separate_shader_objects", "GL_EXT_shader_implicit_conversions", "GL_EXT_shader_integer_mix", "GL_EXT_base_instance", "GL_EXT_compressed_ETC1_RGB8_sub_texture", "GL_EXT_copy_image", "GL_EXT_draw_buffers_indexed", "GL_EXT_draw_elements_base_vertex", "GL_EXT_gpu_shader5", "GL_EXT_multi_draw_indirect", "GL_EXT_primitive_bounding_box", "GL_EXT_render_snorm", "GL_EXT_shader_io_blocks", "GL_EXT_texture_border_clamp", "GL_EXT_texture_buffer", "GL_EXT_texture_cube_map_array", "GL_EXT_texture_norm16", "GL_EXT_texture_view", "GL_KHR_context_flush_control", "GL_NV_image_formats", "GL_NV_shader_noperspective_interpolation", "GL_OES_copy_image", "GL_OES_draw_buffers_indexed", "GL_OES_draw_elements_base_vertex", "GL_OES_gpu_shader5", "GL_OES_primitive_bounding_box", "GL_OES_shader_io_blocks", "GL_OES_texture_border_clamp", "GL_OES_texture_buffer", "GL_OES_texture_cube_map_array", "GL_OES_texture_stencil8", "GL_OES_texture_storage_multisample_2d_array", "GL_OES_texture_view", "GL_EXT_blend_func_extended", "GL_EXT_buffer_storage", "GL_EXT_float_blend", "GL_EXT_geometry_point_size", "GL_EXT_geometry_shader", "GL_EXT_texture_sRGB_R8", "GL_EXT_texture_sRGB_RG8", "GL_KHR_no_error", "GL_KHR_texture_compression_astc_sliced_3d", "GL_OES_EGL_image_external_essl3", "GL_OES_geometry_point_size", "GL_OES_geometry_shader", "GL_OES_shader_image_atomic", "GL_EXT_clear_texture", "GL_EXT_clip_cull_distance", "GL_EXT_conservative_depth", "GL_EXT_disjoint_timer_query", "GL_EXT_texture_compression_s3tc_srgb", "GL_MESA_shader_integer_functions", "GL_EXT_clip_control", "GL_EXT_color_buffer_half_float", "GL_EXT_texture_compression_bptc", "GL_EXT_texture_mirror_clamp_to_edge", "GL_KHR_parallel_shader_compile", "GL_EXT_EGL_image_storage", "GL_MESA_framebuffer_flip_y", "GL_EXT_depth_clamp", "GL_EXT_texture_query_lod", "GL_MESA_sampler_objects", "GL_EXT_EGL_image_storage_compression", "GL_EXT_texture_storage_compression", "GL_MESA_bgra", ""]
[2m1970-01-01T00:00:35.585476Z[0m [32m INFO[0m [1mcosmic-panel[0m[2m:[0m [2mcosmic_session::notifications[0m[2m:[0m \x1b[2m1970-01-01T00:00:35.583550Z\x1b[0m \x1b[32m INFO\x1b[0m Scale factor changed 1 for as surface in space "Dock" on HDMI-A-1
[2m1970-01-01T00:00:35.586336Z[0m [32m INFO[0m [1mcosmic-panel[0m[2m:[0m [2mcosmic_session::notifications[0m[2m:[0m \x1b[2m1970-01-01T00:00:35.585461Z\x1b[0m \x1b[32m INFO\x1b[0m \x1b[1megl\x1b[0m\x1b[1m{\x1b[0m\x1b[3mplatform\x1b[0m\x1b[2m=\x1b[0m"PLATFORM_WAYLAND_KHR" \x1b[3mversion\x1b[0m\x1b[2m=\x1b[0m(1, 5)\x1b[1m}\x1b[0m\x1b[2m:\x1b[0m\x1b[1megl_context\x1b[0m\x1b[2m:\x1b[0m Selected color format: PixelFormat { hardware_accelerated: true, color_bits: 24, alpha_bits: 8, depth_bits: 24, stencil_bits: 8, stereoscopy: false, multisampling: None, srgb: false }
[2m1970-01-01T00:00:36.151206Z[0m [32m INFO[0m [1mcosmic-panel[0m[2m:[0m [2mcosmic_session::notifications[0m[2m:[0m \x1b[2m1970-01-01T00:00:36.149770Z\x1b[0m \x1b[32m INFO\x1b[0m \x1b[1megl\x1b[0m\x1b[1m{\x1b[0m\x1b[3mplatform\x1b[0m\x1b[2m=\x1b[0m"PLATFORM_WAYLAND_KHR" \x1b[3mversion\x1b[0m\x1b[2m=\x1b[0m(1, 5)\x1b[1m}\x1b[0m\x1b[2m:\x1b[0m\x1b[1megl_context\x1b[0m\x1b[1m{\x1b[0m\x1b[3mptr\x1b[0m\x1b[2m=\x1b[0m2538245360\x1b[1m}\x1b[0m\x1b[2m:\x1b[0m EGL context created \x1b[3mpriority\x1b[0m\x1b[2m=\x1b[0mNone
[2m1970-01-01T00:00:36.219635Z[0m [33m WARN[0m [1mcosmic-files-applet[0m[2m:[0m [2mcosmic_session[0m[2m:[0m   \x1b[33m WARN\x1b[0m  \x1b[33mNo valid locale found in environment, using fallback\x1b[0m
[2m1970-01-01T00:00:36.219973Z[0m [33m WARN[0m [1mcosmic-files-applet[0m[2m:[0m [2mcosmic_session[0m[2m:[0m     \x1b[2;3mat\x1b[0m src/localize.rs:69 \x1b[2;3mon\x1b[0m main
[2m1970-01-01T00:00:36.220252Z[0m [33m WARN[0m [1mcosmic-files-applet[0m[2m:[0m [2mcosmic_session[0m[2m:[0m 
[2m1970-01-01T00:00:36.232782Z[0m [33m WARN[0m [1mcosmic-files-applet[0m[2m:[0m [2mcosmic_session[0m[2m:[0m   \x1b[32m INFO\x1b[0m  \x1b[32mrescan_tab Entity(1v1) Desktop("/root/Desktop", "", DesktopConfig { grid_spacing: 100, icon_size: 100, show_content: true, show_mounted_drives: false, show_trash: false }) None\x1b[0m
[2m1970-01-01T00:00:36.233258Z[0m [33m WARN[0m [1mcosmic-files-applet[0m[2m:[0m [2mcosmic_session[0m[2m:[0m     \x1b[2;3mat\x1b[0m src/app.rs:1512 \x1b[2;3mon\x1b[0m main
[2m1970-01-01T00:00:36.233519Z[0m [33m WARN[0m [1mcosmic-files-applet[0m[2m:[0m [2mcosmic_session[0m[2m:[0m 
[2m1970-01-01T00:00:36.320645Z[0m [33m WARN[0m [1mcosmic-files-applet[0m[2m:[0m [2mcosmic_session[0m[2m:[0m   \x1b[32m INFO\x1b[0m  \x1b[32mSystem theme: None\x1b[0m
[2m1970-01-01T00:00:36.320959Z[0m [33m WARN[0m [1mcosmic-files-applet[0m[2m:[0m [2mcosmic_session[0m[2m:[0m     \x1b[2;3mat\x1b[0m /Users/forain/.cargo/git/checkouts/libcosmic-41009aea1d72760b/96a8204/iced/winit/src/lib.rs:843 \x1b[2;3mon\x1b[0m main
[2m1970-01-01T00:00:36.321344Z[0m [33m WARN[0m [1mcosmic-files-applet[0m[2m:[0m [2mcosmic_session[0m[2m:[0m 
[2m1970-01-01T00:00:36.432675Z[0m [33m WARN[0m [1mcosmic-files-applet[0m[2m:[0m [2mcosmic_session[0m[2m:[0m   \x1b[32m INFO\x1b[0m  \x1b[32mSCTK setup complete.\x1b[0m
[2m1970-01-01T00:00:36.432882Z[0m [33m WARN[0m [1mcosmic-files-applet[0m[2m:[0m [2mcosmic_session[0m[2m:[0m     \x1b[2;3mat\x1b[0m /Users/forain/.cargo/git/checkouts/libcosmic-41009aea1d72760b/96a8204/iced/winit/src/platform_specific/wayland/event_loop/mod.rs:465 \x1b[2;3mon\x1b[0m 
[2m1970-01-01T00:00:36.433092Z[0m [33m WARN[0m [1mcosmic-files-applet[0m[2m:[0m [2mcosmic_session[0m[2m:[0m 
[2m1970-01-01T00:00:36.453803Z[0m [33m WARN[0m [1mcosmic-files-applet[0m[2m:[0m [2mcosmic_session[0m[2m:[0m xkbcommon: ERROR: couldn't find a Compose file for locale "C" (mapped to "C")
[2m1970-01-01T00:00:36.453971Z[0m [33m WARN[0m [1mcosmic-files-applet[0m[2m:[0m [2mcosmic_session[0m[2m:[0m xkbcommon: ERROR: couldn't find a Compose file for locale "C" (mapped to "C")
[2m1970-01-01T00:00:37.033057Z[0m [32m INFO[0m [1mcosmic-panel[0m[2m:[0m [2mcosmic_session::notifications[0m[2m:[0m \x1b[2m1970-01-01T00:00:37.028092Z\x1b[0m \x1b[32m INFO\x1b[0m Cell { value: None }
[2m1970-01-01T00:00:37.033453Z[0m [32m INFO[0m [1mcosmic-panel[0m[2m:[0m [2mcosmic_session::notifications[0m[2m:[0m \x1b[2m1970-01-01T00:00:37.028457Z\x1b[0m \x1b[32m INFO\x1b[0m Cell { value: None }
[2m1970-01-01T00:00:37.090489Z[0m [32m INFO[0m [1mcosmic-panel[0m[2m:[0m [2mcosmic_session::notifications[0m[2m:[0m \x1b[2m1970-01-01T00:00:37.089999Z\x1b[0m \x1b[31mERROR\x1b[0m \x1b[1mstderr\x1b[0m\x1b[1m{\x1b[0m\x1b[3mclient\x1b[0m\x1b[2m=\x1b[0mInnerClientId { ptr: 0x91cc92b0, alive: true }\x1b[1m}\x1b[0m\x1b[2m:\x1b[0m com.system76.CosmicAppletTime: leandros-applet: entering event loop
[2m1970-01-01T00:00:37.091108Z[0m [32m INFO[0m [1mcosmic-panel[0m[2m:[0m [2mcosmic_session::notifications[0m[2m:[0m \x1b[2m1970-01-01T00:00:37.089999Z\x1b[0m \x1b[31mERROR\x1b[0m \x1b[1mstderr\x1b[0m\x1b[1m{\x1b[0m\x1b[3mclient\x1b[0m\x1b[2m=\x1b[0mInnerClientId { ptr: 0x91cc92b0, alive: true }\x1b[1m}\x1b[0m\x1b[2m:\x1b[0m com.system76.CosmicAppletTime: leandros-applet: tick: 1000ms
[2m1970-01-01T00:00:37.118759Z[0m [32m INFO[0m [1mcosmic-panel[0m[2m:[0m [2mcosmic_session::notifications[0m[2m:[0m \x1b[2m1970-01-01T00:00:37.113959Z\x1b[0m \x1b[32m INFO\x1b[0m Requires relayout: resizing list
[2m1970-01-01T00:00:37.119002Z[0m [32m INFO[0m [1mcosmic-panel[0m[2m:[0m [2mcosmic_session::notifications[0m[2m:[0m 
[2m1970-01-01T00:00:37.119146Z[0m [32m INFO[0m [1mcosmic-panel[0m[2m:[0m [2mcosmic_session::notifications[0m[2m:[0m Stack backtrace:
[2m1970-01-01T00:00:37.119381Z[0m [32m INFO[0m [1mcosmic-panel[0m[2m:[0m [2mcosmic_session::notifications[0m[2m:[0m    0: <unknown>
[2m1970-01-01T00:00:37.120143Z[0m [32m INFO[0m [1mcosmic-panel[0m[2m:[0m [2mcosmic_session::notifications[0m[2m:[0m    1: <unknown>
[2m1970-01-01T00:00:37.120257Z[0m [32m INFO[0m [1mcosmic-panel[0m[2m:[0m [2mcosmic_session::notifications[0m[2m:[0m    2: <unknown>
[2m1970-01-01T00:00:37.120395Z[0m [32m INFO[0m [1mcosmic-panel[0m[2m:[0m [2mcosmic_session::notifications[0m[2m:[0m    3: <unknown>
[2m1970-01-01T00:00:37.120539Z[0m [32m INFO[0m [1mcosmic-panel[0m[2m:[0m [2mcosmic_session::notifications[0m[2m:[0m    4: <unknown>
[2m1970-01-01T00:00:37.120658Z[0m [32m INFO[0m [1mcosmic-panel[0m[2m:[0m [2mcosmic_session::notifications[0m[2m:[0m    5: <unknown>
[2m1970-01-01T00:00:37.120820Z[0m [32m INFO[0m [1mcosmic-panel[0m[2m:[0m [2mcosmic_session::notifications[0m[2m:[0m    6: <unknown>
[2m1970-01-01T00:00:37.120943Z[0m [32m INFO[0m [1mcosmic-panel[0m[2m:[0m [2mcosmic_session::notifications[0m[2m:[0m    7: <unknown>
[2m1970-01-01T00:00:37.160641Z[0m [32m INFO[0m [1mcosmic-panel[0m[2m:[0m [2mcosmic_session::notifications[0m[2m:[0m \x1b[2m1970-01-01T00:00:37.158725Z\x1b[0m \x1b[32m INFO\x1b[0m Cell { value: None }
[2m1970-01-01T00:00:37.273798Z[0m [32m INFO[0m [1mcosmic-panel[0m[2m:[0m [2mcosmic_session::notifications[0m[2m:[0m \x1b[2m1970-01-01T00:00:37.271003Z\x1b[0m \x1b[31mERROR\x1b[0m \x1b[1mstderr\x1b[0m\x1b[1m{\x1b[0m\x1b[3mclient\x1b[0m\x1b[2m=\x1b[0mInnerClientId { ptr: 0x91cc92b0, alive: true }\x1b[1m}\x1b[0m\x1b[2m:\x1b[0m com.system76.CosmicAppletTime: leandros-applet: committed 220x32 clock
[2m1970-01-01T00:00:37.299335Z[0m [32m INFO[0m [1mcosmic-panel[0m[2m:[0m [2mcosmic_session::notifications[0m[2m:[0m \x1b[2m1970-01-01T00:00:37.294513Z\x1b[0m \x1b[31mERROR\x1b[0m \x1b[1mstderr\x1b[0m\x1b[1m{\x1b[0m\x1b[3mclient\x1b[0m\x1b[2m=\x1b[0mInnerClientId { ptr: 0x91cc90d0, alive: true }\x1b[1m}\x1b[0m\x1b[2m:\x1b[0m com.system76.CosmicPanelAppButton: xkbcommon: ERROR: couldn't find a Compose file for locale "C" (mapped to "C")
[2m1970-01-01T00:00:37.299999Z[0m [32m INFO[0m [1mcosmic-panel[0m[2m:[0m [2mcosmic_session::notifications[0m[2m:[0m \x1b[2m1970-01-01T00:00:37.299999Z\x1b[0m \x1b[31mERROR\x1b[0m \x1b[1mstderr\x1b[0m\x1b[1m{\x1b[0m\x1b[3mclient\x1b[0m\x1b[2m=\x1b[0mInnerClientId { ptr: 0x91cc8fe0, alive: true }\x1b[1m}\x1b[0m\x1b[2m:\x1b[0m com.system76.CosmicPanelWorkspacesButton: xkbcommon: ERROR: couldn't find a Compose file for locale "C" (mapped to "C")
[2m1970-01-01T00:00:37.299999Z[0m [32m INFO[0m [1mcosmic-panel[0m[2m:[0m [2mcosmic_session::notifications[0m[2m:[0m \x1b[2m1970-01-01T00:00:37.299999Z\x1b[0m \x1b[31mERROR\x1b[0m \x1b[1mstderr\x1b[0m\x1b[1m{\x1b[0m\x1b[3mclient\x1b[0m\x1b[2m=\x1b[0mInnerClientId { ptr: 0x96756200, alive: true }\x1b[1m}\x1b[0m\x1b[2m:\x1b[0m com.system76.CosmicAppletMinimize: xkbcommon: ERROR: couldn't find a Compose file for locale "C" (mapped to "C")
[2m1970-01-01T00:00:37.299999Z[0m [32m INFO[0m [1mcosmic-panel[0m[2m:[0m [2mcosmic_session::notifications[0m[2m:[0m \x1b[2m1970-01-01T00:00:37.299999Z\x1b[0m \x1b[31mERROR\x1b[0m \x1b[1mstderr\x1b[0m\x1b[1m{\x1b[0m\x1b[3mclient\x1b[0m\x1b[2m=\x1b[0mInnerClientId { ptr: 0x91cc9e80, alive: true }\x1b[1m}\x1b[0m\x1b[2m:\x1b[0m com.system76.CosmicAppletTiling: xkbcommon: ERROR: couldn't find a Compose file for locale "C" (mapped to "C")
[2m1970-01-01T00:00:37.475198Z[0m [32m INFO[0m [1mcosmic-panel[0m[2m:[0m [2mcosmic_session::notifications[0m[2m:[0m \x1b[2m1970-01-01T00:00:37.473134Z\x1b[0m \x1b[31mERROR\x1b[0m \x1b[1mstderr\x1b[0m\x1b[1m{\x1b[0m\x1b[3mclient\x1b[0m\x1b[2m=\x1b[0mInnerClientId { ptr: 0x940e8290, alive: true }\x1b[1m}\x1b[0m\x1b[2m:\x1b[0m com.system76.CosmicPanelWorkspacesButton: xkbcommon: ERROR: couldn't find a Compose file for locale "C" (mapped to "C")
[2m1970-01-01T00:00:37.516104Z[0m [33m WARN[0m [1mcosmic-idle[0m[2m:[0m [2mcosmic_session[0m[2m:[0m [1970-01-01T00:00:37Z INFO  tracing::span] read_socket;
[2m1970-01-01T00:00:37.564321Z[0m [32m INFO[0m [1mcosmic-panel[0m[2m:[0m [2mcosmic_session::notifications[0m[2m:[0m \x1b[2m1970-01-01T00:00:37.561747Z\x1b[0m \x1b[32m INFO\x1b[0m \x1b[1mstdout\x1b[0m\x1b[1m{\x1b[0m\x1b[3mclient\x1b[0m\x1b[2m=\x1b[0mInnerClientId { ptr: 0x91cc8fe0, alive: true }\x1b[1m}\x1b[0m\x1b[2m:\x1b[0m com.system76.CosmicPanelWorkspacesButton: \x1b[2m1970-01-01T00:00:37.557282Z\x1b[0m \x1b[32m INFO\x1b[0m \x1b[2miced_winit\x1b[0m\x1b[2m:\x1b[0m System theme: None
[2m1970-01-01T00:00:37.587268Z[0m [32m INFO[0m [1mcosmic-panel[0m[2m:[0m [2mcosmic_session::notifications[0m[2m:[0m \x1b[2m1970-01-01T00:00:37.579544Z\x1b[0m \x1b[32m INFO\x1b[0m \x1b[1mstdout\x1b[0m\x1b[1m{\x1b[0m\x1b[3mclient\x1b[0m\x1b[2m=\x1b[0mInnerClientId { ptr: 0x91cc8fe0, alive: true }\x1b[1m}\x1b[0m\x1b[2m:\x1b[0m com.system76.CosmicPanelWorkspacesButton: \x1b[2m1970-01-01T00:00:37.573225Z\x1b[0m \x1b[32m INFO\x1b[0m \x1b[2miced_winit\x1b[0m\x1b[2m:\x1b[0m Window attributes for id `Id(
[2m1970-01-01T00:00:37.587992Z[0m [32m INFO[0m [1mcosmic-panel[0m[2m:[0m [2mcosmic_session::notifications[0m[2m:[0m \x1b[2m1970-01-01T00:00:37.579663Z\x1b[0m \x1b[32m INFO\x1b[0m \x1b[1mstdout\x1b[0m\x1b[1m{\x1b[0m\x1b[3mclient\x1b[0m\x1b[2m=\x1b[0mInnerClientId { ptr: 0x91cc8fe0, alive: true }\x1b[1m}\x1b[0m\x1b[2m:\x1b[0m com.system76.CosmicPanelWorkspacesButton:     1,
[2m1970-01-01T00:00:37.588563Z[0m [32m INFO[0m [1mcosmic-panel[0m[2m:[0m [2mcosmic_session::notifications[0m[2m:[0m \x1b[2m1970-01-01T00:00:37.579781Z\x1b[0m \x1b[32m INFO\x1b[0m \x1b[1mstdout\x1b[0m\x1b[1m{\x1b[0m\x1b[3mclient\x1b[0m\x1b[2m=\x1b[0mInnerClientId { ptr: 0x91cc8fe0, alive: true }\x1b[1m}\x1b[0m\x1b[2m:\x1b[0m com.system76.CosmicPanelWorkspacesButton: )`: WindowAttributes {
[2m1970-01-01T00:00:37.589145Z[0m [32m INFO[0m [1mcosmic-panel[0m[2m:[0m [2mcosmic_session::notifications[0m[2m:[0m \x1b[2m1970-01-01T00:00:37.582166Z\x1b[0m \x1b[32m INFO\x1b[0m \x1b[1mstdout\x1b[0m\x1b[1m{\x1b[0m\x1b[3mclient\x1b[0m\x1b[2m=\x1b[0mInnerClientId { ptr: 0x91cc8fe0, alive: true }\x1b[1m}\x1b[0m\x1b[2m:\x1b[0m com.system76.CosmicPanelWorkspacesButton:     surface_size: Some(
[2m1970-01-01T00:00:37.589710Z[0m [32m INFO[0m [1mcosmic-panel[0m[2m:[0m [2mcosmic_session::notifications[0m[2m:[0m \x1b[2m1970-01-01T00:00:37.582266Z\x1b[0m \x1b[32m INFO\x1b[0m \x1b[1mstdout\x1b[0m\x1b[1m{\x1b[0m\x1b[3mclient\x1b[0m\x1b[2m=\x1b[0mInnerClientId { ptr: 0x91cc8fe0, alive: true }\x1b[1m}\x1b[0m\x1b[2m:\x1b[0m com.system76.CosmicPanelWorkspacesButton:         Logical(
[2m1970-01-01T00:00:37.589999Z[0m [32m INFO[0m [1mcosmic-panel[0m[2m:[0m [2mcosmic_session::notifications[0m[2m:[0m \x1b[2m1970-01-01T00:00:37.582355Z\x1b[0m \x1b[32m INFO\x1b[0m \x1b[1mstdout\x1b[0m\x1b[1m{\x1b[0m\x1b[3mclient\x1b[0m\x1b[2m=\x1b[0mInnerClientId { ptr: 0x91cc8fe0, alive: true }\x1b[1m}\x1b[0m\x1b[2m:\x1b[0m com.system76.CosmicPanelWorkspacesButton:             LogicalSize {
[2m1970-01-01T00:00:37.589999Z[0m [32m INFO[0m [1mcosmic-panel[0m[2m:[0m [2mcosmic_session::notifications[0m[2m:[0m \x1b[2m1970-01-01T00:00:37.582406Z\x1b[0m \x1b[32m INFO\x1b[0m \x1b[1mstdout\x1b[0m\x1b[1m{\x1b[0m\x1b[3mclient\x1b[0m\x1b[2m=\x1b[0mInnerClientId { ptr: 0x91cc8fe0, alive: true }\x1b[1m}\x1b[0m\x1b[2m:\x1b[0m com.system76.CosmicPanelWorkspacesButton:                 width: 40.0,
[2m1970-01-01T00:00:37.589999Z[0m [32m INFO[0m [1mcosmic-panel[0m[2m:[0m [2mcosmic_session::notifications[0m[2m:[0m \x1b[2m1970-01-01T00:00:37.582453Z\x1b[0m \x1b[32m INFO\x1b[0m \x1b[1mstdout\x1b[0m\x1b[1m{\x1b[0m\x1b[3mclient\x1b[0m\x1b[2m=\x1b[0mInnerClientId { ptr: 0x91cc8fe0, alive: true }\x1b[1m}\x1b[0m\x1b[2m:\x1b[0m com.system76.CosmicPanelWorkspacesButton:                 height: 32.0,
[2m1970-01-01T00:00:37.589999Z[0m [32m INFO[0m [1mcosmic-panel[0m[2m:[0m [2mcosmic_session::notifications[0m[2m:[0m \x1b[2m1970-01-01T00:00:37.582532Z\x1b[0m \x1b[32m INFO\x1b[0m \x1b[1mstdout\x1b[0m\x1b[1m{\x1b[0m\x1b[3mclient\x1b[0m\x1b[2m=\x1b[0mInnerClientId { ptr: 0x91cc8fe0, alive: true }\x1b[1m}\x1b[0m\x1b[2m:\x1b[0m com.system76.CosmicPanelWorkspacesButton:             },
[2m1970-01-01T00:00:37.589999Z[0m [32m INFO[0m [1mcosmic-panel[0m[2m:[0m [2mcosmic_session::notifications[0m[2m:[0m \x1b[2m1970-01-01T00:00:37.582593Z\x1b[0m \x1b[32m INFO\x1b[0m \x1b[1mstdout\x1b[0m\x1b[1m{\x1b[0m\x1b[3mclient\x1b[0m\x1b[2m=\x1b[0mInnerClientId { ptr: 0x91cc8fe0, alive: true }\x1b[1m}\x1b[0m\x1b[2m:\x1b[0m com.system76.CosmicPanelWorkspacesButton:         ),
[2m1970-01-01T00:00:37.589999Z[0m [32m INFO[0m [1mcosmic-panel[0m[2m:[0m [2mcosmic_session::notifications[0m[2m:[0m \x1b[2m1970-01-01T00:00:37.582652Z\x1b[0m \x1b[32m INFO\x1b[0m \x1b[1mstdout\x1b[0m\x1b[1m{\x1b[0m\x1b[3mclient\x1b[0m\x1b[2m=\x1b[0mInnerClientId { ptr: 0x91cc8fe0, alive: true }\x1b[1m}\x1b[0m\x1b[2m:\x1b[0m com.system76.CosmicPanelWorkspacesButton:     ),
[2m1970-01-01T00:00:37.589999Z[0m [32m INFO[0m [1mcosmic-panel[0m[2m:[0m [2mcosmic_session::notifications[0m[2m:[0m \x1b[2m1970-01-01T00:00:37.582722Z\x1b[0m \x1b[32m INFO\x1b[0m \x1b[1mstdout\x1b[0m\x1b[1m{\x1b[0m\x1b[3mclient\x1b[0m\x1b[2m=\x1b[0mInnerClientId { ptr: 0x91cc8fe0, alive: true }\x1b[1m}\x1b[0m\x1b[2m:\x1b[0m com.system76.CosmicPanelWorkspacesButton:     min_surface_size: Some(
[2m1970-01-01T00:00:37.590063Z[0m [32m INFO[0m [1mcosmic-panel[0m[2m:[0m [2mcosmic_session::notifications[0m[2m:[0m \x1b[2m1970-01-01T00:00:37.582780Z\x1b[0m \x1b[32m INFO\x1b[0m \x1b[1mstdout\x1b[0m\x1b[1m{\x1b[0m\x1b[3mclient\x1b[0m\x1b[2m=\x1b[0mInnerClientId { ptr: 0x91cc8fe0, alive: true }\x1b[1m}\x1b[0m\x1b[2m:\x1b[0m com.system76.CosmicPanelWorkspacesButton:         Logical(
[2m1970-01-01T00:00:37.590478Z[0m [32m INFO[0m [1mcosmic-panel[0m[2m:[0m [2mcosmic_session::notifications[0m[2m:[0m \x1b[2m1970-01-01T00:00:37.582829Z\x1b[0m \x1b[32m INFO\x1b[0m \x1b[1mstdout\x1b[0m\x1b[1m{\x1b[0m\x1b[3mclient\x1b[0m\x1b[2m=\x1b[0mInnerClientId { ptr: 0x91cc8fe0, alive: true }\x1b[1m}\x1b[0m\x1b[2m:\x1b[0m com.system76.CosmicPanelWorkspacesButton:             LogicalSize {
[2m1970-01-01T00:00:37.590744Z[0m [32m INFO[0m [1mcosmic-panel[0m[2m:[0m [2mcosmic_session::notifications[0m[2m:[0m \x1b[2m1970-01-01T00:00:37.582871Z\x1b[0m \x1b[32m INFO\x1b[0m \x1b[1mstdout\x1b[0m\x1b[1m{\x1b[0m\x1b[3mclient\x1b[0m\x1b[2m=\x1b[0mInnerClientId { ptr: 0x91cc8fe0, alive: true }\x1b[1m}\x1b[0m\x1b[2m:\x1b[0m com.system76.CosmicPanelWorkspacesButton:                 width: 40.0,
[2m1970-01-01T00:00:37.591019Z[0m [32m INFO[0m [1mcosmic-panel[0m[2m:[0m [2mcosmic_session::notifications[0m[2m:[0m \x1b[2m1970-01-01T00:00:37.582940Z\x1b[0m \x1b[32m INFO\x1b[0m \x1b[1mstdout\x1b[0m\x1b[1m{\x1b[0m\x1b[3mclient\x1b[0m\x1b[2m=\x1b[0mInnerClientId { ptr: 0x91cc8fe0, alive: true }\x1b[1m}\x1b[0m\x1b[2m:\x1b[0m com.system76.CosmicPanelWorkspacesButton:                 height: 32.0,
[2m1970-01-01T00:00:37.591370Z[0m [32m INFO[0m [1mcosmic-panel[0m[2m:[0m [2mcosmic_session::notifications[0m[2m:[0m \x1b[2m1970-01-01T00:00:37.582982Z\x1b[0m \x1b[32m INFO\x1b[0m \x1b[1mstdout\x1b[0m\x1b[1m{\x1b[0m\x1b[3mclient\x1b[0m\x1b[2m=\x1b[0mInnerClientId { ptr: 0x91cc8fe0, alive: true }\x1b[1m}\x1b[0m\x1b[2m:\x1b[0m com.system76.CosmicPanelWorkspacesButton:             },
[2m1970-01-01T00:00:37.592445Z[0m [32m INFO[0m [1mcosmic-panel[0m[2m:[0m [2mcosmic_session::notifications[0m[2m:[0m \x1b[2m1970-01-01T00:00:37.583058Z\x1b[0m \x1b[32m INFO\x1b[0m \x1b[1mstdout\x1b[0m\x1b[1m{\x1b[0m\x1b[3mclient\x1b[0m\x1b[2m=\x1b[0mInnerClientId { ptr: 0x91cc8fe0, alive: true }\x1b[1m}\x1b[0m\x1b[2m:\x1b[0m com.system76.CosmicPanelWorkspacesButton:         ),
[2m1970-01-01T00:00:37.593112Z[0m [32m INFO[0m [1mcosmic-panel[0m[2m:[0m [2mcosmic_session::notifications[0m[2m:[0m \x1b[2m1970-01-01T00:00:37.583100Z\x1b[0m \x1b[32m INFO\x1b[0m \x1b[1mstdout\x1b[0m\x1b[1m{\x1b[0m\x1b[3mclient\x1b[0m\x1b[2m=\x1b[0mInnerClientId { ptr: 0x91cc8fe0, alive: true }\x1b[1m}\x1b[0m\x1b[2m:\x1b[0m com.system76.CosmicPanelWorkspacesButton:     ),
[2m1970-01-01T00:00:37.593635Z[0m [32m INFO[0m [1mcosmic-panel[0m[2m:[0m [2mcosmic_session::notifications[0m[2m:[0m \x1b[2m1970-01-01T00:00:37.583192Z\x1b[0m \x1b[32m INFO\x1b[0m \x1b[1mstdout\x1b[0m\x1b[1m{\x1b[0m\x1b[3mclient\x1b[0m\x1b[2m=\x1b[0mInnerClientId { ptr: 0x91cc8fe0, alive: true }\x1b[1m}\x1b[0m\x1b[2m:\x1b[0m com.system76.CosmicPanelWorkspacesButton:     max_surface_size: None,
[2m1970-01-01T00:00:37.594340Z[0m [32m INFO[0m [1mcosmic-panel[0m[2m:[0m [2mcosmic_session::notifications[0m[2m:[0m \x1b[2m1970-01-01T00:00:37.583254Z\x1b[0m \x1b[32m INFO\x1b[0m \x1b[1mstdout\x1b[0m\x1b[1m{\x1b[0m\x1b[3mclient\x1b[0m\x1b[2m=\x1b[0mInnerClientId { ptr: 0x91cc8fe0, alive: true }\x1b[1m}\x1b[0m\x1b[2m:\x1b[0m com.system76.CosmicPanelWorkspacesButton:     surface_resize_increments: None,
[2m1970-01-01T00:00:37.594824Z[0m [32m INFO[0m [1mcosmic-panel[0m[2m:[0m [2mcosmic_session::notifications[0m[2m:[0m \x1b[2m1970-01-01T00:00:37.583355Z\x1b[0m \x1b[32m INFO\x1b[0m \x1b[1mstdout\x1b[0m\x1b[1m{\x1b[0m\x1b[3mclient\x1b[0m\x1b[2m=\x1b[0mInnerClientId { ptr: 0x91cc8fe0, alive: true }\x1b[1m}\x1b[0m\x1b[2m:\x1b[0m com.system76.CosmicPanelWorkspacesButton:     position: None,
[2m1970-01-01T00:00:37.595269Z[0m [32m INFO[0m [1mcosmic-panel[0m[2m:[0m [2mcosmic_session::notifications[0m[2m:[0m \x1b[2m1970-01-01T00:00:37.583420Z\x1b[0m \x1b[32m INFO\x1b[0m \x1b[1mstdout\x1b[0m\x1b[1m{\x1b[0m\x1b[3mclient\x1b[0m\x1b[2m=\x1b[0mInnerClientId { ptr: 0x91cc8fe0, alive: true }\x1b[1m}\x1b[0m\x1b[2m:\x1b[0m com.system76.CosmicPanelWorkspacesButton:     resizable: false,
[2m1970-01-01T00:00:37.595677Z[0m [32m INFO[0m [1mcosmic-panel[0m[2m:[0m [2mcosmic_session::notifications[0m[2m:[0m \x1b[2m1970-01-01T00:00:37.583485Z\x1b[0m \x1b[32m INFO\x1b[0m \x1b[1mstdout\x1b[0m\x1b[1m{\x1b[0m\x1b[3mclient\x1b[0m\x1b[2m=\x1b[0mInnerClientId { ptr: 0x91cc8fe0, alive: true }\x1b[1m}\x1b[0m\x1b[2m:\x1b[0m com.system76.CosmicPanelWorkspacesButton:     enabled_buttons: WindowButtons(
[2m1970-01-01T00:00:37.596177Z[0m [32m INFO[0m [1mcosmic-panel[0m[2m:[0m [2mcosmic_session::notifications[0m[2m:[0m \x1b[2m1970-01-01T00:00:37.583566Z\x1b[0m \x1b[32m INFO\x1b[0m \x1b[1mstdout\x1b[0m\x1b[1m{\x1b[0m\x1b[3mclient\x1b[0m\x1b[2m=\x1b[0mInnerClientId { ptr: 0x91cc8fe0, alive: true }\x1b[1m}\x1b[0m\x1b[2m:\x1b[0m com.system76.CosmicPanelWorkspacesButton:         CLOSE | MINIMIZE,
[2m1970-01-01T00:00:37.602903Z[0m [32m INFO[0m [1mcosmic-panel[0m[2m:[0m [2mcosmic_session::notifications[0m[2m:[0m \x1b[2m1970-01-01T00:00:37.583621Z\x1b[0m \x1b[32m INFO\x1b[0m \x1b[1mstdout\x1b[0m\x1b[1m{\x1b[0m\x1b[3mclient\x1b[0m\x1b[2m=\x1b[0mInnerClientId { ptr: 0x91cc8fe0, alive: true }\x1b[1m}\x1b[0m\x1b[2m:\x1b[0m com.system76.CosmicPanelWorkspacesButton:     ),
[2m1970-01-01T00:00:37.603432Z[0m [32m INFO[0m [1mcosmic-panel[0m[2m:[0m [2mcosmic_session::notifications[0m[2m:[0m \x1b[2m1970-01-01T00:00:37.583706Z\x1b[0m \x1b[32m INFO\x1b[0m \x1b[1mstdout\x1b[0m\x1b[1m{\x1b[0m\x1b[3mclient\x1b[0m\x1b[2m=\x1b[0mInnerClientId { ptr: 0x91cc8fe0, alive: true }\x1b[1m}\x1b[0m\x1b[2m:\x1b[0m com.system76.CosmicPanelWorkspacesButton:     title: "Cosmic - Iced",
[2m1970-01-01T00:00:37.604006Z[0m [32m INFO[0m [1mcosmic-panel[0m[2m:[0m [2mcosmic_session::notifications[0m[2m:[0m \x1b[2m1970-01-01T00:00:37.583803Z\x1b[0m \x1b[32m INFO\x1b[0m \x1b[1mstdout\x1b[0m\x1b[1m{\x1b[0m\x1b[3mclient\x1b[0m\x1b[2m=\x1b[0mInnerClientId { ptr: 0x91cc8fe0, alive: true }\x1b[1m}\x1b[0m\x1b[2m:\x1b[0m com.system76.CosmicPanelWorkspacesButton:     maximized: false,
[2m1970-01-01T00:00:37.604672Z[0m [32m INFO[0m [1mcosmic-panel[0m[2m:[0m [2mcosmic_session::notifications[0m[2m:[0m \x1b[2m1970-01-01T00:00:37.583881Z\x1b[0m \x1b[32m INFO\x1b[0m \x1b[1mstdout\x1b[0m\x1b[1m{\x1b[0m\x1b[3mclient\x1b[0m\x1b[2m=\x1b[0mInnerClientId { ptr: 0x91cc8fe0, alive: true }\x1b[1m}\x1b[0m\x1b[2m:\x1b[0m com.system76.CosmicPanelWorkspacesButton:     visible: false,
[2m1970-01-01T00:00:37.605200Z[0m [32m INFO[0m [1mcosmic-panel[0m[2m:[0m [2mcosmic_session::notifications[0m[2m:[0m \x1b[2m1970-01-01T00:00:37.583959Z\x1b[0m \x1b[32m INFO\x1b[0m \x1b[1mstdout\x1b[0m\x1b[1m{\x1b[0m\x1b[3mclient\x1b[0m\x1b[2m=\x1b[0mInnerClientId { ptr: 0x91cc8fe0, alive: true }\x1b[1m}\x1b[0m\x1b[2m:\x1b[0m com.system76.CosmicPanelWorkspacesButton:     transparent: true,
[2m1970-01-01T00:00:37.606138Z[0m [32m INFO[0m [1mcosmic-panel[0m[2m:[0m [2mcosmic_session::notifications[0m[2m:[0m \x1b[2m1970-01-01T00:00:37.584031Z\x1b[0m \x1b[32m INFO\x1b[0m \x1b[1mstdout\x1b[0m\x1b[1m{\x1b[0m\x1b[3mclient\x1b[0m\x1b[2m=\x1b[0mInnerClientId { ptr: 0x91cc8fe0, alive: true }\x1b[1m}\x1b[0m\x1b[2m:\x1b[0m com.system76.CosmicPanelWorkspacesButton:     blur: false,
[2m1970-01-01T00:00:37.606834Z[0m [32m INFO[0m [1mcosmic-panel[0m[2m:[0m [2mcosmic_session::notifications[0m[2m:[0m \x1b[2m1970-01-01T00:00:37.584106Z\x1b[0m \x1b[32m INFO\x1b[0m \x1b[1mstdout\x1b[0m\x1b[1m{\x1b[0m\x1b[3mclient\x1b[0m\x1b[2m=\x1b[0mInnerClientId { ptr: 0x91cc8fe0, alive: true }\x1b[1m}\x1b[0m\x1b[2m:\x1b[0m com.system76.CosmicPanelWorkspacesButton:     decorations: false,
[2m1970-01-01T00:00:37.607545Z[0m [32m INFO[0m [1mcosmic-panel[0m[2m:[0m [2mcosmic_session::notifications[0m[2m:[0m \x1b[2m1970-01-01T00:00:37.584197Z\x1b[0m \x1b[32m INFO\x1b[0m \x1b[1mstdout\x1b[0m\x1b[1m{\x1b[0m\x1b[3mclient\x1b[0m\x1b[2m=\x1b[0mInnerClientId { ptr: 0x91cc8fe0, alive: true }\x1b[1m}\x1b[0m\x1b[2m:\x1b[0m com.system76.CosmicPanelWorkspacesButton:     window_icon: None,
[2m1970-01-01T00:00:37.607861Z[0m [32m INFO[0m [1mcosmic-panel[0m[2m:[0m [2mcosmic_session::notifications[0m[2m:[0m \x1b[2m1970-01-01T00:00:37.584252Z\x1b[0m \x1b[32m INFO\x1b[0m \x1b[1mstdout\x1b[0m\x1b[1m{\x1b[0m\x1b[3mclient\x1b[0m\x1b[2m=\x1b[0mInnerClientId { ptr: 0x91cc8fe0, alive: true }\x1b[1m}\x1b[0m\x1b[2m:\x1b[0m com.system76.CosmicPanelWorkspacesButton:     preferred_theme: None,
[2m1970-01-01T00:00:37.608221Z[0m [32m INFO[0m [1mcosmic-panel[0m[2m:[0m [2mcosmic_session::notifications[0m[2m:[0m \x1b[2m1970-01-01T00:00:37.584360Z\x1b[0m \x1b[32m INFO\x1b[0m \x1b[1mstdout\x1b[0m\x1b[1m{\x1b[0m\x1b[3mclient\x1b[0m\x1b[2m=\x1b[0mInnerClientId { ptr: 0x91cc8fe0, alive: true }\x1b[1m}\x1b[0m\x1b[2m:\x1b[0m com.system76.CosmicPanelWorkspacesButton:     content_protected: false,
[2m1970-01-01T00:00:37.609277Z[0m [32m INFO[0m [1mcosmic-panel[0m[2m:[0m [2mcosmic_session::notifications[0m[2m:[0m \x1b[2m1970-01-01T00:00:37.584451Z\x1b[0m \x1b[32m INFO\x1b[0m \x1b[1mstdout\x1b[0m\x1b[1m{\x1b[0m\x1b[3mclient\x1b[0m\x1b[2m=\x1b[0mInnerClientId { ptr: 0x91cc8fe0, alive: true }\x1b[1m}\x1b[0m\x1b[2m:\x1b[0m com.system76.CosmicPanelWorkspacesButton:     window_level: Normal,
[2m1970-01-01T00:00:37.609803Z[0m [32m INFO[0m [1mcosmic-panel[0m[2m:[0m [2mcosmic_session::notifications[0m[2m:[0m \x1b[2m1970-01-01T00:00:37.584544Z\x1b[0m \x1b[32m INFO\x1b[0m \x1b[1mstdout\x1b[0m\x1b[1m{\x1b[0m\x1b[3mclient\x1b[0m\x1b[2m=\x1b[0mInnerClientId { ptr: 0x91cc8fe0, alive: true }\x1b[1m}\x1b[0m\x1b[2m:\x1b[0m com.system76.CosmicPanelWorkspacesButton:     active: true,
[2m1970-01-01T00:00:37.612618Z[0m [32m INFO[0m [1mcosmic-panel[0m[2m:[0m [2mcosmic_session::notifications[0m[2m:[0m \x1b[2m1970-01-01T00:00:37.584637Z\x1b[0m \x1b[32m INFO\x1b[0m \x1b[1mstdout\x1b[0m\x1b[1m{\x1b[0m\x1b[3mclient\x1b[0m\x1b[2m=\x1b[0mInnerClientId { ptr: 0x91cc8fe0, alive: true }\x1b[1m}\x1b[0m\x1b[2m:\x1b[0m com.system76.CosmicPanelWorkspacesButton:     cursor: Icon(
[2m1970-01-01T00:00:37.613239Z[0m [32m INFO[0m [1mcosmic-panel[0m[2m:[0m [2mcosmic_session::notifications[0m[2m:[0m \x1b[2m1970-01-01T00:00:37.584718Z\x1b[0m \x1b[32m INFO\x1b[0m \x1b[1mstdout\x1b[0m\x1b[1m{\x1b[0m\x1b[3mclient\x1b[0m\x1b[2m=\x1b[0mInnerClientId { ptr: 0x91cc8fe0, alive: true }\x1b[1m}\x1b[0m\x1b[2m:\x1b[0m com.system76.CosmicPanelWorkspacesButton:         Default,
[2m1970-01-01T00:00:37.613759Z[0m [32m INFO[0m [1mcosmic-panel[0m[2m:[0m [2mcosmic_session::notifications[0m[2m:[0m \x1b[2m1970-01-01T00:00:37.584817Z\x1b[0m \x1b[32m INFO\x1b[0m \x1b[1mstdout\x1b[0m\x1b[1m{\x1b[0m\x1b[3mclient\x1b[0m\x1b[2m=\x1b[0mInnerClientId { ptr: 0x91cc8fe0, alive: true }\x1b[1m}\x1b[0m\x1b[2m:\x1b[0m com.system76.CosmicPanelWorkspacesButton:     ),
[2m1970-01-01T00:00:37.614224Z[0m [32m INFO[0m [1mcosmic-panel[0m[2m:[0m [2mcosmic_session::notifications[0m[2m:[0m \x1b[2m1970-01-01T00:00:37.584904Z\x1b[0m \x1b[32m INFO\x1b[0m \x1b[1mstdout\x1b[0m\x1b[1m{\x1b[0m\x1b[3mclient\x1b[0m\x1b[2m=\x1b[0mInnerClientId { ptr: 0x91cc8fe0, alive: true }\x1b[1m}\x1b[0m\x1b[2m:\x1b[0m com.system76.CosmicPanelWorkspacesButton:     parent_window: None,
[2m1970-01-01T00:00:37.614687Z[0m [32m INFO[0m [1mcosmic-panel[0m[2m:[0m [2mcosmic_session::notifications[0m[2m:[0m \x1b[2m1970-01-01T00:00:37.584991Z\x1b[0m \x1b[32m INFO\x1b[0m \x1b[1mstdout\x1b[0m\x1b[1m{\x1b[0m\x1b[3mclient\x1b[0m\x1b[2m=\x1b[0mInnerClientId { ptr: 0x91cc8fe0, alive: true }\x1b[1m}\x1b[0m\x1b[2m:\x1b[0m com.system76.CosmicPanelWorkspacesButton:     fullscreen: None,
[2m1970-01-01T00:00:37.615112Z[0m [32m INFO[0m [1mcosmic-panel[0m[2m:[0m [2mcosmic_session::notifications[0m[2m:[0m \x1b[2m1970-01-01T00:00:37.585040Z\x1b[0m \x1b[32m INFO\x1b[0m \x1b[1mstdout\x1b[0m\x1b[1m{\x1b[0m\x1b[3mclient\x1b[0m\x1b[2m=\x1b[0mInnerClientId { ptr: 0x91cc8fe0, alive: true }\x1b[1m}\x1b[0m\x1b[2m:\x1b[0m com.system76.CosmicPanelWorkspacesButton:     platform: Some(
[2m1970-01-01T00:00:37.615361Z[0m [32m INFO[0m [1mcosmic-panel[0m[2m:[0m [2mcosmic_session::notifications[0m[2m:[0m \x1b[2m1970-01-01T00:00:37.585148Z\x1b[0m \x1b[32m INFO\x1b[0m \x1b[1mstdout\x1b[0m\x1b[1m{\x1b[0m\x1b[3mclient\x1b[0m\x1b[2m=\x1b[0mInnerClientId { ptr: 0x91cc8fe0, alive: true }\x1b[1m}\x1b[0m\x1b[2m:\x1b[0m com.system76.CosmicPanelWorkspacesButton:         WindowAttributesWayland {
[2m1970-01-01T00:00:37.615690Z[0m [32m INFO[0m [1mcosmic-panel[0m[2m:[0m [2mcosmic_session::notifications[0m[2m:[0m \x1b[2m1970-01-01T00:00:37.585266Z\x1b[0m \x1b[32m INFO\x1b[0m \x1b[1mstdout\x1b[0m\x1b[1m{\x1b[0m\x1b[3mclient\x1b[0m\x1b[2m=\x1b[0mInnerClientId { ptr: 0x91cc8fe0, alive: true }\x1b[1m}\x1b[0m\x1b[2m:\x1b[0m com.system76.CosmicPanelWorkspacesButton:             name: Some(
[2m1970-01-01T00:00:37.616060Z[0m [32m INFO[0m [1mcosmic-panel[0m[2m:[0m [2mcosmic_session::notifications[0m[2m:[0m \x1b[2m1970-01-01T00:00:37.585354Z\x1b[0m \x1b[32m INFO\x1b[0m \x1b[1mstdout\x1b[0m\x1b[1m{\x1b[0m\x1b[3mclient\x1b[0m\x1b[2m=\x1b[0mInnerClientId { ptr: 0x91cc8fe0, alive: true }\x1b[1m}\x1b[0m\x1b[2m:\x1b[0m com.system76.CosmicPanelWorkspacesButton:                 ApplicationName {
[2m1970-01-01T00:00:37.616425Z[0m [32m INFO[0m [1mcosmic-panel[0m[2m:[0m [2mcosmic_session::notifications[0m[2m:[0m \x1b[2m1970-01-01T00:00:37.585488Z\x1b[0m \x1b[32m INFO\x1b[0m \x1b[1mstdout\x1b[0m\x1b[1m{\x1b[0m\x1b[3mclient\x1b[0m\x1b[2m=\x1b[0mInnerClientId { ptr: 0x91cc8fe0, alive: true }\x1b[1m}\x1b[0m\x1b[2m:\x1b[0m com.system76.CosmicPanelWorkspacesButton:                     general: "com.system76.CosmicPanelButton",
[2m1970-01-01T00:00:37.617181Z[0m [32m INFO[0m [1mcosmic-panel[0m[2m:[0m [2mcosmic_session::notifications[0m[2m:[0m \x1b[2m1970-01-01T00:00:37.585628Z\x1b[0m \x1b[32m INFO\x1b[0m \x1b[1mstdout\x1b[0m\x1b[1m{\x1b[0m\x1b[3mclient\x1b[0m\x1b[2m=\x1b[0mInnerClientId { ptr: 0x91cc8fe0, alive: true }\x1b[1m}\x1b[0m\x1b[2m:\x1b[0m com.system76.CosmicPanelWorkspacesButton:                     instance: "com.system76.CosmicPanelButton",
[2m1970-01-01T00:00:37.617907Z[0m [32m INFO[0m [1mcosmic-panel[0m[2m:[0m [2mcosmic_session::notifications[0m[2m:[0m \x1b[2m1970-01-01T00:00:37.585747Z\x1b[0m \x1b[32m INFO\x1b[0m \x1b[1mstdout\x1b[0m\x1b[1m{\x1b[0m\x1b[3mclient\x1b[0m\x1b[2m=\x1b[0mInnerClientId { ptr: 0x91cc8fe0, alive: true }\x1b[1m}\x1b[0m\x1b[2m:\x1b[0m com.system76.CosmicPanelWorkspacesButton:                 },
[2m1970-01-01T00:00:37.618406Z[0m [32m INFO[0m [1mcosmic-panel[0m[2m:[0m [2mcosmic_session::notifications[0m[2m:[0m \x1b[2m1970-01-01T00:00:37.585854Z\x1b[0m \x1b[32m INFO\x1b[0m \x1b[1mstdout\x1b[0m\x1b[1m{\x1b[0m\x1b[3mclient\x1b[0m\x1b[2m=\x1b[0mInnerClientId { ptr: 0x91cc8fe0, alive: true }\x1b[1m}\x1b[0m\x1b[2m:\x1b[0m com.system76.CosmicPanelWorkspacesButton:             ),
[2m1970-01-01T00:00:37.618956Z[0m [32m INFO[0m [1mcosmic-panel[0m[2m:[0m [2mcosmic_session::notifications[0m[2m:[0m \x1b[2m1970-01-01T00:00:37.585959Z\x1b[0m \x1b[32m INFO\x1b[0m \x1b[1mstdout\x1b[0m\x1b[1m{\x1b[0m\x1b[3mclient\x1b[0m\x1b[2m=\x1b[0mInnerClientId { ptr: 0x91cc8fe0, alive: true }\x1b[1m}\x1b[0m\x1b[2m:\x1b[0m com.system76.CosmicPanelWorkspacesButton:             activation_token: None,
[2m1970-01-01T00:00:37.619386Z[0m [32m INFO[0m [1mcosmic-panel[0m[2m:[0m [2mcosmic_session::notifications[0m[2m:[0m \x1b[2m1970-01-01T00:00:37.586099Z\x1b[0m \x1b[32m INFO\x1b[0m \x1b[1mstdout\x1b[0m\x1b[1m{\x1b[0m\x1b[3mclient\x1b[0m\x1b[2m=\x1b[0mInnerClientId { ptr: 0x91cc8fe0, alive: true }\x1b[1m}\x1b[0m\x1b[2m:\x1b[0m com.system76.CosmicPanelWorkspacesButton:             prefer_csd: false,
[2m1970-01-01T00:00:37.620027Z[0m [32m INFO[0m [1mcosmic-panel[0m[2m:[0m [2mcosmic_session::notifications[0m[2m:[0m \x1b[2m1970-01-01T00:00:37.586269Z\x1b[0m \x1b[32m INFO\x1b[0m \x1b[1mstdout\x1b[0m\x1b[1m{\x1b[0m\x1b[3mclient\x1b[0m\x1b[2m=\x1b[0mInnerClientId { ptr: 0x91cc8fe0, alive: true }\x1b[1m}\x1b[0m\x1b[2m:\x1b[0m com.system76.CosmicPanelWorkspacesButton:         },
[2m1970-01-01T00:00:37.661688Z[0m [32m INFO[0m [1mcosmic-panel[0m[2m:[0m [2mcosmic_session::notifications[0m[2m:[0m \x1b[2m1970-01-01T00:00:37.586396Z\x1b[0m \x1b[32m INFO\x1b[0m \x1b[1mstdout\x1b[0m\x1b[1m{\x1b[0m\x1b[3mclient\x1b[0m\x1b[2m=\x1b[0mInnerClientId { ptr: 0x91cc8fe0, alive: true }\x1b[1m}\x1b[0m\x1b[2m:\x1b[0m com.system76.CosmicPanelWorkspacesButton:     ),
[2m1970-01-01T00:00:37.662193Z[0m [32m INFO[0m [1mcosmic-panel[0m[2m:[0m [2mcosmic_session::notifications[0m[2m:[0m \x1b[2m1970-01-01T00:00:37.586479Z\x1b[0m \x1b[32m INFO\x1b[0m \x1b[1mstdout\x1b[0m\x1b[1m{\x1b[0m\x1b[3mclient\x1b[0m\x1b[2m=\x1b[0mInnerClientId { ptr: 0x91cc8fe0, alive: true }\x1b[1m}\x1b[0m\x1b[2m:\x1b[0m com.system76.CosmicPanelWorkspacesButton: }
[2m1970-01-01T00:00:37.662609Z[0m [32m INFO[0m [1mcosmic-panel[0m[2m:[0m [2mcosmic_session::notifications[0m[2m:[0m \x1b[2m1970-01-01T00:00:37.586930Z\x1b[0m \x1b[32m INFO\x1b[0m \x1b[1mstdout\x1b[0m\x1b[1m{\x1b[0m\x1b[3mclient\x1b[0m\x1b[2m=\x1b[0mInnerClientId { ptr: 0x91cc8fe0, alive: true }\x1b[1m}\x1b[0m\x1b[2m:\x1b[0m com.system76.CosmicPanelWorkspacesButton: \x1b[2m1970-01-01T00:00:37.580081Z\x1b[0m \x1b[33m WARN\x1b[0m \x1b[2mwinit_wayland::window::state\x1b[0m\x1b[2m:\x1b[0m `xdg_toplevel_icon_manager_v1` is not supported
[2m1970-01-01T00:00:37.663265Z[0m [32m INFO[0m [1mcosmic-panel[0m[2m:[0m [2mcosmic_session::notifications[0m[2m:[0m \x1b[2m1970-01-01T00:00:37.159566Z\x1b[0m \x1b[32m INFO\x1b[0m Requires relayout: resizing list
[2m1970-01-01T00:00:37.663595Z[0m [32m INFO[0m [1mcosmic-panel[0m[2m:[0m [2mcosmic_session::notifications[0m[2m:[0m 
[2m1970-01-01T00:00:37.663790Z[0m [32m INFO[0m [1mcosmic-panel[0m[2m:[0m [2mcosmic_session::notifications[0m[2m:[0m Stack backtrace:
[2m1970-01-01T00:00:37.663983Z[0m [32m INFO[0m [1mcosmic-panel[0m[2m:[0m [2mcosmic_session::notifications[0m[2m:[0m    0: <unknown>
[2m1970-01-01T00:00:37.664149Z[0m [32m INFO[0m [1mcosmic-panel[0m[2m:[0m [2mcosmic_session::notifications[0m[2m:[0m    1: <unknown>
[2m1970-01-01T00:00:37.664305Z[0m [32m INFO[0m [1mcosmic-panel[0m[2m:[0m [2mcosmic_session::notifications[0m[2m:[0m    2: <unknown>
[2m1970-01-01T00:00:37.664450Z[0m [32m INFO[0m [1mcosmic-panel[0m[2m:[0m [2mcosmic_session::notifications[0m[2m:[0m    3: <unknown>
[2m1970-01-01T00:00:37.664629Z[0m [32m INFO[0m [1mcosmic-panel[0m[2m:[0m [2mcosmic_session::notifications[0m[2m:[0m    4: <unknown>
[2m1970-01-01T00:00:37.664819Z[0m [32m INFO[0m [1mcosmic-panel[0m[2m:[0m [2mcosmic_session::notifications[0m[2m:[0m    5: <unknown>
[2m1970-01-01T00:00:37.665009Z[0m [32m INFO[0m [1mcosmic-panel[0m[2m:[0m [2mcosmic_session::notifications[0m[2m:[0m    6: <unknown>
[2m1970-01-01T00:00:37.665205Z[0m [32m INFO[0m [1mcosmic-panel[0m[2m:[0m [2mcosmic_session::notifications[0m[2m:[0m    7: <unknown>
[2m1970-01-01T00:00:37.665424Z[0m [32m INFO[0m [1mcosmic-panel[0m[2m:[0m [2mcosmic_session::notifications[0m[2m:[0m \x1b[2m1970-01-01T00:00:37.651083Z\x1b[0m \x1b[31mERROR\x1b[0m \x1b[1mstderr\x1b[0m\x1b[1m{\x1b[0m\x1b[3mclient\x1b[0m\x1b[2m=\x1b[0mInnerClientId { ptr: 0x96756020, alive: true }\x1b[1m}\x1b[0m\x1b[2m:\x1b[0m com.system76.CosmicPanelAppButton: xkbcommon: ERROR: couldn't find a Compose file for locale "C" (mapped to "C")
[2m1970-01-01T00:00:37.692477Z[0m [32m INFO[0m [1mcosmic-panel[0m[2m:[0m [2mcosmic_session::notifications[0m[2m:[0m \x1b[2m1970-01-01T00:00:37.690646Z\x1b[0m \x1b[32m INFO\x1b[0m \x1b[1mstdout\x1b[0m\x1b[1m{\x1b[0m\x1b[3mclient\x1b[0m\x1b[2m=\x1b[0mInnerClientId { ptr: 0x91cc8fe0, alive: true }\x1b[1m}\x1b[0m\x1b[2m:\x1b[0m com.system76.CosmicPanelWorkspacesButton: \x1b[2m1970-01-01T00:00:37.685708Z\x1b[0m \x1b[32m INFO\x1b[0m \x1b[2miced_winit::platform_specific::wayland::event_loop\x1b[0m\x1b[2m:\x1b[0m SCTK setup complete.
[2m1970-01-01T00:00:37.703146Z[0m [32m INFO[0m [1mcosmic-panel[0m[2m:[0m [2mcosmic_session::notifications[0m[2m:[0m \x1b[2m1970-01-01T00:00:37.699999Z\x1b[0m \x1b[32m INFO\x1b[0m Requires relayout: resizing list
[2m1970-01-01T00:00:37.703374Z[0m [32m INFO[0m [1mcosmic-panel[0m[2m:[0m [2mcosmic_session::notifications[0m[2m:[0m 
[2m1970-01-01T00:00:37.703467Z[0m [32m INFO[0m [1mcosmic-panel[0m[2m:[0m [2mcosmic_session::notifications[0m[2m:[0m Stack backtrace:
[2m1970-01-01T00:00:37.703574Z[0m [32m INFO[0m [1mcosmic-panel[0m[2m:[0m [2mcosmic_session::notifications[0m[2m:[0m    0: <unknown>
[2m1970-01-01T00:00:37.703669Z[0m [32m INFO[0m [1mcosmic-panel[0m[2m:[0m [2mcosmic_session::notifications[0m[2m:[0m    1: <unknown>
[2m1970-01-01T00:00:37.703778Z[0m [32m INFO[0m [1mcosmic-panel[0m[2m:[0m [2mcosmic_session::notifications[0m[2m:[0m    2: <unknown>
[2m1970-01-01T00:00:37.703922Z[0m [32m INFO[0m [1mcosmic-panel[0m[2m:[0m [2mcosmic_session::notifications[0m[2m:[0m    3: <unknown>
[2m1970-01-01T00:00:37.704024Z[0m [32m INFO[0m [1mcosmic-panel[0m[2m:[0m [2mcosmic_session::notifications[0m[2m:[0m    4: <unknown>
[2m1970-01-01T00:00:37.704120Z[0m [32m INFO[0m [1mcosmic-panel[0m[2m:[0m [2mcosmic_session::notifications[0m[2m:[0m    5: <unknown>
[2m1970-01-01T00:00:37.704209Z[0m [32m INFO[0m [1mcosmic-panel[0m[2m:[0m [2mcosmic_session::notifications[0m[2m:[0m    6: <unknown>
[2m1970-01-01T00:00:37.704355Z[0m [32m INFO[0m [1mcosmic-panel[0m[2m:[0m [2mcosmic_session::notifications[0m[2m:[0m    7: <unknown>
[2m1970-01-01T00:00:37.704640Z[0m [32m INFO[0m [1mcosmic-panel[0m[2m:[0m [2mcosmic_session::notifications[0m[2m:[0m \x1b[2m1970-01-01T00:00:37.702166Z\x1b[0m \x1b[32m INFO\x1b[0m Cell { value: None }
[2m1970-01-01T00:00:37.723075Z[0m [32m INFO[0m [1mcosmic-panel[0m[2m:[0m [2mcosmic_session::notifications[0m[2m:[0m \x1b[2m1970-01-01T00:00:37.721710Z\x1b[0m \x1b[31mERROR\x1b[0m \x1b[1mstderr\x1b[0m\x1b[1m{\x1b[0m\x1b[3mclient\x1b[0m\x1b[2m=\x1b[0mInnerClientId { ptr: 0x940e8650, alive: true }\x1b[1m}\x1b[0m\x1b[2m:\x1b[0m com.system76.CosmicPanelLauncherButton: xkbcommon: ERROR: couldn't find a Compose file for locale "C" (mapped to "C")
[2m1970-01-01T00:00:37.761952Z[0m [32m INFO[0m [1mcosmic-panel[0m[2m:[0m [2mcosmic_session::notifications[0m[2m:[0m \x1b[2m1970-01-01T00:00:37.761271Z\x1b[0m \x1b[31mERROR\x1b[0m \x1b[1mstderr\x1b[0m\x1b[1m{\x1b[0m\x1b[3mclient\x1b[0m\x1b[2m=\x1b[0mInnerClientId { ptr: 0x91cc8fe0, alive: true }\x1b[1m}\x1b[0m\x1b[2m:\x1b[0m com.system76.CosmicPanelWorkspacesButton: xkbcommon: ERROR: couldn't find a Compose file for locale "C" (mapped to "C")
[2m1970-01-01T00:00:37.762472Z[0m [32m INFO[0m [1mcosmic-panel[0m[2m:[0m [2mcosmic_session::notifications[0m[2m:[0m \x1b[2m1970-01-01T00:00:37.761365Z\x1b[0m \x1b[31mERROR\x1b[0m \x1b[1mstderr\x1b[0m\x1b[1m{\x1b[0m\x1b[3mclient\x1b[0m\x1b[2m=\x1b[0mInnerClientId { ptr: 0x91cc8fe0, alive: true }\x1b[1m}\x1b[0m\x1b[2m:\x1b[0m com.system76.CosmicPanelWorkspacesButton: xkbcommon: ERROR: couldn't find a Compose file for locale "C" (mapped to "C")
[2m1970-01-01T00:00:37.791410Z[0m [32m INFO[0m [1mcosmic-panel[0m[2m:[0m [2mcosmic_session::notifications[0m[2m:[0m \x1b[2m1970-01-01T00:00:37.791071Z\x1b[0m \x1b[32m INFO\x1b[0m Cell { value: None }
[2m1970-01-01T00:00:38.035342Z[0m [33m WARN[0m [1mcosmic-idle[0m[2m:[0m [2mcosmic_session[0m[2m:[0m [1970-01-01T00:00:38Z INFO  tracing::span] read_socket;
[2m1970-01-01T00:00:38.035602Z[0m [33m WARN[0m [1mcosmic-idle[0m[2m:[0m [2mcosmic_session[0m[2m:[0m [1970-01-01T00:00:38Z INFO  tracing::span] read_socket;
[2m1970-01-01T00:00:38.035831Z[0m [33m WARN[0m [1mcosmic-idle[0m[2m:[0m [2mcosmic_session[0m[2m:[0m [1970-01-01T00:00:38Z INFO  tracing::span] read_socket;
[2m1970-01-01T00:00:38.036205Z[0m [33m WARN[0m [1mcosmic-idle[0m[2m:[0m [2mcosmic_session[0m[2m:[0m [1970-01-01T00:00:38Z INFO  tracing::span] read_socket;
[2m1970-01-01T00:00:38.036368Z[0m [33m WARN[0m [1mcosmic-idle[0m[2m:[0m [2mcosmic_session[0m[2m:[0m [1970-01-01T00:00:38Z INFO  tracing::span] read_socket;
[2m1970-01-01T00:00:38.036483Z[0m [33m WARN[0m [1mcosmic-idle[0m[2m:[0m [2mcosmic_session[0m[2m:[0m [1970-01-01T00:00:38Z INFO  tracing::span] read_socket;
[2m1970-01-01T00:00:38.036640Z[0m [33m WARN[0m [1mcosmic-idle[0m[2m:[0m [2mcosmic_session[0m[2m:[0m [1970-01-01T00:00:38Z INFO  tracing::span] read_socket;
[2m1970-01-01T00:00:38.055739Z[0m [33m WARN[0m [1mcosmic-app-library[0m[2m:[0m [2mcosmic_session[0m[2m:[0m  INFO  iced_winit::platform_specific::wayland::event_loop::state > Failed to find surface for blur action
[2m1970-01-01T00:00:38.139999Z[0m [33m WARN[0m [1mcosmic-idle[0m[2m:[0m [2mcosmic_session[0m[2m:[0m [1970-01-01T00:00:38Z INFO  tracing::span] read_socket;
[2m1970-01-01T00:00:38.263595Z[0m [32m INFO[0m [1mcosmic-panel[0m[2m:[0m [2mcosmic_session::notifications[0m[2m:[0m \x1b[2m1970-01-01T00:00:38.261834Z\x1b[0m \x1b[32m INFO\x1b[0m \x1b[1mstdout\x1b[0m\x1b[1m{\x1b[0m\x1b[3mclient\x1b[0m\x1b[2m=\x1b[0mInnerClientId { ptr: 0x91cc90d0, alive: true }\x1b[1m}\x1b[0m\x1b[2m:\x1b[0m com.system76.CosmicPanelAppButton: \x1b[2m1970-01-01T00:00:38.239999Z\x1b[0m \x1b[32m INFO\x1b[0m \x1b[2miced_winit\x1b[0m\x1b[2m:\x1b[0m System theme: None
[2m1970-01-01T00:00:38.282939Z[0m [32m INFO[0m [1mcosmic-panel[0m[2m:[0m [2mcosmic_session::notifications[0m[2m:[0m \x1b[2m1970-01-01T00:00:38.279340Z\x1b[0m \x1b[32m INFO\x1b[0m \x1b[1mstdout\x1b[0m\x1b[1m{\x1b[0m\x1b[3mclient\x1b[0m\x1b[2m=\x1b[0mInnerClientId { ptr: 0x91cc9e80, alive: true }\x1b[1m}\x1b[0m\x1b[2m:\x1b[0m com.system76.CosmicAppletTiling: \x1b[2m1970-01-01T00:00:38.272485Z\x1b[0m \x1b[31mERROR\x1b[0m \x1b[2mcosmic_applet_tiling::window\x1b[0m\x1b[2m:\x1b[0m Error loading config \x1b[3merr\x1b[0m\x1b[2m=\x1b[0mGetKey("workspaces", Os { code: 2, kind: NotFound, message: "No such file or directory" })
[2m1970-01-01T00:00:38.283787Z[0m [32m INFO[0m [1mcosmic-panel[0m[2m:[0m [2mcosmic_session::notifications[0m[2m:[0m \x1b[2m1970-01-01T00:00:38.279506Z\x1b[0m \x1b[32m INFO\x1b[0m \x1b[1mstdout\x1b[0m\x1b[1m{\x1b[0m\x1b[3mclient\x1b[0m\x1b[2m=\x1b[0mInnerClientId { ptr: 0x91cc9e80, alive: true }\x1b[1m}\x1b[0m\x1b[2m:\x1b[0m com.system76.CosmicAppletTiling: \x1b[2m1970-01-01T00:00:38.273864Z\x1b[0m \x1b[31mERROR\x1b[0m \x1b[2mcosmic_applet_tiling::window\x1b[0m\x1b[2m:\x1b[0m Error loading config \x1b[3merr\x1b[0m\x1b[2m=\x1b[0mGetKey("input_default", Os { code: 2, kind: NotFound, message: "No such file or directory" })
[2m1970-01-01T00:00:38.284629Z[0m [32m INFO[0m [1mcosmic-panel[0m[2m:[0m [2mcosmic_session::notifications[0m[2m:[0m \x1b[2m1970-01-01T00:00:38.279630Z\x1b[0m \x1b[32m INFO\x1b[0m \x1b[1mstdout\x1b[0m\x1b[1m{\x1b[0m\x1b[3mclient\x1b[0m\x1b[2m=\x1b[0mInnerClientId { ptr: 0x91cc9e80, alive: true }\x1b[1m}\x1b[0m\x1b[2m:\x1b[0m com.system76.CosmicAppletTiling: \x1b[2m1970-01-01T00:00:38.273955Z\x1b[0m \x1b[31mERROR\x1b[0m \x1b[2mcosmic_applet_tiling::window\x1b[0m\x1b[2m:\x1b[0m Error loading config \x1b[3merr\x1b[0m\x1b[2m=\x1b[0mGetKey("input_devices", Os { code: 2, kind: NotFound, message: "No such file or directory" })
[2m1970-01-01T00:00:38.285486Z[0m [32m INFO[0m [1mcosmic-panel[0m[2m:[0m [2mcosmic_session::notifications[0m[2m:[0m \x1b[2m1970-01-01T00:00:38.279769Z\x1b[0m \x1b[32m INFO\x1b[0m \x1b[1mstdout\x1b[0m\x1b[1m{\x1b[0m\x1b[3mclient\x1b[0m\x1b[2m=\x1b[0mInnerClientId { ptr: 0x91cc9e80, alive: true }\x1b[1m}\x1b[0m\x1b[2m:\x1b[0m com.system76.CosmicAppletTiling: \x1b[2m1970-01-01T00:00:38.274026Z\x1b[0m \x1b[31mERROR\x1b[0m \x1b[2mcosmic_applet_tiling::window\x1b[0m\x1b[2m:\x1b[0m Error loading config \x1b[3merr\x1b[0m\x1b[2m=\x1b[0mGetKey("xkb_config", Os { code: 2, kind: NotFound, message: "No such file or directory" })
[2m1970-01-01T00:00:38.286342Z[0m [32m INFO[0m [1mcosmic-panel[0m[2m:[0m [2mcosmic_session::notifications[0m[2m:[0m \x1b[2m1970-01-01T00:00:38.279918Z\x1b[0m \x1b[32m INFO\x1b[0m \x1b[1mstdout\x1b[0m\x1b[1m{\x1b[0m\x1b[3mclient\x1b[0m\x1b[2m=\x1b[0mInnerClientId { ptr: 0x91cc9e80, alive: true }\x1b[1m}\x1b[0m\x1b[2m:\x1b[0m com.system76.CosmicAppletTiling: \x1b[2m1970-01-01T00:00:38.274125Z\x1b[0m \x1b[31mERROR\x1b[0m \x1b[2mcosmic_applet_tiling::window\x1b[0m\x1b[2m:\x1b[0m Error loading config \x1b[3merr\x1b[0m\x1b[2m=\x1b[0mGetKey("autotile", Os { code: 2, kind: NotFound, message: "No such file or directory" })
[2m1970-01-01T00:00:38.287262Z[0m [32m INFO[0m [1mcosmic-panel[0m[2m:[0m [2mcosmic_session::notifications[0m[2m:[0m \x1b[2m1970-01-01T00:00:38.280015Z\x1b[0m \x1b[32m INFO\x1b[0m \x1b[1mstdout\x1b[0m\x1b[1m{\x1b[0m\x1b[3mclient\x1b[0m\x1b[2m=\x1b[0mInnerClientId { ptr: 0x91cc9e80, alive: true }\x1b[1m}\x1b[0m\x1b[2m:\x1b[0m com.system76.CosmicAppletTiling: \x1b[2m1970-01-01T00:00:38.274259Z\x1b[0m \x1b[31mERROR\x1b[0m \x1b[2mcosmic_applet_tiling::window\x1b[0m\x1b[2m:\x1b[0m Error loading config \x1b[3merr\x1b[0m\x1b[2m=\x1b[0mGetKey("autotile_behavior", Os { code: 2, kind: NotFound, message: "No such file or directory" })
[2m1970-01-01T00:00:38.288353Z[0m [32m INFO[0m [1mcosmic-panel[0m[2m:[0m [2mcosmic_session::notifications[0m[2m:[0m \x1b[2m1970-01-01T00:00:38.280095Z\x1b[0m \x1b[32m INFO\x1b[0m \x1b[1mstdout\x1b[0m\x1b[1m{\x1b[0m\x1b[3mclient\x1b[0m\x1b[2m=\x1b[0mInnerClientId { ptr: 0x91cc9e80, alive: true }\x1b[1m}\x1b[0m\x1b[2m:\x1b[0m com.system76.CosmicAppletTiling: \x1b[2m1970-01-01T00:00:38.274369Z\x1b[0m \x1b[31mERROR\x1b[0m \x1b[2mcosmic_applet_tiling::window\x1b[0m\x1b[2m:\x1b[0m Error loading config \x1b[3merr\x1b[0m\x1b[2m=\x1b[0mGetKey("active_hint", Os { code: 2, kind: NotFound, message: "No such file or directory" })
[2m1970-01-01T00:00:38.289389Z[0m [32m INFO[0m [1mcosmic-panel[0m[2m:[0m [2mcosmic_session::notifications[0m[2m:[0m \x1b[2m1970-01-01T00:00:38.280182Z\x1b[0m \x1b[32m INFO\x1b[0m \x1b[1mstdout\x1b[0m\x1b[1m{\x1b[0m\x1b[3mclient\x1b[0m\x1b[2m=\x1b[0mInnerClientId { ptr: 0x91cc90d0, alive: true }\x1b[1m}\x1b[0m\x1b[2m:\x1b[0m com.system76.CosmicPanelAppButton: \x1b[2m1970-01-01T00:00:38.274975Z\x1b[0m \x1b[32m INFO\x1b[0m \x1b[2miced_winit::platform_specific::wayland::event_loop\x1b[0m\x1b[2m:\x1b[0m SCTK setup complete.
[2m1970-01-01T00:00:38.365253Z[0m [32m INFO[0m [1mcosmic-panel[0m[2m:[0m [2mcosmic_session::notifications[0m[2m:[0m \x1b[2m1970-01-01T00:00:38.361768Z\x1b[0m \x1b[32m INFO\x1b[0m \x1b[1mstdout\x1b[0m\x1b[1m{\x1b[0m\x1b[3mclient\x1b[0m\x1b[2m=\x1b[0mInnerClientId { ptr: 0x91cc90d0, alive: true }\x1b[1m}\x1b[0m\x1b[2m:\x1b[0m com.system76.CosmicPanelAppButton: \x1b[2m1970-01-01T00:00:38.269000Z\x1b[0m \x1b[32m INFO\x1b[0m \x1b[2miced_winit\x1b[0m\x1b[2m:\x1b[0m Window attributes for id `Id(
[2m1970-01-01T00:00:38.366010Z[0m [32m INFO[0m [1mcosmic-panel[0m[2m:[0m [2mcosmic_session::notifications[0m[2m:[0m \x1b[2m1970-01-01T00:00:38.361924Z\x1b[0m \x1b[32m INFO\x1b[0m \x1b[1mstdout\x1b[0m\x1b[1m{\x1b[0m\x1b[3mclient\x1b[0m\x1b[2m=\x1b[0mInnerClientId { ptr: 0x91cc90d0, alive: true }\x1b[1m}\x1b[0m\x1b[2m:\x1b[0m com.system76.CosmicPanelAppButton:     1,
[2m1970-01-01T00:00:38.366431Z[0m [32m INFO[0m [1mcosmic-panel[0m[2m:[0m [2mcosmic_session::notifications[0m[2m:[0m \x1b[2m1970-01-01T00:00:38.362006Z\x1b[0m \x1b[32m INFO\x1b[0m \x1b[1mstdout\x1b[0m\x1b[1m{\x1b[0m\x1b[3mclient\x1b[0m\x1b[2m=\x1b[0mInnerClientId { ptr: 0x91cc90d0, alive: true }\x1b[1m}\x1b[0m\x1b[2m:\x1b[0m com.system76.CosmicPanelAppButton: )`: WindowAttributes {
[2m1970-01-01T00:00:38.366836Z[0m [32m INFO[0m [1mcosmic-panel[0m[2m:[0m [2mcosmic_session::notifications[0m[2m:[0m \x1b[2m1970-01-01T00:00:38.362071Z\x1b[0m \x1b[32m INFO\x1b[0m \x1b[1mstdout\x1b[0m\x1b[1m{\x1b[0m\x1b[3mclient\x1b[0m\x1b[2m=\x1b[0mInnerClientId { ptr: 0x91cc90d0, alive: true }\x1b[1m}\x1b[0m\x1b[2m:\x1b[0m com.system76.CosmicPanelAppButton:     surface_size: Some(
[2m1970-01-01T00:00:38.367330Z[0m [32m INFO[0m [1mcosmic-panel[0m[2m:[0m [2mcosmic_session::notifications[0m[2m:[0m \x1b[2m1970-01-01T00:00:38.362168Z\x1b[0m \x1b[32m INFO\x1b[0m \x1b[1mstdout\x1b[0m\x1b[1m{\x1b[0m\x1b[3mclient\x1b[0m\x1b[2m=\x1b[0mInnerClientId { ptr: 0x91cc90d0, alive: true }\x1b[1m}\x1b[0m\x1b[2m:\x1b[0m com.system76.CosmicPanelAppButton:         Logical(
[2m1970-01-01T00:00:38.367819Z[0m [32m INFO[0m [1mcosmic-panel[0m[2m:[0m [2mcosmic_session::notifications[0m[2m:[0m \x1b[2m1970-01-01T00:00:38.362231Z\x1b[0m \x1b[32m INFO\x1b[0m \x1b[1mstdout\x1b[0m\x1b[1m{\x1b[0m\x1b[3mclient\x1b[0m\x1b[2m=\x1b[0mInnerClientId { ptr: 0x91cc90d0, alive: true }\x1b[1m}\x1b[0m\x1b[2m:\x1b[0m com.system76.CosmicPanelAppButton:             LogicalSize {
[2m1970-01-01T00:00:38.368342Z[0m [32m INFO[0m [1mcosmic-panel[0m[2m:[0m [2mcosmic_session::notifications[0m[2m:[0m \x1b[2m1970-01-01T00:00:38.362381Z\x1b[0m \x1b[32m INFO\x1b[0m \x1b[1mstdout\x1b[0m\x1b[1m{\x1b[0m\x1b[3mclient\x1b[0m\x1b[2m=\x1b[0mInnerClientId { ptr: 0x91cc90d0, alive: true }\x1b[1m}\x1b[0m\x1b[2m:\x1b[0m com.system76.CosmicPanelAppButton:                 width: 40.0,
[2m1970-01-01T00:00:38.368884Z[0m [32m INFO[0m [1mcosmic-panel[0m[2m:[0m [2mcosmic_session::notifications[0m[2m:[0m \x1b[2m1970-01-01T00:00:38.362463Z\x1b[0m \x1b[32m INFO\x1b[0m \x1b[1mstdout\x1b[0m\x1b[1m{\x1b[0m\x1b[3mclient\x1b[0m\x1b[2m=\x1b[0mInnerClientId { ptr: 0x91cc90d0, alive: true }\x1b[1m}\x1b[0m\x1b[2m:\x1b[0m com.system76.CosmicPanelAppButton:                 height: 32.0,
[2m1970-01-01T00:00:38.369466Z[0m [32m INFO[0m [1mcosmic-panel[0m[2m:[0m [2mcosmic_session::notifications[0m[2m:[0m \x1b[2m1970-01-01T00:00:38.362552Z\x1b[0m \x1b[32m INFO\x1b[0m \x1b[1mstdout\x1b[0m\x1b[1m{\x1b[0m\x1b[3mclient\x1b[0m\x1b[2m=\x1b[0mInnerClientId { ptr: 0x91cc90d0, alive: true }\x1b[1m}\x1b[0m\x1b[2m:\x1b[0m com.system76.CosmicPanelAppButton:             },
[2m1970-01-01T00:00:38.369999Z[0m [32m INFO[0m [1mcosmic-panel[0m[2m:[0m [2mcosmic_session::notifications[0m[2m:[0m \x1b[2m1970-01-01T00:00:38.362669Z\x1b[0m \x1b[32m INFO\x1b[0m \x1b[1mstdout\x1b[0m\x1b[1m{\x1b[0m\x1b[3mclient\x1b[0m\x1b[2m=\x1b[0mInnerClientId { ptr: 0x91cc90d0, alive: true }\x1b[1m}\x1b[0m\x1b[2m:\x1b[0m com.system76.CosmicPanelAppButton:         ),
[2m1970-01-01T00:00:38.369999Z[0m [32m INFO[0m [1mcosmic-panel[0m[2m:[0m [2mcosmic_session::notifications[0m[2m:[0m \x1b[2m1970-01-01T00:00:38.362778Z\x1b[0m \x1b[32m INFO\x1b[0m \x1b[1mstdout\x1b[0m\x1b[1m{\x1b[0m\x1b[3mclient\x1b[0m\x1b[2m=\x1b[0mInnerClientId { ptr: 0x91cc90d0, alive: true }\x1b[1m}\x1b[0m\x1b[2m:\x1b[0m com.system76.CosmicPanelAppButton:     ),
[2m1970-01-01T00:00:38.369999Z[0m [32m INFO[0m [1mcosmic-panel[0m[2m:[0m [2mcosmic_session::notifications[0m[2m:[0m \x1b[2m1970-01-01T00:00:38.362864Z\x1b[0m \x1b[32m INFO\x1b[0m \x1b[1mstdout\x1b[0m\x1b[1m{\x1b[0m\x1b[3mclient\x1b[0m\x1b[2m=\x1b[0mInnerClientId { ptr: 0x91cc90d0, alive: true }\x1b[1m}\x1b[0m\x1b[2m:\x1b[0m com.system76.CosmicPanelAppButton:     min_surface_size: Some(
[2m1970-01-01T00:00:38.369999Z[0m [32m INFO[0m [1mcosmic-panel[0m[2m:[0m [2mcosmic_session::notifications[0m[2m:[0m \x1b[2m1970-01-01T00:00:38.362949Z\x1b[0m \x1b[32m INFO\x1b[0m \x1b[1mstdout\x1b[0m\x1b[1m{\x1b[0m\x1b[3mclient\x1b[0m\x1b[2m=\x1b[0mInnerClientId { ptr: 0x91cc90d0, alive: true }\x1b[1m}\x1b[0m\x1b[2m:\x1b[0m com.system76.CosmicPanelAppButton:         Logical(
[2m1970-01-01T00:00:38.369999Z[0m [32m INFO[0m [1mcosmic-panel[0m[2m:[0m [2mcosmic_session::notifications[0m[2m:[0m \x1b[2m1970-01-01T00:00:38.363071Z\x1b[0m \x1b[32m INFO\x1b[0m \x1b[1mstdout\x1b[0m\x1b[1m{\x1b[0m\x1b[3mclient\x1b[0m\x1b[2m=\x1b[0mInnerClientId { ptr: 0x91cc90d0, alive: true }\x1b[1m}\x1b[0m\x1b[2m:\x1b[0m com.system76.CosmicPanelAppButton:             LogicalSize {
[2m1970-01-01T00:00:38.369999Z[0m [32m INFO[0m [1mcosmic-panel[0m[2m:[0m [2mcosmic_session::notifications[0m[2m:[0m \x1b[2m1970-01-01T00:00:38.363200Z\x1b[0m \x1b[32m INFO\x1b[0m \x1b[1mstdout\x1b[0m\x1b[1m{\x1b[0m\x1b[3mclient\x1b[0m\x1b[2m=\x1b[0mInnerClientId { ptr: 0x91cc90d0, alive: true }\x1b[1m}\x1b[0m\x1b[2m:\x1b[0m com.system76.CosmicPanelAppButton:                 width: 40.0,
[2m1970-01-01T00:00:38.373981Z[0m [32m INFO[0m [1mcosmic-panel[0m[2m:[0m [2mcosmic_session::notifications[0m[2m:[0m \x1b[2m1970-01-01T00:00:38.363328Z\x1b[0m \x1b[32m INFO\x1b[0m \x1b[1mstdout\x1b[0m\x1b[1m{\x1b[0m\x1b[3mclient\x1b[0m\x1b[2m=\x1b[0mInnerClientId { ptr: 0x91cc90d0, alive: true }\x1b[1m}\x1b[0m\x1b[2m:\x1b[0m com.system76.CosmicPanelAppButton:                 height: 32.0,
[2m1970-01-01T00:00:38.374484Z[0m [32m INFO[0m [1mcosmic-panel[0m[2m:[0m [2mcosmic_session::notifications[0m[2m:[0m \x1b[2m1970-01-01T00:00:38.363477Z\x1b[0m \x1b[32m INFO\x1b[0m \x1b[1mstdout\x1b[0m\x1b[1m{\x1b[0m\x1b[3mclient\x1b[0m\x1b[2m=\x1b[0mInnerClientId { ptr: 0x91cc90d0, alive: true }\x1b[1m}\x1b[0m\x1b[2m:\x1b[0m com.system76.CosmicPanelAppButton:             },
[2m1970-01-01T00:00:38.374967Z[0m [32m INFO[0m [1mcosmic-panel[0m[2m:[0m [2mcosmic_session::notifications[0m[2m:[0m \x1b[2m1970-01-01T00:00:38.363625Z\x1b[0m \x1b[32m INFO\x1b[0m \x1b[1mstdout\x1b[0m\x1b[1m{\x1b[0m\x1b[3mclient\x1b[0m\x1b[2m=\x1b[0mInnerClientId { ptr: 0x91cc90d0, alive: true }\x1b[1m}\x1b[0m\x1b[2m:\x1b[0m com.system76.CosmicPanelAppButton:         ),
[2m1970-01-01T00:00:38.376332Z[0m [32m INFO[0m [1mcosmic-panel[0m[2m:[0m [2mcosmic_session::notifications[0m[2m:[0m \x1b[2m1970-01-01T00:00:38.363722Z\x1b[0m \x1b[32m INFO\x1b[0m \x1b[1mstdout\x1b[0m\x1b[1m{\x1b[0m\x1b[3mclient\x1b[0m\x1b[2m=\x1b[0mInnerClientId { ptr: 0x91cc90d0, alive: true }\x1b[1m}\x1b[0m\x1b[2m:\x1b[0m com.system76.CosmicPanelAppButton:     ),
[2m1970-01-01T00:00:38.376815Z[0m [32m INFO[0m [1mcosmic-panel[0m[2m:[0m [2mcosmic_session::notifications[0m[2m:[0m \x1b[2m1970-01-01T00:00:38.363836Z\x1b[0m \x1b[32m INFO\x1b[0m \x1b[1mstdout\x1b[0m\x1b[1m{\x1b[0m\x1b[3mclient\x1b[0m\x1b[2m=\x1b[0mInnerClientId { ptr: 0x91cc90d0, alive: true }\x1b[1m}\x1b[0m\x1b[2m:\x1b[0m com.system76.CosmicPanelAppButton:     max_surface_size: None,
[2m1970-01-01T00:00:38.443289Z[0m [32m INFO[0m [1mcosmic-panel[0m[2m:[0m [2mcosmic_session::notifications[0m[2m:[0m \x1b[2m1970-01-01T00:00:38.364016Z\x1b[0m \x1b[32m INFO\x1b[0m \x1b[1mstdout\x1b[0m\x1b[1m{\x1b[0m\x1b[3mclient\x1b[0m\x1b[2m=\x1b[0mInnerClientId { ptr: 0x91cc90d0, alive: true }\x1b[1m}\x1b[0m\x1b[2m:\x1b[0m com.system76.CosmicPanelAppButton:     surface_resize_increments: None,
[2m1970-01-01T00:00:38.444075Z[0m [32m INFO[0m [1mcosmic-panel[0m[2m:[0m [2mcosmic_session::notifications[0m[2m:[0m \x1b[2m1970-01-01T00:00:38.364175Z\x1b[0m \x1b[32m INFO\x1b[0m \x1b[1mstdout\x1b[0m\x1b[1m{\x1b[0m\x1b[3mclient\x1b[0m\x1b[2m=\x1b[0mInnerClientId { ptr: 0x91cc90d0, alive: true }\x1b[1m}\x1b[0m\x1b[2m:\x1b[0m com.system76.CosmicPanelAppButton:     position: None,
[2m1970-01-01T00:00:38.444628Z[0m [32m INFO[0m [1mcosmic-panel[0m[2m:[0m [2mcosmic_session::notifications[0m[2m:[0m \x1b[2m1970-01-01T00:00:38.364293Z\x1b[0m \x1b[32m INFO\x1b[0m \x1b[1mstdout\x1b[0m\x1b[1m{\x1b[0m\x1b[3mclient\x1b[0m\x1b[2m=\x1b[0mInnerClientId { ptr: 0x91cc90d0, alive: true }\x1b[1m}\x1b[0m\x1b[2m:\x1b[0m com.system76.CosmicPanelAppButton:     resizable: false,
[2m1970-01-01T00:00:38.445037Z[0m [32m INFO[0m [1mcosmic-panel[0m[2m:[0m [2mcosmic_session::notifications[0m[2m:[0m \x1b[2m1970-01-01T00:00:38.364375Z\x1b[0m \x1b[32m INFO\x1b[0m \x1b[1mstdout\x1b[0m\x1b[1m{\x1b[0m\x1b[3mclient\x1b[0m\x1b[2m=\x1b[0mInnerClientId { ptr: 0x91cc90d0, alive: true }\x1b[1m}\x1b[0m\x1b[2m:\x1b[0m com.system76.CosmicPanelAppButton:     enabled_buttons: WindowButtons(
[2m1970-01-01T00:00:38.445804Z[0m [32m INFO[0m [1mcosmic-panel[0m[2m:[0m [2mcosmic_session::notifications[0m[2m:[0m \x1b[2m1970-01-01T00:00:38.364438Z\x1b[0m \x1b[32m INFO\x1b[0m \x1b[1mstdout\x1b[0m\x1b[1m{\x1b[0m\x1b[3mclient\x1b[0m\x1b[2m=\x1b[0mInnerClientId { ptr: 0x91cc90d0, alive: true }\x1b[1m}\x1b[0m\x1b[2m:\x1b[0m com.system76.CosmicPanelAppButton:         CLOSE | MINIMIZE,
[2m1970-01-01T00:00:38.446472Z[0m [32m INFO[0m [1mcosmic-panel[0m[2m:[0m [2mcosmic_session::notifications[0m[2m:[0m \x1b[2m1970-01-01T00:00:38.364521Z\x1b[0m \x1b[32m INFO\x1b[0m \x1b[1mstdout\x1b[0m\x1b[1m{\x1b[0m\x1b[3mclient\x1b[0m\x1b[2m=\x1b[0mInnerClientId { ptr: 0x91cc90d0, alive: true }\x1b[1m}\x1b[0m\x1b[2m:\x1b[0m com.system76.CosmicPanelAppButton:     ),
[2m1970-01-01T00:00:38.446856Z[0m [32m INFO[0m [1mcosmic-panel[0m[2m:[0m [2mcosmic_session::notifications[0m[2m:[0m \x1b[2m1970-01-01T00:00:38.364579Z\x1b[0m \x1b[32m INFO\x1b[0m \x1b[1mstdout\x1b[0m\x1b[1m{\x1b[0m\x1b[3mclient\x1b[0m\x1b[2m=\x1b[0mInnerClientId { ptr: 0x91cc90d0, alive: true }\x1b[1m}\x1b[0m\x1b[2m:\x1b[0m com.system76.CosmicPanelAppButton:     title: "Cosmic - Iced",
[2m1970-01-01T00:00:38.447717Z[0m [32m INFO[0m [1mcosmic-panel[0m[2m:[0m [2mcosmic_session::notifications[0m[2m:[0m \x1b[2m1970-01-01T00:00:38.364654Z\x1b[0m \x1b[32m INFO\x1b[0m \x1b[1mstdout\x1b[0m\x1b[1m{\x1b[0m\x1b[3mclient\x1b[0m\x1b[2m=\x1b[0mInnerClientId { ptr: 0x91cc90d0, alive: true }\x1b[1m}\x1b[0m\x1b[2m:\x1b[0m com.system76.CosmicPanelAppButton:     maximized: false,
[2m1970-01-01T00:00:38.448459Z[0m [32m INFO[0m [1mcosmic-panel[0m[2m:[0m [2mcosmic_session::notifications[0m[2m:[0m \x1b[2m1970-01-01T00:00:38.364704Z\x1b[0m \x1b[32m INFO\x1b[0m \x1b[1mstdout\x1b[0m\x1b[1m{\x1b[0m\x1b[3mclient\x1b[0m\x1b[2m=\x1b[0mInnerClientId { ptr: 0x91cc90d0, alive: true }\x1b[1m}\x1b[0m\x1b[2m:\x1b[0m com.system76.CosmicPanelAppButton:     visible: false,
[2m1970-01-01T00:00:38.449276Z[0m [32m INFO[0m [1mcosmic-panel[0m[2m:[0m [2mcosmic_session::notifications[0m[2m:[0m \x1b[2m1970-01-01T00:00:38.364770Z\x1b[0m \x1b[32m INFO\x1b[0m \x1b[1mstdout\x1b[0m\x1b[1m{\x1b[0m\x1b[3mclient\x1b[0m\x1b[2m=\x1b[0mInnerClientId { ptr: 0x91cc90d0, alive: true }\x1b[1m}\x1b[0m\x1b[2m:\x1b[0m com.system76.CosmicPanelAppButton:     transparent: true,
[2m1970-01-01T00:00:38.449766Z[0m [32m INFO[0m [1mcosmic-panel[0m[2m:[0m [2mcosmic_session::notifications[0m[2m:[0m \x1b[2m1970-01-01T00:00:38.364828Z\x1b[0m \x1b[32m INFO\x1b[0m \x1b[1mstdout\x1b[0m\x1b[1m{\x1b[0m\x1b[3mclient\x1b[0m\x1b[2m=\x1b[0mInnerClientId { ptr: 0x91cc90d0, alive: true }\x1b[1m}\x1b[0m\x1b[2m:\x1b[0m com.system76.CosmicPanelAppButton:     blur: false,
[2m1970-01-01T00:00:38.449999Z[0m [32m INFO[0m [1mcosmic-panel[0m[2m:[0m [2mcosmic_session::notifications[0m[2m:[0m \x1b[2m1970-01-01T00:00:38.364875Z\x1b[0m \x1b[32m INFO\x1b[0m \x1b[1mstdout\x1b[0m\x1b[1m{\x1b[0m\x1b[3mclient\x1b[0m\x1b[2m=\x1b[0mInnerClientId { ptr: 0x91cc90d0, alive: true }\x1b[1m}\x1b[0m\x1b[2m:\x1b[0m com.system76.CosmicPanelAppButton:     decorations: false,
[2m1970-01-01T00:00:38.451995Z[0m [32m INFO[0m [1mcosmic-panel[0m[2m:[0m [2mcosmic_session::notifications[0m[2m:[0m \x1b[2m1970-01-01T00:00:38.364974Z\x1b[0m \x1b[32m INFO\x1b[0m \x1b[1mstdout\x1b[0m\x1b[1m{\x1b[0m\x1b[3mclient\x1b[0m\x1b[2m=\x1b[0mInnerClientId { ptr: 0x91cc90d0, alive: true }\x1b[1m}\x1b[0m\x1b[2m:\x1b[0m com.system76.CosmicPanelAppButton:     window_icon: None,
[2m1970-01-01T00:00:38.452389Z[0m [32m INFO[0m [1mcosmic-panel[0m[2m:[0m [2mcosmic_session::notifications[0m[2m:[0m \x1b[2m1970-01-01T00:00:38.365030Z\x1b[0m \x1b[32m INFO\x1b[0m \x1b[1mstdout\x1b[0m\x1b[1m{\x1b[0m\x1b[3mclient\x1b[0m\x1b[2m=\x1b[0mInnerClientId { ptr: 0x91cc90d0, alive: true }\x1b[1m}\x1b[0m\x1b[2m:\x1b[0m com.system76.CosmicPanelAppButton:     preferred_theme: None,
[2m1970-01-01T00:00:38.452781Z[0m [32m INFO[0m [1mcosmic-panel[0m[2m:[0m [2mcosmic_session::notifications[0m[2m:[0m \x1b[2m1970-01-01T00:00:38.365102Z\x1b[0m \x1b[32m INFO\x1b[0m \x1b[1mstdout\x1b[0m\x1b[1m{\x1b[0m\x1b[3mclient\x1b[0m\x1b[2m=\x1b[0mInnerClientId { ptr: 0x91cc90d0, alive: true }\x1b[1m}\x1b[0m\x1b[2m:\x1b[0m com.system76.CosmicPanelAppButton:     content_protected: false,
[2m1970-01-01T00:00:38.453152Z[0m [32m INFO[0m [1mcosmic-panel[0m[2m:[0m [2mcosmic_session::notifications[0m[2m:[0m \x1b[2m1970-01-01T00:00:38.365182Z\x1b[0m \x1b[32m INFO\x1b[0m \x1b[1mstdout\x1b[0m\x1b[1m{\x1b[0m\x1b[3mclient\x1b[0m\x1b[2m=\x1b[0mInnerClientId { ptr: 0x91cc90d0, alive: true }\x1b[1m}\x1b[0m\x1b[2m:\x1b[0m com.system76.CosmicPanelAppButton:     window_level: Normal,
[2m1970-01-01T00:00:38.454434Z[0m [32m INFO[0m [1mcosmic-panel[0m[2m:[0m [2mcosmic_session::notifications[0m[2m:[0m \x1b[2m1970-01-01T00:00:38.365236Z\x1b[0m \x1b[32m INFO\x1b[0m \x1b[1mstdout\x1b[0m\x1b[1m{\x1b[0m\x1b[3mclient\x1b[0m\x1b[2m=\x1b[0mInnerClientId { ptr: 0x91cc90d0, alive: true }\x1b[1m}\x1b[0m\x1b[2m:\x1b[0m com.system76.CosmicPanelAppButton:     active: true,
[2m1970-01-01T00:00:38.454855Z[0m [32m INFO[0m [1mcosmic-panel[0m[2m:[0m [2mcosmic_session::notifications[0m[2m:[0m \x1b[2m1970-01-01T00:00:38.365311Z\x1b[0m \x1b[32m INFO\x1b[0m \x1b[1mstdout\x1b[0m\x1b[1m{\x1b[0m\x1b[3mclient\x1b[0m\x1b[2m=\x1b[0mInnerClientId { ptr: 0x91cc90d0, alive: true }\x1b[1m}\x1b[0m\x1b[2m:\x1b[0m com.system76.CosmicPanelAppButton:     cursor: Icon(
[2m1970-01-01T00:00:38.455264Z[0m [32m INFO[0m [1mcosmic-panel[0m[2m:[0m [2mcosmic_session::notifications[0m[2m:[0m \x1b[2m1970-01-01T00:00:38.365473Z\x1b[0m \x1b[32m INFO\x1b[0m \x1b[1mstdout\x1b[0m\x1b[1m{\x1b[0m\x1b[3mclient\x1b[0m\x1b[2m=\x1b[0mInnerClientId { ptr: 0x91cc90d0, alive: true }\x1b[1m}\x1b[0m\x1b[2m:\x1b[0m com.system76.CosmicPanelAppButton:         Default,
[2m1970-01-01T00:00:38.455635Z[0m [32m INFO[0m [1mcosmic-panel[0m[2m:[0m [2mcosmic_session::notifications[0m[2m:[0m \x1b[2m1970-01-01T00:00:38.365648Z\x1b[0m \x1b[32m INFO\x1b[0m \x1b[1mstdout\x1b[0m\x1b[1m{\x1b[0m\x1b[3mclient\x1b[0m\x1b[2m=\x1b[0mInnerClientId { ptr: 0x91cc90d0, alive: true }\x1b[1m}\x1b[0m\x1b[2m:\x1b[0m com.system76.CosmicPanelAppButton:     ),
[2m1970-01-01T00:00:38.456066Z[0m [32m INFO[0m [1mcosmic-panel[0m[2m:[0m [2mcosmic_session::notifications[0m[2m:[0m \x1b[2m1970-01-01T00:00:38.365820Z\x1b[0m \x1b[32m INFO\x1b[0m \x1b[1mstdout\x1b[0m\x1b[1m{\x1b[0m\x1b[3mclient\x1b[0m\x1b[2m=\x1b[0mInnerClientId { ptr: 0x91cc90d0, alive: true }\x1b[1m}\x1b[0m\x1b[2m:\x1b[0m com.system76.CosmicPanelAppButton:     parent_window: None,
[2m1970-01-01T00:00:38.456489Z[0m [32m INFO[0m [1mcosmic-panel[0m[2m:[0m [2mcosmic_session::notifications[0m[2m:[0m \x1b[2m1970-01-01T00:00:38.365878Z\x1b[0m \x1b[32m INFO\x1b[0m \x1b[1mstdout\x1b[0m\x1b[1m{\x1b[0m\x1b[3mclient\x1b[0m\x1b[2m=\x1b[0mInnerClientId { ptr: 0x91cc90d0, alive: true }\x1b[1m}\x1b[0m\x1b[2m:\x1b[0m com.system76.CosmicPanelAppButton:     fullscreen: None,
[2m1970-01-01T00:00:38.457014Z[0m [32m INFO[0m [1mcosmic-panel[0m[2m:[0m [2mcosmic_session::notifications[0m[2m:[0m \x1b[2m1970-01-01T00:00:38.365921Z\x1b[0m \x1b[32m INFO\x1b[0m \x1b[1mstdout\x1b[0m\x1b[1m{\x1b[0m\x1b[3mclient\x1b[0m\x1b[2m=\x1b[0mInnerClientId { ptr: 0x91cc90d0, alive: true }\x1b[1m}\x1b[0m\x1b[2m:\x1b[0m com.system76.CosmicPanelAppButton:     platform: Some(
[2m1970-01-01T00:00:38.457432Z[0m [32m INFO[0m [1mcosmic-panel[0m[2m:[0m [2mcosmic_session::notifications[0m[2m:[0m \x1b[2m1970-01-01T00:00:38.366026Z\x1b[0m \x1b[32m INFO\x1b[0m \x1b[1mstdout\x1b[0m\x1b[1m{\x1b[0m\x1b[3mclient\x1b[0m\x1b[2m=\x1b[0mInnerClientId { ptr: 0x91cc90d0, alive: true }\x1b[1m}\x1b[0m\x1b[2m:\x1b[0m com.system76.CosmicPanelAppButton:         WindowAttributesWayland {
[2m1970-01-01T00:00:38.457890Z[0m [32m INFO[0m [1mcosmic-panel[0m[2m:[0m [2mcosmic_session::notifications[0m[2m:[0m \x1b[2m1970-01-01T00:00:38.366107Z\x1b[0m \x1b[32m INFO\x1b[0m \x1b[1mstdout\x1b[0m\x1b[1m{\x1b[0m\x1b[3mclient\x1b[0m\x1b[2m=\x1b[0mInnerClientId { ptr: 0x91cc90d0, alive: true }\x1b[1m}\x1b[0m\x1b[2m:\x1b[0m com.system76.CosmicPanelAppButton:             name: Some(
[2m1970-01-01T00:00:38.458358Z[0m [32m INFO[0m [1mcosmic-panel[0m[2m:[0m [2mcosmic_session::notifications[0m[2m:[0m \x1b[2m1970-01-01T00:00:38.366158Z\x1b[0m \x1b[32m INFO\x1b[0m \x1b[1mstdout\x1b[0m\x1b[1m{\x1b[0m\x1b[3mclient\x1b[0m\x1b[2m=\x1b[0mInnerClientId { ptr: 0x91cc90d0, alive: true }\x1b[1m}\x1b[0m\x1b[2m:\x1b[0m com.system76.CosmicPanelAppButton:                 ApplicationName {
[2m1970-01-01T00:00:38.458907Z[0m [32m INFO[0m [1mcosmic-panel[0m[2m:[0m [2mcosmic_session::notifications[0m[2m:[0m \x1b[2m1970-01-01T00:00:38.366257Z\x1b[0m \x1b[32m INFO\x1b[0m \x1b[1mstdout\x1b[0m\x1b[1m{\x1b[0m\x1b[3mclient\x1b[0m\x1b[2m=\x1b[0mInnerClientId { ptr: 0x91cc90d0, alive: true }\x1b[1m}\x1b[0m\x1b[2m:\x1b[0m com.system76.CosmicPanelAppButton:                     general: "com.system76.CosmicPanelButton",
[2m1970-01-01T00:00:38.459517Z[0m [32m INFO[0m [1mcosmic-panel[0m[2m:[0m [2mcosmic_session::notifications[0m[2m:[0m \x1b[2m1970-01-01T00:00:38.366428Z\x1b[0m \x1b[32m INFO\x1b[0m \x1b[1mstdout\x1b[0m\x1b[1m{\x1b[0m\x1b[3mclient\x1b[0m\x1b[2m=\x1b[0mInnerClientId { ptr: 0x91cc90d0, alive: true }\x1b[1m}\x1b[0m\x1b[2m:\x1b[0m com.system76.CosmicPanelAppButton:                     instance: "com.system76.CosmicPanelButton",
[2m1970-01-01T00:00:38.490102Z[0m [32m INFO[0m [1mcosmic-panel[0m[2m:[0m [2mcosmic_session::notifications[0m[2m:[0m \x1b[2m1970-01-01T00:00:38.366555Z\x1b[0m \x1b[32m INFO\x1b[0m \x1b[1mstdout\x1b[0m\x1b[1m{\x1b[0m\x1b[3mclient\x1b[0m\x1b[2m=\x1b[0mInnerClientId { ptr: 0x91cc90d0, alive: true }\x1b[1m}\x1b[0m\x1b[2m:\x1b[0m com.system76.CosmicPanelAppButton:                 },
[2m1970-01-01T00:00:38.491096Z[0m [32m INFO[0m [1mcosmic-panel[0m[2m:[0m [2mcosmic_session::notifications[0m[2m:[0m \x1b[2m1970-01-01T00:00:38.366692Z\x1b[0m \x1b[32m INFO\x1b[0m \x1b[1mstdout\x1b[0m\x1b[1m{\x1b[0m\x1b[3mclient\x1b[0m\x1b[2m=\x1b[0mInnerClientId { ptr: 0x91cc90d0, alive: true }\x1b[1m}\x1b[0m\x1b[2m:\x1b[0m com.system76.CosmicPanelAppButton:             ),
[2m1970-01-01T00:00:38.491876Z[0m [32m INFO[0m [1mcosmic-panel[0m[2m:[0m [2mcosmic_session::notifications[0m[2m:[0m \x1b[2m1970-01-01T00:00:38.366830Z\x1b[0m \x1b[32m INFO\x1b[0m \x1b[1mstdout\x1b[0m\x1b[1m{\x1b[0m\x1b[3mclient\x1b[0m\x1b[2m=\x1b[0mInnerClientId { ptr: 0x91cc90d0, alive: true }\x1b[1m}\x1b[0m\x1b[2m:\x1b[0m com.system76.CosmicPanelAppButton:             activation_token: None,
[2m1970-01-01T00:00:38.492816Z[0m [32m INFO[0m [1mcosmic-panel[0m[2m:[0m [2mcosmic_session::notifications[0m[2m:[0m \x1b[2m1970-01-01T00:00:38.366980Z\x1b[0m \x1b[32m INFO\x1b[0m \x1b[1mstdout\x1b[0m\x1b[1m{\x1b[0m\x1b[3mclient\x1b[0m\x1b[2m=\x1b[0mInnerClientId { ptr: 0x91cc90d0, alive: true }\x1b[1m}\x1b[0m\x1b[2m:\x1b[0m com.system76.CosmicPanelAppButton:             prefer_csd: false,
[2m1970-01-01T00:00:38.493227Z[0m [32m INFO[0m [1mcosmic-panel[0m[2m:[0m [2mcosmic_session::notifications[0m[2m:[0m \x1b[2m1970-01-01T00:00:38.367120Z\x1b[0m \x1b[32m INFO\x1b[0m \x1b[1mstdout\x1b[0m\x1b[1m{\x1b[0m\x1b[3mclient\x1b[0m\x1b[2m=\x1b[0mInnerClientId { ptr: 0x91cc90d0, alive: true }\x1b[1m}\x1b[0m\x1b[2m:\x1b[0m com.system76.CosmicPanelAppButton:         },
[2m1970-01-01T00:00:38.493592Z[0m [32m INFO[0m [1mcosmic-panel[0m[2m:[0m [2mcosmic_session::notifications[0m[2m:[0m \x1b[2m1970-01-01T00:00:38.367243Z\x1b[0m \x1b[32m INFO\x1b[0m \x1b[1mstdout\x1b[0m\x1b[1m{\x1b[0m\x1b[3mclient\x1b[0m\x1b[2m=\x1b[0mInnerClientId { ptr: 0x91cc90d0, alive: true }\x1b[1m}\x1b[0m\x1b[2m:\x1b[0m com.system76.CosmicPanelAppButton:     ),
[2m1970-01-01T00:00:38.494096Z[0m [32m INFO[0m [1mcosmic-panel[0m[2m:[0m [2mcosmic_session::notifications[0m[2m:[0m \x1b[2m1970-01-01T00:00:38.367336Z\x1b[0m \x1b[32m INFO\x1b[0m \x1b[1mstdout\x1b[0m\x1b[1m{\x1b[0m\x1b[3mclient\x1b[0m\x1b[2m=\x1b[0mInnerClientId { ptr: 0x91cc90d0, alive: true }\x1b[1m}\x1b[0m\x1b[2m:\x1b[0m com.system76.CosmicPanelAppButton: }
[2m1970-01-01T00:00:38.495175Z[0m [32m INFO[0m [1mcosmic-panel[0m[2m:[0m [2mcosmic_session::notifications[0m[2m:[0m \x1b[2m1970-01-01T00:00:38.367391Z\x1b[0m \x1b[32m INFO\x1b[0m \x1b[1mstdout\x1b[0m\x1b[1m{\x1b[0m\x1b[3mclient\x1b[0m\x1b[2m=\x1b[0mInnerClientId { ptr: 0x91cc90d0, alive: true }\x1b[1m}\x1b[0m\x1b[2m:\x1b[0m com.system76.CosmicPanelAppButton: \x1b[2m1970-01-01T00:00:38.353516Z\x1b[0m \x1b[33m WARN\x1b[0m \x1b[2mwinit_wayland::window::state\x1b[0m\x1b[2m:\x1b[0m `xdg_toplevel_icon_manager_v1` is not supported
[2m1970-01-01T00:00:38.495975Z[0m [32m INFO[0m [1mcosmic-panel[0m[2m:[0m [2mcosmic_session::notifications[0m[2m:[0m \x1b[2m1970-01-01T00:00:38.367534Z\x1b[0m \x1b[32m INFO\x1b[0m \x1b[1mstdout\x1b[0m\x1b[1m{\x1b[0m\x1b[3mclient\x1b[0m\x1b[2m=\x1b[0mInnerClientId { ptr: 0x940e8650, alive: true }\x1b[1m}\x1b[0m\x1b[2m:\x1b[0m com.system76.CosmicPanelLauncherButton: \x1b[2m1970-01-01T00:00:38.353933Z\x1b[0m \x1b[32m INFO\x1b[0m \x1b[2miced_winit\x1b[0m\x1b[2m:\x1b[0m System theme: None
[2m1970-01-01T00:00:38.496555Z[0m [32m INFO[0m [1mcosmic-panel[0m[2m:[0m [2mcosmic_session::notifications[0m[2m:[0m \x1b[2m1970-01-01T00:00:38.429999Z\x1b[0m \x1b[32m INFO\x1b[0m \x1b[1mstdout\x1b[0m\x1b[1m{\x1b[0m\x1b[3mclient\x1b[0m\x1b[2m=\x1b[0mInnerClientId { ptr: 0x940e8650, alive: true }\x1b[1m}\x1b[0m\x1b[2m:\x1b[0m com.system76.CosmicPanelLauncherButton: \x1b[2m1970-01-01T00:00:38.369999Z\x1b[0m \x1b[32m INFO\x1b[0m \x1b[2miced_winit\x1b[0m\x1b[2m:\x1b[0m Window attributes for id `Id(
[2m1970-01-01T00:00:38.497429Z[0m [32m INFO[0m [1mcosmic-panel[0m[2m:[0m [2mcosmic_session::notifications[0m[2m:[0m \x1b[2m1970-01-01T00:00:38.429999Z\x1b[0m \x1b[32m INFO\x1b[0m \x1b[1mstdout\x1b[0m\x1b[1m{\x1b[0m\x1b[3mclient\x1b[0m\x1b[2m=\x1b[0mInnerClientId { ptr: 0x940e8650, alive: true }\x1b[1m}\x1b[0m\x1b[2m:\x1b[0m com.system76.CosmicPanelLauncherButton:     1,
[2m1970-01-01T00:00:38.498127Z[0m [32m INFO[0m [1mcosmic-panel[0m[2m:[0m [2mcosmic_session::notifications[0m[2m:[0m \x1b[2m1970-01-01T00:00:38.429999Z\x1b[0m \x1b[32m INFO\x1b[0m \x1b[1mstdout\x1b[0m\x1b[1m{\x1b[0m\x1b[3mclient\x1b[0m\x1b[2m=\x1b[0mInnerClientId { ptr: 0x940e8650, alive: true }\x1b[1m}\x1b[0m\x1b[2m:\x1b[0m com.system76.CosmicPanelLauncherButton: )`: WindowAttributes {
[2m1970-01-01T00:00:38.498737Z[0m [32m INFO[0m [1mcosmic-panel[0m[2m:[0m [2mcosmic_session::notifications[0m[2m:[0m \x1b[2m1970-01-01T00:00:38.429999Z\x1b[0m \x1b[32m INFO\x1b[0m \x1b[1mstdout\x1b[0m\x1b[1m{\x1b[0m\x1b[3mclient\x1b[0m\x1b[2m=\x1b[0mInnerClientId { ptr: 0x940e8650, alive: true }\x1b[1m}\x1b[0m\x1b[2m:\x1b[0m com.system76.CosmicPanelLauncherButton:     surface_size: Some(
[2m1970-01-01T00:00:38.499378Z[0m [32m INFO[0m [1mcosmic-panel[0m[2m:[0m [2mcosmic_session::notifications[0m[2m:[0m \x1b[2m1970-01-01T00:00:38.429999Z\x1b[0m \x1b[32m INFO\x1b[0m \x1b[1mstdout\x1b[0m\x1b[1m{\x1b[0m\x1b[3mclient\x1b[0m\x1b[2m=\x1b[0mInnerClientId { ptr: 0x940e8650, alive: true }\x1b[1m}\x1b[0m\x1b[2m:\x1b[0m com.system76.CosmicPanelLauncherButton:         Logical(
[2m1970-01-01T00:00:38.499829Z[0m [32m INFO[0m [1mcosmic-panel[0m[2m:[0m [2mcosmic_session::notifications[0m[2m:[0m \x1b[2m1970-01-01T00:00:38.429999Z\x1b[0m \x1b[32m INFO\x1b[0m \x1b[1mstdout\x1b[0m\x1b[1m{\x1b[0m\x1b[3mclient\x1b[0m\x1b[2m=\x1b[0mInnerClientId { ptr: 0x940e8650, alive: true }\x1b[1m}\x1b[0m\x1b[2m:\x1b[0m com.system76.CosmicPanelLauncherButton:             LogicalSize {
[2m1970-01-01T00:00:38.508445Z[0m [32m INFO[0m [1mcosmic-panel[0m[2m:[0m [2mcosmic_session::notifications[0m[2m:[0m \x1b[2m1970-01-01T00:00:38.429999Z\x1b[0m \x1b[32m INFO\x1b[0m \x1b[1mstdout\x1b[0m\x1b[1m{\x1b[0m\x1b[3mclient\x1b[0m\x1b[2m=\x1b[0mInnerClientId { ptr: 0x940e8650, alive: true }\x1b[1m}\x1b[0m\x1b[2m:\x1b[0m com.system76.CosmicPanelLauncherButton:                 width: 72.0,
[2m1970-01-01T00:00:38.508863Z[0m [32m INFO[0m [1mcosmic-panel[0m[2m:[0m [2mcosmic_session::notifications[0m[2m:[0m \x1b[2m1970-01-01T00:00:38.429999Z\x1b[0m \x1b[32m INFO\x1b[0m \x1b[1mstdout\x1b[0m\x1b[1m{\x1b[0m\x1b[3mclient\x1b[0m\x1b[2m=\x1b[0mInnerClientId { ptr: 0x940e8650, alive: true }\x1b[1m}\x1b[0m\x1b[2m:\x1b[0m com.system76.CosmicPanelLauncherButton:                 height: 64.0,
[2m1970-01-01T00:00:38.509164Z[0m [32m INFO[0m [1mcosmic-panel[0m[2m:[0m [2mcosmic_session::notifications[0m[2m:[0m \x1b[2m1970-01-01T00:00:38.429999Z\x1b[0m \x1b[32m INFO\x1b[0m \x1b[1mstdout\x1b[0m\x1b[1m{\x1b[0m\x1b[3mclient\x1b[0m\x1b[2m=\x1b[0mInnerClientId { ptr: 0x940e8650, alive: true }\x1b[1m}\x1b[0m\x1b[2m:\x1b[0m com.system76.CosmicPanelLauncherButton:             },
[2m1970-01-01T00:00:38.509533Z[0m [32m INFO[0m [1mcosmic-panel[0m[2m:[0m [2mcosmic_session::notifications[0m[2m:[0m \x1b[2m1970-01-01T00:00:38.429999Z\x1b[0m \x1b[32m INFO\x1b[0m \x1b[1mstdout\x1b[0m\x1b[1m{\x1b[0m\x1b[3mclient\x1b[0m\x1b[2m=\x1b[0mInnerClientId { ptr: 0x940e8650, alive: true }\x1b[1m}\x1b[0m\x1b[2m:\x1b[0m com.system76.CosmicPanelLauncherButton:         ),
[2m1970-01-01T00:00:38.650448Z[0m [32m INFO[0m [1mcosmic-panel[0m[2m:[0m [2mcosmic_session::notifications[0m[2m:[0m \x1b[2m1970-01-01T00:00:38.429999Z\x1b[0m \x1b[32m INFO\x1b[0m \x1b[1mstdout\x1b[0m\x1b[1m{\x1b[0m\x1b[3mclient\x1b[0m\x1b[2m=\x1b[0mInnerClientId { ptr: 0x940e8650, alive: true }\x1b[1m}\x1b[0m\x1b[2m:\x1b[0m com.system76.CosmicPanelLauncherButton:     ),
[2m1970-01-01T00:00:38.651424Z[0m [32m INFO[0m [1mcosmic-panel[0m[2m:[0m [2mcosmic_session::notifications[0m[2m:[0m \x1b[2m1970-01-01T00:00:38.429999Z\x1b[0m \x1b[32m INFO\x1b[0m \x1b[1mstdout\x1b[0m\x1b[1m{\x1b[0m\x1b[3mclient\x1b[0m\x1b[2m=\x1b[0mInnerClientId { ptr: 0x940e8650, alive: true }\x1b[1m}\x1b[0m\x1b[2m:\x1b[0m com.system76.CosmicPanelLauncherButton:     min_surface_size: Some(
[2m1970-01-01T00:00:38.652359Z[0m [32m INFO[0m [1mcosmic-panel[0m[2m:[0m [2mcosmic_session::notifications[0m[2m:[0m \x1b[2m1970-01-01T00:00:38.429999Z\x1b[0m \x1b[32m INFO\x1b[0m \x1b[1mstdout\x1b[0m\x1b[1m{\x1b[0m\x1b[3mclient\x1b[0m\x1b[2m=\x1b[0mInnerClientId { ptr: 0x940e8650, alive: true }\x1b[1m}\x1b[0m\x1b[2m:\x1b[0m com.system76.CosmicPanelLauncherButton:         Logical(
[2m1970-01-01T00:00:38.653298Z[0m [32m INFO[0m [1mcosmic-panel[0m[2m:[0m [2mcosmic_session::notifications[0m[2m:[0m \x1b[2m1970-01-01T00:00:38.429999Z\x1b[0m \x1b[32m INFO\x1b[0m \x1b[1mstdout\x1b[0m\x1b[1m{\x1b[0m\x1b[3mclient\x1b[0m\x1b[2m=\x1b[0mInnerClientId { ptr: 0x940e8650, alive: true }\x1b[1m}\x1b[0m\x1b[2m:\x1b[0m com.system76.CosmicPanelLauncherButton:             LogicalSize {
[2m1970-01-01T00:00:38.654204Z[0m [32m INFO[0m [1mcosmic-panel[0m[2m:[0m [2mcosmic_session::notifications[0m[2m:[0m \x1b[2m1970-01-01T00:00:38.452593Z\x1b[0m \x1b[32m INFO\x1b[0m \x1b[1mstdout\x1b[0m\x1b[1m{\x1b[0m\x1b[3mclient\x1b[0m\x1b[2m=\x1b[0mInnerClientId { ptr: 0x940e8650, alive: true }\x1b[1m}\x1b[0m\x1b[2m:\x1b[0m com.system76.CosmicPanelLauncherButton:                 width: 72.0,
[2m1970-01-01T00:00:38.655873Z[0m [32m INFO[0m [1mcosmic-panel[0m[2m:[0m [2mcosmic_session::notifications[0m[2m:[0m \x1b[2m1970-01-01T00:00:38.452761Z\x1b[0m \x1b[32m INFO\x1b[0m \x1b[1mstdout\x1b[0m\x1b[1m{\x1b[0m\x1b[3mclient\x1b[0m\x1b[2m=\x1b[0mInnerClientId { ptr: 0x940e8650, alive: true }\x1b[1m}\x1b[0m\x1b[2m:\x1b[0m com.system76.CosmicPanelLauncherButton:                 height: 64.0,
[2m1970-01-01T00:00:38.656777Z[0m [32m INFO[0m [1mcosmic-panel[0m[2m:[0m [2mcosmic_session::notifications[0m[2m:[0m \x1b[2m1970-01-01T00:00:38.452862Z\x1b[0m \x1b[32m INFO\x1b[0m \x1b[1mstdout\x1b[0m\x1b[1m{\x1b[0m\x1b[3mclient\x1b[0m\x1b[2m=\x1b[0mInnerClientId { ptr: 0x940e8650, alive: true }\x1b[1m}\x1b[0m\x1b[2m:\x1b[0m com.system76.CosmicPanelLauncherButton:             },
[2m1970-01-01T00:00:38.657650Z[0m [32m INFO[0m [1mcosmic-panel[0m[2m:[0m [2mcosmic_session::notifications[0m[2m:[0m \x1b[2m1970-01-01T00:00:38.453033Z\x1b[0m \x1b[32m INFO\x1b[0m \x1b[1mstdout\x1b[0m\x1b[1m{\x1b[0m\x1b[3mclient\x1b[0m\x1b[2m=\x1b[0mInnerClientId { ptr: 0x940e8650, alive: true }\x1b[1m}\x1b[0m\x1b[2m:\x1b[0m com.system76.CosmicPanelLauncherButton:         ),
[2m1970-01-01T00:00:38.658524Z[0m [32m INFO[0m [1mcosmic-panel[0m[2m:[0m [2mcosmic_session::notifications[0m[2m:[0m \x1b[2m1970-01-01T00:00:38.453166Z\x1b[0m \x1b[32m INFO\x1b[0m \x1b[1mstdout\x1b[0m\x1b[1m{\x1b[0m\x1b[3mclient\x1b[0m\x1b[2m=\x1b[0mInnerClientId { ptr: 0x940e8650, alive: true }\x1b[1m}\x1b[0m\x1b[2m:\x1b[0m com.system76.CosmicPanelLauncherButton:     ),
[2m1970-01-01T00:00:38.659378Z[0m [32m INFO[0m [1mcosmic-panel[0m[2m:[0m [2mcosmic_session::notifications[0m[2m:[0m \x1b[2m1970-01-01T00:00:38.453489Z\x1b[0m \x1b[32m INFO\x1b[0m \x1b[1mstdout\x1b[0m\x1b[1m{\x1b[0m\x1b[3mclient\x1b[0m\x1b[2m=\x1b[0mInnerClientId { ptr: 0x940e8650, alive: true }\x1b[1m}\x1b[0m\x1b[2m:\x1b[0m com.system76.CosmicPanelLauncherButton:     max_surface_size: None,
[2m1970-01-01T00:00:38.659999Z[0m [32m INFO[0m [1mcosmic-panel[0m[2m:[0m [2mcosmic_session::notifications[0m[2m:[0m \x1b[2m1970-01-01T00:00:38.453625Z\x1b[0m \x1b[32m INFO\x1b[0m \x1b[1mstdout\x1b[0m\x1b[1m{\x1b[0m\x1b[3mclient\x1b[0m\x1b[2m=\x1b[0mInnerClientId { ptr: 0x940e8650, alive: true }\x1b[1m}\x1b[0m\x1b[2m:\x1b[0m com.system76.CosmicPanelLauncherButton:     surface_resize_increments: None,
[2m1970-01-01T00:00:38.699999Z[0m [32m INFO[0m [1mcosmic-panel[0m[2m:[0m [2mcosmic_session::notifications[0m[2m:[0m \x1b[2m1970-01-01T00:00:38.453687Z\x1b[0m \x1b[32m INFO\x1b[0m \x1b[1mstdout\x1b[0m\x1b[1m{\x1b[0m\x1b[3mclient\x1b[0m\x1b[2m=\x1b[0mInnerClientId { ptr: 0x940e8650, alive: true }\x1b[1m}\x1b[0m\x1b[2m:\x1b[0m com.system76.CosmicPanelLauncherButton:     position: None,
[2m1970-01-01T00:00:38.699999Z[0m [32m INFO[0m [1mcosmic-panel[0m[2m:[0m [2mcosmic_session::notifications[0m[2m:[0m \x1b[2m1970-01-01T00:00:38.453750Z\x1b[0m \x1b[32m INFO\x1b[0m \x1b[1mstdout\x1b[0m\x1b[1m{\x1b[0m\x1b[3mclient\x1b[0m\x1b[2m=\x1b[0mInnerClientId { ptr: 0x940e8650, alive: true }\x1b[1m}\x1b[0m\x1b[2m:\x1b[0m com.system76.CosmicPanelLauncherButton:     resizable: false,
[2m1970-01-01T00:00:38.699999Z[0m [32m INFO[0m [1mcosmic-panel[0m[2m:[0m [2mcosmic_session::notifications[0m[2m:[0m \x1b[2m1970-01-01T00:00:38.453811Z\x1b[0m \x1b[32m INFO\x1b[0m \x1b[1mstdout\x1b[0m\x1b[1m{\x1b[0m\x1b[3mclient\x1b[0m\x1b[2m=\x1b[0mInnerClientId { ptr: 0x940e8650, alive: true }\x1b[1m}\x1b[0m\x1b[2m:\x1b[0m com.system76.CosmicPanelLauncherButton:     enabled_buttons: WindowButtons(
[2m1970-01-01T00:00:38.699999Z[0m [32m INFO[0m [1mcosmic-panel[0m[2m:[0m [2mcosmic_session::notifications[0m[2m:[0m \x1b[2m1970-01-01T00:00:38.453859Z\x1b[0m \x1b[32m INFO\x1b[0m \x1b[1mstdout\x1b[0m\x1b[1m{\x1b[0m\x1b[3mclient\x1b[0m\x1b[2m=\x1b[0mInnerClientId { ptr: 0x940e8650, alive: true }\x1b[1m}\x1b[0m\x1b[2m:\x1b[0m com.system76.CosmicPanelLauncherButton:         CLOSE | MINIMIZE,
[2m1970-01-01T00:00:38.699999Z[0m [32m INFO[0m [1mcosmic-panel[0m[2m:[0m [2mcosmic_session::notifications[0m[2m:[0m \x1b[2m1970-01-01T00:00:38.453910Z\x1b[0m \x1b[32m INFO\x1b[0m \x1b[1mstdout\x1b[0m\x1b[1m{\x1b[0m\x1b[3mclient\x1b[0m\x1b[2m=\x1b[0mInnerClientId { ptr: 0x940e8650, alive: true }\x1b[1m}\x1b[0m\x1b[2m:\x1b[0m com.system76.CosmicPanelLauncherButton:     ),
[2m1970-01-01T00:00:38.699999Z[0m [32m INFO[0m [1mcosmic-panel[0m[2m:[0m [2mcosmic_session::notifications[0m[2m:[0m \x1b[2m1970-01-01T00:00:38.453973Z\x1b[0m \x1b[32m INFO\x1b[0m \x1b[1mstdout\x1b[0m\x1b[1m{\x1b[0m\x1b[3mclient\x1b[0m\x1b[2m=\x1b[0mInnerClientId { ptr: 0x940e8650, alive: true }\x1b[1m}\x1b[0m\x1b[2m:\x1b[0m com.system76.CosmicPanelLauncherButton:     title: "Cosmic - Iced",
[2m1970-01-01T00:00:38.699999Z[0m [32m INFO[0m [1mcosmic-panel[0m[2m:[0m [2mcosmic_session::notifications[0m[2m:[0m \x1b[2m1970-01-01T00:00:38.454045Z\x1b[0m \x1b[32m INFO\x1b[0m \x1b[1mstdout\x1b[0m\x1b[1m{\x1b[0m\x1b[3mclient\x1b[0m\x1b[2m=\x1b[0mInnerClientId { ptr: 0x940e8650, alive: true }\x1b[1m}\x1b[0m\x1b[2m:\x1b[0m com.system76.CosmicPanelLauncherButton:     maximized: false,
[2m1970-01-01T00:00:38.699999Z[0m [32m INFO[0m [1mcosmic-panel[0m[2m:[0m [2mcosmic_session::notifications[0m[2m:[0m \x1b[2m1970-01-01T00:00:38.454155Z\x1b[0m \x1b[32m INFO\x1b[0m \x1b[1mstdout\x1b[0m\x1b[1m{\x1b[0m\x1b[3mclient\x1b[0m\x1b[2m=\x1b[0mInnerClientId { ptr: 0x940e8650, alive: true }\x1b[1m}\x1b[0m\x1b[2m:\x1b[0m com.system76.CosmicPanelLauncherButton:     visible: false,
[2m1970-01-01T00:00:38.699999Z[0m [32m INFO[0m [1mcosmic-panel[0m[2m:[0m [2mcosmic_session::notifications[0m[2m:[0m \x1b[2m1970-01-01T00:00:38.454246Z\x1b[0m \x1b[32m INFO\x1b[0m \x1b[1mstdout\x1b[0m\x1b[1m{\x1b[0m\x1b[3mclient\x1b[0m\x1b[2m=\x1b[0mInnerClientId { ptr: 0x940e8650, alive: true }\x1b[1m}\x1b[0m\x1b[2m:\x1b[0m com.system76.CosmicPanelLauncherButton:     transparent: true,
[2m1970-01-01T00:00:38.699999Z[0m [32m INFO[0m [1mcosmic-panel[0m[2m:[0m [2mcosmic_session::notifications[0m[2m:[0m \x1b[2m1970-01-01T00:00:38.454310Z\x1b[0m \x1b[32m INFO\x1b[0m \x1b[1mstdout\x1b[0m\x1b[1m{\x1b[0m\x1b[3mclient\x1b[0m\x1b[2m=\x1b[0mInnerClientId { ptr: 0x940e8650, alive: true }\x1b[1m}\x1b[0m\x1b[2m:\x1b[0m com.system76.CosmicPanelLauncherButton:     blur: false,
[2m1970-01-01T00:00:38.699999Z[0m [32m INFO[0m [1mcosmic-panel[0m[2m:[0m [2mcosmic_session::notifications[0m[2m:[0m \x1b[2m1970-01-01T00:00:38.454401Z\x1b[0m \x1b[32m INFO\x1b[0m \x1b[1mstdout\x1b[0m\x1b[1m{\x1b[0m\x1b[3mclient\x1b[0m\x1b[2m=\x1b[0mInnerClientId { ptr: 0x940e8650, alive: true }\x1b[1m}\x1b[0m\x1b[2m:\x1b[0m com.system76.CosmicPanelLauncherButton:     decorations: false,
[2m1970-01-01T00:00:38.699999Z[0m [32m INFO[0m [1mcosmic-panel[0m[2m:[0m [2mcosmic_session::notifications[0m[2m:[0m \x1b[2m1970-01-01T00:00:38.454468Z\x1b[0m \x1b[32m INFO\x1b[0m \x1b[1mstdout\x1b[0m\x1b[1m{\x1b[0m\x1b[3mclient\x1b[0m\x1b[2m=\x1b[0mInnerClientId { ptr: 0x940e8650, alive: true }\x1b[1m}\x1b[0m\x1b[2m:\x1b[0m com.system76.CosmicPanelLauncherButton:     window_icon: None,
[2m1970-01-01T00:00:38.699999Z[0m [33m WARN[0m [1mcosmic-idle[0m[2m:[0m [2mcosmic_session[0m[2m:[0m [1970-01-01T00:00:38Z INFO  tracing::span] read_socket;
[2m1970-01-01T00:00:38.699999Z[0m [32m INFO[0m [1mcosmic-panel[0m[2m:[0m [2mcosmic_session::notifications[0m[2m:[0m \x1b[2m1970-01-01T00:00:38.454767Z\x1b[0m \x1b[32m INFO\x1b[0m \x1b[1mstdout\x1b[0m\x1b[1m{\x1b[0m\x1b[3mclient\x1b[0m\x1b[2m=\x1b[0mInnerClientId { ptr: 0x940e8650, alive: true }\x1b[1m}\x1b[0m\x1b[2m:\x1b[0m com.system76.CosmicPanelLauncherButton:     preferred_theme: None,
[2m1970-01-01T00:00:38.699999Z[0m [32m INFO[0m [1mcosmic-panel[0m[2m:[0m [2mcosmic_session::notifications[0m[2m:[0m \x1b[2m1970-01-01T00:00:38.454912Z\x1b[0m \x1b[32m INFO\x1b[0m \x1b[1mstdout\x1b[0m\x1b[1m{\x1b[0m\x1b[3mclient\x1b[0m\x1b[2m=\x1b[0mInnerClientId { ptr: 0x940e8650, alive: true }\x1b[1m}\x1b[0m\x1b[2m:\x1b[0m com.system76.CosmicPanelLauncherButton:     content_protected: false,
[2m1970-01-01T00:00:38.699999Z[0m [32m INFO[0m [1mcosmic-panel[0m[2m:[0m [2mcosmic_session::notifications[0m[2m:[0m \x1b[2m1970-01-01T00:00:38.455076Z\x1b[0m \x1b[32m INFO\x1b[0m \x1b[1mstdout\x1b[0m\x1b[1m{\x1b[0m\x1b[3mclient\x1b[0m\x1b[2m=\x1b[0mInnerClientId { ptr: 0x940e8650, alive: true }\x1b[1m}\x1b[0m\x1b[2m:\x1b[0m com.system76.CosmicPanelLauncherButton:     window_level: Normal,
[2m1970-01-01T00:00:38.699999Z[0m [32m INFO[0m [1mcosmic-panel[0m[2m:[0m [2mcosmic_session::notifications[0m[2m:[0m \x1b[2m1970-01-01T00:00:38.455244Z\x1b[0m \x1b[32m INFO\x1b[0m \x1b[1mstdout\x1b[0m\x1b[1m{\x1b[0m\x1b[3mclient\x1b[0m\x1b[2m=\x1b[0mInnerClientId { ptr: 0x940e8650, alive: true }\x1b[1m}\x1b[0m\x1b[2m:\x1b[0m com.system76.CosmicPanelLauncherButton:     active: true,
[2m1970-01-01T00:00:38.699999Z[0m [32m INFO[0m [1mcosmic-panel[0m[2m:[0m [2mcosmic_session::notifications[0m[2m:[0m \x1b[2m1970-01-01T00:00:38.455314Z\x1b[0m \x1b[32m INFO\x1b[0m \x1b[1mstdout\x1b[0m\x1b[1m{\x1b[0m\x1b[3mclient\x1b[0m\x1b[2m=\x1b[0mInnerClientId { ptr: 0x940e8650, alive: true }\x1b[1m}\x1b[0m\x1b[2m:\x1b[0m com.system76.CosmicPanelLauncherButton:     cursor: Icon(
[2m1970-01-01T00:00:38.699999Z[0m [32m INFO[0m [1mcosmic-panel[0m[2m:[0m [2mcosmic_session::notifications[0m[2m:[0m \x1b[2m1970-01-01T00:00:38.455500Z\x1b[0m \x1b[32m INFO\x1b[0m \x1b[1mstdout\x1b[0m\x1b[1m{\x1b[0m\x1b[3mclient\x1b[0m\x1b[2m=\x1b[0mInnerClientId { ptr: 0x940e8650, alive: true }\x1b[1m}\x1b[0m\x1b[2m:\x1b[0m com.system76.CosmicPanelLauncherButton:         Default,
[2m1970-01-01T00:00:38.699999Z[0m [32m INFO[0m [1mcosmic-panel[0m[2m:[0m [2mcosmic_session::notifications[0m[2m:[0m \x1b[2m1970-01-01T00:00:38.455644Z\x1b[0m \x1b[32m INFO\x1b[0m \x1b[1mstdout\x1b[0m\x1b[1m{\x1b[0m\x1b[3mclient\x1b[0m\x1b[2m=\x1b[0mInnerClientId { ptr: 0x940e8650, alive: true }\x1b[1m}\x1b[0m\x1b[2m:\x1b[0m com.system76.CosmicPanelLauncherButton:     ),
[2m1970-01-01T00:00:38.699999Z[0m [32m INFO[0m [1mcosmic-panel[0m[2m:[0m [2mcosmic_session::notifications[0m[2m:[0m \x1b[2m1970-01-01T00:00:38.455778Z\x1b[0m \x1b[32m INFO\x1b[0m \x1b[1mstdout\x1b[0m\x1b[1m{\x1b[0m\x1b[3mclient\x1b[0m\x1b[2m=\x1b[0mInnerClientId { ptr: 0x940e8650, alive: true }\x1b[1m}\x1b[0m\x1b[2m:\x1b[0m com.system76.CosmicPanelLauncherButton:     parent_window: None,
[2m1970-01-01T00:00:38.699999Z[0m [32m INFO[0m [1mcosmic-panel[0m[2m:[0m [2mcosmic_session::notifications[0m[2m:[0m \x1b[2m1970-01-01T00:00:38.456048Z\x1b[0m \x1b[32m INFO\x1b[0m \x1b[1mstdout\x1b[0m\x1b[1m{\x1b[0m\x1b[3mclient\x1b[0m\x1b[2m=\x1b[0mInnerClientId { ptr: 0x940e8650, alive: true }\x1b[1m}\x1b[0m\x1b[2m:\x1b[0m com.system76.CosmicPanelLauncherButton:     fullscreen: None,
[2m1970-01-01T00:00:38.699999Z[0m [32m INFO[0m [1mcosmic-panel[0m[2m:[0m [2mcosmic_session::notifications[0m[2m:[0m \x1b[2m1970-01-01T00:00:38.456102Z\x1b[0m \x1b[32m INFO\x1b[0m \x1b[1mstdout\x1b[0m\x1b[1m{\x1b[0m\x1b[3mclient\x1b[0m\x1b[2m=\x1b[0mInnerClientId { ptr: 0x940e8650, alive: true }\x1b[1m}\x1b[0m\x1b[2m:\x1b[0m com.system76.CosmicPanelLauncherButton:     platform: Some(
[2m1970-01-01T00:00:38.699999Z[0m [32m INFO[0m [1mcosmic-panel[0m[2m:[0m [2mcosmic_session::notifications[0m[2m:[0m \x1b[2m1970-01-01T00:00:38.456232Z\x1b[0m \x1b[32m INFO\x1b[0m \x1b[1mstdout\x1b[0m\x1b[1m{\x1b[0m\x1b[3mclient\x1b[0m\x1b[2m=\x1b[0mInnerClientId { ptr: 0x940e8650, alive: true }\x1b[1m}\x1b[0m\x1b[2m:\x1b[0m com.system76.CosmicPanelLauncherButton:         WindowAttributesWayland {
[2m1970-01-01T00:00:38.699999Z[0m [32m INFO[0m [1mcosmic-panel[0m[2m:[0m [2mcosmic_session::notifications[0m[2m:[0m \x1b[2m1970-01-01T00:00:38.456429Z\x1b[0m \x1b[32m INFO\x1b[0m \x1b[1mstdout\x1b[0m\x1b[1m{\x1b[0m\x1b[3mclient\x1b[0m\x1b[2m=\x1b[0mInnerClientId { ptr: 0x940e8650, alive: true }\x1b[1m}\x1b[0m\x1b[2m:\x1b[0m com.system76.CosmicPanelLauncherButton:             name: Some(
[2m1970-01-01T00:00:38.699999Z[0m [32m INFO[0m [1mcosmic-panel[0m[2m:[0m [2mcosmic_session::notifications[0m[2m:[0m \x1b[2m1970-01-01T00:00:38.456583Z\x1b[0m \x1b[32m INFO\x1b[0m \x1b[1mstdout\x1b[0m\x1b[1m{\x1b[0m\x1b[3mclient\x1b[0m\x1b[2m=\x1b[0mInnerClientId { ptr: 0x940e8650, alive: true }\x1b[1m}\x1b[0m\x1b[2m:\x1b[0m com.system76.CosmicPanelLauncherButton:                 ApplicationName {
[2m1970-01-01T00:00:38.699999Z[0m [32m INFO[0m [1mcosmic-panel[0m[2m:[0m [2mcosmic_session::notifications[0m[2m:[0m \x1b[2m1970-01-01T00:00:38.456650Z\x1b[0m \x1b[32m INFO\x1b[0m \x1b[1mstdout\x1b[0m\x1b[1m{\x1b[0m\x1b[3mclient\x1b[0m\x1b[2m=\x1b[0mInnerClientId { ptr: 0x940e8650, alive: true }\x1b[1m}\x1b[0m\x1b[2m:\x1b[0m com.system76.CosmicPanelLauncherButton:                     general: "com.system76.CosmicPanelButton",
[2m1970-01-01T00:00:38.699999Z[0m [32m INFO[0m [1mcosmic-panel[0m[2m:[0m [2mcosmic_session::notifications[0m[2m:[0m \x1b[2m1970-01-01T00:00:38.456958Z\x1b[0m \x1b[32m INFO\x1b[0m \x1b[1mstdout\x1b[0m\x1b[1m{\x1b[0m\x1b[3mclient\x1b[0m\x1b[2m=\x1b[0mInnerClientId { ptr: 0x940e8650, alive: true }\x1b[1m}\x1b[0m\x1b[2m:\x1b[0m com.system76.CosmicPanelLauncherButton:                     instance: "com.system76.CosmicPanelButton",
[2m1970-01-01T00:00:38.699999Z[0m [32m INFO[0m [1mcosmic-panel[0m[2m:[0m [2mcosmic_session::notifications[0m[2m:[0m \x1b[2m1970-01-01T00:00:38.457038Z\x1b[0m \x1b[32m INFO\x1b[0m \x1b[1mstdout\x1b[0m\x1b[1m{\x1b[0m\x1b[3mclient\x1b[0m\x1b[2m=\x1b[0mInnerClientId { ptr: 0x940e8650, alive: true }\x1b[1m}\x1b[0m\x1b[2m:\x1b[0m com.system76.CosmicPanelLauncherButton:                 },
[2m1970-01-01T00:00:38.699999Z[0m [32m INFO[0m [1mcosmic-panel[0m[2m:[0m [2mcosmic_session::notifications[0m[2m:[0m \x1b[2m1970-01-01T00:00:38.457107Z\x1b[0m \x1b[32m INFO\x1b[0m \x1b[1mstdout\x1b[0m\x1b[1m{\x1b[0m\x1b[3mclient\x1b[0m\x1b[2m=\x1b[0mInnerClientId { ptr: 0x940e8650, alive: true }\x1b[1m}\x1b[0m\x1b[2m:\x1b[0m com.system76.CosmicPanelLauncherButton:             ),
[2m1970-01-01T00:00:38.699999Z[0m [32m INFO[0m [1mcosmic-panel[0m[2m:[0m [2mcosmic_session::notifications[0m[2m:[0m \x1b[2m1970-01-01T00:00:38.457235Z\x1b[0m \x1b[32m INFO\x1b[0m \x1b[1mstdout\x1b[0m\x1b[1m{\x1b[0m\x1b[3mclient\x1b[0m\x1b[2m=\x1b[0mInnerClientId { ptr: 0x940e8650, alive: true }\x1b[1m}\x1b[0m\x1b[2m:\x1b[0m com.system76.CosmicPanelLauncherButton:             activation_token: None,
[2m1970-01-01T00:00:38.699999Z[0m [32m INFO[0m [1mcosmic-panel[0m[2m:[0m [2mcosmic_session::notifications[0m[2m:[0m \x1b[2m1970-01-01T00:00:38.457446Z\x1b[0m \x1b[32m INFO\x1b[0m \x1b[1mstdout\x1b[0m\x1b[1m{\x1b[0m\x1b[3mclient\x1b[0m\x1b[2m=\x1b[0mInnerClientId { ptr: 0x940e8650, alive: true }\x1b[1m}\x1b[0m\x1b[2m:\x1b[0m com.system76.CosmicPanelLauncherButton:             prefer_csd: false,
[2m1970-01-01T00:00:38.699999Z[0m [32m INFO[0m [1mcosmic-panel[0m[2m:[0m [2mcosmic_session::notifications[0m[2m:[0m \x1b[2m1970-01-01T00:00:38.457642Z\x1b[0m \x1b[32m INFO\x1b[0m \x1b[1mstdout\x1b[0m\x1b[1m{\x1b[0m\x1b[3mclient\x1b[0m\x1b[2m=\x1b[0mInnerClientId { ptr: 0x940e8650, alive: true }\x1b[1m}\x1b[0m\x1b[2m:\x1b[0m com.system76.CosmicPanelLauncherButton:         },
[2m1970-01-01T00:00:38.699999Z[0m [32m INFO[0m [1mcosmic-panel[0m[2m:[0m [2mcosmic_session::notifications[0m[2m:[0m \x1b[2m1970-01-01T00:00:38.457727Z\x1b[0m \x1b[32m INFO\x1b[0m \x1b[1mstdout\x1b[0m\x1b[1m{\x1b[0m\x1b[3mclient\x1b[0m\x1b[2m=\x1b[0mInnerClientId { ptr: 0x940e8650, alive: true }\x1b[1m}\x1b[0m\x1b[2m:\x1b[0m com.system76.CosmicPanelLauncherButton:     ),
[2m1970-01-01T00:00:38.699999Z[0m [32m INFO[0m [1mcosmic-panel[0m[2m:[0m [2mcosmic_session::notifications[0m[2m:[0m \x1b[2m1970-01-01T00:00:38.457917Z\x1b[0m \x1b[32m INFO\x1b[0m \x1b[1mstdout\x1b[0m\x1b[1m{\x1b[0m\x1b[3mclient\x1b[0m\x1b[2m=\x1b[0mInnerClientId { ptr: 0x940e8650, alive: true }\x1b[1m}\x1b[0m\x1b[2m:\x1b[0m com.system76.CosmicPanelLauncherButton: }
[2m1970-01-01T00:00:38.699999Z[0m [32m INFO[0m [1mcosmic-panel[0m[2m:[0m [2mcosmic_session::notifications[0m[2m:[0m \x1b[2m1970-01-01T00:00:38.458055Z\x1b[0m \x1b[32m INFO\x1b[0m \x1b[1mstdout\x1b[0m\x1b[1m{\x1b[0m\x1b[3mclient\x1b[0m\x1b[2m=\x1b[0mInnerClientId { ptr: 0x940e8650, alive: true }\x1b[1m}\x1b[0m\x1b[2m:\x1b[0m com.system76.CosmicPanelLauncherButton: \x1b[2m1970-01-01T00:00:38.394829Z\x1b[0m \x1b[33m WARN\x1b[0m \x1b[2mwinit_wayland::window::state\x1b[0m\x1b[2m:\x1b[0m `xdg_toplevel_icon_manager_v1` is not supported
[2m1970-01-01T00:00:38.699999Z[0m [32m INFO[0m [1mcosmic-panel[0m[2m:[0m [2mcosmic_session::notifications[0m[2m:[0m \x1b[2m1970-01-01T00:00:38.458948Z\x1b[0m \x1b[32m INFO\x1b[0m \x1b[1mstdout\x1b[0m\x1b[1m{\x1b[0m\x1b[3mclient\x1b[0m\x1b[2m=\x1b[0mInnerClientId { ptr: 0x940e8650, alive: true }\x1b[1m}\x1b[0m\x1b[2m:\x1b[0m com.system76.CosmicPanelLauncherButton: \x1b[2m1970-01-01T00:00:38.457519Z\x1b[0m \x1b[32m INFO\x1b[0m \x1b[2miced_winit::platform_specific::wayland::event_loop\x1b[0m\x1b[2m:\x1b[0m SCTK setup complete.
[2m1970-01-01T00:00:38.699999Z[0m [32m INFO[0m [1mcosmic-panel[0m[2m:[0m [2mcosmic_session::notifications[0m[2m:[0m \x1b[2m1970-01-01T00:00:38.477433Z\x1b[0m \x1b[32m INFO\x1b[0m \x1b[1mstdout\x1b[0m\x1b[1m{\x1b[0m\x1b[3mclient\x1b[0m\x1b[2m=\x1b[0mInnerClientId { ptr: 0x940e8290, alive: true }\x1b[1m}\x1b[0m\x1b[2m:\x1b[0m com.system76.CosmicPanelWorkspacesButton: \x1b[2m1970-01-01T00:00:38.474462Z\x1b[0m \x1b[32m INFO\x1b[0m \x1b[2miced_winit\x1b[0m\x1b[2m:\x1b[0m System theme: None
[2m1970-01-01T00:00:38.699999Z[0m [32m INFO[0m [1mcosmic-panel[0m[2m:[0m [2mcosmic_session::notifications[0m[2m:[0m \x1b[2m1970-01-01T00:00:38.519999Z\x1b[0m \x1b[32m INFO\x1b[0m \x1b[1mstdout\x1b[0m\x1b[1m{\x1b[0m\x1b[3mclient\x1b[0m\x1b[2m=\x1b[0mInnerClientId { ptr: 0x940e8290, alive: true }\x1b[1m}\x1b[0m\x1b[2m:\x1b[0m com.system76.CosmicPanelWorkspacesButton: \x1b[2m1970-01-01T00:00:38.515222Z\x1b[0m \x1b[32m INFO\x1b[0m \x1b[2miced_winit::platform_specific::wayland::event_loop\x1b[0m\x1b[2m:\x1b[0m SCTK setup complete.
[2m1970-01-01T00:00:38.699999Z[0m [32m INFO[0m [1mcosmic-panel[0m[2m:[0m [2mcosmic_session::notifications[0m[2m:[0m \x1b[2m1970-01-01T00:00:38.533494Z\x1b[0m \x1b[32m INFO\x1b[0m \x1b[1mstdout\x1b[0m\x1b[1m{\x1b[0m\x1b[3mclient\x1b[0m\x1b[2m=\x1b[0mInnerClientId { ptr: 0x91cc9e80, alive: true }\x1b[1m}\x1b[0m\x1b[2m:\x1b[0m com.system76.CosmicAppletTiling: \x1b[2m1970-01-01T00:00:38.532738Z\x1b[0m \x1b[32m INFO\x1b[0m \x1b[2miced_winit\x1b[0m\x1b[2m:\x1b[0m System theme: None
[2m1970-01-01T00:00:38.699999Z[0m [32m INFO[0m [1mcosmic-panel[0m[2m:[0m [2mcosmic_session::notifications[0m[2m:[0m \x1b[2m1970-01-01T00:00:38.539986Z\x1b[0m \x1b[32m INFO\x1b[0m \x1b[1mstdout\x1b[0m\x1b[1m{\x1b[0m\x1b[3mclient\x1b[0m\x1b[2m=\x1b[0mInnerClientId { ptr: 0x91cc9e80, alive: true }\x1b[1m}\x1b[0m\x1b[2m:\x1b[0m com.system76.CosmicAppletTiling: \x1b[2m1970-01-01T00:00:38.535332Z\x1b[0m \x1b[32m INFO\x1b[0m \x1b[2miced_winit\x1b[0m\x1b[2m:\x1b[0m Window attributes for id `Id(
[2m1970-01-01T00:00:38.699999Z[0m [32m INFO[0m [1mcosmic-panel[0m[2m:[0m [2mcosmic_session::notifications[0m[2m:[0m \x1b[2m1970-01-01T00:00:38.539999Z\x1b[0m \x1b[32m INFO\x1b[0m \x1b[1mstdout\x1b[0m\x1b[1m{\x1b[0m\x1b[3mclient\x1b[0m\x1b[2m=\x1b[0mInnerClientId { ptr: 0x91cc9e80, alive: true }\x1b[1m}\x1b[0m\x1b[2m:\x1b[0m com.system76.CosmicAppletTiling:     1,
[2m1970-01-01T00:00:38.699999Z[0m [32m INFO[0m [1mcosmic-panel[0m[2m:[0m [2mcosmic_session::notifications[0m[2m:[0m \x1b[2m1970-01-01T00:00:38.539999Z\x1b[0m \x1b[32m INFO\x1b[0m \x1b[1mstdout\x1b[0m\x1b[1m{\x1b[0m\x1b[3mclient\x1b[0m\x1b[2m=\x1b[0mInnerClientId { ptr: 0x91cc9e80, alive: true }\x1b[1m}\x1b[0m\x1b[2m:\x1b[0m com.system76.CosmicAppletTiling: )`: WindowAttributes {
[2m1970-01-01T00:00:38.699999Z[0m [32m INFO[0m [1mcosmic-panel[0m[2m:[0m [2mcosmic_session::notifications[0m[2m:[0m \x1b[2m1970-01-01T00:00:38.539999Z\x1b[0m \x1b[32m INFO\x1b[0m \x1b[1mstdout\x1b[0m\x1b[1m{\x1b[0m\x1b[3mclient\x1b[0m\x1b[2m=\x1b[0mInnerClientId { ptr: 0x91cc9e80, alive: true }\x1b[1m}\x1b[0m\x1b[2m:\x1b[0m com.system76.CosmicAppletTiling:     surface_size: Some(
[2m1970-01-01T00:00:38.699999Z[0m [32m INFO[0m [1mcosmic-panel[0m[2m:[0m [2mcosmic_session::notifications[0m[2m:[0m \x1b[2m1970-01-01T00:00:38.539999Z\x1b[0m \x1b[32m INFO\x1b[0m \x1b[1mstdout\x1b[0m\x1b[1m{\x1b[0m\x1b[3mclient\x1b[0m\x1b[2m=\x1b[0mInnerClientId { ptr: 0x91cc9e80, alive: true }\x1b[1m}\x1b[0m\x1b[2m:\x1b[0m com.system76.CosmicAppletTiling:         Logical(
[2m1970-01-01T00:00:38.699999Z[0m [32m INFO[0m [1mcosmic-panel[0m[2m:[0m [2mcosmic_session::notifications[0m[2m:[0m \x1b[2m1970-01-01T00:00:38.539999Z\x1b[0m \x1b[32m INFO\x1b[0m \x1b[1mstdout\x1b[0m\x1b[1m{\x1b[0m\x1b[3mclient\x1b[0m\x1b[2m=\x1b[0mInnerClientId { ptr: 0x91cc9e80, alive: true }\x1b[1m}\x1b[0m\x1b[2m:\x1b[0m com.system76.CosmicAppletTiling:             LogicalSize {
[2m1970-01-01T00:00:38.699999Z[0m [32m INFO[0m [1mcosmic-panel[0m[2m:[0m [2mcosmic_session::notifications[0m[2m:[0m \x1b[2m1970-01-01T00:00:38.539999Z\x1b[0m \x1b[32m INFO\x1b[0m \x1b[1mstdout\x1b[0m\x1b[1m{\x1b[0m\x1b[3mclient\x1b[0m\x1b[2m=\x1b[0mInnerClientId { ptr: 0x91cc9e80, alive: true }\x1b[1m}\x1b[0m\x1b[2m:\x1b[0m com.system76.CosmicAppletTiling:                 width: 40.0,
[2m1970-01-01T00:00:38.699999Z[0m [32m INFO[0m [1mcosmic-panel[0m[2m:[0m [2mcosmic_session::notifications[0m[2m:[0m \x1b[2m1970-01-01T00:00:38.539999Z\x1b[0m \x1b[32m INFO\x1b[0m \x1b[1mstdout\x1b[0m\x1b[1m{\x1b[0m\x1b[3mclient\x1b[0m\x1b[2m=\x1b[0mInnerClientId { ptr: 0x91cc9e80, alive: true }\x1b[1m}\x1b[0m\x1b[2m:\x1b[0m com.system76.CosmicAppletTiling:                 height: 32.0,
[2m1970-01-01T00:00:38.699999Z[0m [32m INFO[0m [1mcosmic-panel[0m[2m:[0m [2mcosmic_session::notifications[0m[2m:[0m \x1b[2m1970-01-01T00:00:38.539999Z\x1b[0m \x1b[32m INFO\x1b[0m \x1b[1mstdout\x1b[0m\x1b[1m{\x1b[0m\x1b[3mclient\x1b[0m\x1b[2m=\x1b[0mInnerClientId { ptr: 0x91cc9e80, alive: true }\x1b[1m}\x1b[0m\x1b[2m:\x1b[0m com.system76.CosmicAppletTiling:             },
[2m1970-01-01T00:00:38.699999Z[0m [32m INFO[0m [1mcosmic-panel[0m[2m:[0m [2mcosmic_session::notifications[0m[2m:[0m \x1b[2m1970-01-01T00:00:38.539999Z\x1b[0m \x1b[32m INFO\x1b[0m \x1b[1mstdout\x1b[0m\x1b[1m{\x1b[0m\x1b[3mclient\x1b[0m\x1b[2m=\x1b[0mInnerClientId { ptr: 0x91cc9e80, alive: true }\x1b[1m}\x1b[0m\x1b[2m:\x1b[0m com.system76.CosmicAppletTiling:         ),
[2m1970-01-01T00:00:38.699999Z[0m [32m INFO[0m [1mcosmic-panel[0m[2m:[0m [2mcosmic_session::notifications[0m[2m:[0m \x1b[2m1970-01-01T00:00:38.583603Z\x1b[0m \x1b[32m INFO\x1b[0m \x1b[1mstdout\x1b[0m\x1b[1m{\x1b[0m\x1b[3mclient\x1b[0m\x1b[2m=\x1b[0mInnerClientId { ptr: 0x91cc9e80, alive: true }\x1b[1m}\x1b[0m\x1b[2m:\x1b[0m com.system76.CosmicAppletTiling:     ),
[2m1970-01-01T00:00:38.699999Z[0m [32m INFO[0m [1mcosmic-panel[0m[2m:[0m [2mcosmic_session::notifications[0m[2m:[0m \x1b[2m1970-01-01T00:00:38.583744Z\x1b[0m \x1b[32m INFO\x1b[0m \x1b[1mstdout\x1b[0m\x1b[1m{\x1b[0m\x1b[3mclient\x1b[0m\x1b[2m=\x1b[0mInnerClientId { ptr: 0x91cc9e80, alive: true }\x1b[1m}\x1b[0m\x1b[2m:\x1b[0m com.system76.CosmicAppletTiling:     min_surface_size: Some(
[2m1970-01-01T00:00:38.699999Z[0m [32m INFO[0m [1mcosmic-panel[0m[2m:[0m [2mcosmic_session::notifications[0m[2m:[0m \x1b[2m1970-01-01T00:00:38.583834Z\x1b[0m \x1b[32m INFO\x1b[0m \x1b[1mstdout\x1b[0m\x1b[1m{\x1b[0m\x1b[3mclient\x1b[0m\x1b[2m=\x1b[0mInnerClientId { ptr: 0x91cc9e80, alive: true }\x1b[1m}\x1b[0m\x1b[2m:\x1b[0m com.system76.CosmicAppletTiling:         Logical(
[2m1970-01-01T00:00:38.699999Z[0m [32m INFO[0m [1mcosmic-panel[0m[2m:[0m [2mcosmic_session::notifications[0m[2m:[0m \x1b[2m1970-01-01T00:00:38.583930Z\x1b[0m \x1b[32m INFO\x1b[0m \x1b[1mstdout\x1b[0m\x1b[1m{\x1b[0m\x1b[3mclient\x1b[0m\x1b[2m=\x1b[0mInnerClientId { ptr: 0x91cc9e80, alive: true }\x1b[1m}\x1b[0m\x1b[2m:\x1b[0m com.system76.CosmicAppletTiling:             LogicalSize {
[2m1970-01-01T00:00:38.699999Z[0m [32m INFO[0m [1mcosmic-panel[0m[2m:[0m [2mcosmic_session::notifications[0m[2m:[0m \x1b[2m1970-01-01T00:00:38.583982Z\x1b[0m \x1b[32m INFO\x1b[0m \x1b[1mstdout\x1b[0m\x1b[1m{\x1b[0m\x1b[3mclient\x1b[0m\x1b[2m=\x1b[0mInnerClientId { ptr: 0x91cc9e80, alive: true }\x1b[1m}\x1b[0m\x1b[2m:\x1b[0m com.system76.CosmicAppletTiling:                 width: 40.0,
[2m1970-01-01T00:00:38.699999Z[0m [32m INFO[0m [1mcosmic-panel[0m[2m:[0m [2mcosmic_session::notifications[0m[2m:[0m \x1b[2m1970-01-01T00:00:38.584100Z\x1b[0m \x1b[32m INFO\x1b[0m \x1b[1mstdout\x1b[0m\x1b[1m{\x1b[0m\x1b[3mclient\x1b[0m\x1b[2m=\x1b[0mInnerClientId { ptr: 0x91cc9e80, alive: true }\x1b[1m}\x1b[0m\x1b[2m:\x1b[0m com.system76.CosmicAppletTiling:                 height: 32.0,
[2m1970-01-01T00:00:38.699999Z[0m [32m INFO[0m [1mcosmic-panel[0m[2m:[0m [2mcosmic_session::notifications[0m[2m:[0m \x1b[2m1970-01-01T00:00:38.584172Z\x1b[0m \x1b[32m INFO\x1b[0m \x1b[1mstdout\x1b[0m\x1b[1m{\x1b[0m\x1b[3mclient\x1b[0m\x1b[2m=\x1b[0mInnerClientId { ptr: 0x91cc9e80, alive: true }\x1b[1m}\x1b[0m\x1b[2m:\x1b[0m com.system76.CosmicAppletTiling:             },
[2m1970-01-01T00:00:38.699999Z[0m [32m INFO[0m [1mcosmic-panel[0m[2m:[0m [2mcosmic_session::notifications[0m[2m:[0m \x1b[2m1970-01-01T00:00:38.584226Z\x1b[0m \x1b[32m INFO\x1b[0m \x1b[1mstdout\x1b[0m\x1b[1m{\x1b[0m\x1b[3mclient\x1b[0m\x1b[2m=\x1b[0mInnerClientId { ptr: 0x91cc9e80, alive: true }\x1b[1m}\x1b[0m\x1b[2m:\x1b[0m com.system76.CosmicAppletTiling:         ),
[2m1970-01-01T00:00:38.699999Z[0m [32m INFO[0m [1mcosmic-panel[0m[2m:[0m [2mcosmic_session::notifications[0m[2m:[0m \x1b[2m1970-01-01T00:00:38.584289Z\x1b[0m \x1b[32m INFO\x1b[0m \x1b[1mstdout\x1b[0m\x1b[1m{\x1b[0m\x1b[3mclient\x1b[0m\x1b[2m=\x1b[0mInnerClientId { ptr: 0x91cc9e80, alive: true }\x1b[1m}\x1b[0m\x1b[2m:\x1b[0m com.system76.CosmicAppletTiling:     ),
[2m1970-01-01T00:00:38.699999Z[0m [32m INFO[0m [1mcosmic-panel[0m[2m:[0m [2mcosmic_session::notifications[0m[2m:[0m \x1b[2m1970-01-01T00:00:38.584399Z\x1b[0m \x1b[32m INFO\x1b[0m \x1b[1mstdout\x1b[0m\x1b[1m{\x1b[0m\x1b[3mclient\x1b[0m\x1b[2m=\x1b[0mInnerClientId { ptr: 0x91cc9e80, alive: true }\x1b[1m}\x1b[0m\x1b[2m:\x1b[0m com.system76.CosmicAppletTiling:     max_surface_size: None,
[2m1970-01-01T00:00:38.699999Z[0m [32m INFO[0m [1mcosmic-panel[0m[2m:[0m [2mcosmic_session::notifications[0m[2m:[0m \x1b[2m1970-01-01T00:00:38.584465Z\x1b[0m \x1b[32m INFO\x1b[0m \x1b[1mstdout\x1b[0m\x1b[1m{\x1b[0m\x1b[3mclient\x1b[0m\x1b[2m=\x1b[0mInnerClientId { ptr: 0x91cc9e80, alive: true }\x1b[1m}\x1b[0m\x1b[2m:\x1b[0m com.system76.CosmicAppletTiling:     surface_resize_increments: None,
[2m1970-01-01T00:00:38.699999Z[0m [32m INFO[0m [1mcosmic-panel[0m[2m:[0m [2mcosmic_session::notifications[0m[2m:[0m \x1b[2m1970-01-01T00:00:38.584546Z\x1b[0m \x1b[32m INFO\x1b[0m \x1b[1mstdout\x1b[0m\x1b[1m{\x1b[0m\x1b[3mclient\x1b[0m\x1b[2m=\x1b[0mInnerClientId { ptr: 0x91cc9e80, alive: true }\x1b[1m}\x1b[0m\x1b[2m:\x1b[0m com.system76.CosmicAppletTiling:     position: None,
[2m1970-01-01T00:00:38.699999Z[0m [32m INFO[0m [1mcosmic-panel[0m[2m:[0m [2mcosmic_session::notifications[0m[2m:[0m \x1b[2m1970-01-01T00:00:38.584630Z\x1b[0m \x1b[32m INFO\x1b[0m \x1b[1mstdout\x1b[0m\x1b[1m{\x1b[0m\x1b[3mclient\x1b[0m\x1b[2m=\x1b[0mInnerClientId { ptr: 0x91cc9e80, alive: true }\x1b[1m}\x1b[0m\x1b[2m:\x1b[0m com.system76.CosmicAppletTiling:     resizable: false,
[2m1970-01-01T00:00:38.699999Z[0m [32m INFO[0m [1mcosmic-panel[0m[2m:[0m [2mcosmic_session::notifications[0m[2m:[0m \x1b[2m1970-01-01T00:00:38.584708Z\x1b[0m \x1b[32m INFO\x1b[0m \x1b[1mstdout\x1b[0m\x1b[1m{\x1b[0m\x1b[3mclient\x1b[0m\x1b[2m=\x1b[0mInnerClientId { ptr: 0x91cc9e80, alive: true }\x1b[1m}\x1b[0m\x1b[2m:\x1b[0m com.system76.CosmicAppletTiling:     enabled_buttons: WindowButtons(
[2m1970-01-01T00:00:38.699999Z[0m [32m INFO[0m [1mcosmic-panel[0m[2m:[0m [2mcosmic_session::notifications[0m[2m:[0m \x1b[2m1970-01-01T00:00:38.584799Z\x1b[0m \x1b[32m INFO\x1b[0m \x1b[1mstdout\x1b[0m\x1b[1m{\x1b[0m\x1b[3mclient\x1b[0m\x1b[2m=\x1b[0mInnerClientId { ptr: 0x91cc9e80, alive: true }\x1b[1m}\x1b[0m\x1b[2m:\x1b[0m com.system76.CosmicAppletTiling:         CLOSE | MINIMIZE,
[2m1970-01-01T00:00:38.699999Z[0m [32m INFO[0m [1mcosmic-panel[0m[2m:[0m [2mcosmic_session::notifications[0m[2m:[0m \x1b[2m1970-01-01T00:00:38.584861Z\x1b[0m \x1b[32m INFO\x1b[0m \x1b[1mstdout\x1b[0m\x1b[1m{\x1b[0m\x1b[3mclient\x1b[0m\x1b[2m=\x1b[0mInnerClientId { ptr: 0x91cc9e80, alive: true }\x1b[1m}\x1b[0m\x1b[2m:\x1b[0m com.system76.CosmicAppletTiling:     ),
[2m1970-01-01T00:00:38.699999Z[0m [32m INFO[0m [1mcosmic-panel[0m[2m:[0m [2mcosmic_session::notifications[0m[2m:[0m \x1b[2m1970-01-01T00:00:38.699999Z\x1b[0m \x1b[32m INFO\x1b[0m \x1b[1mstdout\x1b[0m\x1b[1m{\x1b[0m\x1b[3mclient\x1b[0m\x1b[2m=\x1b[0mInnerClientId { ptr: 0x91cc9e80, alive: true }\x1b[1m}\x1b[0m\x1b[2m:\x1b[0m com.system76.CosmicAppletTiling:     title: "Cosmic - Iced",
[2m1970-01-01T00:00:38.699999Z[0m [32m INFO[0m [1mcosmic-panel[0m[2m:[0m [2mcosmic_session::notifications[0m[2m:[0m \x1b[2m1970-01-01T00:00:38.699999Z\x1b[0m \x1b[32m INFO\x1b[0m \x1b[1mstdout\x1b[0m\x1b[1m{\x1b[0m\x1b[3mclient\x1b[0m\x1b[2m=\x1b[0mInnerClientId { ptr: 0x91cc9e80, alive: true }\x1b[1m}\x1b[0m\x1b[2m:\x1b[0m com.system76.CosmicAppletTiling:     maximized: false,
[2m1970-01-01T00:00:38.699999Z[0m [32m INFO[0m [1mcosmic-panel[0m[2m:[0m [2mcosmic_session::notifications[0m[2m:[0m \x1b[2m1970-01-01T00:00:38.699999Z\x1b[0m \x1b[32m INFO\x1b[0m \x1b[1mstdout\x1b[0m\x1b[1m{\x1b[0m\x1b[3mclient\x1b[0m\x1b[2m=\x1b[0mInnerClientId { ptr: 0x91cc9e80, alive: true }\x1b[1m}\x1b[0m\x1b[2m:\x1b[0m com.system76.CosmicAppletTiling:     visible: false,
[2m1970-01-01T00:00:38.699999Z[0m [32m INFO[0m [1mcosmic-panel[0m[2m:[0m [2mcosmic_session::notifications[0m[2m:[0m \x1b[2m1970-01-01T00:00:38.699999Z\x1b[0m \x1b[32m INFO\x1b[0m \x1b[1mstdout\x1b[0m\x1b[1m{\x1b[0m\x1b[3mclient\x1b[0m\x1b[2m=\x1b[0mInnerClientId { ptr: 0x91cc9e80, alive: true }\x1b[1m}\x1b[0m\x1b[2m:\x1b[0m com.system76.CosmicAppletTiling:     transparent: true,
[2m1970-01-01T00:00:38.699999Z[0m [32m INFO[0m [1mcosmic-panel[0m[2m:[0m [2mcosmic_session::notifications[0m[2m:[0m \x1b[2m1970-01-01T00:00:38.699999Z\x1b[0m \x1b[32m INFO\x1b[0m \x1b[1mstdout\x1b[0m\x1b[1m{\x1b[0m\x1b[3mclient\x1b[0m\x1b[2m=\x1b[0mInnerClientId { ptr: 0x91cc9e80, alive: true }\x1b[1m}\x1b[0m\x1b[2m:\x1b[0m com.system76.CosmicAppletTiling:     blur: false,
[2m1970-01-01T00:00:38.699999Z[0m [32m INFO[0m [1mcosmic-panel[0m[2m:[0m [2mcosmic_session::notifications[0m[2m:[0m \x1b[2m1970-01-01T00:00:38.699999Z\x1b[0m \x1b[32m INFO\x1b[0m \x1b[1mstdout\x1b[0m\x1b[1m{\x1b[0m\x1b[3mclient\x1b[0m\x1b[2m=\x1b[0mInnerClientId { ptr: 0x91cc9e80, alive: true }\x1b[1m}\x1b[0m\x1b[2m:\x1b[0m com.system76.CosmicAppletTiling:     decorations: false,
[2m1970-01-01T00:00:38.699999Z[0m [32m INFO[0m [1mcosmic-panel[0m[2m:[0m [2mcosmic_session::notifications[0m[2m:[0m \x1b[2m1970-01-01T00:00:38.699999Z\x1b[0m \x1b[32m INFO\x1b[0m \x1b[1mstdout\x1b[0m\x1b[1m{\x1b[0m\x1b[3mclient\x1b[0m\x1b[2m=\x1b[0mInnerClientId { ptr: 0x91cc9e80, alive: true }\x1b[1m}\x1b[0m\x1b[2m:\x1b[0m com.system76.CosmicAppletTiling:     window_icon: None,
[2m1970-01-01T00:00:38.699999Z[0m [32m INFO[0m [1mcosmic-panel[0m[2m:[0m [2mcosmic_session::notifications[0m[2m:[0m \x1b[2m1970-01-01T00:00:38.699999Z\x1b[0m \x1b[32m INFO\x1b[0m \x1b[1mstdout\x1b[0m\x1b[1m{\x1b[0m\x1b[3mclient\x1b[0m\x1b[2m=\x1b[0mInnerClientId { ptr: 0x91cc9e80, alive: true }\x1b[1m}\x1b[0m\x1b[2m:\x1b[0m com.system76.CosmicAppletTiling:     preferred_theme: None,
[2m1970-01-01T00:00:38.699999Z[0m [32m INFO[0m [1mcosmic-panel[0m[2m:[0m [2mcosmic_session::notifications[0m[2m:[0m \x1b[2m1970-01-01T00:00:38.699999Z\x1b[0m \x1b[32m INFO\x1b[0m \x1b[1mstdout\x1b[0m\x1b[1m{\x1b[0m\x1b[3mclient\x1b[0m\x1b[2m=\x1b[0mInnerClientId { ptr: 0x91cc9e80, alive: true }\x1b[1m}\x1b[0m\x1b[2m:\x1b[0m com.system76.CosmicAppletTiling:     content_protected: false,
[2m1970-01-01T00:00:38.699999Z[0m [32m INFO[0m [1mcosmic-panel[0m[2m:[0m [2mcosmic_session::notifications[0m[2m:[0m \x1b[2m1970-01-01T00:00:38.699999Z\x1b[0m \x1b[32m INFO\x1b[0m \x1b[1mstdout\x1b[0m\x1b[1m{\x1b[0m\x1b[3mclient\x1b[0m\x1b[2m=\x1b[0mInnerClientId { ptr: 0x91cc9e80, alive: true }\x1b[1m}\x1b[0m\x1b[2m:\x1b[0m com.system76.CosmicAppletTiling:     window_level: Normal,
[2m1970-01-01T00:00:38.699999Z[0m [32m INFO[0m [1mcosmic-panel[0m[2m:[0m [2mcosmic_session::notifications[0m[2m:[0m \x1b[2m1970-01-01T00:00:38.699999Z\x1b[0m \x1b[32m INFO\x1b[0m \x1b[1mstdout\x1b[0m\x1b[1m{\x1b[0m\x1b[3mclient\x1b[0m\x1b[2m=\x1b[0mInnerClientId { ptr: 0x91cc9e80, alive: true }\x1b[1m}\x1b[0m\x1b[2m:\x1b[0m com.system76.CosmicAppletTiling:     active: true,
[2m1970-01-01T00:00:38.699999Z[0m [32m INFO[0m [1mcosmic-panel[0m[2m:[0m [2mcosmic_session::notifications[0m[2m:[0m \x1b[2m1970-01-01T00:00:38.699999Z\x1b[0m \x1b[32m INFO\x1b[0m \x1b[1mstdout\x1b[0m\x1b[1m{\x1b[0m\x1b[3mclient\x1b[0m\x1b[2m=\x1b[0mInnerClientId { ptr: 0x91cc9e80, alive: true }\x1b[1m}\x1b[0m\x1b[2m:\x1b[0m com.system76.CosmicAppletTiling:     cursor: Icon(
[2m1970-01-01T00:00:38.699999Z[0m [32m INFO[0m [1mcosmic-panel[0m[2m:[0m [2mcosmic_session::notifications[0m[2m:[0m \x1b[2m1970-01-01T00:00:38.699999Z\x1b[0m \x1b[32m INFO\x1b[0m \x1b[1mstdout\x1b[0m\x1b[1m{\x1b[0m\x1b[3mclient\x1b[0m\x1b[2m=\x1b[0mInnerClientId { ptr: 0x91cc9e80, alive: true }\x1b[1m}\x1b[0m\x1b[2m:\x1b[0m com.system76.CosmicAppletTiling:         Default,
[2m1970-01-01T00:00:38.699999Z[0m [32m INFO[0m [1mcosmic-panel[0m[2m:[0m [2mcosmic_session::notifications[0m[2m:[0m \x1b[2m1970-01-01T00:00:38.699999Z\x1b[0m \x1b[32m INFO\x1b[0m \x1b[1mstdout\x1b[0m\x1b[1m{\x1b[0m\x1b[3mclient\x1b[0m\x1b[2m=\x1b[0mInnerClientId { ptr: 0x91cc9e80, alive: true }\x1b[1m}\x1b[0m\x1b[2m:\x1b[0m com.system76.CosmicAppletTiling:     ),
[2m1970-01-01T00:00:38.699999Z[0m [32m INFO[0m [1mcosmic-panel[0m[2m:[0m [2mcosmic_session::notifications[0m[2m:[0m \x1b[2m1970-01-01T00:00:38.699999Z\x1b[0m \x1b[32m INFO\x1b[0m \x1b[1mstdout\x1b[0m\x1b[1m{\x1b[0m\x1b[3mclient\x1b[0m\x1b[2m=\x1b[0mInnerClientId { ptr: 0x91cc9e80, alive: true }\x1b[1m}\x1b[0m\x1b[2m:\x1b[0m com.system76.CosmicAppletTiling:     parent_window: None,
[2m1970-01-01T00:00:38.699999Z[0m [32m INFO[0m [1mcosmic-panel[0m[2m:[0m [2mcosmic_session::notifications[0m[2m:[0m \x1b[2m1970-01-01T00:00:38.699999Z\x1b[0m \x1b[32m INFO\x1b[0m \x1b[1mstdout\x1b[0m\x1b[1m{\x1b[0m\x1b[3mclient\x1b[0m\x1b[2m=\x1b[0mInnerClientId { ptr: 0x91cc9e80, alive: true }\x1b[1m}\x1b[0m\x1b[2m:\x1b[0m com.system76.CosmicAppletTiling:     fullscreen: None,
[2m1970-01-01T00:00:38.699999Z[0m [32m INFO[0m [1mcosmic-panel[0m[2m:[0m [2mcosmic_session::notifications[0m[2m:[0m \x1b[2m1970-01-01T00:00:38.699999Z\x1b[0m \x1b[32m INFO\x1b[0m \x1b[1mstdout\x1b[0m\x1b[1m{\x1b[0m\x1b[3mclient\x1b[0m\x1b[2m=\x1b[0mInnerClientId { ptr: 0x91cc9e80, alive: true }\x1b[1m}\x1b[0m\x1b[2m:\x1b[0m com.system76.CosmicAppletTiling:     platform: Some(
[2m1970-01-01T00:00:38.699999Z[0m [32m INFO[0m [1mcosmic-panel[0m[2m:[0m [2mcosmic_session::notifications[0m[2m:[0m \x1b[2m1970-01-01T00:00:38.699999Z\x1b[0m \x1b[32m INFO\x1b[0m \x1b[1mstdout\x1b[0m\x1b[1m{\x1b[0m\x1b[3mclient\x1b[0m\x1b[2m=\x1b[0mInnerClientId { ptr: 0x91cc9e80, alive: true }\x1b[1m}\x1b[0m\x1b[2m:\x1b[0m com.system76.CosmicAppletTiling:         WindowAttributesWayland {
[2m1970-01-01T00:00:38.797343Z[0m [32m INFO[0m [1mcosmic-panel[0m[2m:[0m [2mcosmic_session::notifications[0m[2m:[0m \x1b[2m1970-01-01T00:00:38.699999Z\x1b[0m \x1b[32m INFO\x1b[0m \x1b[1mstdout\x1b[0m\x1b[1m{\x1b[0m\x1b[3mclient\x1b[0m\x1b[2m=\x1b[0mInnerClientId { ptr: 0x91cc9e80, alive: true }\x1b[1m}\x1b[0m\x1b[2m:\x1b[0m com.system76.CosmicAppletTiling:             name: Some(
[2m1970-01-01T00:00:38.797681Z[0m [32m INFO[0m [1mcosmic-panel[0m[2m:[0m [2mcosmic_session::notifications[0m[2m:[0m \x1b[2m1970-01-01T00:00:38.699999Z\x1b[0m \x1b[32m INFO\x1b[0m \x1b[1mstdout\x1b[0m\x1b[1m{\x1b[0m\x1b[3mclient\x1b[0m\x1b[2m=\x1b[0mInnerClientId { ptr: 0x91cc9e80, alive: true }\x1b[1m}\x1b[0m\x1b[2m:\x1b[0m com.system76.CosmicAppletTiling:                 ApplicationName {
[2m1970-01-01T00:00:38.797980Z[0m [32m INFO[0m [1mcosmic-panel[0m[2m:[0m [2mcosmic_session::notifications[0m[2m:[0m \x1b[2m1970-01-01T00:00:38.699999Z\x1b[0m \x1b[32m INFO\x1b[0m \x1b[1mstdout\x1b[0m\x1b[1m{\x1b[0m\x1b[3mclient\x1b[0m\x1b[2m=\x1b[0mInnerClientId { ptr: 0x91cc9e80, alive: true }\x1b[1m}\x1b[0m\x1b[2m:\x1b[0m com.system76.CosmicAppletTiling:                     general: "com.system76.CosmicAppletTiling",
[2m1970-01-01T00:00:38.802164Z[0m [32m INFO[0m [1mcosmic-panel[0m[2m:[0m [2mcosmic_session::notifications[0m[2m:[0m \x1b[2m1970-01-01T00:00:38.699999Z\x1b[0m \x1b[32m INFO\x1b[0m \x1b[1mstdout\x1b[0m\x1b[1m{\x1b[0m\x1b[3mclient\x1b[0m\x1b[2m=\x1b[0mInnerClientId { ptr: 0x91cc9e80, alive: true }\x1b[1m}\x1b[0m\x1b[2m:\x1b[0m com.system76.CosmicAppletTiling:                     instance: "com.system76.CosmicAppletTiling",
[2m1970-01-01T00:00:38.802675Z[0m [32m INFO[0m [1mcosmic-panel[0m[2m:[0m [2mcosmic_session::notifications[0m[2m:[0m \x1b[2m1970-01-01T00:00:38.699999Z\x1b[0m \x1b[32m INFO\x1b[0m \x1b[1mstdout\x1b[0m\x1b[1m{\x1b[0m\x1b[3mclient\x1b[0m\x1b[2m=\x1b[0mInnerClientId { ptr: 0x91cc9e80, alive: true }\x1b[1m}\x1b[0m\x1b[2m:\x1b[0m com.system76.CosmicAppletTiling:                 },
[2m1970-01-01T00:00:38.803073Z[0m [32m INFO[0m [1mcosmic-panel[0m[2m:[0m [2mcosmic_session::notifications[0m[2m:[0m \x1b[2m1970-01-01T00:00:38.699999Z\x1b[0m \x1b[32m INFO\x1b[0m \x1b[1mstdout\x1b[0m\x1b[1m{\x1b[0m\x1b[3mclient\x1b[0m\x1b[2m=\x1b[0mInnerClientId { ptr: 0x91cc9e80, alive: true }\x1b[1m}\x1b[0m\x1b[2m:\x1b[0m com.system76.CosmicAppletTiling:             ),
[2m1970-01-01T00:00:38.803438Z[0m [32m INFO[0m [1mcosmic-panel[0m[2m:[0m [2mcosmic_session::notifications[0m[2m:[0m \x1b[2m1970-01-01T00:00:38.699999Z\x1b[0m \x1b[32m INFO\x1b[0m \x1b[1mstdout\x1b[0m\x1b[1m{\x1b[0m\x1b[3mclient\x1b[0m\x1b[2m=\x1b[0mInnerClientId { ptr: 0x91cc9e80, alive: true }\x1b[1m}\x1b[0m\x1b[2m:\x1b[0m com.system76.CosmicAppletTiling:             activation_token: None,
[2m1970-01-01T00:00:38.803857Z[0m [32m INFO[0m [1mcosmic-panel[0m[2m:[0m [2mcosmic_session::notifications[0m[2m:[0m \x1b[2m1970-01-01T00:00:38.699999Z\x1b[0m \x1b[32m INFO\x1b[0m \x1b[1mstdout\x1b[0m\x1b[1m{\x1b[0m\x1b[3mclient\x1b[0m\x1b[2m=\x1b[0mInnerClientId { ptr: 0x91cc9e80, alive: true }\x1b[1m}\x1b[0m\x1b[2m:\x1b[0m com.system76.CosmicAppletTiling:             prefer_csd: false,
[2m1970-01-01T00:00:38.804229Z[0m [32m INFO[0m [1mcosmic-panel[0m[2m:[0m [2mcosmic_session::notifications[0m[2m:[0m \x1b[2m1970-01-01T00:00:38.699999Z\x1b[0m \x1b[32m INFO\x1b[0m \x1b[1mstdout\x1b[0m\x1b[1m{\x1b[0m\x1b[3mclient\x1b[0m\x1b[2m=\x1b[0mInnerClientId { ptr: 0x91cc9e80, alive: true }\x1b[1m}\x1b[0m\x1b[2m:\x1b[0m com.system76.CosmicAppletTiling:         },
[2m1970-01-01T00:00:38.804576Z[0m [32m INFO[0m [1mcosmic-panel[0m[2m:[0m [2mcosmic_session::notifications[0m[2m:[0m \x1b[2m1970-01-01T00:00:38.699999Z\x1b[0m \x1b[32m INFO\x1b[0m \x1b[1mstdout\x1b[0m\x1b[1m{\x1b[0m\x1b[3mclient\x1b[0m\x1b[2m=\x1b[0mInnerClientId { ptr: 0x91cc9e80, alive: true }\x1b[1m}\x1b[0m\x1b[2m:\x1b[0m com.system76.CosmicAppletTiling:     ),
[2m1970-01-01T00:00:38.804877Z[0m [32m INFO[0m [1mcosmic-panel[0m[2m:[0m [2mcosmic_session::notifications[0m[2m:[0m \x1b[2m1970-01-01T00:00:38.699999Z\x1b[0m \x1b[32m INFO\x1b[0m \x1b[1mstdout\x1b[0m\x1b[1m{\x1b[0m\x1b[3mclient\x1b[0m\x1b[2m=\x1b[0mInnerClientId { ptr: 0x91cc9e80, alive: true }\x1b[1m}\x1b[0m\x1b[2m:\x1b[0m com.system76.CosmicAppletTiling: }
[2m1970-01-01T00:00:38.805229Z[0m [32m INFO[0m [1mcosmic-panel[0m[2m:[0m [2mcosmic_session::notifications[0m[2m:[0m \x1b[2m1970-01-01T00:00:38.711455Z\x1b[0m \x1b[32m INFO\x1b[0m \x1b[1mstdout\x1b[0m\x1b[1m{\x1b[0m\x1b[3mclient\x1b[0m\x1b[2m=\x1b[0mInnerClientId { ptr: 0x91cc9e80, alive: true }\x1b[1m}\x1b[0m\x1b[2m:\x1b[0m com.system76.CosmicAppletTiling: \x1b[2m1970-01-01T00:00:38.592000Z\x1b[0m \x1b[33m WARN\x1b[0m \x1b[2mwinit_wayland::window::state\x1b[0m\x1b[2m:\x1b[0m `xdg_toplevel_icon_manager_v1` is not supported
[2m1970-01-01T00:00:38.805721Z[0m [32m INFO[0m [1mcosmic-panel[0m[2m:[0m [2mcosmic_session::notifications[0m[2m:[0m \x1b[2m1970-01-01T00:00:38.711577Z\x1b[0m \x1b[32m INFO\x1b[0m \x1b[1mstdout\x1b[0m\x1b[1m{\x1b[0m\x1b[3mclient\x1b[0m\x1b[2m=\x1b[0mInnerClientId { ptr: 0x96756020, alive: true }\x1b[1m}\x1b[0m\x1b[2m:\x1b[0m com.system76.CosmicPanelAppButton: \x1b[2m1970-01-01T00:00:38.612349Z\x1b[0m \x1b[32m INFO\x1b[0m \x1b[2miced_winit\x1b[0m\x1b[2m:\x1b[0m System theme: None
[2m1970-01-01T00:00:38.806505Z[0m [32m INFO[0m [1mcosmic-panel[0m[2m:[0m [2mcosmic_session::notifications[0m[2m:[0m \x1b[2m1970-01-01T00:00:38.711663Z\x1b[0m \x1b[32m INFO\x1b[0m \x1b[1mstdout\x1b[0m\x1b[1m{\x1b[0m\x1b[3mclient\x1b[0m\x1b[2m=\x1b[0mInnerClientId { ptr: 0x96756020, alive: true }\x1b[1m}\x1b[0m\x1b[2m:\x1b[0m com.system76.CosmicPanelAppButton: \x1b[2m1970-01-01T00:00:38.616267Z\x1b[0m \x1b[32m INFO\x1b[0m \x1b[2miced_winit\x1b[0m\x1b[2m:\x1b[0m Window attributes for id `Id(
[2m1970-01-01T00:00:38.807488Z[0m [32m INFO[0m [1mcosmic-panel[0m[2m:[0m [2mcosmic_session::notifications[0m[2m:[0m \x1b[2m1970-01-01T00:00:38.711747Z\x1b[0m \x1b[32m INFO\x1b[0m \x1b[1mstdout\x1b[0m\x1b[1m{\x1b[0m\x1b[3mclient\x1b[0m\x1b[2m=\x1b[0mInnerClientId { ptr: 0x96756020, alive: true }\x1b[1m}\x1b[0m\x1b[2m:\x1b[0m com.system76.CosmicPanelAppButton:     1,
[2m1970-01-01T00:00:38.808442Z[0m [32m INFO[0m [1mcosmic-panel[0m[2m:[0m [2mcosmic_session::notifications[0m[2m:[0m \x1b[2m1970-01-01T00:00:38.711833Z\x1b[0m \x1b[32m INFO\x1b[0m \x1b[1mstdout\x1b[0m\x1b[1m{\x1b[0m\x1b[3mclient\x1b[0m\x1b[2m=\x1b[0mInnerClientId { ptr: 0x96756020, alive: true }\x1b[1m}\x1b[0m\x1b[2m:\x1b[0m com.system76.CosmicPanelAppButton: )`: WindowAttributes {
[2m1970-01-01T00:00:38.810006Z[0m [32m INFO[0m [1mcosmic-panel[0m[2m:[0m [2mcosmic_session::notifications[0m[2m:[0m \x1b[2m1970-01-01T00:00:38.711908Z\x1b[0m \x1b[32m INFO\x1b[0m \x1b[1mstdout\x1b[0m\x1b[1m{\x1b[0m\x1b[3mclient\x1b[0m\x1b[2m=\x1b[0mInnerClientId { ptr: 0x96756020, alive: true }\x1b[1m}\x1b[0m\x1b[2m:\x1b[0m com.system76.CosmicPanelAppButton:     surface_size: Some(
[2m1970-01-01T00:00:38.813342Z[0m [32m INFO[0m [1mcosmic-panel[0m[2m:[0m [2mcosmic_session::notifications[0m[2m:[0m \x1b[2m1970-01-01T00:00:38.711983Z\x1b[0m \x1b[32m INFO\x1b[0m \x1b[1mstdout\x1b[0m\x1b[1m{\x1b[0m\x1b[3mclient\x1b[0m\x1b[2m=\x1b[0mInnerClientId { ptr: 0x96756020, alive: true }\x1b[1m}\x1b[0m\x1b[2m:\x1b[0m com.system76.CosmicPanelAppButton:         Logical(
[2m1970-01-01T00:00:38.813913Z[0m [32m INFO[0m [1mcosmic-panel[0m[2m:[0m [2mcosmic_session::notifications[0m[2m:[0m \x1b[2m1970-01-01T00:00:38.712060Z\x1b[0m \x1b[32m INFO\x1b[0m \x1b[1mstdout\x1b[0m\x1b[1m{\x1b[0m\x1b[3mclient\x1b[0m\x1b[2m=\x1b[0mInnerClientId { ptr: 0x96756020, alive: true }\x1b[1m}\x1b[0m\x1b[2m:\x1b[0m com.system76.CosmicPanelAppButton:             LogicalSize {
[2m1970-01-01T00:00:38.814476Z[0m [32m INFO[0m [1mcosmic-panel[0m[2m:[0m [2mcosmic_session::notifications[0m[2m:[0m \x1b[2m1970-01-01T00:00:38.712142Z\x1b[0m \x1b[32m INFO\x1b[0m \x1b[1mstdout\x1b[0m\x1b[1m{\x1b[0m\x1b[3mclient\x1b[0m\x1b[2m=\x1b[0mInnerClientId { ptr: 0x96756020, alive: true }\x1b[1m}\x1b[0m\x1b[2m:\x1b[0m com.system76.CosmicPanelAppButton:                 width: 72.0,
[2m1970-01-01T00:00:38.814959Z[0m [32m INFO[0m [1mcosmic-panel[0m[2m:[0m [2mcosmic_session::notifications[0m[2m:[0m \x1b[2m1970-01-01T00:00:38.712222Z\x1b[0m \x1b[32m INFO\x1b[0m \x1b[1mstdout\x1b[0m\x1b[1m{\x1b[0m\x1b[3mclient\x1b[0m\x1b[2m=\x1b[0mInnerClientId { ptr: 0x96756020, alive: true }\x1b[1m}\x1b[0m\x1b[2m:\x1b[0m com.system76.CosmicPanelAppButton:                 height: 64.0,
[2m1970-01-01T00:00:38.815517Z[0m [32m INFO[0m [1mcosmic-panel[0m[2m:[0m [2mcosmic_session::notifications[0m[2m:[0m \x1b[2m1970-01-01T00:00:38.712308Z\x1b[0m \x1b[32m INFO\x1b[0m \x1b[1mstdout\x1b[0m\x1b[1m{\x1b[0m\x1b[3mclient\x1b[0m\x1b[2m=\x1b[0mInnerClientId { ptr: 0x96756020, alive: true }\x1b[1m}\x1b[0m\x1b[2m:\x1b[0m com.system76.CosmicPanelAppButton:             },
[2m1970-01-01T00:00:38.816067Z[0m [32m INFO[0m [1mcosmic-panel[0m[2m:[0m [2mcosmic_session::notifications[0m[2m:[0m \x1b[2m1970-01-01T00:00:38.712379Z\x1b[0m \x1b[32m INFO\x1b[0m \x1b[1mstdout\x1b[0m\x1b[1m{\x1b[0m\x1b[3mclient\x1b[0m\x1b[2m=\x1b[0mInnerClientId { ptr: 0x96756020, alive: true }\x1b[1m}\x1b[0m\x1b[2m:\x1b[0m com.system76.CosmicPanelAppButton:         ),
[2m1970-01-01T00:00:38.816587Z[0m [32m INFO[0m [1mcosmic-panel[0m[2m:[0m [2mcosmic_session::notifications[0m[2m:[0m \x1b[2m1970-01-01T00:00:38.712456Z\x1b[0m \x1b[32m INFO\x1b[0m \x1b[1mstdout\x1b[0m\x1b[1m{\x1b[0m\x1b[3mclient\x1b[0m\x1b[2m=\x1b[0mInnerClientId { ptr: 0x96756020, alive: true }\x1b[1m}\x1b[0m\x1b[2m:\x1b[0m com.system76.CosmicPanelAppButton:     ),
[2m1970-01-01T00:00:38.817088Z[0m [32m INFO[0m [1mcosmic-panel[0m[2m:[0m [2mcosmic_session::notifications[0m[2m:[0m \x1b[2m1970-01-01T00:00:38.712577Z\x1b[0m \x1b[32m INFO\x1b[0m \x1b[1mstdout\x1b[0m\x1b[1m{\x1b[0m\x1b[3mclient\x1b[0m\x1b[2m=\x1b[0mInnerClientId { ptr: 0x96756020, alive: true }\x1b[1m}\x1b[0m\x1b[2m:\x1b[0m com.system76.CosmicPanelAppButton:     min_surface_size: Some(
[2m1970-01-01T00:00:38.817578Z[0m [32m INFO[0m [1mcosmic-panel[0m[2m:[0m [2mcosmic_session::notifications[0m[2m:[0m \x1b[2m1970-01-01T00:00:38.712684Z\x1b[0m \x1b[32m INFO\x1b[0m \x1b[1mstdout\x1b[0m\x1b[1m{\x1b[0m\x1b[3mclient\x1b[0m\x1b[2m=\x1b[0mInnerClientId { ptr: 0x96756020, alive: true }\x1b[1m}\x1b[0m\x1b[2m:\x1b[0m com.system76.CosmicPanelAppButton:         Logical(
[2m1970-01-01T00:00:38.818031Z[0m [32m INFO[0m [1mcosmic-panel[0m[2m:[0m [2mcosmic_session::notifications[0m[2m:[0m \x1b[2m1970-01-01T00:00:38.712759Z\x1b[0m \x1b[32m INFO\x1b[0m \x1b[1mstdout\x1b[0m\x1b[1m{\x1b[0m\x1b[3mclient\x1b[0m\x1b[2m=\x1b[0mInnerClientId { ptr: 0x96756020, alive: true }\x1b[1m}\x1b[0m\x1b[2m:\x1b[0m com.system76.CosmicPanelAppButton:             LogicalSize {
[2m1970-01-01T00:00:38.818487Z[0m [32m INFO[0m [1mcosmic-panel[0m[2m:[0m [2mcosmic_session::notifications[0m[2m:[0m \x1b[2m1970-01-01T00:00:38.712869Z\x1b[0m \x1b[32m INFO\x1b[0m \x1b[1mstdout\x1b[0m\x1b[1m{\x1b[0m\x1b[3mclient\x1b[0m\x1b[2m=\x1b[0mInnerClientId { ptr: 0x96756020, alive: true }\x1b[1m}\x1b[0m\x1b[2m:\x1b[0m com.system76.CosmicPanelAppButton:                 width: 72.0,
[2m1970-01-01T00:00:38.818865Z[0m [32m INFO[0m [1mcosmic-panel[0m[2m:[0m [2mcosmic_session::notifications[0m[2m:[0m \x1b[2m1970-01-01T00:00:38.712954Z\x1b[0m \x1b[32m INFO\x1b[0m \x1b[1mstdout\x1b[0m\x1b[1m{\x1b[0m\x1b[3mclient\x1b[0m\x1b[2m=\x1b[0mInnerClientId { ptr: 0x96756020, alive: true }\x1b[1m}\x1b[0m\x1b[2m:\x1b[0m com.system76.CosmicPanelAppButton:                 height: 64.0,
[2m1970-01-01T00:00:38.819242Z[0m [32m INFO[0m [1mcosmic-panel[0m[2m:[0m [2mcosmic_session::notifications[0m[2m:[0m \x1b[2m1970-01-01T00:00:38.713045Z\x1b[0m \x1b[32m INFO\x1b[0m \x1b[1mstdout\x1b[0m\x1b[1m{\x1b[0m\x1b[3mclient\x1b[0m\x1b[2m=\x1b[0mInnerClientId { ptr: 0x96756020, alive: true }\x1b[1m}\x1b[0m\x1b[2m:\x1b[0m com.system76.CosmicPanelAppButton:             },
[2m1970-01-01T00:00:38.819591Z[0m [32m INFO[0m [1mcosmic-panel[0m[2m:[0m [2mcosmic_session::notifications[0m[2m:[0m \x1b[2m1970-01-01T00:00:38.713114Z\x1b[0m \x1b[32m INFO\x1b[0m \x1b[1mstdout\x1b[0m\x1b[1m{\x1b[0m\x1b[3mclient\x1b[0m\x1b[2m=\x1b[0mInnerClientId { ptr: 0x96756020, alive: true }\x1b[1m}\x1b[0m\x1b[2m:\x1b[0m com.system76.CosmicPanelAppButton:         ),
[2m1970-01-01T00:00:38.819999Z[0m [32m INFO[0m [1mcosmic-panel[0m[2m:[0m [2mcosmic_session::notifications[0m[2m:[0m \x1b[2m1970-01-01T00:00:38.713185Z\x1b[0m \x1b[32m INFO\x1b[0m \x1b[1mstdout\x1b[0m\x1b[1m{\x1b[0m\x1b[3mclient\x1b[0m\x1b[2m=\x1b[0mInnerClientId { ptr: 0x96756020, alive: true }\x1b[1m}\x1b[0m\x1b[2m:\x1b[0m com.system76.CosmicPanelAppButton:     ),
[2m1970-01-01T00:00:38.819999Z[0m [32m INFO[0m [1mcosmic-panel[0m[2m:[0m [2mcosmic_session::notifications[0m[2m:[0m \x1b[2m1970-01-01T00:00:38.713269Z\x1b[0m \x1b[32m INFO\x1b[0m \x1b[1mstdout\x1b[0m\x1b[1m{\x1b[0m\x1b[3mclient\x1b[0m\x1b[2m=\x1b[0mInnerClientId { ptr: 0x96756020, alive: true }\x1b[1m}\x1b[0m\x1b[2m:\x1b[0m com.system76.CosmicPanelAppButton:     max_surface_size: None,
[2m1970-01-01T00:00:38.826632Z[0m [32m INFO[0m [1mcosmic-panel[0m[2m:[0m [2mcosmic_session::notifications[0m[2m:[0m \x1b[2m1970-01-01T00:00:38.713357Z\x1b[0m \x1b[32m INFO\x1b[0m \x1b[1mstdout\x1b[0m\x1b[1m{\x1b[0m\x1b[3mclient\x1b[0m\x1b[2m=\x1b[0mInnerClientId { ptr: 0x96756020, alive: true }\x1b[1m}\x1b[0m\x1b[2m:\x1b[0m com.system76.CosmicPanelAppButton:     surface_resize_increments: None,
[2m1970-01-01T00:00:38.827350Z[0m [32m INFO[0m [1mcosmic-panel[0m[2m:[0m [2mcosmic_session::notifications[0m[2m:[0m \x1b[2m1970-01-01T00:00:38.713499Z\x1b[0m \x1b[32m INFO\x1b[0m \x1b[1mstdout\x1b[0m\x1b[1m{\x1b[0m\x1b[3mclient\x1b[0m\x1b[2m=\x1b[0mInnerClientId { ptr: 0x96756020, alive: true }\x1b[1m}\x1b[0m\x1b[2m:\x1b[0m com.system76.CosmicPanelAppButton:     position: None,
[2m1970-01-01T00:00:38.827955Z[0m [32m INFO[0m [1mcosmic-panel[0m[2m:[0m [2mcosmic_session::notifications[0m[2m:[0m \x1b[2m1970-01-01T00:00:38.713566Z\x1b[0m \x1b[32m INFO\x1b[0m \x1b[1mstdout\x1b[0m\x1b[1m{\x1b[0m\x1b[3mclient\x1b[0m\x1b[2m=\x1b[0mInnerClientId { ptr: 0x96756020, alive: true }\x1b[1m}\x1b[0m\x1b[2m:\x1b[0m com.system76.CosmicPanelAppButton:     resizable: false,
[2m1970-01-01T00:00:38.860897Z[0m [32m INFO[0m [1mcosmic-panel[0m[2m:[0m [2mcosmic_session::notifications[0m[2m:[0m \x1b[2m1970-01-01T00:00:38.713658Z\x1b[0m \x1b[32m INFO\x1b[0m \x1b[1mstdout\x1b[0m\x1b[1m{\x1b[0m\x1b[3mclient\x1b[0m\x1b[2m=\x1b[0mInnerClientId { ptr: 0x96756020, alive: true }\x1b[1m}\x1b[0m\x1b[2m:\x1b[0m com.system76.CosmicPanelAppButton:     enabled_buttons: WindowButtons(
[2m1970-01-01T00:00:38.861396Z[0m [32m INFO[0m [1mcosmic-panel[0m[2m:[0m [2mcosmic_session::notifications[0m[2m:[0m \x1b[2m1970-01-01T00:00:38.713720Z\x1b[0m \x1b[32m INFO\x1b[0m \x1b[1mstdout\x1b[0m\x1b[1m{\x1b[0m\x1b[3mclient\x1b[0m\x1b[2m=\x1b[0mInnerClientId { ptr: 0x96756020, alive: true }\x1b[1m}\x1b[0m\x1b[2m:\x1b[0m com.system76.CosmicPanelAppButton:         CLOSE | MINIMIZE,
[2m1970-01-01T00:00:38.861800Z[0m [32m INFO[0m [1mcosmic-panel[0m[2m:[0m [2mcosmic_session::notifications[0m[2m:[0m \x1b[2m1970-01-01T00:00:38.713816Z\x1b[0m \x1b[32m INFO\x1b[0m \x1b[1mstdout\x1b[0m\x1b[1m{\x1b[0m\x1b[3mclient\x1b[0m\x1b[2m=\x1b[0mInnerClientId { ptr: 0x96756020, alive: true }\x1b[1m}\x1b[0m\x1b[2m:\x1b[0m com.system76.CosmicPanelAppButton:     ),
[2m1970-01-01T00:00:38.862463Z[0m [32m INFO[0m [1mcosmic-panel[0m[2m:[0m [2mcosmic_session::notifications[0m[2m:[0m \x1b[2m1970-01-01T00:00:38.713884Z\x1b[0m \x1b[32m INFO\x1b[0m \x1b[1mstdout\x1b[0m\x1b[1m{\x1b[0m\x1b[3mclient\x1b[0m\x1b[2m=\x1b[0mInnerClientId { ptr: 0x96756020, alive: true }\x1b[1m}\x1b[0m\x1b[2m:\x1b[0m com.system76.CosmicPanelAppButton:     title: "Cosmic - Iced",
[2m1970-01-01T00:00:38.862881Z[0m [32m INFO[0m [1mcosmic-panel[0m[2m:[0m [2mcosmic_session::notifications[0m[2m:[0m \x1b[2m1970-01-01T00:00:38.714016Z\x1b[0m \x1b[32m INFO\x1b[0m \x1b[1mstdout\x1b[0m\x1b[1m{\x1b[0m\x1b[3mclient\x1b[0m\x1b[2m=\x1b[0mInnerClientId { ptr: 0x96756020, alive: true }\x1b[1m}\x1b[0m\x1b[2m:\x1b[0m com.system76.CosmicPanelAppButton:     maximized: false,
[2m1970-01-01T00:00:38.863343Z[0m [32m INFO[0m [1mcosmic-panel[0m[2m:[0m [2mcosmic_session::notifications[0m[2m:[0m \x1b[2m1970-01-01T00:00:38.714112Z\x1b[0m \x1b[32m INFO\x1b[0m \x1b[1mstdout\x1b[0m\x1b[1m{\x1b[0m\x1b[3mclient\x1b[0m\x1b[2m=\x1b[0mInnerClientId { ptr: 0x96756020, alive: true }\x1b[1m}\x1b[0m\x1b[2m:\x1b[0m com.system76.CosmicPanelAppButton:     visible: false,
[2m1970-01-01T00:00:38.863719Z[0m [32m INFO[0m [1mcosmic-panel[0m[2m:[0m [2mcosmic_session::notifications[0m[2m:[0m \x1b[2m1970-01-01T00:00:38.714193Z\x1b[0m \x1b[32m INFO\x1b[0m \x1b[1mstdout\x1b[0m\x1b[1m{\x1b[0m\x1b[3mclient\x1b[0m\x1b[2m=\x1b[0mInnerClientId { ptr: 0x96756020, alive: true }\x1b[1m}\x1b[0m\x1b[2m:\x1b[0m com.system76.CosmicPanelAppButton:     transparent: true,
[2m1970-01-01T00:00:38.864180Z[0m [32m INFO[0m [1mcosmic-panel[0m[2m:[0m [2mcosmic_session::notifications[0m[2m:[0m \x1b[2m1970-01-01T00:00:38.714262Z\x1b[0m \x1b[32m INFO\x1b[0m \x1b[1mstdout\x1b[0m\x1b[1m{\x1b[0m\x1b[3mclient\x1b[0m\x1b[2m=\x1b[0mInnerClientId { ptr: 0x96756020, alive: true }\x1b[1m}\x1b[0m\x1b[2m:\x1b[0m com.system76.CosmicPanelAppButton:     blur: false,
[2m1970-01-01T00:00:38.864607Z[0m [32m INFO[0m [1mcosmic-panel[0m[2m:[0m [2mcosmic_session::notifications[0m[2m:[0m \x1b[2m1970-01-01T00:00:38.714357Z\x1b[0m \x1b[32m INFO\x1b[0m \x1b[1mstdout\x1b[0m\x1b[1m{\x1b[0m\x1b[3mclient\x1b[0m\x1b[2m=\x1b[0mInnerClientId { ptr: 0x96756020, alive: true }\x1b[1m}\x1b[0m\x1b[2m:\x1b[0m com.system76.CosmicPanelAppButton:     decorations: false,
[2m1970-01-01T00:00:38.864984Z[0m [32m INFO[0m [1mcosmic-panel[0m[2m:[0m [2mcosmic_session::notifications[0m[2m:[0m \x1b[2m1970-01-01T00:00:38.714424Z\x1b[0m \x1b[32m INFO\x1b[0m \x1b[1mstdout\x1b[0m\x1b[1m{\x1b[0m\x1b[3mclient\x1b[0m\x1b[2m=\x1b[0mInnerClientId { ptr: 0x96756020, alive: true }\x1b[1m}\x1b[0m\x1b[2m:\x1b[0m com.system76.CosmicPanelAppButton:     window_icon: None,
[2m1970-01-01T00:00:38.865347Z[0m [32m INFO[0m [1mcosmic-panel[0m[2m:[0m [2mcosmic_session::notifications[0m[2m:[0m \x1b[2m1970-01-01T00:00:38.714493Z\x1b[0m \x1b[32m INFO\x1b[0m \x1b[1mstdout\x1b[0m\x1b[1m{\x1b[0m\x1b[3mclient\x1b[0m\x1b[2m=\x1b[0mInnerClientId { ptr: 0x96756020, alive: true }\x1b[1m}\x1b[0m\x1b[2m:\x1b[0m com.system76.CosmicPanelAppButton:     preferred_theme: None,
[2m1970-01-01T00:00:38.865752Z[0m [32m INFO[0m [1mcosmic-panel[0m[2m:[0m [2mcosmic_session::notifications[0m[2m:[0m \x1b[2m1970-01-01T00:00:38.714554Z\x1b[0m \x1b[32m INFO\x1b[0m \x1b[1mstdout\x1b[0m\x1b[1m{\x1b[0m\x1b[3mclient\x1b[0m\x1b[2m=\x1b[0mInnerClientId { ptr: 0x96756020, alive: true }\x1b[1m}\x1b[0m\x1b[2m:\x1b[0m com.system76.CosmicPanelAppButton:     content_protected: false,
[2m1970-01-01T00:00:38.866284Z[0m [32m INFO[0m [1mcosmic-panel[0m[2m:[0m [2mcosmic_session::notifications[0m[2m:[0m \x1b[2m1970-01-01T00:00:38.714670Z\x1b[0m \x1b[32m INFO\x1b[0m \x1b[1mstdout\x1b[0m\x1b[1m{\x1b[0m\x1b[3mclient\x1b[0m\x1b[2m=\x1b[0mInnerClientId { ptr: 0x96756020, alive: true }\x1b[1m}\x1b[0m\x1b[2m:\x1b[0m com.system76.CosmicPanelAppButton:     window_level: Normal,
[2m1970-01-01T00:00:38.866645Z[0m [32m INFO[0m [1mcosmic-panel[0m[2m:[0m [2mcosmic_session::notifications[0m[2m:[0m \x1b[2m1970-01-01T00:00:38.714732Z\x1b[0m \x1b[32m INFO\x1b[0m \x1b[1mstdout\x1b[0m\x1b[1m{\x1b[0m\x1b[3mclient\x1b[0m\x1b[2m=\x1b[0mInnerClientId { ptr: 0x96756020, alive: true }\x1b[1m}\x1b[0m\x1b[2m:\x1b[0m com.system76.CosmicPanelAppButton:     active: true,
[2m1970-01-01T00:00:38.867018Z[0m [32m INFO[0m [1mcosmic-panel[0m[2m:[0m [2mcosmic_session::notifications[0m[2m:[0m \x1b[2m1970-01-01T00:00:38.714794Z\x1b[0m \x1b[32m INFO\x1b[0m \x1b[1mstdout\x1b[0m\x1b[1m{\x1b[0m\x1b[3mclient\x1b[0m\x1b[2m=\x1b[0mInnerClientId { ptr: 0x96756020, alive: true }\x1b[1m}\x1b[0m\x1b[2m:\x1b[0m com.system76.CosmicPanelAppButton:     cursor: Icon(
[2m1970-01-01T00:00:38.867368Z[0m [32m INFO[0m [1mcosmic-panel[0m[2m:[0m [2mcosmic_session::notifications[0m[2m:[0m \x1b[2m1970-01-01T00:00:38.714857Z\x1b[0m \x1b[32m INFO\x1b[0m \x1b[1mstdout\x1b[0m\x1b[1m{\x1b[0m\x1b[3mclient\x1b[0m\x1b[2m=\x1b[0mInnerClientId { ptr: 0x96756020, alive: true }\x1b[1m}\x1b[0m\x1b[2m:\x1b[0m com.system76.CosmicPanelAppButton:         Default,
[2m1970-01-01T00:00:38.867759Z[0m [32m INFO[0m [1mcosmic-panel[0m[2m:[0m [2mcosmic_session::notifications[0m[2m:[0m \x1b[2m1970-01-01T00:00:38.714918Z\x1b[0m \x1b[32m INFO\x1b[0m \x1b[1mstdout\x1b[0m\x1b[1m{\x1b[0m\x1b[3mclient\x1b[0m\x1b[2m=\x1b[0mInnerClientId { ptr: 0x96756020, alive: true }\x1b[1m}\x1b[0m\x1b[2m:\x1b[0m com.system76.CosmicPanelAppButton:     ),
[2m1970-01-01T00:00:38.868130Z[0m [32m INFO[0m [1mcosmic-panel[0m[2m:[0m [2mcosmic_session::notifications[0m[2m:[0m \x1b[2m1970-01-01T00:00:38.714979Z\x1b[0m \x1b[32m INFO\x1b[0m \x1b[1mstdout\x1b[0m\x1b[1m{\x1b[0m\x1b[3mclient\x1b[0m\x1b[2m=\x1b[0mInnerClientId { ptr: 0x96756020, alive: true }\x1b[1m}\x1b[0m\x1b[2m:\x1b[0m com.system76.CosmicPanelAppButton:     parent_window: None,
[2m1970-01-01T00:00:38.869486Z[0m [32m INFO[0m [1mcosmic-panel[0m[2m:[0m [2mcosmic_session::notifications[0m[2m:[0m \x1b[2m1970-01-01T00:00:38.715063Z\x1b[0m \x1b[32m INFO\x1b[0m \x1b[1mstdout\x1b[0m\x1b[1m{\x1b[0m\x1b[3mclient\x1b[0m\x1b[2m=\x1b[0mInnerClientId { ptr: 0x96756020, alive: true }\x1b[1m}\x1b[0m\x1b[2m:\x1b[0m com.system76.CosmicPanelAppButton:     fullscreen: None,
[2m1970-01-01T00:00:38.869841Z[0m [32m INFO[0m [1mcosmic-panel[0m[2m:[0m [2mcosmic_session::notifications[0m[2m:[0m \x1b[2m1970-01-01T00:00:38.715160Z\x1b[0m \x1b[32m INFO\x1b[0m \x1b[1mstdout\x1b[0m\x1b[1m{\x1b[0m\x1b[3mclient\x1b[0m\x1b[2m=\x1b[0mInnerClientId { ptr: 0x96756020, alive: true }\x1b[1m}\x1b[0m\x1b[2m:\x1b[0m com.system76.CosmicPanelAppButton:     platform: Some(
[2m1970-01-01T00:00:38.869999Z[0m [32m INFO[0m [1mcosmic-panel[0m[2m:[0m [2mcosmic_session::notifications[0m[2m:[0m \x1b[2m1970-01-01T00:00:38.715224Z\x1b[0m \x1b[32m INFO\x1b[0m \x1b[1mstdout\x1b[0m\x1b[1m{\x1b[0m\x1b[3mclient\x1b[0m\x1b[2m=\x1b[0mInnerClientId { ptr: 0x96756020, alive: true }\x1b[1m}\x1b[0m\x1b[2m:\x1b[0m com.system76.CosmicPanelAppButton:         WindowAttributesWayland {
[2m1970-01-01T00:00:38.869999Z[0m [32m INFO[0m [1mcosmic-panel[0m[2m:[0m [2mcosmic_session::notifications[0m[2m:[0m \x1b[2m1970-01-01T00:00:38.715287Z\x1b[0m \x1b[32m INFO\x1b[0m \x1b[1mstdout\x1b[0m\x1b[1m{\x1b[0m\x1b[3mclient\x1b[0m\x1b[2m=\x1b[0mInnerClientId { ptr: 0x96756020, alive: true }\x1b[1m}\x1b[0m\x1b[2m:\x1b[0m com.system76.CosmicPanelAppButton:             name: Some(
[2m1970-01-01T00:00:38.869999Z[0m [32m INFO[0m [1mcosmic-panel[0m[2m:[0m [2mcosmic_session::notifications[0m[2m:[0m \x1b[2m1970-01-01T00:00:38.715352Z\x1b[0m \x1b[32m INFO\x1b[0m \x1b[1mstdout\x1b[0m\x1b[1m{\x1b[0m\x1b[3mclient\x1b[0m\x1b[2m=\x1b[0mInnerClientId { ptr: 0x96756020, alive: true }\x1b[1m}\x1b[0m\x1b[2m:\x1b[0m com.system76.CosmicPanelAppButton:                 ApplicationName {
[2m1970-01-01T00:00:38.869999Z[0m [32m INFO[0m [1mcosmic-panel[0m[2m:[0m [2mcosmic_session::notifications[0m[2m:[0m \x1b[2m1970-01-01T00:00:38.715420Z\x1b[0m \x1b[32m INFO\x1b[0m \x1b[1mstdout\x1b[0m\x1b[1m{\x1b[0m\x1b[3mclient\x1b[0m\x1b[2m=\x1b[0mInnerClientId { ptr: 0x96756020, alive: true }\x1b[1m}\x1b[0m\x1b[2m:\x1b[0m com.system76.CosmicPanelAppButton:                     general: "com.system76.CosmicPanelButton",
[2m1970-01-01T00:00:38.869999Z[0m [32m INFO[0m [1mcosmic-panel[0m[2m:[0m [2mcosmic_session::notifications[0m[2m:[0m \x1b[2m1970-01-01T00:00:38.715494Z\x1b[0m \x1b[32m INFO\x1b[0m \x1b[1mstdout\x1b[0m\x1b[1m{\x1b[0m\x1b[3mclient\x1b[0m\x1b[2m=\x1b[0mInnerClientId { ptr: 0x96756020, alive: true }\x1b[1m}\x1b[0m\x1b[2m:\x1b[0m com.system76.CosmicPanelAppButton:                     instance: "com.system76.CosmicPanelButton",
[2m1970-01-01T00:00:38.869999Z[0m [32m INFO[0m [1mcosmic-panel[0m[2m:[0m [2mcosmic_session::notifications[0m[2m:[0m \x1b[2m1970-01-01T00:00:38.715601Z\x1b[0m \x1b[32m INFO\x1b[0m \x1b[1mstdout\x1b[0m\x1b[1m{\x1b[0m\x1b[3mclient\x1b[0m\x1b[2m=\x1b[0mInnerClientId { ptr: 0x96756020, alive: true }\x1b[1m}\x1b[0m\x1b[2m:\x1b[0m com.system76.CosmicPanelAppButton:                 },
[2m1970-01-01T00:00:38.869999Z[0m [32m INFO[0m [1mcosmic-panel[0m[2m:[0m [2mcosmic_session::notifications[0m[2m:[0m \x1b[2m1970-01-01T00:00:38.715664Z\x1b[0m \x1b[32m INFO\x1b[0m \x1b[1mstdout\x1b[0m\x1b[1m{\x1b[0m\x1b[3mclient\x1b[0m\x1b[2m=\x1b[0mInnerClientId { ptr: 0x96756020, alive: true }\x1b[1m}\x1b[0m\x1b[2m:\x1b[0m com.system76.CosmicPanelAppButton:             ),
[2m1970-01-01T00:00:38.869999Z[0m [32m INFO[0m [1mcosmic-panel[0m[2m:[0m [2mcosmic_session::notifications[0m[2m:[0m \x1b[2m1970-01-01T00:00:38.715733Z\x1b[0m \x1b[32m INFO\x1b[0m \x1b[1mstdout\x1b[0m\x1b[1m{\x1b[0m\x1b[3mclient\x1b[0m\x1b[2m=\x1b[0mInnerClientId { ptr: 0x96756020, alive: true }\x1b[1m}\x1b[0m\x1b[2m:\x1b[0m com.system76.CosmicPanelAppButton:             activation_token: None,
[2m1970-01-01T00:00:38.869999Z[0m [32m INFO[0m [1mcosmic-panel[0m[2m:[0m [2mcosmic_session::notifications[0m[2m:[0m \x1b[2m1970-01-01T00:00:38.715810Z\x1b[0m \x1b[32m INFO\x1b[0m \x1b[1mstdout\x1b[0m\x1b[1m{\x1b[0m\x1b[3mclient\x1b[0m\x1b[2m=\x1b[0mInnerClientId { ptr: 0x96756020, alive: true }\x1b[1m}\x1b[0m\x1b[2m:\x1b[0m com.system76.CosmicPanelAppButton:             prefer_csd: false,
[2m1970-01-01T00:00:39.059999Z[0m [32m INFO[0m [1mcosmic-panel[0m[2m:[0m [2mcosmic_session::notifications[0m[2m:[0m \x1b[2m1970-01-01T00:00:38.715885Z\x1b[0m \x1b[32m INFO\x1b[0m \x1b[1mstdout\x1b[0m\x1b[1m{\x1b[0m\x1b[3mclient\x1b[0m\x1b[2m=\x1b[0mInnerClientId { ptr: 0x96756020, alive: true }\x1b[1m}\x1b[0m\x1b[2m:\x1b[0m com.system76.CosmicPanelAppButton:         },
[2m1970-01-01T00:00:39.059999Z[0m [32m INFO[0m [1mcosmic-panel[0m[2m:[0m [2mcosmic_session::notifications[0m[2m:[0m \x1b[2m1970-01-01T00:00:38.715953Z\x1b[0m \x1b[32m INFO\x1b[0m \x1b[1mstdout\x1b[0m\x1b[1m{\x1b[0m\x1b[3mclient\x1b[0m\x1b[2m=\x1b[0mInnerClientId { ptr: 0x96756020, alive: true }\x1b[1m}\x1b[0m\x1b[2m:\x1b[0m com.system76.CosmicPanelAppButton:     ),
[2m1970-01-01T00:00:39.059999Z[0m [32m INFO[0m [1mcosmic-panel[0m[2m:[0m [2mcosmic_session::notifications[0m[2m:[0m \x1b[2m1970-01-01T00:00:38.716042Z\x1b[0m \x1b[32m INFO\x1b[0m \x1b[1mstdout\x1b[0m\x1b[1m{\x1b[0m\x1b[3mclient\x1b[0m\x1b[2m=\x1b[0mInnerClientId { ptr: 0x96756020, alive: true }\x1b[1m}\x1b[0m\x1b[2m:\x1b[0m com.system76.CosmicPanelAppButton: }
[2m1970-01-01T00:00:39.059999Z[0m [32m INFO[0m [1mcosmic-panel[0m[2m:[0m [2mcosmic_session::notifications[0m[2m:[0m \x1b[2m1970-01-01T00:00:38.716122Z\x1b[0m \x1b[32m INFO\x1b[0m \x1b[1mstdout\x1b[0m\x1b[1m{\x1b[0m\x1b[3mclient\x1b[0m\x1b[2m=\x1b[0mInnerClientId { ptr: 0x96756020, alive: true }\x1b[1m}\x1b[0m\x1b[2m:\x1b[0m com.system76.CosmicPanelAppButton: \x1b[2m1970-01-01T00:00:38.699999Z\x1b[0m \x1b[33m WARN\x1b[0m \x1b[2mwinit_wayland::window::state\x1b[0m\x1b[2m:\x1b[0m `xdg_toplevel_icon_manager_v1` is not supported
[2m1970-01-01T00:00:39.059999Z[0m [32m INFO[0m [1mcosmic-panel[0m[2m:[0m [2mcosmic_session::notifications[0m[2m:[0m \x1b[2m1970-01-01T00:00:38.716215Z\x1b[0m \x1b[31mERROR\x1b[0m \x1b[1mstderr\x1b[0m\x1b[1m{\x1b[0m\x1b[3mclient\x1b[0m\x1b[2m=\x1b[0mInnerClientId { ptr: 0x940e8650, alive: true }\x1b[1m}\x1b[0m\x1b[2m:\x1b[0m com.system76.CosmicPanelLauncherButton: xkbcommon: ERROR: couldn't find a Compose file for locale "C" (mapped to "C")
[2m1970-01-01T00:00:39.059999Z[0m [32m INFO[0m [1mcosmic-panel[0m[2m:[0m [2mcosmic_session::notifications[0m[2m:[0m \x1b[2m1970-01-01T00:00:38.716305Z\x1b[0m \x1b[31mERROR\x1b[0m \x1b[1mstderr\x1b[0m\x1b[1m{\x1b[0m\x1b[3mclient\x1b[0m\x1b[2m=\x1b[0mInnerClientId { ptr: 0x940e8650, alive: true }\x1b[1m}\x1b[0m\x1b[2m:\x1b[0m com.system76.CosmicPanelLauncherButton: xkbcommon: ERROR: couldn't find a Compose file for locale "C" (mapped to "C")
[2m1970-01-01T00:00:39.059999Z[0m [32m INFO[0m [1mcosmic-panel[0m[2m:[0m [2mcosmic_session::notifications[0m[2m:[0m \x1b[2m1970-01-01T00:00:38.716404Z\x1b[0m \x1b[32m INFO\x1b[0m \x1b[1mstdout\x1b[0m\x1b[1m{\x1b[0m\x1b[3mclient\x1b[0m\x1b[2m=\x1b[0mInnerClientId { ptr: 0x940e8290, alive: true }\x1b[1m}\x1b[0m\x1b[2m:\x1b[0m com.system76.CosmicPanelWorkspacesButton: \x1b[2m1970-01-01T00:00:38.477523Z\x1b[0m \x1b[32m INFO\x1b[0m \x1b[2miced_winit\x1b[0m\x1b[2m:\x1b[0m Window attributes for id `Id(
[2m1970-01-01T00:00:39.059999Z[0m [32m INFO[0m [1mcosmic-panel[0m[2m:[0m [2mcosmic_session::notifications[0m[2m:[0m \x1b[2m1970-01-01T00:00:38.905452Z\x1b[0m \x1b[32m INFO\x1b[0m \x1b[1mstdout\x1b[0m\x1b[1m{\x1b[0m\x1b[3mclient\x1b[0m\x1b[2m=\x1b[0mInnerClientId { ptr: 0x940e8290, alive: true }\x1b[1m}\x1b[0m\x1b[2m:\x1b[0m com.system76.CosmicPanelWorkspacesButton:     1,
[2m1970-01-01T00:00:39.059999Z[0m [32m INFO[0m [1mcosmic-panel[0m[2m:[0m [2mcosmic_session::notifications[0m[2m:[0m \x1b[2m1970-01-01T00:00:38.905551Z\x1b[0m \x1b[32m INFO\x1b[0m \x1b[1mstdout\x1b[0m\x1b[1m{\x1b[0m\x1b[3mclient\x1b[0m\x1b[2m=\x1b[0mInnerClientId { ptr: 0x940e8290, alive: true }\x1b[1m}\x1b[0m\x1b[2m:\x1b[0m com.system76.CosmicPanelWorkspacesButton: )`: WindowAttributes {
[2m1970-01-01T00:00:39.059999Z[0m [32m INFO[0m [1mcosmic-panel[0m[2m:[0m [2mcosmic_session::notifications[0m[2m:[0m \x1b[2m1970-01-01T00:00:38.905601Z\x1b[0m \x1b[32m INFO\x1b[0m \x1b[1mstdout\x1b[0m\x1b[1m{\x1b[0m\x1b[3mclient\x1b[0m\x1b[2m=\x1b[0mInnerClientId { ptr: 0x940e8290, alive: true }\x1b[1m}\x1b[0m\x1b[2m:\x1b[0m com.system76.CosmicPanelWorkspacesButton:     surface_size: Some(
[2m1970-01-01T00:00:39.059999Z[0m [32m INFO[0m [1mcosmic-panel[0m[2m:[0m [2mcosmic_session::notifications[0m[2m:[0m \x1b[2m1970-01-01T00:00:38.905646Z\x1b[0m \x1b[32m INFO\x1b[0m \x1b[1mstdout\x1b[0m\x1b[1m{\x1b[0m\x1b[3mclient\x1b[0m\x1b[2m=\x1b[0mInnerClientId { ptr: 0x940e8290, alive: true }\x1b[1m}\x1b[0m\x1b[2m:\x1b[0m com.system76.CosmicPanelWorkspacesButton:         Logical(
[2m1970-01-01T00:00:39.059999Z[0m [32m INFO[0m [1mcosmic-panel[0m[2m:[0m [2mcosmic_session::notifications[0m[2m:[0m \x1b[2m1970-01-01T00:00:38.905700Z\x1b[0m \x1b[31mERROR\x1b[0m \x1b[1mstderr\x1b[0m\x1b[1m{\x1b[0m\x1b[3mclient\x1b[0m\x1b[2m=\x1b[0mInnerClientId { ptr: 0x940e8290, alive: true }\x1b[1m}\x1b[0m\x1b[2m:\x1b[0m com.system76.CosmicPanelWorkspacesButton: xkbcommon: ERROR: couldn't find a Compose file for locale "C" (mapped to "C")
[2m1970-01-01T00:00:39.059999Z[0m [32m INFO[0m [1mcosmic-panel[0m[2m:[0m [2mcosmic_session::notifications[0m[2m:[0m \x1b[2m1970-01-01T00:00:38.905750Z\x1b[0m \x1b[31mERROR\x1b[0m \x1b[1mstderr\x1b[0m\x1b[1m{\x1b[0m\x1b[3mclient\x1b[0m\x1b[2m=\x1b[0mInnerClientId { ptr: 0x940e8290, alive: true }\x1b[1m}\x1b[0m\x1b[2m:\x1b[0m com.system76.CosmicPanelWorkspacesButton: xkbcommon: ERROR: couldn't find a Compose file for locale "C" (mapped to "C")
[2m1970-01-01T00:00:39.059999Z[0m [32m INFO[0m [1mcosmic-panel[0m[2m:[0m [2mcosmic_session::notifications[0m[2m:[0m \x1b[2m1970-01-01T00:00:38.905799Z\x1b[0m \x1b[32m INFO\x1b[0m \x1b[1mstdout\x1b[0m\x1b[1m{\x1b[0m\x1b[3mclient\x1b[0m\x1b[2m=\x1b[0mInnerClientId { ptr: 0x940e8290, alive: true }\x1b[1m}\x1b[0m\x1b[2m:\x1b[0m com.system76.CosmicPanelWorkspacesButton:             LogicalSize {
[2m1970-01-01T00:00:39.059999Z[0m [32m INFO[0m [1mcosmic-panel[0m[2m:[0m [2mcosmic_session::notifications[0m[2m:[0m \x1b[2m1970-01-01T00:00:38.905862Z\x1b[0m \x1b[32m INFO\x1b[0m \x1b[1mstdout\x1b[0m\x1b[1m{\x1b[0m\x1b[3mclient\x1b[0m\x1b[2m=\x1b[0mInnerClientId { ptr: 0x940e8290, alive: true }\x1b[1m}\x1b[0m\x1b[2m:\x1b[0m com.system76.CosmicPanelWorkspacesButton:                 width: 72.0,
[2m1970-01-01T00:00:39.059999Z[0m [32m INFO[0m [1mcosmic-panel[0m[2m:[0m [2mcosmic_session::notifications[0m[2m:[0m \x1b[2m1970-01-01T00:00:38.905905Z\x1b[0m \x1b[32m INFO\x1b[0m \x1b[1mstdout\x1b[0m\x1b[1m{\x1b[0m\x1b[3mclient\x1b[0m\x1b[2m=\x1b[0mInnerClientId { ptr: 0x940e8290, alive: true }\x1b[1m}\x1b[0m\x1b[2m:\x1b[0m com.system76.CosmicPanelWorkspacesButton:                 height: 64.0,
[2m1970-01-01T00:00:39.059999Z[0m [32m INFO[0m [1mcosmic-panel[0m[2m:[0m [2mcosmic_session::notifications[0m[2m:[0m \x1b[2m1970-01-01T00:00:38.905950Z\x1b[0m \x1b[32m INFO\x1b[0m \x1b[1mstdout\x1b[0m\x1b[1m{\x1b[0m\x1b[3mclient\x1b[0m\x1b[2m=\x1b[0mInnerClientId { ptr: 0x940e8290, alive: true }\x1b[1m}\x1b[0m\x1b[2m:\x1b[0m com.system76.CosmicPanelWorkspacesButton:             },
[2m1970-01-01T00:00:39.059999Z[0m [32m INFO[0m [1mcosmic-panel[0m[2m:[0m [2mcosmic_session::notifications[0m[2m:[0m \x1b[2m1970-01-01T00:00:38.905992Z\x1b[0m \x1b[32m INFO\x1b[0m \x1b[1mstdout\x1b[0m\x1b[1m{\x1b[0m\x1b[3mclient\x1b[0m\x1b[2m=\x1b[0mInnerClientId { ptr: 0x940e8290, alive: true }\x1b[1m}\x1b[0m\x1b[2m:\x1b[0m com.system76.CosmicPanelWorkspacesButton:         ),
[2m1970-01-01T00:00:39.059999Z[0m [32m INFO[0m [1mcosmic-panel[0m[2m:[0m [2mcosmic_session::notifications[0m[2m:[0m \x1b[2m1970-01-01T00:00:38.906041Z\x1b[0m \x1b[32m INFO\x1b[0m \x1b[1mstdout\x1b[0m\x1b[1m{\x1b[0m\x1b[3mclient\x1b[0m\x1b[2m=\x1b[0mInnerClientId { ptr: 0x940e8290, alive: true }\x1b[1m}\x1b[0m\x1b[2m:\x1b[0m com.system76.CosmicPanelWorkspacesButton:     ),
[2m1970-01-01T00:00:39.059999Z[0m [32m INFO[0m [1mcosmic-panel[0m[2m:[0m [2mcosmic_session::notifications[0m[2m:[0m \x1b[2m1970-01-01T00:00:38.906085Z\x1b[0m \x1b[32m INFO\x1b[0m \x1b[1mstdout\x1b[0m\x1b[1m{\x1b[0m\x1b[3mclient\x1b[0m\x1b[2m=\x1b[0mInnerClientId { ptr: 0x940e8290, alive: true }\x1b[1m}\x1b[0m\x1b[2m:\x1b[0m com.system76.CosmicPanelWorkspacesButton:     min_surface_size: Some(
[2m1970-01-01T00:00:39.059999Z[0m [32m INFO[0m [1mcosmic-panel[0m[2m:[0m [2mcosmic_session::notifications[0m[2m:[0m \x1b[2m1970-01-01T00:00:38.906127Z\x1b[0m \x1b[32m INFO\x1b[0m \x1b[1mstdout\x1b[0m\x1b[1m{\x1b[0m\x1b[3mclient\x1b[0m\x1b[2m=\x1b[0mInnerClientId { ptr: 0x940e8290, alive: true }\x1b[1m}\x1b[0m\x1b[2m:\x1b[0m com.system76.CosmicPanelWorkspacesButton:         Logical(
[2m1970-01-01T00:00:39.059999Z[0m [32m INFO[0m [1mcosmic-panel[0m[2m:[0m [2mcosmic_session::notifications[0m[2m:[0m \x1b[2m1970-01-01T00:00:38.906169Z\x1b[0m \x1b[32m INFO\x1b[0m \x1b[1mstdout\x1b[0m\x1b[1m{\x1b[0m\x1b[3mclient\x1b[0m\x1b[2m=\x1b[0mInnerClientId { ptr: 0x940e8290, alive: true }\x1b[1m}\x1b[0m\x1b[2m:\x1b[0m com.system76.CosmicPanelWorkspacesButton:             LogicalSize {
[2m1970-01-01T00:00:39.059999Z[0m [32m INFO[0m [1mcosmic-panel[0m[2m:[0m [2mcosmic_session::notifications[0m[2m:[0m \x1b[2m1970-01-01T00:00:38.906220Z\x1b[0m \x1b[32m INFO\x1b[0m \x1b[1mstdout\x1b[0m\x1b[1m{\x1b[0m\x1b[3mclient\x1b[0m\x1b[2m=\x1b[0mInnerClientId { ptr: 0x940e8290, alive: true }\x1b[1m}\x1b[0m\x1b[2m:\x1b[0m com.system76.CosmicPanelWorkspacesButton:                 width: 72.0,
[2m1970-01-01T00:00:39.059999Z[0m [32m INFO[0m [1mcosmic-panel[0m[2m:[0m [2mcosmic_session::notifications[0m[2m:[0m \x1b[2m1970-01-01T00:00:38.906264Z\x1b[0m \x1b[32m INFO\x1b[0m \x1b[1mstdout\x1b[0m\x1b[1m{\x1b[0m\x1b[3mclient\x1b[0m\x1b[2m=\x1b[0mInnerClientId { ptr: 0x940e8290, alive: true }\x1b[1m}\x1b[0m\x1b[2m:\x1b[0m com.system76.CosmicPanelWorkspacesButton:                 height: 64.0,
[2m1970-01-01T00:00:39.059999Z[0m [32m INFO[0m [1mcosmic-panel[0m[2m:[0m [2mcosmic_session::notifications[0m[2m:[0m \x1b[2m1970-01-01T00:00:38.906311Z\x1b[0m \x1b[32m INFO\x1b[0m \x1b[1mstdout\x1b[0m\x1b[1m{\x1b[0m\x1b[3mclient\x1b[0m\x1b[2m=\x1b[0mInnerClientId { ptr: 0x940e8290, alive: true }\x1b[1m}\x1b[0m\x1b[2m:\x1b[0m com.system76.CosmicPanelWorkspacesButton:             },
[2m1970-01-01T00:00:39.059999Z[0m [32m INFO[0m [1mcosmic-panel[0m[2m:[0m [2mcosmic_session::notifications[0m[2m:[0m \x1b[2m1970-01-01T00:00:38.906360Z\x1b[0m \x1b[32m INFO\x1b[0m \x1b[1mstdout\x1b[0m\x1b[1m{\x1b[0m\x1b[3mclient\x1b[0m\x1b[2m=\x1b[0mInnerClientId { ptr: 0x940e8290, alive: true }\x1b[1m}\x1b[0m\x1b[2m:\x1b[0m com.system76.CosmicPanelWorkspacesButton:         ),
[2m1970-01-01T00:00:39.059999Z[0m [32m INFO[0m [1mcosmic-panel[0m[2m:[0m [2mcosmic_session::notifications[0m[2m:[0m \x1b[2m1970-01-01T00:00:38.906410Z\x1b[0m \x1b[32m INFO\x1b[0m \x1b[1mstdout\x1b[0m\x1b[1m{\x1b[0m\x1b[3mclient\x1b[0m\x1b[2m=\x1b[0mInnerClientId { ptr: 0x940e8290, alive: true }\x1b[1m}\x1b[0m\x1b[2m:\x1b[0m com.system76.CosmicPanelWorkspacesButton:     ),
[2m1970-01-01T00:00:39.059999Z[0m [32m INFO[0m [1mcosmic-panel[0m[2m:[0m [2mcosmic_session::notifications[0m[2m:[0m \x1b[2m1970-01-01T00:00:38.906457Z\x1b[0m \x1b[32m INFO\x1b[0m \x1b[1mstdout\x1b[0m\x1b[1m{\x1b[0m\x1b[3mclient\x1b[0m\x1b[2m=\x1b[0mInnerClientId { ptr: 0x940e8290, alive: true }\x1b[1m}\x1b[0m\x1b[2m:\x1b[0m com.system76.CosmicPanelWorkspacesButton:     max_surface_size: None,
[2m1970-01-01T00:00:39.059999Z[0m [32m INFO[0m [1mcosmic-panel[0m[2m:[0m [2mcosmic_session::notifications[0m[2m:[0m \x1b[2m1970-01-01T00:00:38.906578Z\x1b[0m \x1b[32m INFO\x1b[0m \x1b[1mstdout\x1b[0m\x1b[1m{\x1b[0m\x1b[3mclient\x1b[0m\x1b[2m=\x1b[0mInnerClientId { ptr: 0x940e8290, alive: true }\x1b[1m}\x1b[0m\x1b[2m:\x1b[0m com.system76.CosmicPanelWorkspacesButton:     surface_resize_increments: None,
[2m1970-01-01T00:00:39.059999Z[0m [32m INFO[0m [1mcosmic-panel[0m[2m:[0m [2mcosmic_session::notifications[0m[2m:[0m \x1b[2m1970-01-01T00:00:38.906655Z\x1b[0m \x1b[32m INFO\x1b[0m \x1b[1mstdout\x1b[0m\x1b[1m{\x1b[0m\x1b[3mclient\x1b[0m\x1b[2m=\x1b[0mInnerClientId { ptr: 0x940e8290, alive: true }\x1b[1m}\x1b[0m\x1b[2m:\x1b[0m com.system76.CosmicPanelWorkspacesButton:     position: None,
[2m1970-01-01T00:00:39.059999Z[0m [32m INFO[0m [1mcosmic-panel[0m[2m:[0m [2mcosmic_session::notifications[0m[2m:[0m \x1b[2m1970-01-01T00:00:38.906719Z\x1b[0m \x1b[32m INFO\x1b[0m \x1b[1mstdout\x1b[0m\x1b[1m{\x1b[0m\x1b[3mclient\x1b[0m\x1b[2m=\x1b[0mInnerClientId { ptr: 0x940e8290, alive: true }\x1b[1m}\x1b[0m\x1b[2m:\x1b[0m com.system76.CosmicPanelWorkspacesButton:     resizable: false,
[2m1970-01-01T00:00:39.059999Z[0m [32m INFO[0m [1mcosmic-panel[0m[2m:[0m [2mcosmic_session::notifications[0m[2m:[0m \x1b[2m1970-01-01T00:00:38.906785Z\x1b[0m \x1b[32m INFO\x1b[0m \x1b[1mstdout\x1b[0m\x1b[1m{\x1b[0m\x1b[3mclient\x1b[0m\x1b[2m=\x1b[0mInnerClientId { ptr: 0x940e8290, alive: true }\x1b[1m}\x1b[0m\x1b[2m:\x1b[0m com.system76.CosmicPanelWorkspacesButton:     enabled_buttons: WindowButtons(
[2m1970-01-01T00:00:39.059999Z[0m [32m INFO[0m [1mcosmic-panel[0m[2m:[0m [2mcosmic_session::notifications[0m[2m:[0m \x1b[2m1970-01-01T00:00:38.906854Z\x1b[0m \x1b[32m INFO\x1b[0m \x1b[1mstdout\x1b[0m\x1b[1m{\x1b[0m\x1b[3mclient\x1b[0m\x1b[2m=\x1b[0mInnerClientId { ptr: 0x940e8290, alive: true }\x1b[1m}\x1b[0m\x1b[2m:\x1b[0m com.system76.CosmicPanelWorkspacesButton:         CLOSE | MINIMIZE,
[2m1970-01-01T00:00:39.059999Z[0m [32m INFO[0m [1mcosmic-panel[0m[2m:[0m [2mcosmic_session::notifications[0m[2m:[0m \x1b[2m1970-01-01T00:00:38.906922Z\x1b[0m \x1b[32m INFO\x1b[0m \x1b[1mstdout\x1b[0m\x1b[1m{\x1b[0m\x1b[3mclient\x1b[0m\x1b[2m=\x1b[0mInnerClientId { ptr: 0x940e8290, alive: true }\x1b[1m}\x1b[0m\x1b[2m:\x1b[0m com.system76.CosmicPanelWorkspacesButton:     ),
[2m1970-01-01T00:00:39.059999Z[0m [32m INFO[0m [1mcosmic-panel[0m[2m:[0m [2mcosmic_session::notifications[0m[2m:[0m \x1b[2m1970-01-01T00:00:38.906985Z\x1b[0m \x1b[32m INFO\x1b[0m \x1b[1mstdout\x1b[0m\x1b[1m{\x1b[0m\x1b[3mclient\x1b[0m\x1b[2m=\x1b[0mInnerClientId { ptr: 0x940e8290, alive: true }\x1b[1m}\x1b[0m\x1b[2m:\x1b[0m com.system76.CosmicPanelWorkspacesButton:     title: "Cosmic - Iced",
[2m1970-01-01T00:00:39.059999Z[0m [32m INFO[0m [1mcosmic-panel[0m[2m:[0m [2mcosmic_session::notifications[0m[2m:[0m \x1b[2m1970-01-01T00:00:38.907044Z\x1b[0m \x1b[32m INFO\x1b[0m \x1b[1mstdout\x1b[0m\x1b[1m{\x1b[0m\x1b[3mclient\x1b[0m\x1b[2m=\x1b[0mInnerClientId { ptr: 0x940e8290, alive: true }\x1b[1m}\x1b[0m\x1b[2m:\x1b[0m com.system76.CosmicPanelWorkspacesButton:     maximized: false,
[2m1970-01-01T00:00:39.059999Z[0m [32m INFO[0m [1mcosmic-panel[0m[2m:[0m [2mcosmic_session::notifications[0m[2m:[0m \x1b[2m1970-01-01T00:00:38.907138Z\x1b[0m \x1b[32m INFO\x1b[0m \x1b[1mstdout\x1b[0m\x1b[1m{\x1b[0m\x1b[3mclient\x1b[0m\x1b[2m=\x1b[0mInnerClientId { ptr: 0x940e8290, alive: true }\x1b[1m}\x1b[0m\x1b[2m:\x1b[0m com.system76.CosmicPanelWorkspacesButton:     visible: false,
[2m1970-01-01T00:00:39.059999Z[0m [32m INFO[0m [1mcosmic-panel[0m[2m:[0m [2mcosmic_session::notifications[0m[2m:[0m \x1b[2m1970-01-01T00:00:38.907204Z\x1b[0m \x1b[32m INFO\x1b[0m \x1b[1mstdout\x1b[0m\x1b[1m{\x1b[0m\x1b[3mclient\x1b[0m\x1b[2m=\x1b[0mInnerClientId { ptr: 0x940e8290, alive: true }\x1b[1m}\x1b[0m\x1b[2m:\x1b[0m com.system76.CosmicPanelWorkspacesButton:     transparent: true,
[2m1970-01-01T00:00:39.059999Z[0m [32m INFO[0m [1mcosmic-panel[0m[2m:[0m [2mcosmic_session::notifications[0m[2m:[0m \x1b[2m1970-01-01T00:00:38.907272Z\x1b[0m \x1b[32m INFO\x1b[0m \x1b[1mstdout\x1b[0m\x1b[1m{\x1b[0m\x1b[3mclient\x1b[0m\x1b[2m=\x1b[0mInnerClientId { ptr: 0x940e8290, alive: true }\x1b[1m}\x1b[0m\x1b[2m:\x1b[0m com.system76.CosmicPanelWorkspacesButton:     blur: false,
[2m1970-01-01T00:00:39.059999Z[0m [32m INFO[0m [1mcosmic-panel[0m[2m:[0m [2mcosmic_session::notifications[0m[2m:[0m \x1b[2m1970-01-01T00:00:38.907352Z\x1b[0m \x1b[32m INFO\x1b[0m \x1b[1mstdout\x1b[0m\x1b[1m{\x1b[0m\x1b[3mclient\x1b[0m\x1b[2m=\x1b[0mInnerClientId { ptr: 0x940e8290, alive: true }\x1b[1m}\x1b[0m\x1b[2m:\x1b[0m com.system76.CosmicPanelWorkspacesButton:     decorations: false,
[2m1970-01-01T00:00:39.059999Z[0m [32m INFO[0m [1mcosmic-panel[0m[2m:[0m [2mcosmic_session::notifications[0m[2m:[0m \x1b[2m1970-01-01T00:00:38.907418Z\x1b[0m \x1b[32m INFO\x1b[0m \x1b[1mstdout\x1b[0m\x1b[1m{\x1b[0m\x1b[3mclient\x1b[0m\x1b[2m=\x1b[0mInnerClientId { ptr: 0x940e8290, alive: true }\x1b[1m}\x1b[0m\x1b[2m:\x1b[0m com.system76.CosmicPanelWorkspacesButton:     window_icon: None,
[2m1970-01-01T00:00:39.059999Z[0m [32m INFO[0m [1mcosmic-panel[0m[2m:[0m [2mcosmic_session::notifications[0m[2m:[0m \x1b[2m1970-01-01T00:00:38.907461Z\x1b[0m \x1b[32m INFO\x1b[0m \x1b[1mstdout\x1b[0m\x1b[1m{\x1b[0m\x1b[3mclient\x1b[0m\x1b[2m=\x1b[0mInnerClientId { ptr: 0x940e8290, alive: true }\x1b[1m}\x1b[0m\x1b[2m:\x1b[0m com.system76.CosmicPanelWorkspacesButton:     preferred_theme: None,
[2m1970-01-01T00:00:39.059999Z[0m [32m INFO[0m [1mcosmic-panel[0m[2m:[0m [2mcosmic_session::notifications[0m[2m:[0m \x1b[2m1970-01-01T00:00:38.907506Z\x1b[0m \x1b[32m INFO\x1b[0m \x1b[1mstdout\x1b[0m\x1b[1m{\x1b[0m\x1b[3mclient\x1b[0m\x1b[2m=\x1b[0mInnerClientId { ptr: 0x940e8290, alive: true }\x1b[1m}\x1b[0m\x1b[2m:\x1b[0m com.system76.CosmicPanelWorkspacesButton:     content_protected: false,
[2m1970-01-01T00:00:39.059999Z[0m [32m INFO[0m [1mcosmic-panel[0m[2m:[0m [2mcosmic_session::notifications[0m[2m:[0m \x1b[2m1970-01-01T00:00:38.907550Z\x1b[0m \x1b[32m INFO\x1b[0m \x1b[1mstdout\x1b[0m\x1b[1m{\x1b[0m\x1b[3mclient\x1b[0m\x1b[2m=\x1b[0mInnerClientId { ptr: 0x940e8290, alive: true }\x1b[1m}\x1b[0m\x1b[2m:\x1b[0m com.system76.CosmicPanelWorkspacesButton:     window_level: Normal,
[2m1970-01-01T00:00:39.059999Z[0m [32m INFO[0m [1mcosmic-panel[0m[2m:[0m [2mcosmic_session::notifications[0m[2m:[0m \x1b[2m1970-01-01T00:00:38.907599Z\x1b[0m \x1b[32m INFO\x1b[0m \x1b[1mstdout\x1b[0m\x1b[1m{\x1b[0m\x1b[3mclient\x1b[0m\x1b[2m=\x1b[0mInnerClientId { ptr: 0x940e8290, alive: true }\x1b[1m}\x1b[0m\x1b[2m:\x1b[0m com.system76.CosmicPanelWorkspacesButton:     active: true,
[2m1970-01-01T00:00:39.059999Z[0m [32m INFO[0m [1mcosmic-panel[0m[2m:[0m [2mcosmic_session::notifications[0m[2m:[0m \x1b[2m1970-01-01T00:00:38.907647Z\x1b[0m \x1b[32m INFO\x1b[0m \x1b[1mstdout\x1b[0m\x1b[1m{\x1b[0m\x1b[3mclient\x1b[0m\x1b[2m=\x1b[0mInnerClientId { ptr: 0x940e8290, alive: true }\x1b[1m}\x1b[0m\x1b[2m:\x1b[0m com.system76.CosmicPanelWorkspacesButton:     cursor: Icon(
[2m1970-01-01T00:00:39.059999Z[0m [32m INFO[0m [1mcosmic-panel[0m[2m:[0m [2mcosmic_session::notifications[0m[2m:[0m \x1b[2m1970-01-01T00:00:38.907707Z\x1b[0m \x1b[32m INFO\x1b[0m \x1b[1mstdout\x1b[0m\x1b[1m{\x1b[0m\x1b[3mclient\x1b[0m\x1b[2m=\x1b[0mInnerClientId { ptr: 0x940e8290, alive: true }\x1b[1m}\x1b[0m\x1b[2m:\x1b[0m com.system76.CosmicPanelWorkspacesButton:         Default,
[2m1970-01-01T00:00:39.059999Z[0m [32m INFO[0m [1mcosmic-panel[0m[2m:[0m [2mcosmic_session::notifications[0m[2m:[0m \x1b[2m1970-01-01T00:00:38.907755Z\x1b[0m \x1b[32m INFO\x1b[0m \x1b[1mstdout\x1b[0m\x1b[1m{\x1b[0m\x1b[3mclient\x1b[0m\x1b[2m=\x1b[0mInnerClientId { ptr: 0x940e8290, alive: true }\x1b[1m}\x1b[0m\x1b[2m:\x1b[0m com.system76.CosmicPanelWorkspacesButton:     ),
[2m1970-01-01T00:00:39.059999Z[0m [32m INFO[0m [1mcosmic-panel[0m[2m:[0m [2mcosmic_session::notifications[0m[2m:[0m \x1b[2m1970-01-01T00:00:38.907797Z\x1b[0m \x1b[32m INFO\x1b[0m \x1b[1mstdout\x1b[0m\x1b[1m{\x1b[0m\x1b[3mclient\x1b[0m\x1b[2m=\x1b[0mInnerClientId { ptr: 0x940e8290, alive: true }\x1b[1m}\x1b[0m\x1b[2m:\x1b[0m com.system76.CosmicPanelWorkspacesButton:     parent_window: None,
[2m1970-01-01T00:00:39.059999Z[0m [32m INFO[0m [1mcosmic-panel[0m[2m:[0m [2mcosmic_session::notifications[0m[2m:[0m \x1b[2m1970-01-01T00:00:38.907844Z\x1b[0m \x1b[32m INFO\x1b[0m \x1b[1mstdout\x1b[0m\x1b[1m{\x1b[0m\x1b[3mclient\x1b[0m\x1b[2m=\x1b[0mInnerClientId { ptr: 0x940e8290, alive: true }\x1b[1m}\x1b[0m\x1b[2m:\x1b[0m com.system76.CosmicPanelWorkspacesButton:     fullscreen: None,
[2m1970-01-01T00:00:39.059999Z[0m [32m INFO[0m [1mcosmic-panel[0m[2m:[0m [2mcosmic_session::notifications[0m[2m:[0m \x1b[2m1970-01-01T00:00:38.907885Z\x1b[0m \x1b[32m INFO\x1b[0m \x1b[1mstdout\x1b[0m\x1b[1m{\x1b[0m\x1b[3mclient\x1b[0m\x1b[2m=\x1b[0mInnerClientId { ptr: 0x940e8290, alive: true }\x1b[1m}\x1b[0m\x1b[2m:\x1b[0m com.system76.CosmicPanelWorkspacesButton:     platform: Some(
[2m1970-01-01T00:00:39.059999Z[0m [32m INFO[0m [1mcosmic-panel[0m[2m:[0m [2mcosmic_session::notifications[0m[2m:[0m \x1b[2m1970-01-01T00:00:38.907927Z\x1b[0m \x1b[32m INFO\x1b[0m \x1b[1mstdout\x1b[0m\x1b[1m{\x1b[0m\x1b[3mclient\x1b[0m\x1b[2m=\x1b[0mInnerClientId { ptr: 0x940e8290, alive: true }\x1b[1m}\x1b[0m\x1b[2m:\x1b[0m com.system76.CosmicPanelWorkspacesButton:         WindowAttributesWayland {
[2m1970-01-01T00:00:39.059999Z[0m [32m INFO[0m [1mcosmic-panel[0m[2m:[0m [2mcosmic_session::notifications[0m[2m:[0m \x1b[2m1970-01-01T00:00:38.907968Z\x1b[0m \x1b[32m INFO\x1b[0m \x1b[1mstdout\x1b[0m\x1b[1m{\x1b[0m\x1b[3mclient\x1b[0m\x1b[2m=\x1b[0mInnerClientId { ptr: 0x940e8290, alive: true }\x1b[1m}\x1b[0m\x1b[2m:\x1b[0m com.system76.CosmicPanelWorkspacesButton:             name: Some(
[2m1970-01-01T00:00:39.059999Z[0m [32m INFO[0m [1mcosmic-panel[0m[2m:[0m [2mcosmic_session::notifications[0m[2m:[0m \x1b[2m1970-01-01T00:00:38.908020Z\x1b[0m \x1b[32m INFO\x1b[0m \x1b[1mstdout\x1b[0m\x1b[1m{\x1b[0m\x1b[3mclient\x1b[0m\x1b[2m=\x1b[0mInnerClientId { ptr: 0x940e8290, alive: true }\x1b[1m}\x1b[0m\x1b[2m:\x1b[0m com.system76.CosmicPanelWorkspacesButton:                 ApplicationName {
[2m1970-01-01T00:00:39.059999Z[0m [32m INFO[0m [1mcosmic-panel[0m[2m:[0m [2mcosmic_session::notifications[0m[2m:[0m \x1b[2m1970-01-01T00:00:38.908085Z\x1b[0m \x1b[32m INFO\x1b[0m \x1b[1mstdout\x1b[0m\x1b[1m{\x1b[0m\x1b[3mclient\x1b[0m\x1b[2m=\x1b[0mInnerClientId { ptr: 0x940e8290, alive: true }\x1b[1m}\x1b[0m\x1b[2m:\x1b[0m com.system76.CosmicPanelWorkspacesButton:                     general: "com.system76.CosmicPanelButton",
[2m1970-01-01T00:00:39.059999Z[0m [32m INFO[0m [1mcosmic-panel[0m[2m:[0m [2mcosmic_session::notifications[0m[2m:[0m \x1b[2m1970-01-01T00:00:38.908128Z\x1b[0m \x1b[32m INFO\x1b[0m \x1b[1mstdout\x1b[0m\x1b[1m{\x1b[0m\x1b[3mclient\x1b[0m\x1b[2m=\x1b[0mInnerClientId { ptr: 0x940e8290, alive: true }\x1b[1m}\x1b[0m\x1b[2m:\x1b[0m com.system76.CosmicPanelWorkspacesButton:                     instance: "com.system76.CosmicPanelButton",
[2m1970-01-01T00:00:39.059999Z[0m [32m INFO[0m [1mcosmic-panel[0m[2m:[0m [2mcosmic_session::notifications[0m[2m:[0m \x1b[2m1970-01-01T00:00:38.908217Z\x1b[0m \x1b[32m INFO\x1b[0m \x1b[1mstdout\x1b[0m\x1b[1m{\x1b[0m\x1b[3mclient\x1b[0m\x1b[2m=\x1b[0mInnerClientId { ptr: 0x940e8290, alive: true }\x1b[1m}\x1b[0m\x1b[2m:\x1b[0m com.system76.CosmicPanelWorkspacesButton:                 },
[2m1970-01-01T00:00:39.059999Z[0m [32m INFO[0m [1mcosmic-panel[0m[2m:[0m [2mcosmic_session::notifications[0m[2m:[0m \x1b[2m1970-01-01T00:00:38.908273Z\x1b[0m \x1b[32m INFO\x1b[0m \x1b[1mstdout\x1b[0m\x1b[1m{\x1b[0m\x1b[3mclient\x1b[0m\x1b[2m=\x1b[0mInnerClientId { ptr: 0x940e8290, alive: true }\x1b[1m}\x1b[0m\x1b[2m:\x1b[0m com.system76.CosmicPanelWorkspacesButton:             ),
[2m1970-01-01T00:00:39.059999Z[0m [32m INFO[0m [1mcosmic-panel[0m[2m:[0m [2mcosmic_session::notifications[0m[2m:[0m \x1b[2m1970-01-01T00:00:38.908316Z\x1b[0m \x1b[32m INFO\x1b[0m \x1b[1mstdout\x1b[0m\x1b[1m{\x1b[0m\x1b[3mclient\x1b[0m\x1b[2m=\x1b[0mInnerClientId { ptr: 0x940e8290, alive: true }\x1b[1m}\x1b[0m\x1b[2m:\x1b[0m com.system76.CosmicPanelWorkspacesButton:             activation_token: None,
[2m1970-01-01T00:00:39.059999Z[0m [32m INFO[0m [1mcosmic-panel[0m[2m:[0m [2mcosmic_session::notifications[0m[2m:[0m \x1b[2m1970-01-01T00:00:38.908358Z\x1b[0m \x1b[32m INFO\x1b[0m \x1b[1mstdout\x1b[0m\x1b[1m{\x1b[0m\x1b[3mclient\x1b[0m\x1b[2m=\x1b[0mInnerClientId { ptr: 0x940e8290, alive: true }\x1b[1m}\x1b[0m\x1b[2m:\x1b[0m com.system76.CosmicPanelWorkspacesButton:             prefer_csd: false,
[2m1970-01-01T00:00:39.059999Z[0m [32m INFO[0m [1mcosmic-panel[0m[2m:[0m [2mcosmic_session::notifications[0m[2m:[0m \x1b[2m1970-01-01T00:00:38.908400Z\x1b[0m \x1b[32m INFO\x1b[0m \x1b[1mstdout\x1b[0m\x1b[1m{\x1b[0m\x1b[3mclient\x1b[0m\x1b[2m=\x1b[0mInnerClientId { ptr: 0x940e8290, alive: true }\x1b[1m}\x1b[0m\x1b[2m:\x1b[0m com.system76.CosmicPanelWorkspacesButton:         },
[2m1970-01-01T00:00:39.059999Z[0m [32m INFO[0m [1mcosmic-panel[0m[2m:[0m [2mcosmic_session::notifications[0m[2m:[0m \x1b[2m1970-01-01T00:00:38.908442Z\x1b[0m \x1b[32m INFO\x1b[0m \x1b[1mstdout\x1b[0m\x1b[1m{\x1b[0m\x1b[3mclient\x1b[0m\x1b[2m=\x1b[0mInnerClientId { ptr: 0x940e8290, alive: true }\x1b[1m}\x1b[0m\x1b[2m:\x1b[0m com.system76.CosmicPanelWorkspacesButton:     ),
[2m1970-01-01T00:00:39.059999Z[0m [32m INFO[0m [1mcosmic-panel[0m[2m:[0m [2mcosmic_session::notifications[0m[2m:[0m \x1b[2m1970-01-01T00:00:38.908485Z\x1b[0m \x1b[32m INFO\x1b[0m \x1b[1mstdout\x1b[0m\x1b[1m{\x1b[0m\x1b[3mclient\x1b[0m\x1b[2m=\x1b[0mInnerClientId { ptr: 0x940e8290, alive: true }\x1b[1m}\x1b[0m\x1b[2m:\x1b[0m com.system76.CosmicPanelWorkspacesButton: }
[2m1970-01-01T00:00:39.059999Z[0m [32m INFO[0m [1mcosmic-panel[0m[2m:[0m [2mcosmic_session::notifications[0m[2m:[0m \x1b[2m1970-01-01T00:00:38.908527Z\x1b[0m \x1b[32m INFO\x1b[0m \x1b[1mstdout\x1b[0m\x1b[1m{\x1b[0m\x1b[3mclient\x1b[0m\x1b[2m=\x1b[0mInnerClientId { ptr: 0x940e8290, alive: true }\x1b[1m}\x1b[0m\x1b[2m:\x1b[0m com.system76.CosmicPanelWorkspacesButton: \x1b[2m1970-01-01T00:00:38.574025Z\x1b[0m \x1b[33m WARN\x1b[0m \x1b[2mwinit_wayland::window::state\x1b[0m\x1b[2m:\x1b[0m `xdg_toplevel_icon_manager_v1` is not supported
[2m1970-01-01T00:00:39.059999Z[0m [32m INFO[0m [1mcosmic-panel[0m[2m:[0m [2mcosmic_session::notifications[0m[2m:[0m \x1b[2m1970-01-01T00:00:38.909181Z\x1b[0m \x1b[32m INFO\x1b[0m \x1b[1mstdout\x1b[0m\x1b[1m{\x1b[0m\x1b[3mclient\x1b[0m\x1b[2m=\x1b[0mInnerClientId { ptr: 0x91cc9e80, alive: true }\x1b[1m}\x1b[0m\x1b[2m:\x1b[0m com.system76.CosmicAppletTiling: \x1b[2m1970-01-01T00:00:38.744128Z\x1b[0m \x1b[32m INFO\x1b[0m \x1b[2miced_winit::platform_specific::wayland::event_loop\x1b[0m\x1b[2m:\x1b[0m SCTK setup complete.
[2m1970-01-01T00:00:39.059999Z[0m [32m INFO[0m [1mcosmic-panel[0m[2m:[0m [2mcosmic_session::notifications[0m[2m:[0m \x1b[2m1970-01-01T00:00:38.909239Z\x1b[0m \x1b[31mERROR\x1b[0m \x1b[1mstderr\x1b[0m\x1b[1m{\x1b[0m\x1b[3mclient\x1b[0m\x1b[2m=\x1b[0mInnerClientId { ptr: 0x91cc9e80, alive: true }\x1b[1m}\x1b[0m\x1b[2m:\x1b[0m com.system76.CosmicAppletTiling: xkbcommon: ERROR: couldn't find a Compose file for locale "C" (mapped to "C")
[2m1970-01-01T00:00:39.059999Z[0m [32m INFO[0m [1mcosmic-panel[0m[2m:[0m [2mcosmic_session::notifications[0m[2m:[0m \x1b[2m1970-01-01T00:00:38.909309Z\x1b[0m \x1b[31mERROR\x1b[0m \x1b[1mstderr\x1b[0m\x1b[1m{\x1b[0m\x1b[3mclient\x1b[0m\x1b[2m=\x1b[0mInnerClientId { ptr: 0x91cc9e80, alive: true }\x1b[1m}\x1b[0m\x1b[2m:\x1b[0m com.system76.CosmicAppletTiling: xkbcommon: ERROR: couldn't find a Compose file for locale "C" (mapped to "C")
[2m1970-01-01T00:00:39.059999Z[0m [32m INFO[0m [1mcosmic-panel[0m[2m:[0m [2mcosmic_session::notifications[0m[2m:[0m \x1b[2m1970-01-01T00:00:38.909356Z\x1b[0m \x1b[31mERROR\x1b[0m \x1b[1mstderr\x1b[0m\x1b[1m{\x1b[0m\x1b[3mclient\x1b[0m\x1b[2m=\x1b[0mInnerClientId { ptr: 0x91cc90d0, alive: true }\x1b[1m}\x1b[0m\x1b[2m:\x1b[0m com.system76.CosmicPanelAppButton: xkbcommon: ERROR: couldn't find a Compose file for locale "C" (mapped to "C")
[2m1970-01-01T00:00:39.059999Z[0m [32m INFO[0m [1mcosmic-panel[0m[2m:[0m [2mcosmic_session::notifications[0m[2m:[0m \x1b[2m1970-01-01T00:00:38.909428Z\x1b[0m \x1b[31mERROR\x1b[0m \x1b[1mstderr\x1b[0m\x1b[1m{\x1b[0m\x1b[3mclient\x1b[0m\x1b[2m=\x1b[0mInnerClientId { ptr: 0x91cc90d0, alive: true }\x1b[1m}\x1b[0m\x1b[2m:\x1b[0m com.system76.CosmicPanelAppButton: xkbcommon: ERROR: couldn't find a Compose file for locale "C" (mapped to "C")
[2m1970-01-01T00:00:39.059999Z[0m [32m INFO[0m [1mcosmic-panel[0m[2m:[0m [2mcosmic_session::notifications[0m[2m:[0m \x1b[2m1970-01-01T00:00:38.909475Z\x1b[0m \x1b[32m INFO\x1b[0m \x1b[1mstdout\x1b[0m\x1b[1m{\x1b[0m\x1b[3mclient\x1b[0m\x1b[2m=\x1b[0mInnerClientId { ptr: 0x96756020, alive: true }\x1b[1m}\x1b[0m\x1b[2m:\x1b[0m com.system76.CosmicPanelAppButton: \x1b[2m1970-01-01T00:00:38.818551Z\x1b[0m \x1b[32m INFO\x1b[0m \x1b[2miced_winit::platform_specific::wayland::event_loop\x1b[0m\x1b[2m:\x1b[0m SCTK setup complete.
[2m1970-01-01T00:00:39.059999Z[0m [32m INFO[0m [1mcosmic-panel[0m[2m:[0m [2mcosmic_session::notifications[0m[2m:[0m \x1b[2m1970-01-01T00:00:38.990650Z\x1b[0m \x1b[31mERROR\x1b[0m \x1b[1mstderr\x1b[0m\x1b[1m{\x1b[0m\x1b[3mclient\x1b[0m\x1b[2m=\x1b[0mInnerClientId { ptr: 0x96756020, alive: true }\x1b[1m}\x1b[0m\x1b[2m:\x1b[0m com.system76.CosmicPanelAppButton: xkbcommon: ERROR: couldn't find a Compose file for locale "C" (mapped to "C")
[2m1970-01-01T00:00:39.129999Z[0m [32m INFO[0m [1mcosmic-panel[0m[2m:[0m [2mcosmic_session::notifications[0m[2m:[0m \x1b[2m1970-01-01T00:00:39.129999Z\x1b[0m \x1b[32m INFO\x1b[0m \x1b[1mstdout\x1b[0m\x1b[1m{\x1b[0m\x1b[3mclient\x1b[0m\x1b[2m=\x1b[0mInnerClientId { ptr: 0x96756200, alive: true }\x1b[1m}\x1b[0m\x1b[2m:\x1b[0m com.system76.CosmicAppletMinimize: \x1b[2m1970-01-01T00:00:39.129999Z\x1b[0m \x1b[32m INFO\x1b[0m \x1b[2miced_winit\x1b[0m\x1b[2m:\x1b[0m System theme: None
[2m1970-01-01T00:00:39.129999Z[0m [32m INFO[0m [1mcosmic-panel[0m[2m:[0m [2mcosmic_session::notifications[0m[2m:[0m \x1b[2m1970-01-01T00:00:39.129999Z\x1b[0m \x1b[32m INFO\x1b[0m \x1b[1mstdout\x1b[0m\x1b[1m{\x1b[0m\x1b[3mclient\x1b[0m\x1b[2m=\x1b[0mInnerClientId { ptr: 0x96756200, alive: true }\x1b[1m}\x1b[0m\x1b[2m:\x1b[0m com.system76.CosmicAppletMinimize: \x1b[2m1970-01-01T00:00:39.129999Z\x1b[0m \x1b[32m INFO\x1b[0m \x1b[2miced_winit\x1b[0m\x1b[2m:\x1b[0m Window attributes for id `Id(
[2m1970-01-01T00:00:39.129999Z[0m [32m INFO[0m [1mcosmic-panel[0m[2m:[0m [2mcosmic_session::notifications[0m[2m:[0m \x1b[2m1970-01-01T00:00:39.129999Z\x1b[0m \x1b[32m INFO\x1b[0m \x1b[1mstdout\x1b[0m\x1b[1m{\x1b[0m\x1b[3mclient\x1b[0m\x1b[2m=\x1b[0mInnerClientId { ptr: 0x96756200, alive: true }\x1b[1m}\x1b[0m\x1b[2m:\x1b[0m com.system76.CosmicAppletMinimize:     1,
[2m1970-01-01T00:00:39.129999Z[0m [32m INFO[0m [1mcosmic-panel[0m[2m:[0m [2mcosmic_session::notifications[0m[2m:[0m \x1b[2m1970-01-01T00:00:39.129999Z\x1b[0m \x1b[32m INFO\x1b[0m \x1b[1mstdout\x1b[0m\x1b[1m{\x1b[0m\x1b[3mclient\x1b[0m\x1b[2m=\x1b[0mInnerClientId { ptr: 0x96756200, alive: true }\x1b[1m}\x1b[0m\x1b[2m:\x1b[0m com.system76.CosmicAppletMinimize: )`: WindowAttributes {
[2m1970-01-01T00:00:39.129999Z[0m [32m INFO[0m [1mcosmic-panel[0m[2m:[0m [2mcosmic_session::notifications[0m[2m:[0m \x1b[2m1970-01-01T00:00:39.129999Z\x1b[0m \x1b[32m INFO\x1b[0m \x1b[1mstdout\x1b[0m\x1b[1m{\x1b[0m\x1b[3mclient\x1b[0m\x1b[2m=\x1b[0mInnerClientId { ptr: 0x96756200, alive: true }\x1b[1m}\x1b[0m\x1b[2m:\x1b[0m com.system76.CosmicAppletMinimize:     surface_size: Some(
[2m1970-01-01T00:00:39.129999Z[0m [32m INFO[0m [1mcosmic-panel[0m[2m:[0m [2mcosmic_session::notifications[0m[2m:[0m \x1b[2m1970-01-01T00:00:39.129999Z\x1b[0m \x1b[32m INFO\x1b[0m \x1b[1mstdout\x1b[0m\x1b[1m{\x1b[0m\x1b[3mclient\x1b[0m\x1b[2m=\x1b[0mInnerClientId { ptr: 0x96756200, alive: true }\x1b[1m}\x1b[0m\x1b[2m:\x1b[0m com.system76.CosmicAppletMinimize:         Logical(
[2m1970-01-01T00:00:39.129999Z[0m [32m INFO[0m [1mcosmic-panel[0m[2m:[0m [2mcosmic_session::notifications[0m[2m:[0m \x1b[2m1970-01-01T00:00:39.129999Z\x1b[0m \x1b[32m INFO\x1b[0m \x1b[1mstdout\x1b[0m\x1b[1m{\x1b[0m\x1b[3mclient\x1b[0m\x1b[2m=\x1b[0mInnerClientId { ptr: 0x96756200, alive: true }\x1b[1m}\x1b[0m\x1b[2m:\x1b[0m com.system76.CosmicAppletMinimize:             LogicalSize {
[2m1970-01-01T00:00:39.129999Z[0m [32m INFO[0m [1mcosmic-panel[0m[2m:[0m [2mcosmic_session::notifications[0m[2m:[0m \x1b[2m1970-01-01T00:00:39.129999Z\x1b[0m \x1b[32m INFO\x1b[0m \x1b[1mstdout\x1b[0m\x1b[1m{\x1b[0m\x1b[3mclient\x1b[0m\x1b[2m=\x1b[0mInnerClientId { ptr: 0x96756200, alive: true }\x1b[1m}\x1b[0m\x1b[2m:\x1b[0m com.system76.CosmicAppletMinimize:                 width: 72.0,
[2m1970-01-01T00:00:39.129999Z[0m [32m INFO[0m [1mcosmic-panel[0m[2m:[0m [2mcosmic_session::notifications[0m[2m:[0m \x1b[2m1970-01-01T00:00:39.129999Z\x1b[0m \x1b[32m INFO\x1b[0m \x1b[1mstdout\x1b[0m\x1b[1m{\x1b[0m\x1b[3mclient\x1b[0m\x1b[2m=\x1b[0mInnerClientId { ptr: 0x96756200, alive: true }\x1b[1m}\x1b[0m\x1b[2m:\x1b[0m com.system76.CosmicAppletMinimize:                 height: 64.0,
[2m1970-01-01T00:00:39.129999Z[0m [32m INFO[0m [1mcosmic-panel[0m[2m:[0m [2mcosmic_session::notifications[0m[2m:[0m \x1b[2m1970-01-01T00:00:39.129999Z\x1b[0m \x1b[32m INFO\x1b[0m \x1b[1mstdout\x1b[0m\x1b[1m{\x1b[0m\x1b[3mclient\x1b[0m\x1b[2m=\x1b[0mInnerClientId { ptr: 0x96756200, alive: true }\x1b[1m}\x1b[0m\x1b[2m:\x1b[0m com.system76.CosmicAppletMinimize:             },
[2m1970-01-01T00:00:39.129999Z[0m [32m INFO[0m [1mcosmic-panel[0m[2m:[0m [2mcosmic_session::notifications[0m[2m:[0m \x1b[2m1970-01-01T00:00:39.129999Z\x1b[0m \x1b[32m INFO\x1b[0m \x1b[1mstdout\x1b[0m\x1b[1m{\x1b[0m\x1b[3mclient\x1b[0m\x1b[2m=\x1b[0mInnerClientId { ptr: 0x96756200, alive: true }\x1b[1m}\x1b[0m\x1b[2m:\x1b[0m com.system76.CosmicAppletMinimize:         ),
[2m1970-01-01T00:00:39.129999Z[0m [32m INFO[0m [1mcosmic-panel[0m[2m:[0m [2mcosmic_session::notifications[0m[2m:[0m \x1b[2m1970-01-01T00:00:39.129999Z\x1b[0m \x1b[32m INFO\x1b[0m \x1b[1mstdout\x1b[0m\x1b[1m{\x1b[0m\x1b[3mclient\x1b[0m\x1b[2m=\x1b[0mInnerClientId { ptr: 0x96756200, alive: true }\x1b[1m}\x1b[0m\x1b[2m:\x1b[0m com.system76.CosmicAppletMinimize:     ),
[2m1970-01-01T00:00:39.129999Z[0m [32m INFO[0m [1mcosmic-panel[0m[2m:[0m [2mcosmic_session::notifications[0m[2m:[0m \x1b[2m1970-01-01T00:00:39.129999Z\x1b[0m \x1b[32m INFO\x1b[0m \x1b[1mstdout\x1b[0m\x1b[1m{\x1b[0m\x1b[3mclient\x1b[0m\x1b[2m=\x1b[0mInnerClientId { ptr: 0x96756200, alive: true }\x1b[1m}\x1b[0m\x1b[2m:\x1b[0m com.system76.CosmicAppletMinimize:     min_surface_size: Some(
[2m1970-01-01T00:00:39.129999Z[0m [32m INFO[0m [1mcosmic-panel[0m[2m:[0m [2mcosmic_session::notifications[0m[2m:[0m \x1b[2m1970-01-01T00:00:39.129999Z\x1b[0m \x1b[32m INFO\x1b[0m \x1b[1mstdout\x1b[0m\x1b[1m{\x1b[0m\x1b[3mclient\x1b[0m\x1b[2m=\x1b[0mInnerClientId { ptr: 0x96756200, alive: true }\x1b[1m}\x1b[0m\x1b[2m:\x1b[0m com.system76.CosmicAppletMinimize:         Logical(
[2m1970-01-01T00:00:39.129999Z[0m [32m INFO[0m [1mcosmic-panel[0m[2m:[0m [2mcosmic_session::notifications[0m[2m:[0m \x1b[2m1970-01-01T00:00:39.129999Z\x1b[0m \x1b[32m INFO\x1b[0m \x1b[1mstdout\x1b[0m\x1b[1m{\x1b[0m\x1b[3mclient\x1b[0m\x1b[2m=\x1b[0mInnerClientId { ptr: 0x96756200, alive: true }\x1b[1m}\x1b[0m\x1b[2m:\x1b[0m com.system76.CosmicAppletMinimize:             LogicalSize {
[2m1970-01-01T00:00:39.129999Z[0m [32m INFO[0m [1mcosmic-panel[0m[2m:[0m [2mcosmic_session::notifications[0m[2m:[0m \x1b[2m1970-01-01T00:00:39.129999Z\x1b[0m \x1b[32m INFO\x1b[0m \x1b[1mstdout\x1b[0m\x1b[1m{\x1b[0m\x1b[3mclient\x1b[0m\x1b[2m=\x1b[0mInnerClientId { ptr: 0x96756200, alive: true }\x1b[1m}\x1b[0m\x1b[2m:\x1b[0m com.system76.CosmicAppletMinimize:                 width: 72.0,
[2m1970-01-01T00:00:39.129999Z[0m [32m INFO[0m [1mcosmic-panel[0m[2m:[0m [2mcosmic_session::notifications[0m[2m:[0m \x1b[2m1970-01-01T00:00:39.129999Z\x1b[0m \x1b[32m INFO\x1b[0m \x1b[1mstdout\x1b[0m\x1b[1m{\x1b[0m\x1b[3mclient\x1b[0m\x1b[2m=\x1b[0mInnerClientId { ptr: 0x96756200, alive: true }\x1b[1m}\x1b[0m\x1b[2m:\x1b[0m com.system76.CosmicAppletMinimize:                 height: 64.0,
[2m1970-01-01T00:00:39.129999Z[0m [32m INFO[0m [1mcosmic-panel[0m[2m:[0m [2mcosmic_session::notifications[0m[2m:[0m \x1b[2m1970-01-01T00:00:39.129999Z\x1b[0m \x1b[32m INFO\x1b[0m \x1b[1mstdout\x1b[0m\x1b[1m{\x1b[0m\x1b[3mclient\x1b[0m\x1b[2m=\x1b[0mInnerClientId { ptr: 0x96756200, alive: true }\x1b[1m}\x1b[0m\x1b[2m:\x1b[0m com.system76.CosmicAppletMinimize:             },
[2m1970-01-01T00:00:39.129999Z[0m [32m INFO[0m [1mcosmic-panel[0m[2m:[0m [2mcosmic_session::notifications[0m[2m:[0m \x1b[2m1970-01-01T00:00:39.129999Z\x1b[0m \x1b[32m INFO\x1b[0m \x1b[1mstdout\x1b[0m\x1b[1m{\x1b[0m\x1b[3mclient\x1b[0m\x1b[2m=\x1b[0mInnerClientId { ptr: 0x96756200, alive: true }\x1b[1m}\x1b[0m\x1b[2m:\x1b[0m com.system76.CosmicAppletMinimize:         ),
[2m1970-01-01T00:00:39.129999Z[0m [32m INFO[0m [1mcosmic-panel[0m[2m:[0m [2mcosmic_session::notifications[0m[2m:[0m \x1b[2m1970-01-01T00:00:39.129999Z\x1b[0m \x1b[32m INFO\x1b[0m \x1b[1mstdout\x1b[0m\x1b[1m{\x1b[0m\x1b[3mclient\x1b[0m\x1b[2m=\x1b[0mInnerClientId { ptr: 0x96756200, alive: true }\x1b[1m}\x1b[0m\x1b[2m:\x1b[0m com.system76.CosmicAppletMinimize:     ),
[2m1970-01-01T00:00:39.129999Z[0m [32m INFO[0m [1mcosmic-panel[0m[2m:[0m [2mcosmic_session::notifications[0m[2m:[0m \x1b[2m1970-01-01T00:00:39.129999Z\x1b[0m \x1b[32m INFO\x1b[0m \x1b[1mstdout\x1b[0m\x1b[1m{\x1b[0m\x1b[3mclient\x1b[0m\x1b[2m=\x1b[0mInnerClientId { ptr: 0x96756200, alive: true }\x1b[1m}\x1b[0m\x1b[2m:\x1b[0m com.system76.CosmicAppletMinimize:     max_surface_size: None,
[2m1970-01-01T00:00:39.129999Z[0m [32m INFO[0m [1mcosmic-panel[0m[2m:[0m [2mcosmic_session::notifications[0m[2m:[0m \x1b[2m1970-01-01T00:00:39.129999Z\x1b[0m \x1b[32m INFO\x1b[0m \x1b[1mstdout\x1b[0m\x1b[1m{\x1b[0m\x1b[3mclient\x1b[0m\x1b[2m=\x1b[0mInnerClientId { ptr: 0x96756200, alive: true }\x1b[1m}\x1b[0m\x1b[2m:\x1b[0m com.system76.CosmicAppletMinimize:     surface_resize_increments: None,
[2m1970-01-01T00:00:39.129999Z[0m [32m INFO[0m [1mcosmic-panel[0m[2m:[0m [2mcosmic_session::notifications[0m[2m:[0m \x1b[2m1970-01-01T00:00:39.129999Z\x1b[0m \x1b[32m INFO\x1b[0m \x1b[1mstdout\x1b[0m\x1b[1m{\x1b[0m\x1b[3mclient\x1b[0m\x1b[2m=\x1b[0mInnerClientId { ptr: 0x96756200, alive: true }\x1b[1m}\x1b[0m\x1b[2m:\x1b[0m com.system76.CosmicAppletMinimize:     position: None,
[2m1970-01-01T00:00:39.129999Z[0m [32m INFO[0m [1mcosmic-panel[0m[2m:[0m [2mcosmic_session::notifications[0m[2m:[0m \x1b[2m1970-01-01T00:00:39.129999Z\x1b[0m \x1b[32m INFO\x1b[0m \x1b[1mstdout\x1b[0m\x1b[1m{\x1b[0m\x1b[3mclient\x1b[0m\x1b[2m=\x1b[0mInnerClientId { ptr: 0x96756200, alive: true }\x1b[1m}\x1b[0m\x1b[2m:\x1b[0m com.system76.CosmicAppletMinimize:     resizable: false,
[2m1970-01-01T00:00:39.129999Z[0m [32m INFO[0m [1mcosmic-panel[0m[2m:[0m [2mcosmic_session::notifications[0m[2m:[0m \x1b[2m1970-01-01T00:00:39.129999Z\x1b[0m \x1b[32m INFO\x1b[0m \x1b[1mstdout\x1b[0m\x1b[1m{\x1b[0m\x1b[3mclient\x1b[0m\x1b[2m=\x1b[0mInnerClientId { ptr: 0x96756200, alive: true }\x1b[1m}\x1b[0m\x1b[2m:\x1b[0m com.system76.CosmicAppletMinimize:     enabled_buttons: WindowButtons(
[2m1970-01-01T00:00:39.129999Z[0m [32m INFO[0m [1mcosmic-panel[0m[2m:[0m [2mcosmic_session::notifications[0m[2m:[0m \x1b[2m1970-01-01T00:00:39.129999Z\x1b[0m \x1b[32m INFO\x1b[0m \x1b[1mstdout\x1b[0m\x1b[1m{\x1b[0m\x1b[3mclient\x1b[0m\x1b[2m=\x1b[0mInnerClientId { ptr: 0x96756200, alive: true }\x1b[1m}\x1b[0m\x1b[2m:\x1b[0m com.system76.CosmicAppletMinimize:         CLOSE | MINIMIZE,
[2m1970-01-01T00:00:39.129999Z[0m [32m INFO[0m [1mcosmic-panel[0m[2m:[0m [2mcosmic_session::notifications[0m[2m:[0m \x1b[2m1970-01-01T00:00:39.129999Z\x1b[0m \x1b[32m INFO\x1b[0m \x1b[1mstdout\x1b[0m\x1b[1m{\x1b[0m\x1b[3mclient\x1b[0m\x1b[2m=\x1b[0mInnerClientId { ptr: 0x96756200, alive: true }\x1b[1m}\x1b[0m\x1b[2m:\x1b[0m com.system76.CosmicAppletMinimize:     ),
[2m1970-01-01T00:00:39.129999Z[0m [32m INFO[0m [1mcosmic-panel[0m[2m:[0m [2mcosmic_session::notifications[0m[2m:[0m \x1b[2m1970-01-01T00:00:39.129999Z\x1b[0m \x1b[32m INFO\x1b[0m \x1b[1mstdout\x1b[0m\x1b[1m{\x1b[0m\x1b[3mclient\x1b[0m\x1b[2m=\x1b[0mInnerClientId { ptr: 0x96756200, alive: true }\x1b[1m}\x1b[0m\x1b[2m:\x1b[0m com.system76.CosmicAppletMinimize:     title: "Cosmic - Iced",
[2m1970-01-01T00:00:39.129999Z[0m [32m INFO[0m [1mcosmic-panel[0m[2m:[0m [2mcosmic_session::notifications[0m[2m:[0m \x1b[2m1970-01-01T00:00:39.129999Z\x1b[0m \x1b[32m INFO\x1b[0m \x1b[1mstdout\x1b[0m\x1b[1m{\x1b[0m\x1b[3mclient\x1b[0m\x1b[2m=\x1b[0mInnerClientId { ptr: 0x96756200, alive: true }\x1b[1m}\x1b[0m\x1b[2m:\x1b[0m com.system76.CosmicAppletMinimize:     maximized: false,
[2m1970-01-01T00:00:39.129999Z[0m [32m INFO[0m [1mcosmic-panel[0m[2m:[0m [2mcosmic_session::notifications[0m[2m:[0m \x1b[2m1970-01-01T00:00:39.129999Z\x1b[0m \x1b[32m INFO\x1b[0m \x1b[1mstdout\x1b[0m\x1b[1m{\x1b[0m\x1b[3mclient\x1b[0m\x1b[2m=\x1b[0mInnerClientId { ptr: 0x96756200, alive: true }\x1b[1m}\x1b[0m\x1b[2m:\x1b[0m com.system76.CosmicAppletMinimize:     visible: false,
[2m1970-01-01T00:00:39.129999Z[0m [32m INFO[0m [1mcosmic-panel[0m[2m:[0m [2mcosmic_session::notifications[0m[2m:[0m \x1b[2m1970-01-01T00:00:39.129999Z\x1b[0m \x1b[32m INFO\x1b[0m \x1b[1mstdout\x1b[0m\x1b[1m{\x1b[0m\x1b[3mclient\x1b[0m\x1b[2m=\x1b[0mInnerClientId { ptr: 0x96756200, alive: true }\x1b[1m}\x1b[0m\x1b[2m:\x1b[0m com.system76.CosmicAppletMinimize:     transparent: true,
[2m1970-01-01T00:00:39.129999Z[0m [32m INFO[0m [1mcosmic-panel[0m[2m:[0m [2mcosmic_session::notifications[0m[2m:[0m \x1b[2m1970-01-01T00:00:39.129999Z\x1b[0m \x1b[32m INFO\x1b[0m \x1b[1mstdout\x1b[0m\x1b[1m{\x1b[0m\x1b[3mclient\x1b[0m\x1b[2m=\x1b[0mInnerClientId { ptr: 0x96756200, alive: true }\x1b[1m}\x1b[0m\x1b[2m:\x1b[0m com.system76.CosmicAppletMinimize:     blur: false,
[2m1970-01-01T00:00:39.129999Z[0m [32m INFO[0m [1mcosmic-panel[0m[2m:[0m [2mcosmic_session::notifications[0m[2m:[0m \x1b[2m1970-01-01T00:00:39.129999Z\x1b[0m \x1b[32m INFO\x1b[0m \x1b[1mstdout\x1b[0m\x1b[1m{\x1b[0m\x1b[3mclient\x1b[0m\x1b[2m=\x1b[0mInnerClientId { ptr: 0x96756200, alive: true }\x1b[1m}\x1b[0m\x1b[2m:\x1b[0m com.system76.CosmicAppletMinimize:     decorations: false,
[2m1970-01-01T00:00:39.129999Z[0m [32m INFO[0m [1mcosmic-panel[0m[2m:[0m [2mcosmic_session::notifications[0m[2m:[0m \x1b[2m1970-01-01T00:00:39.129999Z\x1b[0m \x1b[32m INFO\x1b[0m \x1b[1mstdout\x1b[0m\x1b[1m{\x1b[0m\x1b[3mclient\x1b[0m\x1b[2m=\x1b[0mInnerClientId { ptr: 0x96756200, alive: true }\x1b[1m}\x1b[0m\x1b[2m:\x1b[0m com.system76.CosmicAppletMinimize:     window_icon: None,
[2m1970-01-01T00:00:39.129999Z[0m [32m INFO[0m [1mcosmic-panel[0m[2m:[0m [2mcosmic_session::notifications[0m[2m:[0m \x1b[2m1970-01-01T00:00:39.129999Z\x1b[0m \x1b[32m INFO\x1b[0m \x1b[1mstdout\x1b[0m\x1b[1m{\x1b[0m\x1b[3mclient\x1b[0m\x1b[2m=\x1b[0mInnerClientId { ptr: 0x96756200, alive: true }\x1b[1m}\x1b[0m\x1b[2m:\x1b[0m com.system76.CosmicAppletMinimize:     preferred_theme: None,
[2m1970-01-01T00:00:39.129999Z[0m [32m INFO[0m [1mcosmic-panel[0m[2m:[0m [2mcosmic_session::notifications[0m[2m:[0m \x1b[2m1970-01-01T00:00:39.129999Z\x1b[0m \x1b[32m INFO\x1b[0m \x1b[1mstdout\x1b[0m\x1b[1m{\x1b[0m\x1b[3mclient\x1b[0m\x1b[2m=\x1b[0mInnerClientId { ptr: 0x96756200, alive: true }\x1b[1m}\x1b[0m\x1b[2m:\x1b[0m com.system76.CosmicAppletMinimize:     content_protected: false,
[2m1970-01-01T00:00:39.129999Z[0m [32m INFO[0m [1mcosmic-panel[0m[2m:[0m [2mcosmic_session::notifications[0m[2m:[0m \x1b[2m1970-01-01T00:00:39.129999Z\x1b[0m \x1b[32m INFO\x1b[0m \x1b[1mstdout\x1b[0m\x1b[1m{\x1b[0m\x1b[3mclient\x1b[0m\x1b[2m=\x1b[0mInnerClientId { ptr: 0x96756200, alive: true }\x1b[1m}\x1b[0m\x1b[2m:\x1b[0m com.system76.CosmicAppletMinimize:     window_level: Normal,
[2m1970-01-01T00:00:39.129999Z[0m [32m INFO[0m [1mcosmic-panel[0m[2m:[0m [2mcosmic_session::notifications[0m[2m:[0m \x1b[2m1970-01-01T00:00:39.129999Z\x1b[0m \x1b[32m INFO\x1b[0m \x1b[1mstdout\x1b[0m\x1b[1m{\x1b[0m\x1b[3mclient\x1b[0m\x1b[2m=\x1b[0mInnerClientId { ptr: 0x96756200, alive: true }\x1b[1m}\x1b[0m\x1b[2m:\x1b[0m com.system76.CosmicAppletMinimize:     active: true,
[2m1970-01-01T00:00:39.129999Z[0m [32m INFO[0m [1mcosmic-panel[0m[2m:[0m [2mcosmic_session::notifications[0m[2m:[0m \x1b[2m1970-01-01T00:00:39.129999Z\x1b[0m \x1b[32m INFO\x1b[0m \x1b[1mstdout\x1b[0m\x1b[1m{\x1b[0m\x1b[3mclient\x1b[0m\x1b[2m=\x1b[0mInnerClientId { ptr: 0x96756200, alive: true }\x1b[1m}\x1b[0m\x1b[2m:\x1b[0m com.system76.CosmicAppletMinimize:     cursor: Icon(
[2m1970-01-01T00:00:39.129999Z[0m [32m INFO[0m [1mcosmic-panel[0m[2m:[0m [2mcosmic_session::notifications[0m[2m:[0m \x1b[2m1970-01-01T00:00:39.129999Z\x1b[0m \x1b[32m INFO\x1b[0m \x1b[1mstdout\x1b[0m\x1b[1m{\x1b[0m\x1b[3mclient\x1b[0m\x1b[2m=\x1b[0mInnerClientId { ptr: 0x96756200, alive: true }\x1b[1m}\x1b[0m\x1b[2m:\x1b[0m com.system76.CosmicAppletMinimize:         Default,
[2m1970-01-01T00:00:39.129999Z[0m [32m INFO[0m [1mcosmic-panel[0m[2m:[0m [2mcosmic_session::notifications[0m[2m:[0m \x1b[2m1970-01-01T00:00:39.129999Z\x1b[0m \x1b[32m INFO\x1b[0m \x1b[1mstdout\x1b[0m\x1b[1m{\x1b[0m\x1b[3mclient\x1b[0m\x1b[2m=\x1b[0mInnerClientId { ptr: 0x96756200, alive: true }\x1b[1m}\x1b[0m\x1b[2m:\x1b[0m com.system76.CosmicAppletMinimize:     ),
[2m1970-01-01T00:00:39.129999Z[0m [32m INFO[0m [1mcosmic-panel[0m[2m:[0m [2mcosmic_session::notifications[0m[2m:[0m \x1b[2m1970-01-01T00:00:39.129999Z\x1b[0m \x1b[32m INFO\x1b[0m \x1b[1mstdout\x1b[0m\x1b[1m{\x1b[0m\x1b[3mclient\x1b[0m\x1b[2m=\x1b[0mInnerClientId { ptr: 0x96756200, alive: true }\x1b[1m}\x1b[0m\x1b[2m:\x1b[0m com.system76.CosmicAppletMinimize:     parent_window: None,
[2m1970-01-01T00:00:39.129999Z[0m [32m INFO[0m [1mcosmic-panel[0m[2m:[0m [2mcosmic_session::notifications[0m[2m:[0m \x1b[2m1970-01-01T00:00:39.129999Z\x1b[0m \x1b[32m INFO\x1b[0m \x1b[1mstdout\x1b[0m\x1b[1m{\x1b[0m\x1b[3mclient\x1b[0m\x1b[2m=\x1b[0mInnerClientId { ptr: 0x96756200, alive: true }\x1b[1m}\x1b[0m\x1b[2m:\x1b[0m com.system76.CosmicAppletMinimize:     fullscreen: None,
[2m1970-01-01T00:00:39.129999Z[0m [32m INFO[0m [1mcosmic-panel[0m[2m:[0m [2mcosmic_session::notifications[0m[2m:[0m \x1b[2m1970-01-01T00:00:39.129999Z\x1b[0m \x1b[32m INFO\x1b[0m \x1b[1mstdout\x1b[0m\x1b[1m{\x1b[0m\x1b[3mclient\x1b[0m\x1b[2m=\x1b[0mInnerClientId { ptr: 0x96756200, alive: true }\x1b[1m}\x1b[0m\x1b[2m:\x1b[0m com.system76.CosmicAppletMinimize:     platform: Some(
[2m1970-01-01T00:00:39.129999Z[0m [32m INFO[0m [1mcosmic-panel[0m[2m:[0m [2mcosmic_session::notifications[0m[2m:[0m \x1b[2m1970-01-01T00:00:39.129999Z\x1b[0m \x1b[32m INFO\x1b[0m \x1b[1mstdout\x1b[0m\x1b[1m{\x1b[0m\x1b[3mclient\x1b[0m\x1b[2m=\x1b[0mInnerClientId { ptr: 0x96756200, alive: true }\x1b[1m}\x1b[0m\x1b[2m:\x1b[0m com.system76.CosmicAppletMinimize:         WindowAttributesWayland {
[2m1970-01-01T00:00:39.129999Z[0m [32m INFO[0m [1mcosmic-panel[0m[2m:[0m [2mcosmic_session::notifications[0m[2m:[0m \x1b[2m1970-01-01T00:00:39.129999Z\x1b[0m \x1b[32m INFO\x1b[0m \x1b[1mstdout\x1b[0m\x1b[1m{\x1b[0m\x1b[3mclient\x1b[0m\x1b[2m=\x1b[0mInnerClientId { ptr: 0x96756200, alive: true }\x1b[1m}\x1b[0m\x1b[2m:\x1b[0m com.system76.CosmicAppletMinimize:             name: Some(
[2m1970-01-01T00:00:39.129999Z[0m [32m INFO[0m [1mcosmic-panel[0m[2m:[0m [2mcosmic_session::notifications[0m[2m:[0m \x1b[2m1970-01-01T00:00:39.129999Z\x1b[0m \x1b[32m INFO\x1b[0m \x1b[1mstdout\x1b[0m\x1b[1m{\x1b[0m\x1b[3mclient\x1b[0m\x1b[2m=\x1b[0mInnerClientId { ptr: 0x96756200, alive: true }\x1b[1m}\x1b[0m\x1b[2m:\x1b[0m com.system76.CosmicAppletMinimize:                 ApplicationName {
[2m1970-01-01T00:00:39.129999Z[0m [32m INFO[0m [1mcosmic-panel[0m[2m:[0m [2mcosmic_session::notifications[0m[2m:[0m \x1b[2m1970-01-01T00:00:39.129999Z\x1b[0m \x1b[32m INFO\x1b[0m \x1b[1mstdout\x1b[0m\x1b[1m{\x1b[0m\x1b[3mclient\x1b[0m\x1b[2m=\x1b[0mInnerClientId { ptr: 0x96756200, alive: true }\x1b[1m}\x1b[0m\x1b[2m:\x1b[0m com.system76.CosmicAppletMinimize:                     general: "com.system76.CosmicAppletMinimize",
[2m1970-01-01T00:00:39.129999Z[0m [32m INFO[0m [1mcosmic-panel[0m[2m:[0m [2mcosmic_session::notifications[0m[2m:[0m \x1b[2m1970-01-01T00:00:39.129999Z\x1b[0m \x1b[32m INFO\x1b[0m \x1b[1mstdout\x1b[0m\x1b[1m{\x1b[0m\x1b[3mclient\x1b[0m\x1b[2m=\x1b[0mInnerClientId { ptr: 0x96756200, alive: true }\x1b[1m}\x1b[0m\x1b[2m:\x1b[0m com.system76.CosmicAppletMinimize:                     instance: "com.system76.CosmicAppletMinimize",
[2m1970-01-01T00:00:39.129999Z[0m [32m INFO[0m [1mcosmic-panel[0m[2m:[0m [2mcosmic_session::notifications[0m[2m:[0m \x1b[2m1970-01-01T00:00:39.129999Z\x1b[0m \x1b[32m INFO\x1b[0m \x1b[1mstdout\x1b[0m\x1b[1m{\x1b[0m\x1b[3mclient\x1b[0m\x1b[2m=\x1b[0mInnerClientId { ptr: 0x96756200, alive: true }\x1b[1m}\x1b[0m\x1b[2m:\x1b[0m com.system76.CosmicAppletMinimize:                 },
[2m1970-01-01T00:00:39.129999Z[0m [32m INFO[0m [1mcosmic-panel[0m[2m:[0m [2mcosmic_session::notifications[0m[2m:[0m \x1b[2m1970-01-01T00:00:39.129999Z\x1b[0m \x1b[32m INFO\x1b[0m \x1b[1mstdout\x1b[0m\x1b[1m{\x1b[0m\x1b[3mclient\x1b[0m\x1b[2m=\x1b[0mInnerClientId { ptr: 0x96756200, alive: true }\x1b[1m}\x1b[0m\x1b[2m:\x1b[0m com.system76.CosmicAppletMinimize:             ),
[2m1970-01-01T00:00:39.129999Z[0m [32m INFO[0m [1mcosmic-panel[0m[2m:[0m [2mcosmic_session::notifications[0m[2m:[0m \x1b[2m1970-01-01T00:00:39.129999Z\x1b[0m \x1b[32m INFO\x1b[0m \x1b[1mstdout\x1b[0m\x1b[1m{\x1b[0m\x1b[3mclient\x1b[0m\x1b[2m=\x1b[0mInnerClientId { ptr: 0x96756200, alive: true }\x1b[1m}\x1b[0m\x1b[2m:\x1b[0m com.system76.CosmicAppletMinimize:             activation_token: None,
[2m1970-01-01T00:00:39.129999Z[0m [32m INFO[0m [1mcosmic-panel[0m[2m:[0m [2mcosmic_session::notifications[0m[2m:[0m \x1b[2m1970-01-01T00:00:39.129999Z\x1b[0m \x1b[32m INFO\x1b[0m \x1b[1mstdout\x1b[0m\x1b[1m{\x1b[0m\x1b[3mclient\x1b[0m\x1b[2m=\x1b[0mInnerClientId { ptr: 0x96756200, alive: true }\x1b[1m}\x1b[0m\x1b[2m:\x1b[0m com.system76.CosmicAppletMinimize:             prefer_csd: false,
[2m1970-01-01T00:00:39.129999Z[0m [32m INFO[0m [1mcosmic-panel[0m[2m:[0m [2mcosmic_session::notifications[0m[2m:[0m \x1b[2m1970-01-01T00:00:39.129999Z\x1b[0m \x1b[32m INFO\x1b[0m \x1b[1mstdout\x1b[0m\x1b[1m{\x1b[0m\x1b[3mclient\x1b[0m\x1b[2m=\x1b[0mInnerClientId { ptr: 0x96756200, alive: true }\x1b[1m}\x1b[0m\x1b[2m:\x1b[0m com.system76.CosmicAppletMinimize:         },
[2m1970-01-01T00:00:39.129999Z[0m [32m INFO[0m [1mcosmic-panel[0m[2m:[0m [2mcosmic_session::notifications[0m[2m:[0m \x1b[2m1970-01-01T00:00:39.129999Z\x1b[0m \x1b[32m INFO\x1b[0m \x1b[1mstdout\x1b[0m\x1b[1m{\x1b[0m\x1b[3mclient\x1b[0m\x1b[2m=\x1b[0mInnerClientId { ptr: 0x96756200, alive: true }\x1b[1m}\x1b[0m\x1b[2m:\x1b[0m com.system76.CosmicAppletMinimize:     ),
[2m1970-01-01T00:00:39.129999Z[0m [32m INFO[0m [1mcosmic-panel[0m[2m:[0m [2mcosmic_session::notifications[0m[2m:[0m \x1b[2m1970-01-01T00:00:39.129999Z\x1b[0m \x1b[32m INFO\x1b[0m \x1b[1mstdout\x1b[0m\x1b[1m{\x1b[0m\x1b[3mclient\x1b[0m\x1b[2m=\x1b[0mInnerClientId { ptr: 0x96756200, alive: true }\x1b[1m}\x1b[0m\x1b[2m:\x1b[0m com.system76.CosmicAppletMinimize: }
[2m1970-01-01T00:00:39.129999Z[0m [32m INFO[0m [1mcosmic-panel[0m[2m:[0m [2mcosmic_session::notifications[0m[2m:[0m \x1b[2m1970-01-01T00:00:39.129999Z\x1b[0m \x1b[32m INFO\x1b[0m \x1b[1mstdout\x1b[0m\x1b[1m{\x1b[0m\x1b[3mclient\x1b[0m\x1b[2m=\x1b[0mInnerClientId { ptr: 0x96756200, alive: true }\x1b[1m}\x1b[0m\x1b[2m:\x1b[0m com.system76.CosmicAppletMinimize: \x1b[2m1970-01-01T00:00:39.129999Z\x1b[0m \x1b[32m INFO\x1b[0m \x1b[2miced_winit::platform_specific::wayland::event_loop\x1b[0m\x1b[2m:\x1b[0m SCTK setup complete.
[2m1970-01-01T00:00:39.129999Z[0m [32m INFO[0m [1mcosmic-panel[0m[2m:[0m [2mcosmic_session::notifications[0m[2m:[0m \x1b[2m1970-01-01T00:00:39.129999Z\x1b[0m \x1b[32m INFO\x1b[0m \x1b[1mstdout\x1b[0m\x1b[1m{\x1b[0m\x1b[3mclient\x1b[0m\x1b[2m=\x1b[0mInnerClientId { ptr: 0x96756200, alive: true }\x1b[1m}\x1b[0m\x1b[2m:\x1b[0m com.system76.CosmicAppletMinimize: \x1b[2m1970-01-01T00:00:39.129999Z\x1b[0m \x1b[33m WARN\x1b[0m \x1b[2mwinit_wayland::window::state\x1b[0m\x1b[2m:\x1b[0m `xdg_toplevel_icon_manager_v1` is not supported
[2m1970-01-01T00:00:39.217801Z[0m [33m WARN[0m [1mcosmic-idle[0m[2m:[0m [2mcosmic_session[0m[2m:[0m [1970-01-01T00:00:39Z INFO  tracing::span] read_socket;
[2m1970-01-01T00:00:39.230173Z[0m [32m INFO[0m [1mcosmic-panel[0m[2m:[0m [2mcosmic_session::notifications[0m[2m:[0m \x1b[2m1970-01-01T00:00:39.224837Z\x1b[0m \x1b[31mERROR\x1b[0m \x1b[1mstderr\x1b[0m\x1b[1m{\x1b[0m\x1b[3mclient\x1b[0m\x1b[2m=\x1b[0mInnerClientId { ptr: 0x96756020, alive: true }\x1b[1m}\x1b[0m\x1b[2m:\x1b[0m com.system76.CosmicPanelAppButton: xkbcommon: ERROR: couldn't find a Compose file for locale "C" (mapped to "C")
[2m1970-01-01T00:00:39.470524Z[0m [32m INFO[0m [1mcosmic-panel[0m[2m:[0m [2mcosmic_session::notifications[0m[2m:[0m \x1b[2m1970-01-01T00:00:39.467588Z\x1b[0m \x1b[31mERROR\x1b[0m \x1b[1mstderr\x1b[0m\x1b[1m{\x1b[0m\x1b[3mclient\x1b[0m\x1b[2m=\x1b[0mInnerClientId { ptr: 0x96756200, alive: true }\x1b[1m}\x1b[0m\x1b[2m:\x1b[0m com.system76.CosmicAppletMinimize: xkbcommon: ERROR: couldn't find a Compose file for locale "C" (mapped to "C")
[2m1970-01-01T00:00:39.471402Z[0m [32m INFO[0m [1mcosmic-panel[0m[2m:[0m [2mcosmic_session::notifications[0m[2m:[0m \x1b[2m1970-01-01T00:00:39.467694Z\x1b[0m \x1b[31mERROR\x1b[0m \x1b[1mstderr\x1b[0m\x1b[1m{\x1b[0m\x1b[3mclient\x1b[0m\x1b[2m=\x1b[0mInnerClientId { ptr: 0x96756200, alive: true }\x1b[1m}\x1b[0m\x1b[2m:\x1b[0m com.system76.CosmicAppletMinimize: xkbcommon: ERROR: couldn't find a Compose file for locale "C" (mapped to "C")
[2m1970-01-01T00:00:40.169999Z[0m [32m INFO[0m [1mcosmic-panel[0m[2m:[0m [2mcosmic_session::notifications[0m[2m:[0m \x1b[2m1970-01-01T00:00:40.169999Z\x1b[0m \x1b[32m INFO\x1b[0m Requires relayout: resizing list
[2m1970-01-01T00:00:40.169999Z[0m [32m INFO[0m [1mcosmic-panel[0m[2m:[0m [2mcosmic_session::notifications[0m[2m:[0m 
[2m1970-01-01T00:00:40.169999Z[0m [32m INFO[0m [1mcosmic-panel[0m[2m:[0m [2mcosmic_session::notifications[0m[2m:[0m Stack backtrace:
[2m1970-01-01T00:00:40.169999Z[0m [32m INFO[0m [1mcosmic-panel[0m[2m:[0m [2mcosmic_session::notifications[0m[2m:[0m    0: <unknown>
[2m1970-01-01T00:00:40.169999Z[0m [32m INFO[0m [1mcosmic-panel[0m[2m:[0m [2mcosmic_session::notifications[0m[2m:[0m    1: <unknown>
[2m1970-01-01T00:00:40.169999Z[0m [32m INFO[0m [1mcosmic-panel[0m[2m:[0m [2mcosmic_session::notifications[0m[2m:[0m    2: <unknown>
[2m1970-01-01T00:00:40.169999Z[0m [32m INFO[0m [1mcosmic-panel[0m[2m:[0m [2mcosmic_session::notifications[0m[2m:[0m    3: <unknown>
[2m1970-01-01T00:00:40.169999Z[0m [32m INFO[0m [1mcosmic-panel[0m[2m:[0m [2mcosmic_session::notifications[0m[2m:[0m    4: <unknown>
[2m1970-01-01T00:00:40.169999Z[0m [32m INFO[0m [1mcosmic-panel[0m[2m:[0m [2mcosmic_session::notifications[0m[2m:[0m    5: <unknown>
[2m1970-01-01T00:00:40.169999Z[0m [32m INFO[0m [1mcosmic-panel[0m[2m:[0m [2mcosmic_session::notifications[0m[2m:[0m    6: <unknown>
[2m1970-01-01T00:00:40.169999Z[0m [32m INFO[0m [1mcosmic-panel[0m[2m:[0m [2mcosmic_session::notifications[0m[2m:[0m    7: <unknown>
[2m1970-01-01T00:00:40.171272Z[0m [32m INFO[0m [1mcosmic-panel[0m[2m:[0m [2mcosmic_session::notifications[0m[2m:[0m \x1b[2m1970-01-01T00:00:40.169999Z\x1b[0m \x1b[32m INFO\x1b[0m Cell { value: None }
[2m1970-01-01T00:00:42.925855Z[0m [32m INFO[0m [1mcosmic-panel[0m[2m:[0m [2mcosmic_session::notifications[0m[2m:[0m \x1b[2m1970-01-01T00:00:42.922124Z\x1b[0m \x1b[32m INFO\x1b[0m \x1b[1mstdout\x1b[0m\x1b[1m{\x1b[0m\x1b[3mclient\x1b[0m\x1b[2m=\x1b[0mInnerClientId { ptr: 0x91cc9e80, alive: true }\x1b[1m}\x1b[0m\x1b[2m:\x1b[0m com.system76.CosmicAppletTiling: \x1b[2m1970-01-01T00:00:42.918347Z\x1b[0m \x1b[33m WARN\x1b[0m \x1b[2musvg::parser::filter\x1b[0m\x1b[2m:\x1b[0m Filters on zero-sized shapes are not allowed.
