[2J[01;01H[=3h[2J[01;01H[2J[01;01H[=3h[2J[01;01H[2J[01;01H[=3h[2J[01;01HBdsDxe: loading Boot0001 "UEFI Misc Device" from PciRoot(0x0)/Pci(0x1,0x0)
BdsDxe: starting Boot0001 "UEFI Misc Device" from PciRoot(0x0)/Pci(0x1,0x0)
[01;01H[01;01H[01;01Hl[01;02Hi[01;03Hm[01;04Hi[01;05Hn[01;06He[01;07H:[01;08H [01;09HL[01;10Ho[01;11Ha[01;12Hd[01;13Hi[01;14Hn[01;15Hg[01;16H [01;17He[01;18Hx[01;19He[01;20Hc[01;21Hu[01;22Ht[01;23Ha[01;24Hb[01;25Hl[01;26He[01;27H [01;28H`[01;29Hb[01;30Ho[01;31Ho[01;32Ht[01;33H([01;34H)[01;35H:[01;36H/[01;37Hk[01;38He[01;39Hr[01;40Hn[01;41He[01;42Hl[01;43H.[01;44He[01;45Hl[01;46Hf[01;47H`[01;48H.[01;49H.[01;50H.[01;51H[01;01H[02;01Hl[02;02Hi[02;03Hm[02;04Hi[02;05Hn[02;06He[02;07H:[02;08H [02;09HP[02;10Hh[02;11Hy[02;12Hs[02;13Hi[02;14Hc[02;15Ha[02;16Hl[02;17H [02;18Hb[02;19Ha[02;20Hs[02;21He[02;22H:[02;23H [02;24H [02;25H [02;26H0[02;27Hx[02;28H7[02;29H7[02;30Hc[02;31H5[02;32H7[02;33H0[02;34H0[02;35H0[02;36H[02;01H[03;01Hl[03;02Hi[03;03Hm[03;04Hi[03;05Hn[03;06He[03;07H:[03;08H [03;09HV[03;10Hi[03;11Hr[03;12Ht[03;13Hu[03;14Ha[03;15Hl[03;16H [03;17Hb[03;18Ha[03;19Hs[03;20He[03;21H:[03;22H [03;23H [03;24H [03;25H [03;26H0[03;27Hx[03;28Hf[03;29Hf[03;30Hf[03;31Hf[03;32Hf[03;33Hf[03;34Hf[03;35Hf[03;36H8[03;37H0[03;38H1[03;39H0[03;40H0[03;41H0[03;42H0[03;43H0[03;44H[03;01H[04;01Hl[04;02Hi[04;03Hm[04;04Hi[04;05Hn[04;06He[04;07H:[04;08H [04;09HS[04;10Hl[04;11Hi[04;12Hd[04;13He[04;14H:[04;15H [04;16H [04;17H [04;18H [04;19H [04;20H [04;21H [04;22H [04;23H [04;24H [04;25H [04;26H0[04;27Hx[04;28H0[04;29H[04;01H[05;01Hl[05;02Hi[05;03Hm[05;04Hi[05;05Hn[05;06He[05;07H:[05;08H [05;09HE[05;10HL[05;11HF[05;12H [05;13He[05;14Hn[05;15Ht[05;16Hr[05;17Hy[05;18H [05;19Hp[05;20Ho[05;21Hi[05;22Hn[05;23Ht[05;24H:[05;25H [05;26H0[05;27Hx[05;28Hf[05;29Hf[05;30Hf[05;31Hf[05;32Hf[05;33Hf[05;34Hf[05;35Hf[05;36H8[05;37H0[05;38H1[05;39H0[05;40H0[05;41H0[05;42H0[05;43H0[05;44H[05;01H[06;01Hl[06;02Hi[06;03Hm[06;04Hi[06;05Hn[06;06He[06;07H:[06;08H [06;09HB[06;10Ha[06;11Hs[06;12He[06;13H [06;14Hr[06;15He[06;16Hv[06;17Hi[06;18Hs[06;19Hi[06;20Ho[06;21Hn[06;22H:[06;23H [06;24H [06;25H [06;26H6[06;27H[06;01H[07;01Hl[07;02Hi[07;03Hm[07;04Hi[07;05Hn[07;06He[07;07H:[07;08H [07;09HR[07;10He[07;11Hq[07;12Hu[07;13He[07;14Hs[07;15Ht[07;16Hs[07;17H [07;18Hc[07;19Ho[07;20Hu[07;21Hn[07;22Ht[07;23H:[07;24H [07;25H [07;26H7[07;27H[07;01H[08;01Hl[08;02Hi[08;03Hm[08;04Hi[08;05Hn[08;06He[08;07H:[08;08H [08;09HT[08;10Ho[08;11Hp[08;12H [08;13Ho[08;14Hf[08;15H [08;16HH[08;17HH[08;18HD[08;19HM[08;20H:[08;21H [08;22H [08;23H [08;24H [08;25H [08;26H0[08;27Hx[08;28H8[08;29H0[08;30H0[08;31H0[08;32H0[08;33H0[08;34H0[08;35H0[08;36H[08;01H[09;01Hl[09;02Hi[09;03Hm[09;04Hi[09;05Hn[09;06He[09;07H:[09;08H [09;09HC[09;10HP[09;11HU[09;12H [09;13Hh[09;14Ha[09;15Hs[09;16H [09;17H5[09;18H-[09;19Hl[09;20He[09;21Hv[09;22He[09;23Hl[09;24H [09;25Hp[09;26Ha[09;27Hg[09;28Hi[09;29Hn[09;30Hg[09;31H [09;32Hs[09;33Hu[09;34Hp[09;35Hp[09;36Ho[09;37Hr[09;38Ht[09;39H[09;01H[10;01Ha[10;02Hc[10;03Hp[10;04Hi[10;05H:[10;06H [10;07HF[10;08Ho[10;09Hu[10;10Hn[10;11Hd[10;12H [10;13HR[10;14HS[10;15HD[10;16HP[10;17H [10;18Ha[10;19Ht[10;20H [10;21H0[10;22Hx[10;23H7[10;24Hf[10;25Hb[10;26H7[10;27He[10;28H0[10;29H0[10;30H0[10;31H[10;01H[11;01Ha[11;02Hc[11;03Hp[11;04Hi[11;05H:[11;06H [11;07HF[11;08Ho[11;09Hu[11;10Hn[11;11Hd[11;12H [11;13HX[11;14HS[11;15HD[11;16HP[11;17H [11;18Ha[11;19Ht[11;20H [11;21H0[11;22Hx[11;23H7[11;24Hf[11;25Hb[11;26H7[11;27He[11;28H0[11;29H1[11;30H4[11;31H[11;01H[12;01Hl[12;02Hi[12;03Hm[12;04Hi[12;05Hn[12;06He[12;07H:[12;08H [12;09HL[12;10Ho[12;11Ha[12;12Hd[12;13Hi[12;14Hn[12;15Hg[12;16H [12;17Hm[12;18Ho[12;19Hd[12;20Hu[12;21Hl[12;22He[12;23H [12;24H`[12;25Hb[12;26Ho[12;27Ho[12;28Ht[12;29H([12;30H)[12;31H:[12;32H/[12;33Hi[12;34Hn[12;35Hi[12;36Ht[12;37Hr[12;38Hd[12;39H.[12;40Hg[12;41Hz[12;42H`[12;43H.[12;44H.[12;45H.[12;46H[12;01H[13;01H[ARCH] IA32_PAT before=0x0000010500070406 after=0x0000010500070406 wc=1
[MAIN] Architecture initialized.
[MAIN] Limine boot info parsed. Memmap len: 0x0000000000000024 HHDM: 0xFFFF800000000000
[MAIN] UART base: 0x0000000000000000 PCI ECAM: 0x0000000000000000
[MAIN] Architecture initialized.
[MAIN] Limine boot info parsed. Memmap len: 0x0000000000000024 HHDM: 0xFFFF800000000000
[MAIN] UART base: 0x0000000000000000 PCI ECAM: 0x0000000000000000
[MM] Initializing memory management with HHDM offset: 0xFFFF800000000000
[MAIN] Initializing framebuffer console: 0x0000000080000000 1920x1080 pitch=7680
[MAIN] BOOT_FB registered successfully
[MAIN] Framebuffer virtual address: 0xFFFF800080000000
[MAIN] Framebuffer console initialized.

[LEANDROS] Kernel starting...
[TRACE] boot_info_addr: 0x0000000000000000
[INIT] Kernel init task starting
[INIT] VFS server port: 1
[INIT] evdev server port: 2
[PCI] Scanning bus...
[PCI] Found dev 0x00008086:0x000029C0
  BAR0x00000000=0x00000000
  BAR0x00000001=0x00000000
  BAR0x00000002=0x00000000
  BAR0x00000003=0x00000000
  BAR0x00000004=0x00000000
  BAR0x00000005=0x00000000
[PCI] Found dev 0x00001AF4:0x00001001
  BAR0x00000001=0x80848000
  BAR0x00000002=0x00000000
  BAR0x00000003=0x00000000
  BAR0x00000004=0x0000000C
[PCI] Found dev 0x00001AF4:0x00001001
  BAR0x00000001=0x80847000
  BAR0x00000002=0x00000000
  BAR0x00000003=0x00000000
  BAR0x00000004=0x0000400C
[PCI] Found dev 0x00001AF4:0x00001001
  BAR0x00000001=0x80846000
  BAR0x00000002=0x00000000
  BAR0x00000003=0x00000000
  BAR0x00000004=0x0000800C
[PCI] Found dev 0x00001AF4:0x00001050
  BAR0x00000000=0x80000008
  BAR0x00000001=0x00000000
  BAR0x00000002=0x0000C00C
  BAR0x00000004=0x80845000
  BAR0x00000005=0x00000000
[PCI] Found dev 0x00001AF4:0x00001052
  BAR0x00000000=0x00000000
  BAR0x00000001=0x80844000
  BAR0x00000002=0x00000000
  BAR0x00000003=0x00000000
  BAR0x00000004=0x0001000C
[PCI] Found dev 0x00001AF4:0x00001052
  BAR0x00000000=0x00000000
  BAR0x00000001=0x80843000
  BAR0x00000002=0x00000000
  BAR0x00000003=0x00000000
  BAR0x00000004=0x0001400C
[PCI] Found dev 0x00001AF4:0x00001059
  BAR0x00000000=0x00000000
  BAR0x00000001=0x80842000
  BAR0x00000002=0x00000000
  BAR0x00000003=0x00000000
  BAR0x00000004=0x0001800C
[PCI] Found dev 0x00001AF4:0x00001000
  BAR0x00000001=0x80841000
  BAR0x00000002=0x00000000
  BAR0x00000003=0x00000000
  BAR0x00000004=0x0001C00C
[PCI] Found dev 0x00008086:0x00002918
  BAR0x00000000=0x00000000
  BAR0x00000001=0x00000000
  BAR0x00000002=0x00000000
  BAR0x00000003=0x00000000
  BAR0x00000004=0x00000000
  BAR0x00000005=0x00000000
[PCI] Found dev 0x00008086:0x00002922
  BAR0x00000000=0x00000000
  BAR0x00000001=0x00000000
  BAR0x00000002=0x00000000
  BAR0x00000003=0x00000000
  BAR0x00000005=0x80840000
[PCI] Found dev 0x00008086:0x00002930
  BAR0x00000000=0x00000000
  BAR0x00000001=0x00000000
  BAR0x00000002=0x00000000
  BAR0x00000003=0x00000000
  BAR0x00000005=0x00000000
[INPUT] virtio-input functions found=0x00000002
[INPUT] Found VirtIO Input device
[INPUT] -> keyboard (event0)
[KBD] VirtIO Input device initialized
[INPUT] Found VirtIO Input device
[INPUT] -> tablet (event1)
[KBD] VirtIO Input device initialized
[INPUT] bound=0x00000002
[INIT] DRM server port: 3
[INIT] PipeWire server port: 4
[NET] VirtIO Net device initialized successfully
[NET] Loopback interface 127.0.0.1/8 up
[NET] Interface configured, net server initialized successfully
[INIT] Loading userspace init ELF binary from initrd
[INIT] Found initrd at physical 0x000000007C00D000 size 0x0000000000004C00
[CPIO] Found file in initrd
[INIT] Successfully extracted init binary from initrd
[INIT] Framebuffer debug info:
[INIT]   Physical base: 0x0000000080000000
[INIT]   Resolution: 1920x1080
[INIT]   Pitch: 7680
[INIT]   Virtual address: 0xFFFF800080000000
[INIT]   Virtual address is in kernel space - OK
[INIT] Framebuffer console resolution: 1920x1080 pitch=7680
[SCHED] spawn_user: entry=00000000002016A0 sp=000000000FFFFFC0
[SCHED] Allocating kernel stack...
[SCHED] Creating task struct for PID 2
Task::new_userspace: creating userspace task
Task::new_userspace: userspace task created successfully
[INIT] load_and_spawn_elf: entry=0x00000000002016A0 sp=0x000000000FFFFFC0
[INIT] Userspace init spawned with PID: 2
[INIT] Starting scheduler loop...
[SCHED] scheduler_run_loop started...
[SCHED] scheduler_run_loop started...
[SCHED] scheduler_run_loop started...
[SCHED] scheduler_run_loop started...
[SCHED] CPU ID: [SCH0ED] CPU ID: 2[SCHED] CPU ID: 1
[SCHED] CPU ID: 3


LeandrOS Init (PID 1) starting...
Init PID: 2
Mounting F2FS disk /dev/vdb to /mnt...
F2FS mounted successfully at /mnt!
Pivoting root to /mnt (old root at /mnt/old_root)...
pivot_root successful! Root is now F2FS.
Mounting /dev/vdc at /data (f2fs)...
[NET] DHCP configured, address: 192.168.105.2
Starting getty loop...

LeandrOS

login: root
Password: 
[?2004h[0m[?25l[48;1H[J[39mbrush-0.5# [38;5;14m[0m[?25l[48;1H[J[39mbrush-0.5# [38;5;14m[38;5;5m[0m[0mexport XDG_RUNTIME_DIR=/run/user/078[?25h
[?2004l[?2004h[0m[?25l[49;1H[J[39mbrush-0.5# [38;5;14m[38;5;5m[0m[0m78[?25h[0m[?25l[49;1H[J[39mbrush-0.5# [38;5;14m[38;5;5m[0m[0msh /bin/78[?25h[0m[?25l[49;1H[J[39mbrush-0.5# [38;5;14m[38;5;5m[0m[0msh /bin/start-cosmic-leandros &78[?25h
[?2004l[1]+	<pid unknown>
[?2004h[0m[?25l[51;1H[J[39mbrush-0.5# [38;5;14m[38;5;5m[0m[0m78[?25h[2m1970-01-01T00:00:08.887422Z[0m [32m INFO[0m [2mbusd[0m[2m:[0m reading configuration file /usr/share/dbus-1/session.conf ...
[2m1970-01-01T00:00:08.916053Z[0m [32m INFO[0m [2mbusd::bus[0m[2m:[0m Listening on UNIX socket file `/run/user/0/bus`.
[2m1970-01-01T00:00:09.226761Z[0m [33m WARN[0m [2mcosmic_session[0m[2m:[0m failed to connect to journald
[NET] connect pid=14 fd=259 conn=5 sid=2 path
[NET] accept pid=11 sid=2 conn=5 -> fd=260
[NET] accept pid=11 sid=2 EAGAIN
[2m1970-01-01T00:00:09.302756Z[0m [32m INFO[0m [2mcosmic_session[0m[2m:[0m Starting cosmic-session
[2m1970-01-01T00:00:09.309053Z[0m [32m INFO[0m [2mlaunch_pad[0m[2m:[0m starting process ' COSMIC_SESSION_SOCK=261 /bin/cosmic-comp  --no-xwayland'
[NET] connect pid=16 fd=257 conn=7 sid=2 path
[NET] accept pid=11 sid=2 conn=7 -> fd=261
[NET] accept pid=11 sid=2 EAGAIN
[NET] connect pid=16 fd=258 conn=8 sid=2 path
[NET] accept pid=11 sid=2 conn=8 -> fd=262
[NET] accept pid=11 sid=2 EAGAIN
[2m1970-01-01T00:00:14.308349Z[0m [33m WARN[0m [2mcosmic_session[0m[2m:[0m cosmic-comp env handshake did not complete; falling back to WAYLAND_DISPLAY=wayland-1
[2m1970-01-01T00:00:14.310684Z[0m [32m INFO[0m [2mcosmic_session[0m[2m:[0m got environmental variables from cosmic-comp: [("WAYLAND_DISPLAY", "wayland-1")]
[2m1970-01-01T00:00:14.337724Z[0m [33m WARN[0m [2mcosmic_session::systemd[0m[2m:[0m unable to start systemctl --user set-environment XDG_SESSION_TYPE=wayland: No such file or directory (os error 2)
[2m1970-01-01T00:00:14.346597Z[0m [32m INFO[0m [2mlaunch_pad[0m[2m:[0m starting process ' WAYLAND_DISPLAY=wayland-1 XDG_SESSION_TYPE=wayland cosmic-settings-daemon '
[2m1970-01-01T00:00:14.381375Z[0m [33m WARN[0m [2mcosmic_session::systemd[0m[2m:[0m unable to start systemctl --user start --no-block cosmic-session.target: No such file or directory (os error 2)
[NET] connect pid=14 fd=264 conn=10 sid=2 path
[2m1970-01-01T00:00:14.392887Z[0m [32m INFO[0m [2mlaunch_pad[0m[2m:[0m starting process ' WAYLAND_DISPLAY=wayland-1 XDG_SESSION_TYPE=wayland DAEMON_NOTIFICATIO[NNSET] accept_ pid=11F Dsid=2 =conn=10 -> fd=263263 c
osmic-notifications '
[NET] accept pid=11 sid=2 EAGAIN
[2m1970-01-01T00:00:15.093259Z[0m [32m INFO[0m [2mlaunch_pad[0m[2m:[0m starting process ' WAYLAND_DISPLAY=wayland-1 XDG_SESSION_TYPE=wayland PANEL_NOTIFICATIONS_FD=262 cosmic-panel '
[2m1970-01-01T00:00:15.292456Z[0m [32m INFO[0m [2mlaunch_pad[0m[2m:[0m starting process ' WAYLAND_DISPLAY=wayland-1 XDG_SESSION_TYPE=wayland cosmic-app-library '
[NET] connect pid=25 fd=259 conn=12 sid=2 path
[NET] accept pid=11 sid=2 conn=12 -> fd=264
[NET] accept pid=11 sid=2 EAGAIN
[NET] connect pid=25 fd=262 conn=13 sid=2 path
[NET] accept pid=11 sid=2 conn=13 -> fd=265
[NET] accept pid=11 sid=2 EAGAIN
[2m1970-01-01T00:00:15.609999Z[0m [32m INFO[0m [2mlaunch_pad[0m[2m:[0m starting process ' WAYLAND_DISPLAY=wayland-1 XDG_SESSION_TYPE=wayland cosmic-launcher '
[NET] connect pid=27 fd=256 conn=15 sid=3 path
[2m1970-01-01T00:00:15.719999Z[0m [32m INFO[0m [1mcosmic-notifications[0m[2m:[0m [2mcosmic_session::notifications[0m[2m:[0m \x1b[2m1970-01-01T00:00:15.349999Z\x1b[0m \x1b[33m WARN\x1b[0m \x1b[2mcosmic_notifications\x1b[0m\x1b[2m:\x1b[0m Failed to connect to journald
[2m1970-01-01T00:00:15.719999Z[0m [32m INFO[0m [1mcosmic-notifications[0m[2m:[0m [2mcosmic_session::notifications[0m[2m:[0m \x1b[2m1970-01-01T00:00:15.349999Z\x1b[0m \x1b[32m INFO\x1b[0m \x1b[2mcosmic_notifications\x1b[0m\x1b[2m:\x1b[0m cosmic-notifications (com.system76.CosmicNotifications)
[2m1970-01-01T00:00:15.719999Z[0m [32m INFO[0m [1mcosmic-notifications[0m[2m:[0m [2mcosmic_session::notifications[0m[2m:[0m \x1b[2m1970-01-01T00:00:15.349999Z\x1b[0m \x1b[32m INFO\x1b[0m \x1b[2mcosmic_notifications\x1b[0m\x1b[2m:\x1b[0m Version: 0.1.0 (release)
[2m1970-01-01T00:00:15.719999Z[0m [32m INFO[0m [1mcosmic-notifications[0m[2m:[0m [2mcosmic_session::notifications[0m[2m:[0m \x1b[2m1970-01-01T00:00:15.459999Z\x1b[0m \x1b[33m WARN\x1b[0m \x1b[2mcosmic_text::font::system\x1b[0m\x1b[2m:\x1b[0m failed to get system locale, falling back to en-US
[2m1970-01-01T00:00:15.719999Z[0m [32m INFO[0m [1mcosmic-notifications[0m[2m:[0m [2mcosmic_session::notifications[0m[2m:[0m \x1b[2m1970-01-01T00:00:15.459999Z\x1b[0m \x1b[33m WARN\x1b[0m \x1b[2mfontdb\x1b[0m\x1b[2m:\x1b[0m Fallback to loading from known font dir paths.
[2m1970-01-01T00:00:15.719999Z[0m [32m INFO[0m [1mcosmic-panel[0m[2m:[0m [2mcosmic_session::notifications[0m[2m:[0m \x1b[2m1970-01-01T00:00:15.349999Z\x1b[0m \x1b[31mERROR\x1b[0m Panel Entry Error: GetKey("padding_overlap", Os { code: 2, kind: NotFound, message: "No such file or directory" })
[2m1970-01-01T00:00:15.719999Z[0m [32m INFO[0m [1mcosmic-panel[0m[2m:[0m [2mcosmic_session::notifications[0m[2m:[0m \x1b[2m1970-01-01T00:00:15.349999Z\x1b[0m \x1b[31mERROR\x1b[0m Panel Entry Error: GetKey("keep_style_on_maximize", Os { code: 2, kind: NotFound, message: "No such file or directory" })
[2m1970-01-01T00:00:15.739999Z[0m [32m INFO[0m [1mcosmic-panel[0m[2m:[0m [2mcosmic_session::notifications[0m[2m:[0m \x1b[2m1970-01-01T00:00:15.349999Z\x1b[0m \x1b[31mERROR\x1b[0m Panel Entry Error: GetKey("padding_overlap", Os { code: 2, kind: NotFound, message: "No such file or directory" })
[2m1970-01-01T00:00:15.739999Z[0m [32m INFO[0m [1mcosmic-panel[0m[2m:[0m [2mcosmic_session::notifications[0m[2m:[0m \x1b[2m1970-01-01T00:00:15.349999Z\x1b[0m \x1b[31mERROR\x1b[0m Panel Entry Error: GetKey("keep_style_on_maximize", Os { code: 2, kind: NotFound, message: "No such file or directory" })
[2m1970-01-01T00:00:15.783132Z[0m [32m INFO[0m [2mlaunch_pad[0m[2m:[0m starting process ' WAYLAND_DISPLAY=wayland-1 XDG_SESSION_TYPE=wayland cosmic-workspaces '
[2m1970-01-01T00:00:15.809999Z[0m [33m WARN[0m [1mcosmic-app-library[0m[2m:[0m [2mcosmic_session[0m[2m:[0m  INFO  cosmic_app_library > Cosmic App Library (com.system76.CosmicAppLibrary)
[2m1970-01-01T00:00:15.809999Z[0m [33m WARN[0m [1mcosmic-app-library[0m[2m:[0m [2mcosmic_session[0m[2m:[0m  INFO  cosmic_app_library > Version: 0.1.0
[2m1970-01-01T00:00:15.809999Z[0m [33m WARN[0m [1mcosmic-app-library[0m[2m:[0m [2mcosmic_session[0m[2m:[0m  INFO  i18n_embed::requester > Current Locale: []
[2m1970-01-01T00:00:15.819999Z[0m [33m WARN[0m [1mcosmic-app-library[0m[2m:[0m [2mcosmic_session[0m[2m:[0m  INFO  i18n_embed            > Selecting translations for domain "cosmic_app_library"
[2m1970-01-01T00:00:15.819999Z[0m [32m INFO[0m [2mlaunch_pad[0m[2m:[0m starting process ' WAYLAND_DISPLAY=wayland-1 XDG_SESSION_TYPE=wayland cosmic-osd '
[NET] connect pid=25 fd=263 conn=14 sid=3 path
[2m1970-01-01T00:00:16.029999Z[0m [32m INFO[0m [1mcosmic-launcher[0m[2m:[0m [2mcosmic_session[0m[2m:[0m 1970-01-01T00:00:15.789999Z  INFO cosmic-launcher (com.system76.CosmicLauncher)
[2m1970-01-01T00:00:16.030855Z[0m [32m INFO[0m [1mcosmic-launcher[0m[2m:[0m [2mcosmic_session[0m[2m:[0m 1970-01-01T00:00:15.789999Z  INFO Version: 1.0.12 (release)
[2m1970-01-01T00:00:16.033645Z[0m [32m INFO[0m [2mlaunch_pad[0m[2m:[0m starting process ' WAYLAND_DISPLAY=wayland-1 XDG_SESSION_TYPE=wayland cosmic-bg '
[2m1970-01-01T00:00:16.209999Z[0m [32m INFO[0m [2mlaunch_pad[0m[2m:[0m starting process ' WAYLAND_DISPLAY=wayland-1 XDG_SESSION_TYPE=wayland cosmic-greeter '
[NET] connect pid=35 fd=259 conn=18 sid=2 path
[NET] accept pid=11 sid=2 conn=18 -> fd=266
[NET] accept pid=11 sid=2 EAGAIN
[NET] connect pid=33 fd=259 conn=20 sid=2 path
[NET] connect pid=39 fd=256 conn=21 sid=3 path
[2m1970-01-01T00:00:16.429999Z[0m [31mERROR[0m [1mcosmic-greeter[0m[2m:[0m [2mcosmic_session[0m[2m:[0m failed to start cosmic-greeter: failed to start process: No such file or directory (os error 2)
[2m1970-01-01T00:00:16.429999Z[0m [32m INFO[0m [2mlaunch_pad[0m[2m:[0m starting process ' WAYLAND_DISPLAY=wayland-1 XDG_SESSION_TYPE=wayland cosmic-files-applet '
[NET] connect pid=25 fd=264 conn=22 sid=2 path
[2m1970-01-01T00:00:16.544395Z[0m [33m WARN[0m [1mcosmic-app-library[0m[2m:[0m [2mcosmic_session[0m[2m:[0m  INFO  zbus::connection::handshake::common > write_command; command=Auth(Some(External), Some([48]))
[2m1970-01-01T00:00:16.547150Z[0m [33m WARN[0m [1mcosmic-app-library[0m[2m:[0m [2mcosmic_session[0m[2m:[0m  INFO  zbus::connection::handshake::common > write_commands; commands=[Auth(Some(External), Some([48]))] extra_bytes=None
[NET] accept pid=11 sid=2 conn=22 -> fd=267
[NET] accept pid=11 sid=2 conn=20 -> fd=268
[NET] accept pid=11 sid=2 EAGAIN
[2m1970-01-01T00:00:16.569999Z[0m [33m WARN[0m [1mcosmic-app-library[0m[2m:[0m [2mcosmic_session[0m[2m:[0m  INFO  tracing::span                       > read_command;
[2m1970-01-01T00:00:16.569999Z[0m [33m WARN[0m [1mcosmic-app-library[0m[2m:[0m [2mcosmic_session[0m[2m:[0m  INFO  zbus::connection::handshake::common > read_commands; n_commands=1
[2m1970-01-01T00:00:16.569999Z[0m [33m WARN[0m [1mcosmic-workspaces[0m[2m:[0m [2mcosmic_session[0m[2m:[0m [1970-01-01T00:00:16Z INFO  i18n_embed::requester] Current Locale: []
[2m1970-01-01T00:00:16.569999Z[0m [33m WARN[0m [1mcosmic-workspaces[0m[2m:[0m [2mcosmic_session[0m[2m:[0m [1970-01-01T00:00:16Z INFO  i18n_embed] Selecting translations for domain "cosmic_workspaces"
[2m1970-01-01T00:00:16.589999Z[0m [32m INFO[0m [2mlaunch_pad[0m[2m:[0m starting process ' WAYLAND_DISPLAY=wayland-1 XDG_SESSION_TYPE=wayland cosmic-idle '
[2m1970-01-01T00:00:16.724987Z[0m [33m WARN[0m [2mbusd::peers[0m[2m:[0m unknown destination: com.system76.CosmicLauncher
[2m1970-01-01T00:00:16.751692Z[0m [33m WARN[0m [1mcosmic-app-library[0m[2m:[0m [2mcosmic_session[0m[2m:[0m  INFO  zbus::connection::handshake::common > write_commands; commands=[NegotiateUnixFD, Begin] extra_bytes=Some([108, 1, 0, 1, 0, 0, 0, 0, 1, 0, 0, 0, 109, 0, 0, 0, 1, 1, 111, 0, 21, 0, 0, 0, 47, 111, 114, 103, 47, 102, 114, 101, 101, 100, 101, 115, 107, 116, 111, 112, 47, 68, 66, 117, 115, 0, 0, 0, 2, 1, 115, 0, 20, 0, 0, 0, 111, 114, 103, 46, 102, 114, 101, 101, 100, 101, 115, 107, 116, 111, 112, 46, 68, 66, 117, 115, 0, 0, 0, 0, 3, 1, 115, 0, 5, 0, 0, 0, 72, 101, 108, 108, 111, 0, 0, 0, 6, 1, 115, 0, 20, 0, 0, 0, 111, 114, 103, 46, 102, 114, 101, 101, 100, 101, 115, 107, 116, 111, 112, 46, 68, 66, 117, 115, 0, 0, 0, 0])
[2m1970-01-01T00:00:16.769999Z[0m [33m WARN[0m [1mcosmic-app-library[0m[2m:[0m [2mcosmic_session[0m[2m:[0m  INFO  zbus::connection::handshake::common > read_commands; n_commands=1
[2m1970-01-01T00:00:16.769999Z[0m [32m INFO[0m [1mcosmic-launcher[0m[2m:[0m [2mcosmic_session[0m[2m:[0m 1970-01-01T00:00:16.729999Z  WARN Failed to activate another instance err=MethodError(OwnedErrorName("org.freedesktop.DBus.Error.ServiceUnknown"), Some("The name com.system76.CosmicLauncher was not provided by any .service files"), Msg { type: Error, serial: 29, sender: UniqueName("org.freedesktop.DBus"), reply-serial: 2, body: Str, fds: [] })
[NET] connect pid=36 fd=259 conn=19 sid=2 path
[2m1970-01-01T00:00:16.784222Z[0m [33m WARN[0m [1mcosmic-workspaces[0m[2m:[0m [2mcosmic_session[0m[2m:[0m [1970-01-01T00:00:16Z INFO  zbus::connection::handshake::common] write_command; command=Auth(Some(External), Some([48]))
[2m1970-01-01T00:00:16.787302Z[0m [33m WARN[0m [1mcosmic-workspaces[0m[2m:[0m [2mcosmic_session[0m[2m:[0m [1970-01-01T00:00:16Z INFO  zbus::connection::handshake::common] write_commands; commands=[Auth(Some(External), Some([48]))] extra_bytes=None
[2m1970-01-01T00:00:16.790112Z[0m [33m WARN[0m [1mcosmic-workspaces[0m[2m:[0m [2mcosmic_session[0m[2m:[0m [1970-01-01T00:00:16Z INFO  tracing::span] read_command;
[2m1970-01-01T00:00:16.792180Z[0m [33m WARN[0m [1mcosmic-workspaces[0m[2m:[0m [2mcosmic_session[0m[2m:[0m [1970-01-01T00:00:16Z INFO  zbus::connection::handshake::common] read_commands; n_commands=1
[NET] connect pid=46 fd=256 conn=24 sid=3 path
[NET] accept pid=11 sid=2 conn=19 -> fd=269
[NET] accept pid=11 sid=2 EAGAIN
[2m1970-01-01T00:00:16.879999Z[0m [33m WARN[0m [1mcosmic-workspaces[0m[2m:[0m [2mcosmic_session[0m[2m:[0m [1970-01-01T00:00:16Z INFO  zbus::connection::handshake::common] write_commands; commands=[NegotiateUnixFD, Begin] extra_bytes=Some([108, 1, 0, 1, 0, 0, 0, 0, 1, 0, 0, 0, 109, 0, 0, 0, 1, 1, 111, 0, 21, 0, 0, 0, 47, 111, 114, 103, 47, 102, 114, 101, 101, 100, 101, 115, 107, 116, 111, 112, 47, 68, 66, 117, 115, 0, 0, 0, 2, 1, 115, 0, 20, 0, 0, 0, 111, 114, 103, 46, 102, 114, 101, 101, 100, 101, 115, 107, 116, 111, 112, 46, 68, 66, 117, 115, 0, 0, 0, 0, 3, 1, 115, 0, 5, 0, 0, 0, 72, 101, 108, 108, 111, 0, 0, 0, 6, 1, 115, 0, 20, 0, 0, 0, 111, 114, 103, 46, 102, 114, 101, 101, 100, 101, 115, 107, 116, 111, 112, 46, 68, 66, 117, 115, 0, 0, 0, 0])
[2m1970-01-01T00:00:16.879999Z[0m [33m WARN[0m [1mcosmic-workspaces[0m[2m:[0m [2mcosmic_session[0m[2m:[0m [1970-01-01T00:00:16Z INFO  zbus::connection::handshake::common] read_commands; n_commands=1
[NET] connect pid=44 fd=256 conn=25 sid=2 path
[2m1970-01-01T00:00:16.879999Z[0m [33m WARN[0m [2mbusd::peers[0m[2m:[0m unknown destination: com.system76.CosmicAppLibrary
[2m1970-01-01T00:00:16.880456Z[0m [33m WARN[0m [1mcosmic-app-library[0m[2m:[0m [2mcosmic_session[0m[2m:[0m  WARN  cosmic::app                         > Failed to activate another instance err=MethodError(OwnedErrorName("org.freedesktop.DBus.Error.ServiceUnknown"), Some("The name com.system76.CosmicAppLibrary was not provided by any .service files"), Msg { type: Error, serial: 38, sender: UniqueName("org.freedesktop.DBus"), reply-serial: 2, body: Str, fds: [] })
[2m1970-01-01T00:00:16.899999Z[0m [33m WARN[0m [2mbusd::peers[0m[2m:[0m unknown destination: org.a11y.Bus
[2m1970-01-01T00:00:16.910092Z[0m [33m WARN[0m [1mcosmic-app-library[0m[2m:[0m [2mcosmic_session[0m[2m:[0m  WARN  cosmic_text::font::system           > failed to get system locale, falling back to en-US
[2m1970-01-01T00:00:16.912803Z[0m [33m WARN[0m [1mcosmic-app-library[0m[2m:[0m [2mcosmic_session[0m[2m:[0m  WARN  fontdb                              > Fallback to loading from known font dir paths.
[NET] connect pid=35 fd=260 conn=26 sid=3 path
[NET] accept pid=11 sid=2 conn=25 -> fd=270
[NET] accept pid=11 sid=2 EAGAIN
[2m1970-01-01T00:00:17.119999Z[0m [33m WARN[0m [2mbusd::peers[0m[2m:[0m unknown destination: com.system76.CosmicWorkspaces
[2m1970-01-01T00:00:17.120673Z[0m [33m WARN[0m [1mcosmic-workspaces[0m[2m:[0m [2mcosmic_session[0m[2m:[0m [1970-01-01T00:00:17Z WARN  cosmic::app] Failed to activate another instance err=MethodError(OwnedErrorName("org.freedesktop.DBus.Error.ServiceUnknown"), Some("The name com.system76.CosmicWorkspaces was not provided by any .service files"), Msg { type: Error, serial: 43, sender: UniqueName("org.freedesktop.DBus"), reply-serial: 2, body: Str, fds: [] })
[2m1970-01-01T00:00:17.127823Z[0m [33m WARN[0m [1mcosmic-workspaces[0m[2m:[0m [2mcosmic_session[0m[2m:[0m [1970-01-01T00:00:17Z WARN  cosmic_text::font::system] failed to get system locale, falling back to en-US
[2m1970-01-01T00:00:17.130098Z[0m [33m WARN[0m [1mcosmic-workspaces[0m[2m:[0m [2mcosmic_session[0m[2m:[0m [1970-01-01T00:00:17Z WARN  fontdb] Fallback to loading from known font dir paths.
[NET] connect pid=29 fd=259 conn=28 sid=2 path
[NET] connect pid=33 fd=260 conn=29 sid=3 path
[NET] accept pid=11 sid=2 conn=28 -> fd=271
[NET] accept pid=11 sid=2 EAGAIN
[NET] connect pid=37 fd=259 conn=31 sid=2 path
[NET] accept pid=11 sid=2 conn=31 -> fd=272
[NET] accept pid=11 sid=2 EAGAIN
[2m1970-01-01T00:00:17.409999Z[0m [33m WARN[0m [1mcosmic-osd[0m[2m:[0m [2mcosmic_session[0m[2m:[0m [1970-01-01T00:00:17Z INFO  zbus::connection::handshake::common] write_command; command=Auth(Some(External), Some([48]))
[2m1970-01-01T00:00:17.409999Z[0m [33m WARN[0m [1mcosmic-osd[0m[2m:[0m [2mcosmic_session[0m[2m:[0m [1970-01-01T00:00:17Z INFO  zbus::connection::handshake::common] write_commands; commands=[Auth(Some(External), Some([48]))] extra_bytes=None
[2m1970-01-01T00:00:17.409999Z[0m [33m WARN[0m [1mcosmic-osd[0m[2m:[0m [2mcosmic_session[0m[2m:[0m [1970-01-01T00:00:17Z INFO  tracing::span] read_command;
[2m1970-01-01T00:00:17.409999Z[0m [33m WARN[0m [1mcosmic-osd[0m[2m:[0m [2mcosmic_session[0m[2m:[0m [1970-01-01T00:00:17Z INFO  zbus::connection::handshake::common] read_commands; n_commands=1
[2m1970-01-01T00:00:17.436751Z[0m [33m WARN[0m [1mcosmic-osd[0m[2m:[0m [2mcosmic_session[0m[2m:[0m [1970-01-01T00:00:17Z INFO  zbus::connection::handshake::common] write_commands; commands=[NegotiateUnixFD, Begin] extra_bytes=Some([108, 1, 0, 1, 0, 0, 0, 0, 1, 0, 0, 0, 109, 0, 0, 0, 1, 1, 111, 0, 21, 0, 0, 0, 47, 111, 114, 103, 47, 102, 114, 101, 101, 100, 101, 115, 107, 116, 111, 112, 47, 68, 66, 117, 115, 0, 0, 0, 2, 1, 115, 0, 20, 0, 0, 0, 111, 114, 103, 46, 102, 114, 101, 101, 100, 101, 115, 107, 116, 111, 112, 46, 68, 66, 117, 115, 0, 0, 0, 0, 3, 1, 115, 0, 5, 0, 0, 0, 72, 101, 108, 108, 111, 0, 0, 0, 6, 1, 115, 0, 20, 0, 0, 0, 111, 114, 103, 46, 102, 114, 101, 101, 100, 101, 115, 107, 116, 111, 112, 46, 68, 66, 117, 115, 0, 0, 0, 0])
[NET] connect pid=36 fd=260 conn=32 sid=3 path
[2m1970-01-01T00:00:17.470054Z[0m [33m WARN[0m [1mcosmic-osd[0m[2m:[0m [2mcosmic_session[0m[2m:[0m [1970-01-01T00:00:17Z INFO  zbus::connection::handshake::common] read_commands; n_commands=1
[2m1970-01-01T00:00:17.509999Z[0m [33m WARN[0m [2mbusd::peers[0m[2m:[0m unknown destination: com.system76.CosmicOnScreenDisplay
[2m1970-01-01T00:00:17.521411Z[0m [33m WARN[0m [1mcosmic-osd[0m[2m:[0m [2mcosmic_session[0m[2m:[0m [1970-01-01T00:00:17Z WARN  cosmic::app] Failed to activate another instance err=MethodError(OwnedErrorName("org.freedesktop.DBus.Error.ServiceUnknown"), Some("The name com.system76.CosmicOnScreenDisplay was not provided by any .service files"), Msg { type: Error, serial: 60, sender: UniqueName("org.freedesktop.DBus"), reply-serial: 2, body: Str, fds: [] })
[2m1970-01-01T00:00:17.528524Z[0m [33m WARN[0m [1mcosmic-osd[0m[2m:[0m [2mcosmic_session[0m[2m:[0m [1970-01-01T00:00:17Z WARN  cosmic_text::font::system] failed to get system locale, falling back to en-US
[2m1970-01-01T00:00:17.539999Z[0m [33m WARN[0m [1mcosmic-osd[0m[2m:[0m [2mcosmic_session[0m[2m:[0m [1970-01-01T00:00:17Z WARN  fontdb] Fallback to loading from known font dir paths.
[2m1970-01-01T00:00:17.579999Z[0m [32m INFO[0m [1mcosmic-panel[0m[2m:[0m [2mcosmic_session::notifications[0m[2m:[0m \x1b[2m1970-01-01T00:00:17.572842Z\x1b[0m \x1b[32m INFO\x1b[0m Watching panel config entries for changes Config { system_path: Some("/usr/share/cosmic/com.system76.CosmicPanel/v1"), user_path: Some("/root/.config/cosmic/com.system76.CosmicPanel/v1"), previous: None }
[2m1970-01-01T00:00:17.610699Z[0m [32m INFO[0m [1mcosmic-panel[0m[2m:[0m [2mcosmic_session::notifications[0m[2m:[0m \x1b[2m1970-01-01T00:00:17.609999Z\x1b[0m \x1b[32m INFO\x1b[0m Watching panel config entry: Config { system_path: Some("/usr/share/cosmic/com.system76.CosmicPanel.Panel/v1"), user_path: Some("/root/.config/cosmic/com.system76.CosmicPanel.Panel/v1"), previous: None }
[2m1970-01-01T00:00:17.739999Z[0m [32m INFO[0m [1mcosmic-panel[0m[2m:[0m [2mcosmic_session::notifications[0m[2m:[0m \x1b[2m1970-01-01T00:00:17.734934Z\x1b[0m \x1b[32m INFO\x1b[0m Watching panel config entry: Config { system_path: Some("/usr/share/cosmic/com.system76.CosmicPanel.Dock/v1"), user_path: Some("/root/.config/cosmic/com.system76.CosmicPanel.Dock/v1"), previous: None }
[2m1970-01-01T00:00:17.790669Z[0m [32m INFO[0m [1mcosmic-panel[0m[2m:[0m [2mcosmic_session::notifications[0m[2m:[0m \x1b[2m1970-01-01T00:00:17.784924Z\x1b[0m \x1b[32m INFO\x1b[0m Watching panel config successful
[NET] connect pid=25 fd=265 conn=33 sid=2 path
[NET] accept pid=11 sid=2 conn=33 -> fd=273
[NET] accept pid=11 sid=2 EAGAIN
[NET] fork 25->60 pending fd=263 conn=14 COPIED
[NET] connect pid=25 fd=268 conn=35 sid=2 path
[NET] fork 25->61 pending fd=263 conn=14 COPIED
[NET] fork 25->61 pending fd=268 conn=35 COPIED
[NET] accept pid=11 sid=2 conn=35 -> fd=274
[NET] accept pid=11 sid=2 EAGAIN
[NET] connect pid=37 fd=260 conn=36 sid=3 path
[2m1970-01-01T00:00:18.419999Z[0m [32m INFO[0m [1mcosmic-panel[0m[2m:[0m [2mcosmic_session::notifications[0m[2m:[0m \x1b[2m1970-01-01T00:00:18.419999Z\x1b[0m \x1b[32m INFO\x1b[0m Connecting to notifications daemon
[NET] connect pid=29 fd=263 conn=37 sid=3 path
[2m1970-01-01T00:00:18.780204Z[0m [33m WARN[0m [2mbusd::peers[0m[2m:[0m unknown destination: org.freedesktop.locale1
[2m1970-01-01T00:00:18.781452Z[0m [33m WARN[0m [1mcosmic-files-applet[0m[2m:[0m [2mcosmic_session[0m[2m:[0m   \x1b[32m INFO\x1b[0m  \x1b[32mCurrent Locale: []\x1b[0m
[2m1970-01-01T00:00:18.790088Z[0m [33m WARN[0m [1mcosmic-files-applet[0m[2m:[0m [2mcosmic_session[0m[2m:[0m     \x1b[2;3mat\x1b[0m /Users/forain/.cargo/registry/src/index.crates.io-1949cf8c6b5b557f/i18n-embed-0.16.0/src/requester.rs:299 \x1b[2;3mon\x1b[0m main
[2m1970-01-01T00:00:18.793241Z[0m [33m WARN[0m [1mcosmic-files-applet[0m[2m:[0m [2mcosmic_session[0m[2m:[0m 
[2m1970-01-01T00:00:18.794354Z[0m [33m WARN[0m [1mcosmic-files-applet[0m[2m:[0m [2mcosmic_session[0m[2m:[0m   \x1b[32m INFO\x1b[0m  \x1b[32mSelecting translations for domain "cosmic_files"\x1b[0m
[2m1970-01-01T00:00:18.796697Z[0m [33m WARN[0m [1mcosmic-files-applet[0m[2m:[0m [2mcosmic_session[0m[2m:[0m     \x1b[2;3mat\x1b[0m /Users/forain/.cargo/registry/src/index.crates.io-1949cf8c6b5b557f/i18n-embed-0.16.0/src/lib.rs:602 \x1b[2;3mon\x1b[0m main
[2m1970-01-01T00:00:18.799862Z[0m [33m WARN[0m [1mcosmic-files-applet[0m[2m:[0m [2mcosmic_session[0m[2m:[0m 
[2m1970-01-01T00:00:18.799999Z[0m [33m WARN[0m [1mcosmic-settings-daemon[0m[2m:[0m [2mcosmic_session[0m[2m:[0m   \x1b[33m WARN\x1b[0m  \x1b[33mFailed to populate properties cache via GetAll: org.freedesktop.DBus.Error.ServiceUnknown: The name org.freedesktop.locale1 was not provided by any .service files. Property change streams will not produce values.\x1b[0m
[2m1970-01-01T00:00:18.799999Z[0m [33m WARN[0m [1mcosmic-settings-daemon[0m[2m:[0m [2mcosmic_session[0m[2m:[0m     \x1b[2;3mat\x1b[0m /Users/forain/.cargo/registry/src/index.crates.io-1949cf8c6b5b557f/zbus-5.16.0/src/proxy/mod.rs:301 \x1b[2;3mon\x1b[0m main
[2m1970-01-01T00:00:18.845645Z[0m [33m WARN[0m [1mcosmic-settings-daemon[0m[2m:[0m [2mcosmic_session[0m[2m:[0m     \x1b[2;3min\x1b[0m \x1b[1m{}\x1b[0m \x1b[2;3mwith\x1b[0m \x1b[3mtask_name\x1b[0m\x1b[2m=\x1b[0m"org.freedesktop.locale1 proxy caching"
[2m1970-01-01T00:00:18.850169Z[0m [33m WARN[0m [1mcosmic-settings-daemon[0m[2m:[0m [2mcosmic_session[0m[2m:[0m 
[2m1970-01-01T00:00:19.335820Z[0m [33m WARN[0m [1mcosmic-files-applet[0m[2m:[0m [2mcosmic_session[0m[2m:[0m   \x1b[33m WARN\x1b[0m  \x1b[33mfailed to locate desktop directory, falling back to /root/Desktop\x1b[0m
[2m1970-01-01T00:00:19.338444Z[0m [33m WARN[0m [1mcosmic-files-applet[0m[2m:[0m [2mcosmic_session[0m[2m:[0m     \x1b[2;3mat\x1b[0m src/lib.rs:50 \x1b[2;3mon\x1b[0m main
[2m1970-01-01T00:00:19.339999Z[0m [33m WARN[0m [1mcosmic-files-applet[0m[2m:[0m [2mcosmic_session[0m[2m:[0m 
[2m1970-01-01T00:00:19.343112Z[0m [33m WARN[0m [1mcosmic-files-applet[0m[2m:[0m [2mcosmic_session[0m[2m:[0m   \x1b[33m WARN\x1b[0m  \x1b[33mfailed to get system locale, falling back to en-US\x1b[0m
[2m1970-01-01T00:00:19.345394Z[0m [33m WARN[0m [1mcosmic-files-applet[0m[2m:[0m [2mcosmic_session[0m[2m:[0m     \x1b[2;3mat\x1b[0m /Users/forain/.cargo/registry/src/index.crates.io-1949cf8c6b5b557f/cosmic-text-0.19.0/src/font/system.rs:423 \x1b[2;3mon\x1b[0m main
[2m1970-01-01T00:00:19.348520Z[0m [33m WARN[0m [1mcosmic-files-applet[0m[2m:[0m [2mcosmic_session[0m[2m:[0m 
[2m1970-01-01T00:00:19.530495Z[0m [33m WARN[0m [1mcosmic-files-applet[0m[2m:[0m [2mcosmic_session[0m[2m:[0m   \x1b[33m WARN\x1b[0m  \x1b[33mFallback to loading from known font dir paths.\x1b[0m
[2m1970-01-01T00:00:19.532649Z[0m [33m WARN[0m [1mcosmic-files-applet[0m[2m:[0m [2mcosmic_session[0m[2m:[0m     \x1b[2;3mat\x1b[0m /Users/forain/.cargo/registry/src/index.crates.io-1949cf8c6b5b557f/fontdb-0.23.0/src/lib.rs:466 \x1b[2;3mon\x1b[0m main
[2m1970-01-01T00:00:19.535587Z[0m [33m WARN[0m [1mcosmic-files-applet[0m[2m:[0m [2mcosmic_session[0m[2m:[0m 
[NET] connect pid=44 fd=257 conn=38 sid=3 path
[GPU] device features hi=0x00000101 lo=0x30000002
[GPU] *** host does NOT offer VIRTIO_GPU_F_VIRGL -- 3D/Venus unavailable ***
[GPU] *** host does NOT offer VIRTIO_GPU_F_RESOURCE_BLOB -- 3D/Venus unavailable ***
[GPU] *** host does NOT offer VIRTIO_GPU_F_CONTEXT_INIT -- 3D/Venus unavailable ***
[GPU] acked features hi=0x00000001 lo=0x00000002
[2m1970-01-01T00:00:23.422430Z[0m [32m INFO[0m [1mcosmic-panel[0m[2m:[0m [2mcosmic_session::notifications[0m[2m:[0m \x1b[2m1970-01-01T00:00:23.421459Z\x1b[0m \x1b[31mERROR\x1b[0m Failed to connect to the notifications daemon.
[DRM] unimplemented ioctl cmd=0xC00864BF nr=0x000000BF type=0x00000064 size=0x00000008 (reported once per boot)
[DRM-SRV] mmap token=0x000000006B000000 map_info=0x01 -> writeback
[DRM-SRV] mmap token=0x000000006C000000 map_info=0x01 -> writeback
[2m1970-01-01T00:00:28.019999Z[0m [31mERROR[0m [2mpanic[0m[2m:[0m thread 'main' panicked at 'called `Result::unwrap()` on an `Err` value: {"WAYLAND_DISPLAY": "wayland-1"}': src/comp.rs:37
   0: <log_panics::Config>::install_panic_hook::{closure#0}
   1: std::panicking::panic_with_hook
   2: std::panicking::panic_handler::{closure#0}
   3: std::sys::backtrace::__rust_end_short_backtrace::<std::panicking::panic_handler::{closure#0}, !>
   4: __rustc::rust_begin_unwind
   5: core::panicking::panic_fmt
   6: core::result::unwrap_failed
   7: cosmic_session::comp::parse_and_handle_ipc
   8: <core::future::poll_fn::PollFn<cosmic_session::comp::run_compositor::{closure#0}::{closure#1}> as core::future::future::Future>::poll
   9: cosmic_session::comp::run_compositor::{closure#0}
  10: <tokio::runtime::task::core::Core<cosmic_session::comp::run_compositor::{closure#0}, alloc::sync::Arc<tokio::runtime::scheduler::multi_thread::handle::Handle>>>::poll
  11: <tokio::runtime::task::harness::Harness<cosmic_session::comp::run_compositor::{closure#0}, alloc::sync::Arc<tokio::runtime::scheduler::current_thread::Handle>>>::poll
  12: <tokio::runtime::scheduler::current_thread::Context>::enter::<(), <tokio::runtime::scheduler::current_thread::Context>::run_task<(), <tokio::runtime::scheduler::current_thread::CoreGuard>::block_on<core::pin::Pin<&mut cosmic_session::main::{closure#0}>>::{closure#0}::{closure#1}>::{closure#0}>
  13: <tokio::runtime::context::scoped::Scoped<tokio::runtime::scheduler::Context>>::set::<<tokio::runtime::scheduler::current_thread::CoreGuard>::enter<<tokio::runtime::scheduler::current_thread::CoreGuard>::block_on<core::pin::Pin<&mut cosmic_session::main::{closure#0}>>::{closure#0}, core::option::Option<core::result::Result<(), eyre::Report>>>::{closure#0}, (alloc::boxed::Box<tokio::runtime::scheduler::current_thread::Core>, core::option::Option<core::result::Result<(), eyre::Report>>)>
  14: <tokio::runtime::scheduler::current_thread::CoreGuard>::block_on::<core::pin::Pin<&mut cosmic_session::main::{closure#0}>>
  15: tokio::runtime::context::runtime::enter_runtime::<<tokio::runtime::scheduler::current_thread::CurrentThread>::block_on<cosmic_session::main::{closure#0}>::{closure#0}, core::result::Result<(), eyre::Report>>
  16: <tokio::runtime::runtime::Runtime>::block_on::<cosmic_session::main::{closure#0}>
  17: cosmic_session::main
  18: std::sys::backtrace::__rust_begin_short_backtrace::<fn() -> core::result::Result<(), eyre::Report>, core::result::Result<(), eyre::Report>>
  19: std::rt::lang_start::<core::result::Result<(), eyre::Report>>::{closure#0}
  20: std::rt::lang_start_internal
  21: main

[NET] accept pid=16 sid=3 conn=14 -> fd=264
[NET] accept pid=16 sid=3 conn=15 -> fd=265
[NET] accept pid=16 sid=3 conn=37 -> fd=266
[NET] accept pid=16 sid=3 conn=29 -> fd=267
[NET] accept pid=16 sid=3 conn=26 -> fd=268
[NET] accept pid=16 sid=3 conn=32 -> fd=269
[NET] accept pid=16 sid=3 conn=36 -> fd=270
[NET] accept pid=16 sid=3 conn=21 -> fd=271
[NET] accept pid=16 sid=3 conn=38 -> fd=272
[NET] accept pid=16 sid=3 conn=24 -> fd=273
[NET] accept pid=16 sid=3 EAGAIN
[2m1970-01-01T00:00:28.019999Z[0m [33m WARN[0m [2mbusd::peers[0m[2m:[0m unknown destination: com.system76.PowerDaemon
[2m1970-01-01T00:00:28.635291Z[0m [33m WARN[0m [1mcosmic-files-applet[0m[2m:[0m [2mcosmic_session[0m[2m:[0m xkbcommon: ERROR: couldn't find a Compose file for locale "C" (mapped to "C")
[2m1970-01-01T00:00:28.691062Z[0m [32m INFO[0m [1mcosmic-panel[0m[2m:[0m [2mcosmic_session::notifications[0m[2m:[0m \x1b[2m1970-01-01T00:00:28.669999Z\x1b[0m \x1b[32m INFO\x1b[0m \x1b[1minput_seat\x1b[0m\x1b[1m{\x1b[0m\x1b[3mname\x1b[0m\x1b[2m=\x1b[0m"seat-0"\x1b[1m}\x1b[0m\x1b[2m:\x1b[0m\x1b[1madd_keyboard_with_context_flags\x1b[0m\x1b[1m{\x1b[0m\x1b[3mxkb_config\x1b[0m\x1b[2m=\x1b[0mXkbConfig { rules: "", model: "", layout: "", variant: "", options: None } \x1b[3mrepeat_delay\x1b[0m\x1b[2m=\x1b[0m200 \x1b[3mrepeat_rate\x1b[0m\x1b[2m=\x1b[0m20 \x1b[3mcontext_flags\x1b[0m\x1b[2m=\x1b[0m0\x1b[1m}\x1b[0m\x1b[2m:\x1b[0m\x1b[1minput_keyboard\x1b[0m\x1b[2m:\x1b[0m Initializing a xkbcommon handler with keymap query
[2m1970-01-01T00:00:28.698662Z[0m [33m WARN[0m [1mcosmic-notifications[0m[2m:[0m [2mcosmic_session::notifications[0m[2m:[0m xkbcommon: ERROR: couldn't find a Compose file for locale "C" (mapped to "C")
[2m1970-01-01T00:00:28.756766Z[0m [33m WARN[0m [1mcosmic-app-library[0m[2m:[0m [2mcosmic_session[0m[2m:[0m xkbcommon: ERROR: couldn't find a Compose file for locale "C" (mapped to "C")
[2m1970-01-01T00:00:28.759999Z[0m [33m WARN[0m [1mcosmic-osd[0m[2m:[0m [2mcosmic_session[0m[2m:[0m xkbcommon: ERROR: couldn't find a Compose file for locale "C" (mapped to "C")
[2m1970-01-01T00:00:29.595524Z[0m [33m WARN[0m [1mcosmic-idle[0m[2m:[0m [2mcosmic_session[0m[2m:[0m [1970-01-01T00:00:29Z WARN  cosmic_settings_config::shortcuts] Skipping over invalid SystemAction (
[2m1970-01-01T00:00:29.595985Z[0m [33m WARN[0m [1mcosmic-idle[0m[2m:[0m [2mcosmic_session[0m[2m:[0m         /// Toggles the screen reader
[2m1970-01-01T00:00:29.596239Z[0m [33m WARN[0m [1mcosmic-idle[0m[2m:[0m [2mcosmic_session[0m[2m:[0m         ScreenReader): 3:5-3:17: Unexpected variant named `ScreenReader` in enum `System`, expected one of `AppLibrary`, `BrightnessDown`, `BrightnessUp`, `DisplayToggle`, `HomeFolder`, `InputSourceSwitch`, `KeyboardBrightnessDown`, `KeyboardBrightnessUp`, `Launcher`, `LockScreen`, `LogOut`, `Mute`, `MuteMic`, `PlayPause`, `PlayNext`, `PlayPrev`, `PowerOff`, `Screenshot`, `Suspend`, `Terminal`, `TouchpadToggle`, `VolumeLower`, `VolumeRaise`, `WebBrowser`, `WindowSwitcher`, `WindowSwitcherPrevious`, or `WorkspaceOverview` instead
[NET] connect pid=33 fd=263 conn=43 sid=2 path
[2m1970-01-01T00:00:29.660130Z[0m [33m WARN[0m [1mcosmic-app-library[0m[2m:[0m [2mcosmic_session[0m[2m:[0m  INFO  zbus::connection::handshake::common > write_command; command=Auth(Some(External), Some([48]))
[2m1970-01-01T00:00:29.660670Z[0m [33m WARN[0m [1mcosmic-app-library[0m[2m:[0m [2mcosmic_session[0m[2m:[0m  INFO  zbus::connection::handshake::common > write_commands; commands=[Auth(Some(External), Some([48]))] extra_bytes=None
[2m1970-01-01T00:00:29.665756Z[0m [33m WARN[0m [1mcosmic-app-library[0m[2m:[0m [2mcosmic_session[0m[2m:[0m  INFO  tracing::span                       > read_command;
[2m1970-01-01T00:00:29.666155Z[0m [33m WARN[0m [1mcosmic-app-library[0m[2m:[0m [2mcosmic_session[0m[2m:[0m  INFO  zbus::connection::handshake::common > read_commands; n_commands=1
[NET] connect pid=27 fd=260 conn=44 sid=2 path
[2m1970-01-01T00:00:29.697970Z[0m [33m WARN[0m [1mcosmic-launcher[0m[2m:[0m [2mcosmic_session[0m[2m:[0m xkbcommon: ERROR: couldn't find a Compose file for locale "C" (mapped to "C")
[NET] connect pid=35 fd=263 conn=45 sid=2 path
[2m1970-01-01T00:00:29.725704Z[0m [33m WARN[0m [1mcosmic-workspaces[0m[2m:[0m [2mcosmic_session[0m[2m:[0m xkbcommon: ERROR: couldn't find a Compose file for locale "C" (mapped to "C")
[2m1970-01-01T00:00:29.726117Z[0m [33m WARN[0m [1mcosmic-idle[0m[2m:[0m [2mcosmic_session[0m[2m:[0m [1970-01-01T00:00:29Z WARN  cosmic_settings_config::shortcuts] Skipping over invalid SystemAction (
[2m1970-01-01T00:00:29.726777Z[0m [33m WARN[0m [1mcosmic-idle[0m[2m:[0m [2mcosmic_session[0m[2m:[0m         /// Toggles the screen reader
[2m1970-01-01T00:00:29.727131Z[0m [33m WARN[0m [1mcosmic-idle[0m[2m:[0m [2mcosmic_session[0m[2m:[0m         ScreenReader): 3:5-3:17: Unexpected variant named `ScreenReader` in enum `System`, expected one of `AppLibrary`, `BrightnessDown`, `BrightnessUp`, `DisplayToggle`, `HomeFolder`, `InputSourceSwitch`, `KeyboardBrightnessDown`, `KeyboardBrightnessUp`, `Launcher`, `LockScreen`, `LogOut`, `Mute`, `MuteMic`, `PlayPause`, `PlayNext`, `PlayPrev`, `PowerOff`, `Screenshot`, `Suspend`, `Terminal`, `TouchpadToggle`, `VolumeLower`, `VolumeRaise`, `WebBrowser`, `WindowSwitcher`, `WindowSwitcherPrevious`, or `WorkspaceOverview` instead
[NET] accept pid=11 sid=2 conn=44 -> fd=275
[NET] accept pid=11 sid=2 conn=43 -> fd=276
[NET] accept pid=11 sid=2 conn=45 -> fd=277
[NET] accept pid=11 sid=2 EAGAIN
[NET] connect pid=46 fd=257 conn=46 sid=2 path
[NET] connect pid=46 fd=258 conn=47 sid=2 path
[NET] accept pid=11 sid=2 conn=46 -> fd=278
[NET] accept pid=11 sid=2 conn=47 -> fd=279
[NET] accept pid=11 sid=2 EAGAIN
[2m1970-01-01T00:00:29.816720Z[0m [33m WARN[0m [1mcosmic-idle[0m[2m:[0m [2mcosmic_session[0m[2m:[0m [1970-01-01T00:00:29Z INFO  tracing::span] perform;
[2m1970-01-01T00:00:29.816958Z[0m [33m WARN[0m [1mcosmic-idle[0m[2m:[0m [2mcosmic_session[0m[2m:[0m [1970-01-01T00:00:29Z INFO  tracing::span] authenticate;
[2m1970-01-01T00:00:29.819056Z[0m [33m WARN[0m [1mcosmic-idle[0m[2m:[0m [2mcosmic_session[0m[2m:[0m [1970-01-01T00:00:29Z INFO  zbus::connection::handshake::common] write_command; command=Auth(Some(External), Some([48]))
[2m1970-01-01T00:00:29.819310Z[0m [33m WARN[0m [1mcosmic-idle[0m[2m:[0m [2mcosmic_session[0m[2m:[0m [1970-01-01T00:00:29Z INFO  zbus::connection::handshake::common] write_commands; commands=[Auth(Some(External), Some([48]))] extra_bytes=None
[2m1970-01-01T00:00:29.821471Z[0m [33m WARN[0m [1mcosmic-idle[0m[2m:[0m [2mcosmic_session[0m[2m:[0m [1970-01-01T00:00:29Z INFO  tracing::span] read_command;
[2m1970-01-01T00:00:29.821741Z[0m [33m WARN[0m [1mcosmic-idle[0m[2m:[0m [2mcosmic_session[0m[2m:[0m [1970-01-01T00:00:29Z INFO  zbus::connection::handshake::common] read_commands; n_commands=1
[2m1970-01-01T00:00:29.822356Z[0m [33m WARN[0m [1mcosmic-idle[0m[2m:[0m [2mcosmic_session[0m[2m:[0m [1970-01-01T00:00:29Z INFO  tracing::span] perform;
[2m1970-01-01T00:00:29.822602Z[0m [33m WARN[0m [1mcosmic-idle[0m[2m:[0m [2mcosmic_session[0m[2m:[0m [1970-01-01T00:00:29Z INFO  tracing::span] authenticate;
[2m1970-01-01T00:00:29.822878Z[0m [33m WARN[0m [1mcosmic-idle[0m[2m:[0m [2mcosmic_session[0m[2m:[0m [1970-01-01T00:00:29Z INFO  zbus::connection::handshake::common] write_command; command=Auth(Some(External), Some([48]))
[2m1970-01-01T00:00:29.823243Z[0m [33m WARN[0m [1mcosmic-idle[0m[2m:[0m [2mcosmic_session[0m[2m:[0m [1970-01-01T00:00:29Z INFO  zbus::connection::handshake::common] write_commands; commands=[Auth(Some(External), Some([48]))] extra_bytes=None
[2m1970-01-01T00:00:29.823595Z[0m [33m WARN[0m [1mcosmic-idle[0m[2m:[0m [2mcosmic_session[0m[2m:[0m [1970-01-01T00:00:29Z INFO  tracing::span] read_command;
[2m1970-01-01T00:00:29.824164Z[0m [33m WARN[0m [1mcosmic-idle[0m[2m:[0m [2mcosmic_session[0m[2m:[0m [1970-01-01T00:00:29Z INFO  zbus::connection::handshake::common] read_commands; n_commands=1
[2m1970-01-01T00:00:29.830351Z[0m [33m WARN[0m [1mcosmic-app-library[0m[2m:[0m [2mcosmic_session[0m[2m:[0m  INFO  zbus::connection::handshake::common > write_commands; commands=[NegotiateUnixFD, Begin] extra_bytes=Some([108, 1, 0, 1, 0, 0, 0, 0, 3, 0, 0, 0, 109, 0, 0, 0, 1, 1, 111, 0, 21, 0, 0, 0, 47, 111, 114, 103, 47, 102, 114, 101, 101, 100, 101, 115, 107, 116, 111, 112, 47, 68, 66, 117, 115, 0, 0, 0, 2, 1, 115, 0, 20, 0, 0, 0, 111, 114, 103, 46, 102, 114, 101, 101, 100, 101, 115, 107, 116, 111, 112, 46, 68, 66, 117, 115, 0, 0, 0, 0, 3, 1, 115, 0, 5, 0, 0, 0, 72, 101, 108, 108, 111, 0, 0, 0, 6, 1, 115, 0, 20, 0, 0, 0, 111, 114, 103, 46, 102, 114, 101, 101, 100, 101, 115, 107, 116, 111, 112, 46, 68, 66, 117, 115, 0, 0, 0, 0])
[2m1970-01-01T00:00:29.831176Z[0m [33m WARN[0m [1mcosmic-app-library[0m[2m:[0m [2mcosmic_session[0m[2m:[0m  INFO  zbus::connection::handshake::common > read_commands; n_commands=1
[2m1970-01-01T00:00:29.865784Z[0m [33m WARN[0m [1mcosmic-idle[0m[2m:[0m [2mcosmic_session[0m[2m:[0m [1970-01-01T00:00:29Z INFO  tracing::span] send_secondary_commands;
[2m1970-01-01T00:00:29.880367Z[0m [33m WARN[0m [1mcosmic-idle[0m[2m:[0m [2mcosmic_session[0m[2m:[0m [1970-01-01T00:00:29Z INFO  zbus::connection::handshake::common] write_commands; commands=[NegotiateUnixFD, Begin] extra_bytes=Some([108, 1, 0, 1, 0, 0, 0, 0, 1, 0, 0, 0, 109, 0, 0, 0, 1, 1, 111, 0, 21, 0, 0, 0, 47, 111, 114, 103, 47, 102, 114, 101, 101, 100, 101, 115, 107, 116, 111, 112, 47, 68, 66, 117, 115, 0, 0, 0, 2, 1, 115, 0, 20, 0, 0, 0, 111, 114, 103, 46, 102, 114, 101, 101, 100, 101, 115, 107, 116, 111, 112, 46, 68, 66, 117, 115, 0, 0, 0, 0, 3, 1, 115, 0, 5, 0, 0, 0, 72, 101, 108, 108, 111, 0, 0, 0, 6, 1, 115, 0, 20, 0, 0, 0, 111, 114, 103, 46, 102, 114, 101, 101, 100, 101, 115, 107, 116, 111, 112, 46, 68, 66, 117, 115, 0, 0, 0, 0])
[2m1970-01-01T00:00:29.882253Z[0m [33m WARN[0m [1mcosmic-idle[0m[2m:[0m [2mcosmic_session[0m[2m:[0m [1970-01-01T00:00:29Z INFO  zbus::connection::handshake::client] receive_secondary_responses; expected_n_responses=1
[2m1970-01-01T00:00:29.882668Z[0m [33m WARN[0m [1mcosmic-idle[0m[2m:[0m [2mcosmic_session[0m[2m:[0m [1970-01-01T00:00:29Z INFO  zbus::connection::handshake::common] read_commands; n_commands=1
[2m1970-01-01T00:00:29.902610Z[0m [33m WARN[0m [1mcosmic-idle[0m[2m:[0m [2mcosmic_session[0m[2m:[0m [1970-01-01T00:00:29Z INFO  tracing::span] send_secondary_commands;
[2m1970-01-01T00:00:29.903352Z[0m [33m WARN[0m [1mcosmic-idle[0m[2m:[0m [2mcosmic_session[0m[2m:[0m [1970-01-01T00:00:29Z INFO  zbus::connection::handshake::common] write_commands; commands=[NegotiateUnixFD, Begin] extra_bytes=Some([108, 1, 0, 1, 0, 0, 0, 0, 2, 0, 0, 0, 109, 0, 0, 0, 1, 1, 111, 0, 21, 0, 0, 0, 47, 111, 114, 103, 47, 102, 114, 101, 101, 100, 101, 115, 107, 116, 111, 112, 47, 68, 66, 117, 115, 0, 0, 0, 2, 1, 115, 0, 20, 0, 0, 0, 111, 114, 103, 46, 102, 114, 101, 101, 100, 101, 115, 107, 116, 111, 112, 46, 68, 66, 117, 115, 0, 0, 0, 0, 3, 1, 115, 0, 5, 0, 0, 0, 72, 101, 108, 108, 111, 0, 0, 0, 6, 1, 115, 0, 20, 0, 0, 0, 111, 114, 103, 46, 102, 114, 101, 101, 100, 101, 115, 107, 116, 111, 112, 46, 68, 66, 117, 115, 0, 0, 0, 0])
[2m1970-01-01T00:00:29.905269Z[0m [33m WARN[0m [1mcosmic-idle[0m[2m:[0m [2mcosmic_session[0m[2m:[0m [1970-01-01T00:00:29Z INFO  zbus::connection::handshake::client] receive_secondary_responses; expected_n_responses=1
[2m1970-01-01T00:00:29.905775Z[0m [33m WARN[0m [1mcosmic-idle[0m[2m:[0m [2mcosmic_session[0m[2m:[0m [1970-01-01T00:00:29Z INFO  zbus::connection::handshake::common] read_commands; n_commands=1
[2m1970-01-01T00:00:30.105988Z[0m [33m WARN[0m [1mcosmic-workspaces[0m[2m:[0m [2mcosmic_session[0m[2m:[0m [1970-01-01T00:00:30Z INFO  iced_winit] System theme: None
[2m1970-01-01T00:00:30.149999Z[0m [32m INFO[0m [1mcosmic-notifications[0m[2m:[0m [2mcosmic_session::notifications[0m[2m:[0m \x1b[2m1970-01-01T00:00:30.129999Z\x1b[0m \x1b[32m INFO\x1b[0m \x1b[2miced_winit\x1b[0m\x1b[2m:\x1b[0m System theme: None
[2m1970-01-01T00:00:30.149999Z[0m [32m INFO[0m [1mcosmic-notifications[0m[2m:[0m [2mcosmic_session::notifications[0m[2m:[0m \x1b[2m1970-01-01T00:00:30.129999Z\x1b[0m \x1b[32m INFO\x1b[0m \x1b[2mcosmic_notifications::subscriptions::applet\x1b[0m\x1b[2m:\x1b[0m Connecting to daemon on fd 263
[2m1970-01-01T00:00:30.200868Z[0m [33m WARN[0m [1mcosmic-idle[0m[2m:[0m [2mcosmic_session[0m[2m:[0m [1970-01-01T00:00:30Z INFO  tracing::span] new;
[NET] connect pid=25 fd=269 conn=48 sid=2 path
[NET] accept pid=11 sid=2 conn=48 -> fd=280
[NET] accept pid=11 sid=2 EAGAIN
[2m1970-01-01T00:00:30.231614Z[0m [32m INFO[0m [1mcosmic-notifications[0m[2m:[0m [2mcosmic_session::notifications[0m[2m:[0m \x1b[2m1970-01-01T00:00:30.220360Z\x1b[0m \x1b[31mERROR\x1b[0m \x1b[2mcosmic_notifications::subscriptions::notifications\x1b[0m\x1b[2m:\x1b[0m Failed to setup panel dbus server I/O error: Broken pipe (os error 32)
[NET] connect pid=27 fd=262 conn=49 sid=2 path
[2m1970-01-01T00:00:30.317937Z[0m [33m WARN[0m [1mcosmic-workspaces[0m[2m:[0m [2mcosmic_session[0m[2m:[0m [1970-01-01T00:00:30Z INFO  iced_winit::platform_specific::wayland::event_loop] SCTK setup complete.
[2m1970-01-01T00:00:30.335952Z[0m [33m WARN[0m [1mcosmic-idle[0m[2m:[0m [2mcosmic_session[0m[2m:[0m [1970-01-01T00:00:30Z INFO  zbus::proxy] {}; task_name="org.freedesktop.UPower proxy caching"
[2m1970-01-01T00:00:30.347598Z[0m [33m WARN[0m [1mcosmic-idle[0m[2m:[0m [2mcosmic_session[0m[2m:[0m [1970-01-01T00:00:30Z INFO  tracing::span] socket reader;
[2m1970-01-01T00:00:30.347924Z[0m [33m WARN[0m [1mcosmic-idle[0m[2m:[0m [2mcosmic_session[0m[2m:[0m [1970-01-01T00:00:30Z INFO  tracing::span] read_socket;
[2m1970-01-01T00:00:30.348204Z[0m [33m WARN[0m [1mcosmic-idle[0m[2m:[0m [2mcosmic_session[0m[2m:[0m [1970-01-01T00:00:30Z INFO  zbus::connection] start_object_server; started_event=Some(Event { listeners_notified: 0, listeners_total: 1 })
[2m1970-01-01T00:00:30.348643Z[0m [33m WARN[0m [1mcosmic-idle[0m[2m:[0m [2mcosmic_session[0m[2m:[0m [1970-01-01T00:00:30Z INFO  tracing::span] obj_server_task;
[2m1970-01-01T00:00:30.348934Z[0m [33m WARN[0m [1mcosmic-idle[0m[2m:[0m [2mcosmic_session[0m[2m:[0m [1970-01-01T00:00:30Z INFO  tracing::span] read_socket;
[2m1970-01-01T00:00:30.349999Z[0m [32m INFO[0m [1mcosmic-launcher[0m[2m:[0m [2mcosmic_session[0m[2m:[0m 1970-01-01T00:00:30.349999Z  INFO starting pop-launcher service
[2m1970-01-01T00:00:30.360542Z[0m [33m WARN[0m [1mcosmic-idle[0m[2m:[0m [2mcosmic_session[0m[2m:[0m [1970-01-01T00:00:30Z INFO  tracing::span] socket reader;
[2m1970-01-01T00:00:30.360915Z[0m [33m WARN[0m [1mcosmic-idle[0m[2m:[0m [2mcosmic_session[0m[2m:[0m [1970-01-01T00:00:30Z INFO  tracing::span] read_socket;
[2m1970-01-01T00:00:30.361679Z[0m [33m WARN[0m [1mcosmic-idle[0m[2m:[0m [2mcosmic_session[0m[2m:[0m [1970-01-01T00:00:30Z INFO  tracing::span] read_socket;
[2m1970-01-01T00:00:30.366238Z[0m [32m INFO[0m [1mcosmic-notifications[0m[2m:[0m [2mcosmic_session::notifications[0m[2m:[0m \x1b[2m1970-01-01T00:00:30.365198Z\x1b[0m \x1b[32m INFO\x1b[0m \x1b[2miced_winit::platform_specific::wayland::event_loop\x1b[0m\x1b[2m:\x1b[0m SCTK setup complete.
[NET] connect pid=35 fd=264 conn=50 sid=2 path
[NET] connect pid=35 fd=265 conn=51 sid=2 path
[2m1970-01-01T00:00:30.410176Z[0m [33m WARN[0m [1mcosmic-app-library[0m[2m:[0m [2mcosmic_session[0m[2m:[0m  INFO  iced_winit                          > System theme: None
[2m1970-01-01T00:00:30.410497Z[0m [33m WARN[0m [1mcosmic-workspaces[0m[2m:[0m [2mcosmic_session[0m[2m:[0m xkbcommon: ERROR: couldn't find a Compose file for locale "C" (mapped to "C")
[2m1970-01-01T00:00:30.411001Z[0m [33m WARN[0m [1mcosmic-workspaces[0m[2m:[0m [2mcosmic_session[0m[2m:[0m xkbcommon: ERROR: couldn't find a Compose file for locale "C" (mapped to "C")
[NET] connect pid=33 fd=264 conn=52 sid=2 path
[NET] connect pid=33 fd=265 conn=53 sid=2 path
[2m1970-01-01T00:00:30.470936Z[0m [33m WARN[0m [1mcosmic-notifications[0m[2m:[0m [2mcosmic_session::notifications[0m[2m:[0m xkbcommon: ERROR: couldn't find a Compose file for locale "C" (mapped to "C")
[2m1970-01-01T00:00:30.471591Z[0m [33m WARN[0m [1mcosmic-notifications[0m[2m:[0m [2mcosmic_session::notifications[0m[2m:[0m xkbcommon: ERROR: couldn't find a Compose file for locale "C" (mapped to "C")
[2m1970-01-01T00:00:30.472136Z[0m [32m INFO[0m [1mcosmic-panel[0m[2m:[0m [2mcosmic_session::notifications[0m[2m:[0m \x1b[2m1970-01-01T00:00:30.459999Z\x1b[0m \x1b[32m INFO\x1b[0m \x1b[1minput_seat\x1b[0m\x1b[1m{\x1b[0m\x1b[3mname\x1b[0m\x1b[2m=\x1b[0m"seat-0"\x1b[1m}\x1b[0m\x1b[2m:\x1b[0m\x1b[1madd_keyboard_with_context_flags\x1b[0m\x1b[1m{\x1b[0m\x1b[3mxkb_config\x1b[0m\x1b[2m=\x1b[0mXkbConfig { rules: "", model: "", layout: "", variant: "", options: None } \x1b[3mrepeat_delay\x1b[0m\x1b[2m=\x1b[0m200 \x1b[3mrepeat_rate\x1b[0m\x1b[2m=\x1b[0m20 \x1b[3mcontext_flags\x1b[0m\x1b[2m=\x1b[0m0\x1b[1m}\x1b[0m\x1b[2m:\x1b[0m\x1b[1minput_keyboard\x1b[0m\x1b[2m:\x1b[0m Loaded Keymap \x1b[3mname\x1b[0m\x1b[2m=\x1b[0m"English (US)"
[2m1970-01-01T00:00:30.480145Z[0m [33m WARN[0m [1mcosmic-files-applet[0m[2m:[0m [2mcosmic_session[0m[2m:[0m   \x1b[32m INFO\x1b[0m  \x1b[32mdetected desktop entry, \x1b[1;32mid\x1b[0m\x1b[32m: "com.system76.CosmicAppLibrary"\x1b[0m
[2m1970-01-01T00:00:30.480739Z[0m [33m WARN[0m [1mcosmic-files-applet[0m[2m:[0m [2mcosmic_session[0m[2m:[0m     \x1b[2;3mat\x1b[0m src/mime_app.rs:359 \x1b[2;3mon\x1b[0m main
[2m1970-01-01T00:00:30.481222Z[0m [33m WARN[0m [1mcosmic-files-applet[0m[2m:[0m [2mcosmic_session[0m[2m:[0m 
[2m1970-01-01T00:00:30.481538Z[0m [33m WARN[0m [1mcosmic-files-applet[0m[2m:[0m [2mcosmic_session[0m[2m:[0m   \x1b[32m INFO\x1b[0m  \x1b[32mdetected desktop entry, \x1b[1;32mid\x1b[0m\x1b[32m: "com.system76.CosmicAppletMinimize"\x1b[0m
[2m1970-01-01T00:00:30.482127Z[0m [33m WARN[0m [1mcosmic-files-applet[0m[2m:[0m [2mcosmic_session[0m[2m:[0m     \x1b[2;3mat\x1b[0m src/mime_app.rs:359 \x1b[2;3mon\x1b[0m main
[2m1970-01-01T00:00:30.482585Z[0m [33m WARN[0m [1mcosmic-files-applet[0m[2m:[0m [2mcosmic_session[0m[2m:[0m 
[2m1970-01-01T00:00:30.482886Z[0m [33m WARN[0m [1mcosmic-files-applet[0m[2m:[0m [2mcosmic_session[0m[2m:[0m   \x1b[32m INFO\x1b[0m  \x1b[32mdetected desktop entry, \x1b[1;32mid\x1b[0m\x1b[32m: "com.system76.CosmicAppletTiling"\x1b[0m
[2m1970-01-01T00:00:30.483490Z[0m [33m WARN[0m [1mcosmic-files-applet[0m[2m:[0m [2mcosmic_session[0m[2m:[0m     \x1b[2;3mat\x1b[0m src/mime_app.rs:359 \x1b[2;3mon\x1b[0m main
[2m1970-01-01T00:00:30.483965Z[0m [33m WARN[0m [1mcosmic-files-applet[0m[2m:[0m [2mcosmic_session[0m[2m:[0m 
[2m1970-01-01T00:00:30.484271Z[0m [33m WARN[0m [1mcosmic-files-applet[0m[2m:[0m [2mcosmic_session[0m[2m:[0m   \x1b[32m INFO\x1b[0m  \x1b[32mdetected desktop entry, \x1b[1;32mid\x1b[0m\x1b[32m: "com.system76.CosmicAppletTime"\x1b[0m
[2m1970-01-01T00:00:30.484847Z[0m [33m WARN[0m [1mcosmic-files-applet[0m[2m:[0m [2mcosmic_session[0m[2m:[0m     \x1b[2;3mat\x1b[0m src/mime_app.rs:359 \x1b[2;3mon\x1b[0m main
[2m1970-01-01T00:00:30.485292Z[0m [33m WARN[0m [1mcosmic-files-applet[0m[2m:[0m [2mcosmic_session[0m[2m:[0m 
[2m1970-01-01T00:00:30.485649Z[0m [33m WARN[0m [1mcosmic-files-applet[0m[2m:[0m [2mcosmic_session[0m[2m:[0m   \x1b[32m INFO\x1b[0m  \x1b[32mdetected desktop entry, \x1b[1;32mid\x1b[0m\x1b[32m: "com.system76.CosmicLauncher"\x1b[0m
[2m1970-01-01T00:00:30.486247Z[0m [33m WARN[0m [1mcosmic-files-applet[0m[2m:[0m [2mcosmic_session[0m[2m:[0m     \x1b[2;3mat\x1b[0m src/mime_app.rs:359 \x1b[2;3mon\x1b[0m main
[2m1970-01-01T00:00:30.486734Z[0m [33m WARN[0m [1mcosmic-files-applet[0m[2m:[0m [2mcosmic_session[0m[2m:[0m 
[2m1970-01-01T00:00:30.487031Z[0m [33m WARN[0m [1mcosmic-files-applet[0m[2m:[0m [2mcosmic_session[0m[2m:[0m   \x1b[32m INFO\x1b[0m  \x1b[32mdetected desktop entry, \x1b[1;32mid\x1b[0m\x1b[32m: "com.system76.CosmicPanelAppButton"\x1b[0m
[2m1970-01-01T00:00:30.487662Z[0m [33m WARN[0m [1mcosmic-files-applet[0m[2m:[0m [2mcosmic_session[0m[2m:[0m     \x1b[2;3mat\x1b[0m src/mime_app.rs:359 \x1b[2;3mon\x1b[0m main
[2m1970-01-01T00:00:30.488113Z[0m [33m WARN[0m [1mcosmic-files-applet[0m[2m:[0m [2mcosmic_session[0m[2m:[0m 
[2m1970-01-01T00:00:30.488442Z[0m [33m WARN[0m [1mcosmic-files-applet[0m[2m:[0m [2mcosmic_session[0m[2m:[0m   \x1b[32m INFO\x1b[0m  \x1b[32mdetected desktop entry, \x1b[1;32mid\x1b[0m\x1b[32m: "com.system76.CosmicPanelLauncherButton"\x1b[0m
[2m1970-01-01T00:00:30.489016Z[0m [33m WARN[0m [1mcosmic-files-applet[0m[2m:[0m [2mcosmic_session[0m[2m:[0m     \x1b[2;3mat\x1b[0m src/mime_app.rs:359 \x1b[2;3mon\x1b[0m main
[2m1970-01-01T00:00:30.489452Z[0m [33m WARN[0m [1mcosmic-files-applet[0m[2m:[0m [2mcosmic_session[0m[2m:[0m 
[2m1970-01-01T00:00:30.489741Z[0m [33m WARN[0m [1mcosmic-files-applet[0m[2m:[0m [2mcosmic_session[0m[2m:[0m   \x1b[32m INFO\x1b[0m  \x1b[32mdetected desktop entry, \x1b[1;32mid\x1b[0m\x1b[32m: "com.system76.CosmicPanelWorkspacesButton"\x1b[0m
[2m1970-01-01T00:00:30.489999Z[0m [33m WARN[0m [1mcosmic-files-applet[0m[2m:[0m [2mcosmic_session[0m[2m:[0m     \x1b[2;3mat\x1b[0m src/mime_app.rs:359 \x1b[2;3mon\x1b[0m main
[2m1970-01-01T00:00:30.499999Z[0m [33m WARN[0m [1mcosmic-files-applet[0m[2m:[0m [2mcosmic_session[0m[2m:[0m 
[2m1970-01-01T00:00:30.499999Z[0m [33m WARN[0m [1mcosmic-files-applet[0m[2m:[0m [2mcosmic_session[0m[2m:[0m   \x1b[32m INFO\x1b[0m  \x1b[32mdetected desktop entry, \x1b[1;32mid\x1b[0m\x1b[32m: "com.system76.CosmicWorkspaces"\x1b[0m
[2m1970-01-01T00:00:30.499999Z[0m [33m WARN[0m [1mcosmic-files-applet[0m[2m:[0m [2mcosmic_session[0m[2m:[0m     \x1b[2;3mat\x1b[0m src/mime_app.rs:359 \x1b[2;3mon\x1b[0m main
[2m1970-01-01T00:00:30.499999Z[0m [33m WARN[0m [1mcosmic-files-applet[0m[2m:[0m [2mcosmic_session[0m[2m:[0m 
[NET] accept pid=11 sid=2 conn=49 -> fd=281
[NET] accept pid=11 sid=2 conn=52 -> fd=282
[NET] accept pid=11 sid=2 conn=53 -> fd=283
[NET] accept pid=11 sid=2 conn=50 -> fd=284
[NET] accept pid=11 sid=2 conn=51 -> fd=285
[NET] accept pid=11 sid=2 EAGAIN
[2m1970-01-01T00:00:30.672207Z[0m [33m WARN[0m [1mcosmic-app-library[0m[2m:[0m [2mcosmic_session[0m[2m:[0m  INFO  zbus::connection::handshake::common > write_command; command=Auth(Some(External), Some([48]))
[2m1970-01-01T00:00:30.672856Z[0m [33m WARN[0m [1mcosmic-app-library[0m[2m:[0m [2mcosmic_session[0m[2m:[0m  INFO  zbus::connection::handshake::common > write_commands; commands=[Auth(Some(External), Some([48]))] extra_bytes=None
[2m1970-01-01T00:00:30.673452Z[0m [33m WARN[0m [1mcosmic-app-library[0m[2m:[0m [2mcosmic_session[0m[2m:[0m  INFO  zbus::connection::handshake::common > write_command; command=Auth(Some(External), Some([48]))
[2m1970-01-01T00:00:30.673946Z[0m [33m WARN[0m [1mcosmic-app-library[0m[2m:[0m [2mcosmic_session[0m[2m:[0m  INFO  zbus::connection::handshake::common > write_commands; commands=[Auth(Some(External), Some([48]))] extra_bytes=None
[2m1970-01-01T00:00:30.674542Z[0m [33m WARN[0m [1mcosmic-app-library[0m[2m:[0m [2mcosmic_session[0m[2m:[0m  INFO  tracing::span                       > read_command;
[2m1970-01-01T00:00:30.675012Z[0m [33m WARN[0m [1mcosmic-app-library[0m[2m:[0m [2mcosmic_session[0m[2m:[0m  INFO  zbus::connection::handshake::common > read_commands; n_commands=1
[2m1970-01-01T00:00:30.675497Z[0m [33m WARN[0m [1mcosmic-app-library[0m[2m:[0m [2mcosmic_session[0m[2m:[0m  INFO  tracing::span                       > read_command;
[2m1970-01-01T00:00:30.675912Z[0m [33m WARN[0m [1mcosmic-app-library[0m[2m:[0m [2mcosmic_session[0m[2m:[0m  INFO  zbus::connection::handshake::common > read_commands; n_commands=1
[2m1970-01-01T00:00:30.676358Z[0m [33m WARN[0m [1mcosmic-app-library[0m[2m:[0m [2mcosmic_session[0m[2m:[0m  INFO  zbus::connection::handshake::common > write_commands; commands=[NegotiateUnixFD, Begin] extra_bytes=Some([108, 1, 0, 1, 0, 0, 0, 0, 8, 0, 0, 0, 109, 0, 0, 0, 1, 1, 111, 0, 21, 0, 0, 0, 47, 111, 114, 103, 47, 102, 114, 101, 101, 100, 101, 115, 107, 116, 111, 112, 47, 68, 66, 117, 115, 0, 0, 0, 2, 1, 115, 0, 20, 0, 0, 0, 111, 114, 103, 46, 102, 114, 101, 101, 100, 101, 115, 107, 116, 111, 112, 46, 68, 66, 117, 115, 0, 0, 0, 0, 3, 1, 115, 0, 5, 0, 0, 0, 72, 101, 108, 108, 111, 0, 0, 0, 6, 1, 115, 0, 20, 0, 0, 0, 111, 114, 103, 46, 102, 114, 101, 101, 100, 101, 115, 107, 116, 111, 112, 46, 68, 66, 117, 115, 0, 0, 0, 0])
[2m1970-01-01T00:00:30.678035Z[0m [33m WARN[0m [1mcosmic-app-library[0m[2m:[0m [2mcosmic_session[0m[2m:[0m  INFO  zbus::connection::handshake::common > read_commands; n_commands=1
[2m1970-01-01T00:00:30.678465Z[0m [33m WARN[0m [1mcosmic-app-library[0m[2m:[0m [2mcosmic_session[0m[2m:[0m  INFO  zbus::connection::handshake::common > write_commands; commands=[NegotiateUnixFD, Begin] extra_bytes=Some([108, 1, 0, 1, 0, 0, 0, 0, 9, 0, 0, 0, 109, 0, 0, 0, 1, 1, 111, 0, 21, 0, 0, 0, 47, 111, 114, 103, 47, 102, 114, 101, 101, 100, 101, 115, 107, 116, 111, 112, 47, 68, 66, 117, 115, 0, 0, 0, 2, 1, 115, 0, 20, 0, 0, 0, 111, 114, 103, 46, 102, 114, 101, 101, 100, 101, 115, 107, 116, 111, 112, 46, 68, 66, 117, 115, 0, 0, 0, 0, 3, 1, 115, 0, 5, 0, 0, 0, 72, 101, 108, 108, 111, 0, 0, 0, 6, 1, 115, 0, 20, 0, 0, 0, 111, 114, 103, 46, 102, 114, 101, 101, 100, 101, 115, 107, 116, 111, 112, 46, 68, 66, 117, 115, 0, 0, 0, 0])
[2m1970-01-01T00:00:30.679999Z[0m [33m WARN[0m [1mcosmic-app-library[0m[2m:[0m [2mcosmic_session[0m[2m:[0m  INFO  zbus::connection::handshake::common > read_commands; n_commands=1
[2m1970-01-01T00:00:30.682983Z[0m [33m WARN[0m [1mcosmic-launcher[0m[2m:[0m [2mcosmic_session[0m[2m:[0m xkbcommon: ERROR: couldn't find a Compose file for locale "C" (mapped to "C")
[2m1970-01-01T00:00:30.683501Z[0m [33m WARN[0m [1mcosmic-launcher[0m[2m:[0m [2mcosmic_session[0m[2m:[0m xkbcommon: ERROR: couldn't find a Compose file for locale "C" (mapped to "C")
[2m1970-01-01T00:00:30.769999Z[0m [33m WARN[0m [1mcosmic-files-applet[0m[2m:[0m [2mcosmic_session[0m[2m:[0m   \x1b[32m INFO\x1b[0m  \x1b[32mloaded mime app cache in 329.571314ms\x1b[0m
[2m1970-01-01T00:00:30.769999Z[0m [33m WARN[0m [1mcosmic-files-applet[0m[2m:[0m [2mcosmic_session[0m[2m:[0m     \x1b[2;3mat\x1b[0m src/mime_app.rs:501 \x1b[2;3mon\x1b[0m main
[2m1970-01-01T00:00:30.769999Z[0m [33m WARN[0m [1mcosmic-files-applet[0m[2m:[0m [2mcosmic_session[0m[2m:[0m 
[2m1970-01-01T00:00:30.873295Z[0m [33m WARN[0m [1mcosmic-app-library[0m[2m:[0m [2mcosmic_session[0m[2m:[0m  INFO  iced_winit::platform_specific::wayland::event_loop > SCTK setup complete.
[2m1970-01-01T00:00:30.910627Z[0m [33m WARN[0m [1mcosmic-panel[0m[2m:[0m [2mcosmic_session::notifications[0m[2m:[0m xkbcommon: ERROR: couldn't find a Compose file for locale "C" (mapped to "C")
[2m1970-01-01T00:00:30.995925Z[0m [33m WARN[0m [1mcosmic-app-library[0m[2m:[0m [2mcosmic_session[0m[2m:[0m xkbcommon: ERROR: couldn't find a Compose file for locale "C" (mapped to "C")
[2m1970-01-01T00:00:31.001727Z[0m [33m WARN[0m [1mcosmic-app-library[0m[2m:[0m [2mcosmic_session[0m[2m:[0m xkbcommon: ERROR: couldn't find a Compose file for locale "C" (mapped to "C")
[2m1970-01-01T00:00:31.046086Z[0m [32m INFO[0m [1mcosmic-panel[0m[2m:[0m [2mcosmic_session::notifications[0m[2m:[0m \x1b[2m1970-01-01T00:00:31.044501Z\x1b[0m \x1b[32m INFO\x1b[0m \x1b[1mnew\x1b[0m\x1b[1m{\x1b[0m\x1b[3mname\x1b[0m\x1b[2m=\x1b[0m"HDMI-A-1" \x1b[3mphysical\x1b[0m\x1b[2m=\x1b[0mPhysicalProperties { size: Size<smithay::utils::geometry::Raw> { w: 320, h: 200 }, subpixel: Unknown, make: "Unknown", model: "Unknown", serial_number: "Unknown" }\x1b[1m}\x1b[0m\x1b[2m:\x1b[0m Creating new Output \x1b[3mname\x1b[0m\x1b[2m=\x1b[0m"HDMI-A-1"
[2m1970-01-01T00:00:31.049999Z[0m [32m INFO[0m [1mcosmic-panel[0m[2m:[0m [2mcosmic_session::notifications[0m[2m:[0m \x1b[2m1970-01-01T00:00:31.049700Z\x1b[0m \x1b[32m INFO\x1b[0m Creating new wl_output \x1b[3moutput\x1b[0m\x1b[2m=\x1b[0m"HDMI-A-1"
[2m1970-01-01T00:00:31.076453Z[0m [32m INFO[0m [1mcosmic-panel[0m[2m:[0m [2mcosmic_session::notifications[0m[2m:[0m \x1b[2m1970-01-01T00:00:31.062956Z\x1b[0m \x1b[32m INFO\x1b[0m Spawning applets
[2m1970-01-01T00:00:31.076757Z[0m [33m WARN[0m [1mcosmic-app-library[0m[2m:[0m [2mcosmic_session[0m[2m:[0m  INFO  iced_winit::platform_specific::wayland::event_loop::state > Failed to find surface for blur action
[2m1970-01-01T00:00:31.077723Z[0m [32m INFO[0m [1mcosmic-panel[0m[2m:[0m [2mcosmic_session::notifications[0m[2m:[0m \x1b[2m1970-01-01T00:00:31.067916Z\x1b[0m \x1b[32m INFO\x1b[0m [(PanelClient { name: "com.system76.CosmicPanelWorkspacesButton", path: None, client: Some(Client { id: InnerClientId { ptr: 0x48261dd0, alive: true }, data: ClientData { .. } }), stream: Some(UnixStream { fd: FileDesc(OwnedFd { fd: 264 }) }), security_ctx: None, exec: None, minimize_priority: None, requests_wayland_display: None, is_notification_applet: None, shrink_priority: None, shrink_min_size: None, padding_shrinkable: false, auto_popup_hover_press: None }, Mutex { data: "<locked>", poisoned: false, .. }, WingStart), (PanelClient { name: "com.system76.CosmicPanelAppButton", path: None, client: Some(Client { id: InnerClientId { ptr: 0x92b2a3d0, alive: true }, data: ClientData { .. } }), stream: Some(UnixStream { fd: FileDesc(OwnedFd { fd: 267 }) }), security_ctx: None, exec: None, minimize_priority: None, requests_wayland_display: None, is_notification_applet: None, shrink_priority: None, shrink_min_size: None, padding_shrinkable: false, auto_popup_hover_press: None }, Mutex { data: "<locked>", poisoned: false, .. }, WingStart), (PanelClient { name: "com.system76.CosmicAppletTime", path: None, client: Some(Client { id: InnerClientId { ptr: 0x92b2a5b0, alive: true }, data: ClientData { .. } }), stream: Some(UnixStream { fd: FileDesc(OwnedFd { fd: 270 }) }), security_ctx: None, exec: None, minimize_priority: None, requests_wayland_display: None, is_notification_applet: None, shrink_priority: None, shrink_min_size: None, padding_shrinkable: false, auto_popup_hover_press: None }, Mutex { data: "<locked>", poisoned: false, .. }, Center), (PanelClient { name: "com.system76.CosmicAppletInputSources", path: None, client: Some(Client { id: InnerClientId { ptr: 0x92b2a6a0, alive: true }, data: ClientData { .. } }), stream: Some(UnixStream { fd: FileDesc(OwnedFd { fd: 273 }) }), security_ctx: None, exec: None, minimize_priority: None, requests_wayland_display: None, is_notification_applet: None, shrink_priority: None, shrink_min_size: None, padding_shrinkable: false, auto_popup_hover_press: None }, Mutex { data: "<locked>", poisoned: false, .. }, WingEnd), (PanelClient { name: "com.system76.CosmicAppletA11y", path: None, client: Some(Client { id: InnerClientId { ptr: 0x92b2abb0, alive: true }, data: ClientData { .. } }), stream: Some(UnixStream { fd: FileDesc(OwnedFd { fd: 276 }) }), security_ctx: None, exec: None, minimize_priority: None, requests_wayland_display: None, is_notification_applet: None, shrink_priority: None, shrink_min_size: None, padding_shrinkable: false, auto_popup_hover_press: None }, Mutex { data: "<locked>", poisoned: false, .. }, WingEnd), (PanelClient { name: "com.system76.CosmicAppletStatusArea", path: None, client: Some(Client { id: InnerClientId { ptr: 0x92b2aca0, alive: true }, data: ClientData { .. } }), stream: Some(UnixStream { fd: FileDesc(OwnedFd { fd: 279 }) }), security_ctx: None, exec: None, minimize_priority: None, requests_wayland_display: None, is_notification_applet: None, shrink_priority: None, shrink_min_size: None, padding_shrinkable: false, auto_popup_hover_press: None }, Mutex { data: "<locked>", poisoned: false, .. }, WingEnd), (PanelClient { name: "com.system76.CosmicAppletTiling", path: None, client: Some(Client { id: InnerClientId { ptr: 0x92b2ad90, alive: true }, data: ClientData { .. } }), stream: Some(UnixStream { fd: FileDesc(OwnedFd { fd: 282 }) }), security_ctx: None, exec: None, minimize_priority: None, requests_wayland_display: None, is_notification_applet: None, shrink_priority: None, shrink_min_size: None, padding_shrinkable: false, auto_popup_hover_press: None }, Mutex { data: "<locked>", poisoned: false, .. }, WingEnd), (PanelClient { name: "com.system76.CosmicAppletAudio", path: None, client: Some(Client { id: InnerClientId { ptr: 0x92b2ae80, alive: true }, data: ClientData { .. } }), stream: Some(UnixStream { fd: FileDesc(OwnedFd { fd: 285 }) }), security_ctx: None, exec: None, minimize_priority: None, requests_wayland_display: None, is_notification_applet: None, shrink_priority: None, shrink_min_size: None, padding_shrinkable: false, auto_popup_hover_press: None }, Mutex { data: "<locked>", poisoned: false, .. }, WingEnd), (PanelClient { name: "com.system76.CosmicAppletBluetooth", path: None, client: Some(Client { id: InnerClientId { ptr: 0x92b2b780, alive: true }, data: ClientData { .. } }), stream: Some(UnixStream { fd: FileDesc(OwnedFd { fd: 288 }) }), security_ctx: None, exec: None, minimize_priority: None, requests_wayland_display: None, is_notification_applet: None, shrink_priority: None, shrink_min_size: None, padding_shrinkable: false, auto_popup_hover_press: None }, Mutex { data: "<locked>", poisoned: false, .. }, WingEnd), (PanelClient { name: "com.system76.CosmicAppletNetwork", path: None, client: Some(Client { id: InnerClientId { ptr: 0x92b2b870, alive: true }, data: ClientData { .. } }), stream: Some(UnixStream { fd: FileDesc(OwnedFd { fd: 291 }) }), security_ctx: None, exec: None, minimize_priority: None, requests_wayland_display: None, is_notification_applet: None, shrink_priority: None, shrink_min_size: None, padding_shrinkable: false, auto_popup_hover_press: None }, Mutex { data: "<locked>", poisoned: false, .. }, WingEnd), (PanelClient { name: "com.system76.CosmicAppletBattery", path: None, client: Some(Client { id: InnerClientId { ptr: 0x92b2b960, alive: true }, data: ClientData { .. } }), stream: Some(UnixStream { fd: FileDesc(OwnedFd { fd: 294 }) }), security_ctx: None, exec: None, minimize_priority: None, requests_wayland_display: None, is_notification_applet: None, shrink_priority: None, shrink_min_size: None, padding_shrinkable: false, auto_popup_hover_press: None }, Mutex { data: "<locked>", poisoned: false, .. }, WingEnd), (PanelClient { name: "com.system76.CosmicAppletNotifications", path: None, client: Some(Client { id: InnerClientId { ptr: 0x92b2ba50, alive: true }, data: ClientData { .. } }), stream: Some(UnixStream { fd: FileDesc(OwnedFd { fd: 297 }) }), security_ctx: None, exec: None, minimize_priority: None, requests_wayland_display: None, is_notification_applet: None, shrink_priority: None, shrink_min_size: None, padding_shrinkable: false, auto_popup_hover_press: None }, Mutex { data: "<locked>", poisoned: false, .. }, WingEnd), (PanelClient { name: "com.system76.CosmicAppletPower", path: None, client: Some(Client { id: InnerClientId { ptr: 0x93f26fc0, alive: true }, data: ClientData { .. } }), stream: Some(UnixStream { fd: FileDesc(OwnedFd { fd: 300 }) }), security_ctx: None, exec: None, minimize_priority: None, requests_wayland_display: None, is_notification_applet: None, shrink_priority: None, shrink_min_size: None, padding_shrinkable: false, auto_popup_hover_press: None }, Mutex { data: "<locked>", poisoned: false, .. }, WingEnd)]
[2m1970-01-01T00:00:31.093199Z[0m [33m WARN[0m [1mcosmic-idle[0m[2m:[0m [2mcosmic_session[0m[2m:[0m [1970-01-01T00:00:31Z INFO  tracing::span] read_socket;
[2m1970-01-01T00:00:31.093434Z[0m [33m WARN[0m [1mcosmic-idle[0m[2m:[0m [2mcosmic_session[0m[2m:[0m [1970-01-01T00:00:31Z INFO  tracing::span] read_socket;
[NET] connect pid=25 fd=270 conn=67 sid=2 path
[NET] accept pid=11 sid=2 conn=67 -> fd=286
[NET] accept pid=11 sid=2 EAGAIN
[2m1970-01-01T00:00:31.138150Z[0m [33m WARN[0m [1mcosmic-app-library[0m[2m:[0m [2mcosmic_session[0m[2m:[0m  INFO  zbus::connection                                          > start_object_server; started_event=None
[2m1970-01-01T00:00:31.138607Z[0m [33m WARN[0m [1mcosmic-app-library[0m[2m:[0m [2mcosmic_session[0m[2m:[0m  INFO  tracing::span                                             > obj_server_task;
[2m1970-01-01T00:00:31.138947Z[0m [33m WARN[0m [1mcosmic-app-library[0m[2m:[0m [2mcosmic_session[0m[2m:[0m  INFO  zbus::proxy                                               > {}; task_name="org.freedesktop.portal.Settings proxy caching"
[2m1970-01-01T00:00:31.141581Z[0m [33m WARN[0m [1mcosmic-idle[0m[2m:[0m [2mcosmic_session[0m[2m:[0m [1970-01-01T00:00:31Z INFO  tracing::span] read_socket;
[2m1970-01-01T00:00:31.145152Z[0m [33m WARN[0m [1mcosmic-idle[0m[2m:[0m [2mcosmic_session[0m[2m:[0m [1970-01-01T00:00:31Z INFO  tracing::span] read_socket;
[2m1970-01-01T00:00:31.180025Z[0m [33m WARN[0m [1mcosmic-idle[0m[2m:[0m [2mcosmic_session[0m[2m:[0m [1970-01-01T00:00:31Z INFO  tracing::span] read_socket;
[NET] connect pid=33 fd=267 conn=68 sid=2 path
[NET] accept pid=11 sid=2 conn=68 -> fd=287
[NET] accept pid=11 sid=2 EAGAIN
[2m1970-01-01T00:00:31.236239Z[0m [32m INFO[0m [1mcosmic-panel[0m[2m:[0m [2mcosmic_session::notifications[0m[2m:[0m \x1b[2m1970-01-01T00:00:31.229572Z\x1b[0m \x1b[32m INFO\x1b[0m \x1b[3mpanel_client.name\x1b[0m\x1b[2m=\x1b[0m"com.system76.CosmicAppletTiling"
[2m1970-01-01T00:00:31.236719Z[0m [33m WARN[0m [1mcosmic-app-library[0m[2m:[0m [2mcosmic_session[0m[2m:[0m  INFO  zbus::connection::handshake::common                       > write_command; command=Auth(Some(External), Some([48]))
[2m1970-01-01T00:00:31.237135Z[0m [33m WARN[0m [1mcosmic-app-library[0m[2m:[0m [2mcosmic_session[0m[2m:[0m  INFO  zbus::connection::handshake::common                       > write_commands; commands=[Auth(Some(External), Some([48]))] extra_bytes=None
[2m1970-01-01T00:00:31.237504Z[0m [33m WARN[0m [1mcosmic-app-library[0m[2m:[0m [2mcosmic_session[0m[2m:[0m  INFO  tracing::span                                             > read_command;
[2m1970-01-01T00:00:31.237818Z[0m [33m WARN[0m [1mcosmic-app-library[0m[2m:[0m [2mcosmic_session[0m[2m:[0m  INFO  zbus::connection::handshake::common                       > read_commands; n_commands=1
[2m1970-01-01T00:00:31.238184Z[0m [33m WARN[0m [1mcosmic-idle[0m[2m:[0m [2mcosmic_session[0m[2m:[0m [1970-01-01T00:00:31Z INFO  tracing::span] read_socket;
[2m1970-01-01T00:00:31.238455Z[0m [33m WARN[0m [1mcosmic-idle[0m[2m:[0m [2mcosmic_session[0m[2m:[0m [1970-01-01T00:00:31Z INFO  zbus::connection] monitor_name_lost; name=org.freedesktop.ScreenSaver
[2m1970-01-01T00:00:31.238731Z[0m [33m WARN[0m [1mcosmic-idle[0m[2m:[0m [2mcosmic_session[0m[2m:[0m [1970-01-01T00:00:31Z INFO  tracing::span] read_socket;
[2m1970-01-01T00:00:31.246043Z[0m [32m INFO[0m [1mcosmic-panel[0m[2m:[0m [2mcosmic_session::notifications[0m[2m:[0m \x1b[2m1970-01-01T00:00:31.244111Z\x1b[0m \x1b[32m INFO\x1b[0m \x1b[3mpanel_client.name\x1b[0m\x1b[2m=\x1b[0m"com.system76.CosmicAppletTime"
[2m1970-01-01T00:00:31.250594Z[0m [32m INFO[0m [1mcosmic-panel[0m[2m:[0m [2mcosmic_session::notifications[0m[2m:[0m \x1b[2m1970-01-01T00:00:31.248481Z\x1b[0m \x1b[32m INFO\x1b[0m \x1b[3mpanel_client.name\x1b[0m\x1b[2m=\x1b[0m"com.system76.CosmicPanelAppButton"
[2m1970-01-01T00:00:31.251401Z[0m [33m WARN[0m [1mcosmic-app-library[0m[2m:[0m [2mcosmic_session[0m[2m:[0m  INFO  zbus::connection::handshake::common                       > write_commands; commands=[NegotiateUnixFD, Begin] extra_bytes=Some([108, 1, 0, 1, 0, 0, 0, 0, 13, 0, 0, 0, 109, 0, 0, 0, 1, 1, 111, 0, 21, 0, 0, 0, 47, 111, 114, 103, 47, 102, 114, 101, 101, 100, 101, 115, 107, 116, 111, 112, 47, 68, 66, 117, 115, 0, 0, 0, 2, 1, 115, 0, 20, 0, 0, 0, 111, 114, 103, 46, 102, 114, 101, 101, 100, 101, 115, 107, 116, 111, 112, 46, 68, 66, 117, 115, 0, 0, 0, 0, 3, 1, 115, 0, 5, 0, 0, 0, 72, 101, 108, 108, 111, 0, 0, 0, 6, 1, 115, 0, 20, 0, 0, 0, 111, 114, 103, 46, 102, 114, 101, 101, 100, 101, 115, 107, 116, 111, 112, 46, 68, 66, 117, 115, 0, 0, 0, 0])
[2m1970-01-01T00:00:31.253278Z[0m [33m WARN[0m [1mcosmic-app-library[0m[2m:[0m [2mcosmic_session[0m[2m:[0m  INFO  zbus::connection::handshake::common                       > read_commands; n_commands=1
[2m1970-01-01T00:00:31.254335Z[0m [33m WARN[0m [2mbusd::peers[0m[2m:[0m unknown destination: org.freedesktop.UPower
[2m1970-01-01T00:00:31.256474Z[0m [32m INFO[0m [1mcosmic-panel[0m[2m:[0m [2mcosmic_session::notifications[0m[2m:[0m \x1b[2m1970-01-01T00:00:31.255080Z\x1b[0m \x1b[32m INFO\x1b[0m \x1b[3mpanel_client.name\x1b[0m\x1b[2m=\x1b[0m"com.system76.CosmicPanelWorkspacesButton"
[2m1970-01-01T00:00:31.257244Z[0m [33m WARN[0m [1mcosmic-idle[0m[2m:[0m [2mcosmic_session[0m[2m:[0m [1970-01-01T00:00:31Z INFO  tracing::span] read_socket;
[2m1970-01-01T00:00:31.264702Z[0m [33m WARN[0m [1mcosmic-idle[0m[2m:[0m [2mcosmic_session[0m[2m:[0m [1970-01-01T00:00:31Z INFO  tracing::span] read_socket;
[2m1970-01-01T00:00:31.271492Z[0m [33m WARN[0m [1mcosmic-app-library[0m[2m:[0m [2mcosmic_session[0m[2m:[0m  INFO  zbus::proxy                                               > {}; task_name="org.a11y.Status proxy caching"
[2m1970-01-01T00:00:31.291795Z[0m [33m WARN[0m [1mcosmic-idle[0m[2m:[0m [2mcosmic_session[0m[2m:[0m [1970-01-01T00:00:31Z INFO  tracing::span] read_socket;
[2m1970-01-01T00:00:31.331788Z[0m [33m WARN[0m [1mcosmic-app-library[0m[2m:[0m [2mcosmic_session[0m[2m:[0m  INFO  zbus::connection                                          > monitor_name_lost; name=com.system76.CosmicAppLibrary
[2m1970-01-01T00:00:31.343504Z[0m [33m WARN[0m [1mcosmic-idle[0m[2m:[0m [2mcosmic_session[0m[2m:[0m [1970-01-01T00:00:31Z INFO  tracing::span] read_socket;
[2m1970-01-01T00:00:31.344224Z[0m [33m WARN[0m [1mcosmic-idle[0m[2m:[0m [2mcosmic_session[0m[2m:[0m [1970-01-01T00:00:31Z INFO  tracing::span] read_socket;
[2m1970-01-01T00:00:31.344521Z[0m [33m WARN[0m [1mcosmic-idle[0m[2m:[0m [2mcosmic_session[0m[2m:[0m [1970-01-01T00:00:31Z INFO  tracing::span] read_socket;
[2m1970-01-01T00:00:31.346712Z[0m [33m WARN[0m [1mcosmic-idle[0m[2m:[0m [2mcosmic_session[0m[2m:[0m [1970-01-01T00:00:31Z INFO  tracing::span] read_socket;
[2m1970-01-01T00:00:31.360612Z[0m [32m INFO[0m [1mcosmic-launcher[0m[2m:[0m [2mcosmic_session[0m[2m:[0m 1970-01-01T00:00:31.355813Z ERROR pop-launcher failed to start: No such file or directory (os error 2)
[NET] connect pid=29 fd=304 conn=69 sid=5 abstract
[2m1970-01-01T00:00:31.400365Z[0m [32m INFO[0m [1mcosmic-panel[0m[2m:[0m [2mcosmic_session::notifications[0m[2m:[0m \x1b[2m1970-01-01T00:00:31.398681Z\x1b[0m \x1b[32m INFO\x1b[0m Starting: cosmic-applet-tiling
[NET] connect pid=25 fd=271 conn=76 sid=2 path
[NET] fork 29->106 pending fd=304 conn=69 COPIED
[2m1970-01-01T00:00:31.439120Z[0m [32m INFO[0m [1mcosmic-panel[0m[2m:[0m [2mcosmic_session::notifications[0m[2m:[0m \x1b[2m1970-01-01T00:00:31.403306Z\x1b[0m \x1b[32m INFO\x1b[0m Starting: /bin/leandros-applet
[2m1970-01-01T00:00:31.439597Z[0m [32m INFO[0m [1mcosmic-panel[0m[2m:[0m [2mcosmic_session::notifications[0m[2m:[0m \x1b[2m1970-01-01T00:00:31.404080Z\x1b[0m \x1b[32m INFO\x1b[0m Starting: cosmic-panel-button
[2m1970-01-01T00:00:31.439999Z[0m [32m INFO[0m [1mcosmic-panel[0m[2m:[0m [2mcosmic_session::notifications[0m[2m:[0m \x1b[2m1970-01-01T00:00:31.404209Z\x1b[0m \x1b[32m INFO\x1b[0m Starting: cosmic-panel-button
[2m1970-01-01T00:00:31.439999Z[0m [32m INFO[0m [1mcosmic-panel[0m[2m:[0m [2mcosmic_session::notifications[0m[2m:[0m \x1b[2m1970-01-01T00:00:31.404330Z\x1b[0m \x1b[32m INFO\x1b[0m Done spawning applets
[2m1970-01-01T00:00:31.439999Z[0m [32m INFO[0m [1mcosmic-panel[0m[2m:[0m [2mcosmic_session::notifications[0m[2m:[0m \x1b[2m1970-01-01T00:00:31.405071Z\x1b[0m \x1b[32m INFO\x1b[0m Spawning applets
[2m1970-01-01T00:00:31.439999Z[0m [32m INFO[0m [1mcosmic-panel[0m[2m:[0m [2mcosmic_session::notifications[0m[2m:[0m \x1b[2m1970-01-01T00:00:31.405797Z\x1b[0m \x1b[32m INFO\x1b[0m [(PanelClient { name: "com.system76.CosmicPanelLauncherButton", path: None, client: Some(Client { id: InnerClientId { ptr: 0x93f271a0, alive: true }, data: ClientData { .. } }), stream: Some(UnixStream { fd: FileDesc(OwnedFd { fd: 305 }) }), security_ctx: None, exec: None, minimize_priority: None, requests_wayland_display: None, is_notification_applet: None, shrink_priority: None, shrink_min_size: None, padding_shrinkable: false, auto_popup_hover_press: None }, Mutex { data: "<locked>", poisoned: false, .. }, Center), (PanelClient { name: "com.system76.CosmicPanelWorkspacesButton", path: None, client: Some(Client { id: InnerClientId { ptr: 0x93f27380, alive: true }, data: ClientData { .. } }), stream: Some(UnixStream { fd: FileDesc(OwnedFd { fd: 308 }) }), security_ctx: None, exec: None, minimize_priority: None, requests_wayland_display: None, is_notification_applet: None, shrink_priority: None, shrink_min_size: None, padding_shrinkable: false, auto_popup_hover_press: None }, Mutex { data: "<locked>", poisoned: false, .. }, Center), (PanelClient { name: "com.system76.CosmicPanelAppButton", path: None, client: Some(Client { id: InnerClientId { ptr: 0x93f27560, alive: true }, data: ClientData { .. } }), stream: Some(UnixStream { fd: FileDesc(OwnedFd { fd: 311 }) }), security_ctx: None, exec: None, minimize_priority: None, requests_wayland_display: None, is_notification_applet: None, shrink_priority: None, shrink_min_size: None, padding_shrinkable: false, auto_popup_hover_press: None }, Mutex { data: "<locked>", poisoned: false, .. }, Center), (PanelClient { name: "com.system76.CosmicAppList", path: None, client: Some(Client { id: InnerClientId { ptr: 0x97987020, alive: true }, data: ClientData { .. } }), stream: Some(UnixStream { fd: FileDesc(OwnedFd { fd: 314 }) }), security_ctx: None, exec: None, minimize_priority: None, requests_wayland_display: None, is_notification_applet: None, shrink_priority: None, shrink_min_size: None, padding_shrinkable: false, auto_popup_hover_press: None }, Mutex { data: "<locked>", poisoned: false, .. }, Center), (PanelClient { name: "com.system76.CosmicAppletMinimize", path: None, client: Some(Client { id: InnerClientId { ptr: 0x97987110, alive: true }, data: ClientData { .. } }), stream: Some(UnixStream { fd: FileDesc(OwnedFd { fd: 317 }) }), security_ctx: None, exec: None, minimize_priority: None, requests_wayland_display: None, is_notification_applet: None, shrink_priority: None, shrink_min_size: None, padding_shrinkable: false, auto_popup_hover_press: None }, Mutex { data: "<locked>", poisoned: false, .. }, Center)]
[NET] connect pid=29 fd=321 conn=75 sid=6 abstract
[NET] accept pid=16 sid=5 conn=69 -> fd=275
[NET] accept pid=16 sid=5 EAGAIN
[NET] accept pid=16 sid=6 conn=75 -> fd=261
[NET] accept pid=16 sid=6 EAGAIN
[NET] accept pid=11 sid=2 conn=76 -> fd=288
[NET] accept pid=11 sid=2 EAGAIN
[2m1970-01-01T00:00:31.675097Z[0m [33m WARN[0m [2mbusd::peers[0m[2m:[0m unknown destination: org.freedesktop.portal.Desktop
[2m1970-01-01T00:00:31.688787Z[0m [33m WARN[0m [2mbusd::peers[0m[2m:[0m unknown destination: org.freedesktop.portal.Desktop
[NET] connect pid=36 fd=263 conn=77 sid=2 path
[NET] accept pid=11 sid=2 conn=77 -> fd=289
[NET] accept pid=11 sid=2 EAGAIN
[2m1970-01-01T00:00:31.887225Z[0m [32m INFO[0m [1mcosmic-panel[0m[2m:[0m [2mcosmic_session::notifications[0m[2m:[0m \x1b[2m1970-01-01T00:00:31.519877Z\x1b[0m \x1b[32m INFO\x1b[0m \x1b[3mpanel_client.name\x1b[0m\x1b[2m=\x1b[0m"com.system76.CosmicAppletMinimize"
[2m1970-01-01T00:00:31.887824Z[0m [32m INFO[0m [1mcosmic-panel[0m[2m:[0m [2mcosmic_session::notifications[0m[2m:[0m \x1b[2m1970-01-01T00:00:31.519999Z\x1b[0m \x1b[32m INFO\x1b[0m \x1b[3mpanel_client.name\x1b[0m\x1b[2m=\x1b[0m"com.system76.CosmicPanelAppButton"
[2m1970-01-01T00:00:31.888369Z[0m [32m INFO[0m [1mcosmic-panel[0m[2m:[0m [2mcosmic_session::notifications[0m[2m:[0m \x1b[2m1970-01-01T00:00:31.519999Z\x1b[0m \x1b[32m INFO\x1b[0m \x1b[3mpanel_client.name\x1b[0m\x1b[2m=\x1b[0m"com.system76.CosmicPanelLauncherButton"
[2m1970-01-01T00:00:31.888924Z[0m [32m INFO[0m [1mcosmic-panel[0m[2m:[0m [2mcosmic_session::notifications[0m[2m:[0m \x1b[2m1970-01-01T00:00:31.519999Z\x1b[0m \x1b[32m INFO\x1b[0m \x1b[3mpanel_client.name\x1b[0m\x1b[2m=\x1b[0m"com.system76.CosmicPanelWorkspacesButton"
[2m1970-01-01T00:00:31.889484Z[0m [32m INFO[0m [1mcosmic-panel[0m[2m:[0m [2mcosmic_session::notifications[0m[2m:[0m \x1b[2m1970-01-01T00:00:31.519999Z\x1b[0m \x1b[32m INFO\x1b[0m Starting: cosmic-applet-minimize
[2m1970-01-01T00:00:31.889864Z[0m [32m INFO[0m [1mcosmic-panel[0m[2m:[0m [2mcosmic_session::notifications[0m[2m:[0m \x1b[2m1970-01-01T00:00:31.519999Z\x1b[0m \x1b[32m INFO\x1b[0m Starting: cosmic-panel-button
[2m1970-01-01T00:00:31.889999Z[0m [32m INFO[0m [1mcosmic-panel[0m[2m:[0m [2mcosmic_session::notifications[0m[2m:[0m \x1b[2m1970-01-01T00:00:31.519999Z\x1b[0m \x1b[32m INFO\x1b[0m Starting: cosmic-panel-button
[2m1970-01-01T00:00:31.890131Z[0m [32m INFO[0m [1mcosmic-panel[0m[2m:[0m [2mcosmic_session::notifications[0m[2m:[0m \x1b[2m1970-01-01T00:00:31.519999Z\x1b[0m \x1b[32m INFO\x1b[0m Starting: cosmic-panel-button
[2m1970-01-01T00:00:31.890512Z[0m [32m INFO[0m [1mcosmic-panel[0m[2m:[0m [2mcosmic_session::notifications[0m[2m:[0m \x1b[2m1970-01-01T00:00:31.519999Z\x1b[0m \x1b[32m INFO\x1b[0m Done spawning applets
[2m1970-01-01T00:00:31.890905Z[0m [32m INFO[0m [1mcosmic-panel[0m[2m:[0m [2mcosmic_session::notifications[0m[2m:[0m \x1b[2m1970-01-01T00:00:31.519999Z\x1b[0m \x1b[32m INFO\x1b[0m Waiting for configure event
[2m1970-01-01T00:00:31.891310Z[0m [32m INFO[0m [1mcosmic-panel[0m[2m:[0m [2mcosmic_session::notifications[0m[2m:[0m \x1b[2m1970-01-01T00:00:31.519999Z\x1b[0m \x1b[32m INFO\x1b[0m Waiting for configure event
[2m1970-01-01T00:00:31.891674Z[0m [32m INFO[0m [1mcosmic-panel[0m[2m:[0m [2mcosmic_session::notifications[0m[2m:[0m \x1b[2m1970-01-01T00:00:31.519999Z\x1b[0m \x1b[32m INFO\x1b[0m Waiting for configure event
[2m1970-01-01T00:00:31.892051Z[0m [32m INFO[0m [1mcosmic-panel[0m[2m:[0m [2mcosmic_session::notifications[0m[2m:[0m \x1b[2m1970-01-01T00:00:31.519999Z\x1b[0m \x1b[32m INFO\x1b[0m Waiting for configure event
[2m1970-01-01T00:00:31.892449Z[0m [33m WARN[0m [1mcosmic-app-library[0m[2m:[0m [2mcosmic_session[0m[2m:[0m  WARN  zbus::proxy                                               > Failed to populate properties cache via GetAll: org.freedesktop.DBus.Error.ServiceUnknown: The name org.freedesktop.portal.Desktop was not provided by any .service files. Property change streams will not produce values.
[2m1970-01-01T00:00:31.893147Z[0m [33m WARN[0m [1mcosmic-app-library[0m[2m:[0m [2mcosmic_session[0m[2m:[0m  ERROR cosmic::theme::portal                                     > Failed to get the color scheme Portal(ZBus(MethodError(OwnedErrorName("org.freedesktop.DBus.Error.ServiceUnknown"), Some("The name org.freedesktop.portal.Desktop was not provided by any .service files"), Msg { type: Error, serial: 190, sender: UniqueName("org.freedesktop.DBus"), reply-serial: 20, body: Str, fds: [] })))
[2m1970-01-01T00:00:31.894041Z[0m [33m WARN[0m [1mcosmic-workspaces[0m[2m:[0m [2mcosmic_session[0m[2m:[0m [1970-01-01T00:00:31Z ERROR cosmic_workspaces] Failed to load compositor config: [GetKey("workspaces", Os { code: 2, kind: NotFound, message: "No such file or directory" }), GetKey("pinned_workspaces", Os { code: 2, kind: NotFound, message: "No such file or directory" }), GetKey("input_default", Os { code: 2, kind: NotFound, message: "No such file or directory" }), GetKey("input_touchpad_override", Os { code: 2, kind: NotFound, message: "No such file or directory" }), GetKey("input_devices", Os { code: 2, kind: NotFound, message: "No such file or directory" }), GetKey("xkb_config", Os { code: 2, kind: NotFound, message: "No such file or directory" }), GetKey("keyboard_config", Os { code: 2, kind: NotFound, message: "No such file or directory" }), GetKey("autotile", Os { code: 2, kind: NotFound, message: "No such file or directory" }), GetKey("autotile_behavior", Os { code: 2, kind: NotFound, message: "No such file or directory" }), GetKey("active_hint", Os { code: 2, kind: NotFound, message: "No such file or directory" }), GetKey("focus_follows_cursor", Os { code: 2, kind: NotFound, message: "No such file or directory" }), GetKey("cursor_follows_focus", Os { code: 2, kind: NotFound, message: "No such file or directory" }), GetKey("focus_follows_cursor_delay", Os { code: 2, kind: NotFound, message: "No such file or directory" }), GetKey("descale_xwayland", Os { code: 2, kind: NotFound, message: "No such file or directory" }), GetKey("xwayland_eavesdropping", Os { code: 2, kind: NotFound, message: "No such file or directory" }), GetKey("edge_snap_threshold", Os { code: 2, kind: NotFound, message: "No such file or directory" }), GetKey("accessibility_zoom", Os { code: 2, kind: NotFound, message: "No such file or directory" }), GetKey("appearance_settings", Os { code: 2, kind: NotFound, message: "No such file or directory" }), GetKey("cursor_hide_timeout", Os { code: 2, kind: NotFound, message: "No such file or directory" }), GetKey("activation_policy", Os { code: 2, kind: NotFound, message: "No such file or directory" })]
[NET] connect pid=37 fd=263 conn=78 sid=2 path
[NET] accept pid=11 sid=2 conn=78 -> fd=290
[NET] accept pid=11 sid=2 EAGAIN
[NET] connect pid=35 fd=267 conn=79 sid=2 path
[NET] accept pid=11 sid=2 conn=79 -> fd=291
[NET] accept pid=11 sid=2 EAGAIN
[2m1970-01-01T00:00:32.349174Z[0m [33m WARN[0m [1mcosmic-workspaces[0m[2m:[0m [2mcosmic_session[0m[2m:[0m [1970-01-01T00:00:31Z INFO  zbus::connection::handshake::common] write_command; command=Auth(Some(External), Some([48]))
[2m1970-01-01T00:00:32.349705Z[0m [33m WARN[0m [1mcosmic-workspaces[0m[2m:[0m [2mcosmic_session[0m[2m:[0m [1970-01-01T00:00:31Z INFO  zbus::connection::handshake::common] write_commands; commands=[Auth(Some(External), Some([48]))] extra_bytes=None
[2m1970-01-01T00:00:32.349999Z[0m [33m WARN[0m [1mcosmic-workspaces[0m[2m:[0m [2mcosmic_session[0m[2m:[0m [1970-01-01T00:00:31Z INFO  tracing::span] read_command;
[2m1970-01-01T00:00:32.349999Z[0m [33m WARN[0m [1mcosmic-workspaces[0m[2m:[0m [2mcosmic_session[0m[2m:[0m [1970-01-01T00:00:31Z INFO  zbus::connection::handshake::common] read_commands; n_commands=1
[2m1970-01-01T00:00:32.349999Z[0m [33m WARN[0m [1mcosmic-idle[0m[2m:[0m [2mcosmic_session[0m[2m:[0m [1970-01-01T00:00:31Z INFO  tracing::span] read_socket;
[2m1970-01-01T00:00:32.349999Z[0m [33m WARN[0m [1mcosmic-idle[0m[2m:[0m [2mcosmic_session[0m[2m:[0m [1970-01-01T00:00:31Z INFO  tracing::span] read_socket;
[2m1970-01-01T00:00:32.349999Z[0m [33m WARN[0m [1mcosmic-app-library[0m[2m:[0m [2mcosmic_session[0m[2m:[0m  INFO  iced_winit::platform_specific::wayland::event_loop::state > Failed to find surface for blur action
[2m1970-01-01T00:00:32.349999Z[0m [33m WARN[0m [1mcosmic-osd[0m[2m:[0m [2mcosmic_session[0m[2m:[0m [1970-01-01T00:00:32Z INFO  zbus::connection::handshake::common] write_command; command=Auth(Some(External), Some([48]))
[2m1970-01-01T00:00:32.349999Z[0m [33m WARN[0m [1mcosmic-osd[0m[2m:[0m [2mcosmic_session[0m[2m:[0m [1970-01-01T00:00:32Z INFO  zbus::connection::handshake::common] write_commands; commands=[Auth(Some(External), Some([48]))] extra_bytes=None
[2m1970-01-01T00:00:32.349999Z[0m [33m WARN[0m [1mcosmic-osd[0m[2m:[0m [2mcosmic_session[0m[2m:[0m [1970-01-01T00:00:32Z INFO  tracing::span] read_command;
[2m1970-01-01T00:00:32.349999Z[0m [33m WARN[0m [1mcosmic-osd[0m[2m:[0m [2mcosmic_session[0m[2m:[0m [1970-01-01T00:00:32Z INFO  zbus::connection::handshake::common] read_commands; n_commands=1
[2m1970-01-01T00:00:32.409999Z[0m [33m WARN[0m [1mcosmic-workspaces[0m[2m:[0m [2mcosmic_session[0m[2m:[0m [1970-01-01T00:00:32Z INFO  zbus::connection::handshake::common] write_commands; commands=[NegotiateUnixFD, Begin] extra_bytes=Some([108, 1, 0, 1, 0, 0, 0, 0, 3, 0, 0, 0, 109, 0, 0, 0, 1, 1, 111, 0, 21, 0, 0, 0, 47, 111, 114, 103, 47, 102, 114, 101, 101, 100, 101, 115, 107, 116, 111, 112, 47, 68, 66, 117, 115, 0, 0, 0, 2, 1, 115, 0, 20, 0, 0, 0, 111, 114, 103, 46, 102, 114, 101, 101, 100, 101, 115, 107, 116, 111, 112, 46, 68, 66, 117, 115, 0, 0, 0, 0, 3, 1, 115, 0, 5, 0, 0, 0, 72, 101, 108, 108, 111, 0, 0, 0, 6, 1, 115, 0, 20, 0, 0, 0, 111, 114, 103, 46, 102, 114, 101, 101, 100, 101, 115, 107, 116, 111, 112, 46, 68, 66, 117, 115, 0, 0, 0, 0])
[2m1970-01-01T00:00:32.409999Z[0m [33m WARN[0m [1mcosmic-workspaces[0m[2m:[0m [2mcosmic_session[0m[2m:[0m [1970-01-01T00:00:32Z INFO  zbus::connection::handshake::common] read_commands; n_commands=1
[2m1970-01-01T00:00:32.495541Z[0m [33m WARN[0m [2mbusd::peers[0m[2m:[0m unknown destination: org.freedesktop.portal.Desktop
[2m1970-01-01T00:00:32.496570Z[0m [33m WARN[0m [2mbusd::peers[0m[2m:[0m unknown destination: org.freedesktop.portal.Desktop
[2m1970-01-01T00:00:32.501290Z[0m [33m WARN[0m [1mcosmic-app-library[0m[2m:[0m [2mcosmic_session[0m[2m:[0m  ERROR cosmic::theme::portal                                     > Failed to get the contrast Portal(ZBus(MethodError(OwnedErrorName("org.freedesktop.DBus.Error.ServiceUnknown"), Some("The name org.freedesktop.portal.Desktop was not provided by any .service files"), Msg { type: Error, serial: 193, sender: UniqueName("org.freedesktop.DBus"), reply-serial: 22, body: Str, fds: [] })))
[2m1970-01-01T00:00:32.501781Z[0m [32m INFO[0m [1mcosmic-launcher[0m[2m:[0m [2mcosmic_session[0m[2m:[0m 1970-01-01T00:00:32.498783Z  WARN {}{task_name="org.freedesktop.portal.Settings proxy caching"}: Failed to populate properties cache via GetAll: org.freedesktop.DBus.Error.ServiceUnknown: The name org.freedesktop.portal.Desktop was not provided by any .service files. Property change streams will not produce values.
[2m1970-01-01T00:00:32.531817Z[0m [33m WARN[0m [1mcosmic-osd[0m[2m:[0m [2mcosmic_session[0m[2m:[0m [1970-01-01T00:00:32Z INFO  zbus::connection::handshake::common] write_commands; commands=[NegotiateUnixFD, Begin] extra_bytes=Some([108, 1, 0, 1, 0, 0, 0, 0, 3, 0, 0, 0, 109, 0, 0, 0, 1, 1, 111, 0, 21, 0, 0, 0, 47, 111, 114, 103, 47, 102, 114, 101, 101, 100, 101, 115, 107, 116, 111, 112, 47, 68, 66, 117, 115, 0, 0, 0, 2, 1, 115, 0, 20, 0, 0, 0, 111, 114, 103, 46, 102, 114, 101, 101, 100, 101, 115, 107, 116, 111, 112, 46, 68, 66, 117, 115, 0, 0, 0, 0, 3, 1, 115, 0, 5, 0, 0, 0, 72, 101, 108, 108, 111, 0, 0, 0, 6, 1, 115, 0, 20, 0, 0, 0, 111, 114, 103, 46, 102, 114, 101, 101, 100, 101, 115, 107, 116, 111, 112, 46, 68, 66, 117, 115, 0, 0, 0, 0])
[2m1970-01-01T00:00:32.532711Z[0m [33m WARN[0m [1mcosmic-osd[0m[2m:[0m [2mcosmic_session[0m[2m:[0m [1970-01-01T00:00:32Z INFO  zbus::connection::handshake::common] read_commands; n_commands=1
[2m1970-01-01T00:00:32.539999Z[0m [33m WARN[0m [1mcosmic-app-library[0m[2m:[0m [2mcosmic_session[0m[2m:[0m  INFO  iced_winit::platform_specific::wayland::event_loop::state > Failed to find surface for blur action
[2m1970-01-01T00:00:32.959999Z[0m [33m WARN[0m [1mcosmic-workspaces[0m[2m:[0m [2mcosmic_session[0m[2m:[0m [1970-01-01T00:00:32Z WARN  cosmic_workspaces::backend::wayland] dmabuf feedback not supported, only shm: the 'zwp_linux_dmabuf_v1' global was not available
[2m1970-01-01T00:00:33.194512Z[0m [32m INFO[0m [1mcosmic-panel[0m[2m:[0m [2mcosmic_session::notifications[0m[2m:[0m \x1b[2m1970-01-01T00:00:33.193193Z\x1b[0m \x1b[32m INFO\x1b[0m Scale factor changed 1 for as surface in space "Panel" on HDMI-A-1
[2m1970-01-01T00:00:33.204417Z[0m [33m WARN[0m [2mbusd::peers[0m[2m:[0m unknown destination: org.freedesktop.portal.Desktop
[2m1970-01-01T00:00:33.211738Z[0m [32m INFO[0m [1mcosmic-launcher[0m[2m:[0m [2mcosmic_session[0m[2m:[0m 1970-01-01T00:00:33.209435Z ERROR Failed to get the color scheme Portal(ZBus(MethodError(OwnedErrorName("org.freedesktop.DBus.Error.ServiceUnknown"), Some("The name org.freedesktop.portal.Desktop was not provided by any .service files"), Msg { type: Error, serial: 195, sender: UniqueName("org.freedesktop.DBus"), reply-serial: 16, body: Str, fds: [] })))
[2m1970-01-01T00:00:33.369999Z[0m [33m WARN[0m [1mcosmic-workspaces[0m[2m:[0m [2mcosmic_session[0m[2m:[0m [1970-01-01T00:00:33Z INFO  cosmic_workspaces::backend::wayland] Unable to initialize Vulkan: Error loading shared library libvulkan.so.1: No such file or directory. Assuming now GPU workarounds needed.
[2m1970-01-01T00:00:33.539999Z[0m [33m WARN[0m [1mcosmic-idle[0m[2m:[0m [2mcosmic_session[0m[2m:[0m [1970-01-01T00:00:33Z INFO  tracing::span] read_socket;
[2m1970-01-01T00:00:33.539999Z[0m [33m WARN[0m [1mcosmic-idle[0m[2m:[0m [2mcosmic_session[0m[2m:[0m [1970-01-01T00:00:33Z INFO  tracing::span] read_socket;
[2m1970-01-01T00:00:33.559999Z[0m [33m WARN[0m [1mcosmic-workspaces[0m[2m:[0m [2mcosmic_session[0m[2m:[0m [1970-01-01T00:00:33Z INFO  zbus::connection] start_object_server; started_event=None
[2m1970-01-01T00:00:33.559999Z[0m [33m WARN[0m [1mcosmic-workspaces[0m[2m:[0m [2mcosmic_session[0m[2m:[0m [1970-01-01T00:00:33Z INFO  tracing::span] obj_server_task;
[2m1970-01-01T00:00:33.580917Z[0m [33m WARN[0m [1mcosmic-osd[0m[2m:[0m [2mcosmic_session[0m[2m:[0m [1970-01-01T00:00:33Z INFO  iced_winit] System theme: None
[NET] connect pid=37 fd=264 conn=80 sid=2 path[NET] conne
ct pid=37 fd=265 conn=81 sid=4 path
[NET] accept pid=25 sid=4 conn=81 -> fd=272
[NET] accept pid=25 sid=4 EAGAIN
[2m1970-01-01T00:00:33.613757Z[0m [33m WARN[0m [1mcosmic-osd[0m[2m:[0m [2mcosmic_session[0m[2m:[0m [1970-01-01T00:00:33Z ERROR cosmic_settings_airplane_mode_subscription] Failed to monitor rfkill: No such file or directory (os error 2)
[NET] connect pid=37 fd=266 conn=82 sid=2 path
[NET] connect pid=37 fd=267 conn=83 sid=2 path
[2m1970-01-01T00:00:33.663157Z[0m [33m WARN[0m [1mcosmic-osd[0m[2m:[0m [2mcosmic_session[0m[2m:[0m [1970-01-01T00:00:33Z INFO  zbus::connection::handshake::common] write_command; command=Auth(Some(External), Some([48]))
[2m1970-01-01T00:00:33.663482Z[0m [33m WARN[0m [1mcosmic-osd[0m[2m:[0m [2mcosmic_session[0m[2m:[0m [1970-01-01T00:00:33Z INFO  zbus::connection::handshake::common] write_commands; commands=[Auth(Some(External), Some([48]))] extra_bytes=None
[2m1970-01-01T00:00:33.663785Z[0m [33m WARN[0m [1mcosmic-osd[0m[2m:[0m [2mcosmic_session[0m[2m:[0m [1970-01-01T00:00:33Z INFO  zbus::connection::handshake::common] write_command; command=Auth(Some(External), Some([48]))
[2m1970-01-01T00:00:33.664149Z[0m [33m WARN[0m [1mcosmic-osd[0m[2m:[0m [2mcosmic_session[0m[2m:[0m [1970-01-01T00:00:33Z INFO  zbus::connection::handshake::common] write_commands; commands=[Auth(Some(External), Some([48]))] extra_bytes=None
[2m1970-01-01T00:00:33.664607Z[0m [33m WARN[0m [1mcosmic-osd[0m[2m:[0m [2mcosmic_session[0m[2m:[0m [1970-01-01T00:00:33Z INFO  tracing::span] read_command;
[2m1970-01-01T00:00:33.664938Z[0m [33m WARN[0m [1mcosmic-osd[0m[2m:[0m [2mcosmic_session[0m[2m:[0m [1970-01-01T00:00:33Z INFO  zbus::connection::handshake::common] read_commands; n_commands=1
[2m1970-01-01T00:00:33.665766Z[0m [33m WARN[0m [1mcosmic-osd[0m[2m:[0m [2mcosmic_session[0m[2m:[0m [1970-01-01T00:00:33Z INFO  tracing::span] read_command;
[2m1970-01-01T00:00:33.666080Z[0m [33m WARN[0m [1mcosmic-osd[0m[2m:[0m [2mcosmic_session[0m[2m:[0m [1970-01-01T00:00:33Z INFO  zbus::connection::handshake::common] read_commands; n_commands=1
[NET] accept pid=11 sid=2 conn=80 -> fd=292
[NET] accept pid=11 sid=2 conn=82 -> fd=293
[NET] accept pid=11 sid=2 conn=83 -> fd=294
[NET] accept pid=11 sid=2 EAGAIN
[2m1970-01-01T00:00:33.723260Z[0m [33m WARN[0m [1mcosmic-idle[0m[2m:[0m [2mcosmic_session[0m[2m:[0m [1970-01-01T00:00:33Z INFO  tracing::span] read_socket;
[2m1970-01-01T00:00:34.045198Z[0m [33m WARN[0m [1mcosmic-osd[0m[2m:[0m [2mcosmic_session[0m[2m:[0m [1970-01-01T00:00:34Z INFO  zbus::connection::handshake::common] write_command; command=Auth(Some(External), Some([48]))
[2m1970-01-01T00:00:34.045707Z[0m [33m WARN[0m [1mcosmic-osd[0m[2m:[0m [2mcosmic_session[0m[2m:[0m [1970-01-01T00:00:34Z INFO  zbus::connection::handshake::common] write_commands; commands=[Auth(Some(External), Some([48]))] extra_bytes=None
[2m1970-01-01T00:00:34.046186Z[0m [33m WARN[0m [1mcosmic-osd[0m[2m:[0m [2mcosmic_session[0m[2m:[0m [1970-01-01T00:00:34Z INFO  tracing::span] read_command;
[2m1970-01-01T00:00:34.046442Z[0m [33m WARN[0m [1mcosmic-osd[0m[2m:[0m [2mcosmic_session[0m[2m:[0m [1970-01-01T00:00:34Z INFO  zbus::connection::handshake::common] read_commands; n_commands=1
[2m1970-01-01T00:00:34.054111Z[0m [33m WARN[0m [1mcosmic-osd[0m[2m:[0m [2mcosmic_session[0m[2m:[0m [1970-01-01T00:00:34Z INFO  zbus::connection::handshake::common] write_commands; commands=[NegotiateUnixFD, Begin] extra_bytes=Some([108, 1, 0, 1, 0, 0, 0, 0, 7, 0, 0, 0, 109, 0, 0, 0, 1, 1, 111, 0, 21, 0, 0, 0, 47, 111, 114, 103, 47, 102, 114, 101, 101, 100, 101, 115, 107, 116, 111, 112, 47, 68, 66, 117, 115, 0, 0, 0, 2, 1, 115, 0, 20, 0, 0, 0, 111, 114, 103, 46, 102, 114, 101, 101, 100, 101, 115, 107, 116, 111, 112, 46, 68, 66, 117, 115, 0, 0, 0, 0, 3, 1, 115, 0, 5, 0, 0, 0, 72, 101, 108, 108, 111, 0, 0, 0, 6, 1, 115, 0, 20, 0, 0, 0, 111, 114, 103, 46, 102, 114, 101, 101, 100, 101, 115, 107, 116, 111, 112, 46, 68, 66, 117, 115, 0, 0, 0, 0])
[2m1970-01-01T00:00:34.055511Z[0m [33m WARN[0m [1mcosmic-osd[0m[2m:[0m [2mcosmic_session[0m[2m:[0m [1970-01-01T00:00:34Z INFO  zbus::connection::handshake::common] read_commands; n_commands=1
[2m1970-01-01T00:00:34.064313Z[0m [33m WARN[0m [1mcosmic-osd[0m[2m:[0m [2mcosmic_session[0m[2m:[0m [1970-01-01T00:00:34Z INFO  iced_winit::platform_specific::wayland::event_loop] SCTK setup complete.
[2m1970-01-01T00:00:34.140290Z[0m [33m WARN[0m [1mcosmic-osd[0m[2m:[0m [2mcosmic_session[0m[2m:[0m xkbcommon: ERROR: couldn't find a Compose file for locale "C" (mapped to "C")
[2m1970-01-01T00:00:34.146561Z[0m [33m WARN[0m [1mcosmic-osd[0m[2m:[0m [2mcosmic_session[0m[2m:[0m xkbcommon: ERROR: couldn't find a Compose file for locale "C" (mapped to "C")
[2m1970-01-01T00:00:34.293599Z[0m [33m WARN[0m [1mcosmic-osd[0m[2m:[0m [2mcosmic_session[0m[2m:[0m [1970-01-01T00:00:34Z INFO  zbus::connection::handshake::common] write_commands; commands=[NegotiateUnixFD, Begin] extra_bytes=Some([108, 1, 0, 1, 0, 0, 0, 0, 8, 0, 0, 0, 109, 0, 0, 0, 1, 1, 111, 0, 21, 0, 0, 0, 47, 111, 114, 103, 47, 102, 114, 101, 101, 100, 101, 115, 107, 116, 111, 112, 47, 68, 66, 117, 115, 0, 0, 0, 2, 1, 115, 0, 20, 0, 0, 0, 111, 114, 103, 46, 102, 114, 101, 101, 100, 101, 115, 107, 116, 111, 112, 46, 68, 66, 117, 115, 0, 0, 0, 0, 3, 1, 115, 0, 5, 0, 0, 0, 72, 101, 108, 108, 111, 0, 0, 0, 6, 1, 115, 0, 20, 0, 0, 0, 111, 114, 103, 46, 102, 114, 101, 101, 100, 101, 115, 107, 116, 111, 112, 46, 68, 66, 117, 115, 0, 0, 0, 0])
[2m1970-01-01T00:00:34.294322Z[0m [33m WARN[0m [1mcosmic-osd[0m[2m:[0m [2mcosmic_session[0m[2m:[0m [1970-01-01T00:00:34Z INFO  zbus::connection::handshake::common] read_commands; n_commands=1
[2m1970-01-01T00:00:34.337153Z[0m [33m WARN[0m [1mcosmic-osd[0m[2m:[0m [2mcosmic_session[0m[2m:[0m [1970-01-01T00:00:34Z INFO  zbus::connection::handshake::common] write_commands; commands=[NegotiateUnixFD, Begin] extra_bytes=Some([108, 1, 0, 1, 0, 0, 0, 0, 9, 0, 0, 0, 109, 0, 0, 0, 1, 1, 111, 0, 21, 0, 0, 0, 47, 111, 114, 103, 47, 102, 114, 101, 101, 100, 101, 115, 107, 116, 111, 112, 47, 68, 66, 117, 115, 0, 0, 0, 2, 1, 115, 0, 20, 0, 0, 0, 111, 114, 103, 46, 102, 114, 101, 101, 100, 101, 115, 107, 116, 111, 112, 46, 68, 66, 117, 115, 0, 0, 0, 0, 3, 1, 115, 0, 5, 0, 0, 0, 72, 101, 108, 108, 111, 0, 0, 0, 6, 1, 115, 0, 20, 0, 0, 0, 111, 114, 103, 46, 102, 114, 101, 101, 100, 101, 115, 107, 116, 111, 112, 46, 68, 66, 117, 115, 0, 0, 0, 0])
[2m1970-01-01T00:00:34.338084Z[0m [33m WARN[0m [1mcosmic-osd[0m[2m:[0m [2mcosmic_session[0m[2m:[0m [1970-01-01T00:00:34Z INFO  zbus::connection::handshake::common] read_commands; n_commands=1
[2m1970-01-01T00:00:34.347781Z[0m [33m WARN[0m [2mbusd::peers[0m[2m:[0m unknown destination: org.freedesktop.portal.Desktop
[2m1970-01-01T00:00:34.348648Z[0m [33m WARN[0m [2mbusd::peers[0m[2m:[0m unknown destination: org.a11y.Bus
[2m1970-01-01T00:00:34.349999Z[0m [33m WARN[0m [1mcosmic-app-library[0m[2m:[0m [2mcosmic_session[0m[2m:[0m  WARN  zbus::proxy                                               > Failed to populate properties cache via GetAll: org.freedesktop.DBus.Error.ServiceUnknown: The name org.a11y.Bus was not provided by any .service files. Property change streams will not produce values.
[2m1970-01-01T00:00:34.349999Z[0m [32m INFO[0m [1mcosmic-launcher[0m[2m:[0m [2mcosmic_session[0m[2m:[0m 1970-01-01T00:00:34.348818Z ERROR Failed to get the contrast Portal(ZBus(MethodError(OwnedErrorName("org.freedesktop.DBus.Error.ServiceUnknown"), Some("The name org.freedesktop.portal.Desktop was not provided by any .service files"), Msg { type: Error, serial: 210, sender: UniqueName("org.freedesktop.DBus"), reply-serial: 19, body: Str, fds: [] })))
[2m1970-01-01T00:00:34.389050Z[0m [33m WARN[0m [1mcosmic-idle[0m[2m:[0m [2mcosmic_session[0m[2m:[0m [1970-01-01T00:00:34Z INFO  tracing::span] read_socket;
[2m1970-01-01T00:00:34.389330Z[0m [33m WARN[0m [1mcosmic-idle[0m[2m:[0m [2mcosmic_session[0m[2m:[0m [1970-01-01T00:00:34Z INFO  tracing::span] read_socket;
[2m1970-01-01T00:00:34.389558Z[0m [33m WARN[0m [1mcosmic-idle[0m[2m:[0m [2mcosmic_session[0m[2m:[0m [1970-01-01T00:00:34Z INFO  tracing::span] read_socket;
[2m1970-01-01T00:00:34.389999Z[0m [33m WARN[0m [1mcosmic-osd[0m[2m:[0m [2mcosmic_session[0m[2m:[0m [1970-01-01T00:00:34Z INFO  zbus::connection] start_object_server; started_event=None
[2m1970-01-01T00:00:34.389999Z[0m [33m WARN[0m [1mcosmic-osd[0m[2m:[0m [2mcosmic_session[0m[2m:[0m [1970-01-01T00:00:34Z INFO  tracing::span] obj_server_task;
[2m1970-01-01T00:00:34.397487Z[0m [33m WARN[0m [1mcosmic-osd[0m[2m:[0m [2mcosmic_session[0m[2m:[0m [1970-01-01T00:00:34Z WARN  zbus::connection] Requesting name `com.system76.CosmicOsd` before setting up the object server. Method calls arriving before interfaces are registered may be lost. Consider using `connection::Builder::serve_at()` and `::name()` instead.
[2m1970-01-01T00:00:34.427612Z[0m [33m WARN[0m [1mcosmic-osd[0m[2m:[0m [2mcosmic_session[0m[2m:[0m [1970-01-01T00:00:34Z INFO  iced_winit::platform_specific::wayland::event_loop::state] Failed to find surface for blur action
[2m1970-01-01T00:00:34.493444Z[0m [33m WARN[0m [2mbusd::peers[0m[2m:[0m unknown destination: org.freedesktop.UPower
[2m1970-01-01T00:00:34.508018Z[0m [33m WARN[0m [1mcosmic-osd[0m[2m:[0m [2mcosmic_session[0m[2m:[0m [1970-01-01T00:00:34Z ERROR cosmic_settings_upower_subscription::kbdbacklight] Error listening to KbdBacklight: org.freedesktop.DBus.Error.ServiceUnknown: The name org.freedesktop.UPower was not provided by any .service files
[2m1970-01-01T00:00:34.508651Z[0m [33m WARN[0m [1mcosmic-idle[0m[2m:[0m [2mcosmic_session[0m[2m:[0m [1970-01-01T00:00:34Z INFO  tracing::span] read_socket;
[NET] connect pid=25 fd=273 conn=85 sid=2 path
[2m1970-01-01T00:00:34.531731Z[0m [33m WARN[0m [1mcosmic-idle[0m[2m:[0m [2mcosmic_session[0m[2m:[0m [1970-01-01T00:00:34Z INFO  tracing::span] read_socket;
[NET] accept pid=11 sid=2 conn=85 -> fd=293
[NET] accept pid=11 sid=2 EAGAIN
[2m1970-01-01T00:00:34.729999Z[0m [33m WARN[0m [1mcosmic-idle[0m[2m:[0m [2mcosmic_session[0m[2m:[0m [1970-01-01T00:00:34Z INFO  tracing::span] read_socket;
[2m1970-01-01T00:00:35.449999Z[0m [33m WARN[0m [1mcosmic-workspaces[0m[2m:[0m [2mcosmic_session[0m[2m:[0m [1970-01-01T00:00:35Z INFO  zbus::connection] monitor_name_lost; name=com.system76.CosmicWorkspaces
[2m1970-01-01T00:00:35.449999Z[0m [33m WARN[0m [1mcosmic-idle[0m[2m:[0m [2mcosmic_session[0m[2m:[0m [1970-01-01T00:00:35Z INFO  tracing::span] read_socket;
[2m1970-01-01T00:00:35.472073Z[0m [33m WARN[0m [2mbusd::peers[0m[2m:[0m unknown destination: org.a11y.Bus
[2m1970-01-01T00:00:35.486061Z[0m [32m INFO[0m [1mcosmic-launcher[0m[2m:[0m [2mcosmic_session[0m[2m:[0m 1970-01-01T00:00:35.473977Z  WARN {}{task_name="org.a11y.Status proxy caching"}: Failed to populate properties cache via GetAll: org.freedesktop.DBus.Error.ServiceUnknown: The name org.a11y.Bus was not provided by any .service files. Property change streams will not produce values.
[2m1970-01-01T00:00:35.486564Z[0m [33m WARN[0m [1mcosmic-idle[0m[2m:[0m [2mcosmic_session[0m[2m:[0m [1970-01-01T00:00:35Z INFO  tracing::span] read_socket;
[2m1970-01-01T00:00:35.486778Z[0m [33m WARN[0m [1mcosmic-idle[0m[2m:[0m [2mcosmic_session[0m[2m:[0m [1970-01-01T00:00:35Z INFO  tracing::span] read_socket;
[NET] connect pid=37 fd=266 conn=82 sid=2 path
[2m1970-01-01T00:00:35.491076Z[0m [33m WARN[0m [1mcosmic-osd[0m[2m:[0m [2mcosmic_session[0m[2m:[0m [1970-01-01T00:00:35Z INFO  zbus::connection] monitor_name_lost; name=com.system76.CosmicOsd
[2m1970-01-01T00:00:35.491395Z[0m [33m WARN[0m [1mcosmic-osd[0m[2m:[0m [2mcosmic_session[0m[2m:[0m [1970-01-01T00:00:35Z INFO  zbus::connection] monitor_name_lost; name=com.system76.CosmicOnScreenDisplay
[2m1970-01-01T00:00:35.491812Z[0m [33m WARN[0m [1mcosmic-osd[0m[2m:[0m [2mcosmic_session[0m[2m:[0m [1970-01-01T00:00:35Z INFO  zbus::connection::handshake::common] write_command; command=Auth(Some(External), Some([48]))
[2m1970-01-01T00:00:35.492190Z[0m [33m WARN[0m [1mcosmic-osd[0m[2m:[0m [2mcosmic_session[0m[2m:[0m [1970-01-01T00:00:35Z INFO  zbus::connection::handshake::common] write_commands; commands=[Auth(Some(External), Some([48]))] extra_bytes=None
[2m1970-01-01T00:00:35.492586Z[0m [33m WARN[0m [1mcosmic-osd[0m[2m:[0m [2mcosmic_session[0m[2m:[0m [1970-01-01T00:00:35Z INFO  tracing::span] read_command;
[2m1970-01-01T00:00:35.492848Z[0m [33m WARN[0m [1mcosmic-osd[0m[2m:[0m [2mcosmic_session[0m[2m:[0m [1970-01-01T00:00:35Z INFO  zbus::connection::handshake::common] read_commands; n_commands=1
[NET] accept pid=11 sid=2 conn=82 -> fd=295
[NET] accept pid=11 sid=2 EAGAIN
[2m1970-01-01T00:00:35.586514Z[0m [33m WARN[0m [1mcosmic-osd[0m[2m:[0m [2mcosmic_session[0m[2m:[0m [1970-01-01T00:00:35Z INFO  zbus::connection::handshake::common] write_commands; commands=[NegotiateUnixFD, Begin] extra_bytes=Some([108, 1, 0, 1, 0, 0, 0, 0, 18, 0, 0, 0, 109, 0, 0, 0, 1, 1, 111, 0, 21, 0, 0, 0, 47, 111, 114, 103, 47, 102, 114, 101, 101, 100, 101, 115, 107, 116, 111, 112, 47, 68, 66, 117, 115, 0, 0, 0, 2, 1, 115, 0, 20, 0, 0, 0, 111, 114, 103, 46, 102, 114, 101, 101, 100, 101, 115, 107, 116, 111, 112, 46, 68, 66, 117, 115, 0, 0, 0, 0, 3, 1, 115, 0, 5, 0, 0, 0, 72, 101, 108, 108, 111, 0, 0, 0, 6, 1, 115, 0, 20, 0, 0, 0, 111, 114, 103, 46, 102, 114, 101, 101, 100, 101, 115, 107, 116, 111, 112, 46, 68, 66, 117, 115, 0, 0, 0, 0])
[2m1970-01-01T00:00:35.587431Z[0m [33m WARN[0m [1mcosmic-osd[0m[2m:[0m [2mcosmic_session[0m[2m:[0m [1970-01-01T00:00:35Z INFO  zbus::connection::handshake::common] read_commands; n_commands=1
[2m1970-01-01T00:00:35.631311Z[0m [32m INFO[0m [1mcosmic-panel[0m[2m:[0m [2mcosmic_session::notifications[0m[2m:[0m \x1b[2m1970-01-01T00:00:35.628079Z\x1b[0m \x1b[32m INFO\x1b[0m Successfully selected EGL platform: PLATFORM_WAYLAND_KHR
[2m1970-01-01T00:00:35.680453Z[0m [32m INFO[0m [1mcosmic-panel[0m[2m:[0m [2mcosmic_session::notifications[0m[2m:[0m \x1b[2m1970-01-01T00:00:35.670817Z\x1b[0m \x1b[32m INFO\x1b[0m \x1b[1mstdout\x1b[0m\x1b[1m{\x1b[0m\x1b[3mclient\x1b[0m\x1b[2m=\x1b[0mInnerClientId { ptr: 0x92b2ad90, alive: true }\x1b[1m}\x1b[0m\x1b[2m:\x1b[0m com.system76.CosmicAppletTiling: \x1b[2m1970-01-01T00:00:33.529999Z\x1b[0m \x1b[32m INFO\x1b[0m \x1b[2mcosmic_applet_tiling\x1b[0m\x1b[2m:\x1b[0m Starting tiling applet with version 1.0.15
[2m1970-01-01T00:00:35.681750Z[0m [32m INFO[0m [1mcosmic-panel[0m[2m:[0m [2mcosmic_session::notifications[0m[2m:[0m \x1b[2m1970-01-01T00:00:35.671117Z\x1b[0m \x1b[32m INFO\x1b[0m \x1b[1mstdout\x1b[0m\x1b[1m{\x1b[0m\x1b[3mclient\x1b[0m\x1b[2m=\x1b[0mInnerClientId { ptr: 0x92b2ad90, alive: true }\x1b[1m}\x1b[0m\x1b[2m:\x1b[0m com.system76.CosmicAppletTiling: \x1b[2m1970-01-01T00:00:33.697241Z\x1b[0m \x1b[32m INFO\x1b[0m \x1b[2mi18n_embed::requester\x1b[0m\x1b[2m:\x1b[0m Current Locale: []
[2m1970-01-01T00:00:35.682929Z[0m [32m INFO[0m [1mcosmic-panel[0m[2m:[0m [2mcosmic_session::notifications[0m[2m:[0m \x1b[2m1970-01-01T00:00:35.671179Z\x1b[0m \x1b[32m INFO\x1b[0m \x1b[1mstdout\x1b[0m\x1b[1m{\x1b[0m\x1b[3mclient\x1b[0m\x1b[2m=\x1b[0mInnerClientId { ptr: 0x92b2ad90, alive: true }\x1b[1m}\x1b[0m\x1b[2m:\x1b[0m com.system76.CosmicAppletTiling: \x1b[2m1970-01-01T00:00:33.697569Z\x1b[0m \x1b[32m INFO\x1b[0m \x1b[2mi18n_embed\x1b[0m\x1b[2m:\x1b[0m Selecting translations for domain "cosmic_applet_tiling"
[2m1970-01-01T00:00:35.769999Z[0m [32m INFO[0m [1mcosmic-panel[0m[2m:[0m [2mcosmic_session::notifications[0m[2m:[0m \x1b[2m1970-01-01T00:00:35.769999Z\x1b[0m \x1b[32m INFO\x1b[0m \x1b[1mstdout\x1b[0m\x1b[1m{\x1b[0m\x1b[3mclient\x1b[0m\x1b[2m=\x1b[0mInnerClientId { ptr: 0x92b2a3d0, alive: true }\x1b[1m}\x1b[0m\x1b[2m:\x1b[0m com.system76.CosmicPanelAppButton: \x1b[2m1970-01-01T00:00:34.408628Z\x1b[0m \x1b[32m INFO\x1b[0m \x1b[2mcosmic_panel_button\x1b[0m\x1b[2m:\x1b[0m Starting workspaces applet with version 1.0.15
[2m1970-01-01T00:00:35.769999Z[0m [32m INFO[0m [1mcosmic-panel[0m[2m:[0m [2mcosmic_session::notifications[0m[2m:[0m \x1b[2m1970-01-01T00:00:35.769999Z\x1b[0m \x1b[32m INFO\x1b[0m \x1b[1mstdout\x1b[0m\x1b[1m{\x1b[0m\x1b[3mclient\x1b[0m\x1b[2m=\x1b[0mInnerClientId { ptr: 0x48261dd0, alive: true }\x1b[1m}\x1b[0m\x1b[2m:\x1b[0m com.system76.CosmicPanelWorkspacesButton: \x1b[2m1970-01-01T00:00:34.331620Z\x1b[0m \x1b[32m INFO\x1b[0m \x1b[2mcosmic_panel_button\x1b[0m\x1b[2m:\x1b[0m Starting workspaces applet with version 1.0.15
[2m1970-01-01T00:00:35.769999Z[0m [32m INFO[0m [1mcosmic-panel[0m[2m:[0m [2mcosmic_session::notifications[0m[2m:[0m \x1b[2m1970-01-01T00:00:35.769999Z\x1b[0m \x1b[32m INFO\x1b[0m \x1b[1mstdout\x1b[0m\x1b[1m{\x1b[0m\x1b[3mclient\x1b[0m\x1b[2m=\x1b[0mInnerClientId { ptr: 0x97987110, alive: true }\x1b[1m}\x1b[0m\x1b[2m:\x1b[0m com.system76.CosmicAppletMinimize: \x1b[2m1970-01-01T00:00:34.629999Z\x1b[0m \x1b[32m INFO\x1b[0m \x1b[2mcosmic_applet_minimize\x1b[0m\x1b[2m:\x1b[0m Starting minimize applet with version 1.0.15
[2m1970-01-01T00:00:35.769999Z[0m [32m INFO[0m [1mcosmic-panel[0m[2m:[0m [2mcosmic_session::notifications[0m[2m:[0m \x1b[2m1970-01-01T00:00:35.769999Z\x1b[0m \x1b[32m INFO\x1b[0m \x1b[1mstdout\x1b[0m\x1b[1m{\x1b[0m\x1b[3mclient\x1b[0m\x1b[2m=\x1b[0mInnerClientId { ptr: 0x97987110, alive: true }\x1b[1m}\x1b[0m\x1b[2m:\x1b[0m com.system76.CosmicAppletMinimize: \x1b[2m1970-01-01T00:00:34.629999Z\x1b[0m \x1b[32m INFO\x1b[0m \x1b[2mi18n_embed::requester\x1b[0m\x1b[2m:\x1b[0m Current Locale: []
[2m1970-01-01T00:00:35.769999Z[0m [32m INFO[0m [1mcosmic-panel[0m[2m:[0m [2mcosmic_session::notifications[0m[2m:[0m \x1b[2m1970-01-01T00:00:35.769999Z\x1b[0m \x1b[32m INFO\x1b[0m \x1b[1mstdout\x1b[0m\x1b[1m{\x1b[0m\x1b[3mclient\x1b[0m\x1b[2m=\x1b[0mInnerClientId { ptr: 0x97987110, alive: true }\x1b[1m}\x1b[0m\x1b[2m:\x1b[0m com.system76.CosmicAppletMinimize: \x1b[2m1970-01-01T00:00:34.629999Z\x1b[0m \x1b[32m INFO\x1b[0m \x1b[2mi18n_embed\x1b[0m\x1b[2m:\x1b[0m Selecting translations for domain "cosmic_applet_minimize"
[2m1970-01-01T00:00:35.953416Z[0m [32m INFO[0m [1mcosmic-panel[0m[2m:[0m [2mcosmic_session::notifications[0m[2m:[0m \x1b[2m1970-01-01T00:00:35.942674Z\x1b[0m \x1b[32m INFO\x1b[0m \x1b[1mstdout\x1b[0m\x1b[1m{\x1b[0m\x1b[3mclient\x1b[0m\x1b[2m=\x1b[0mInnerClientId { ptr: 0x92b2ad90, alive: true }\x1b[1m}\x1b[0m\x1b[2m:\x1b[0m com.system76.CosmicAppletTiling: \x1b[2m1970-01-01T00:00:35.909999Z\x1b[0m \x1b[33m WARN\x1b[0m \x1b[2mcosmic_text::font::system\x1b[0m\x1b[2m:\x1b[0m failed to get system locale, falling back to en-US
[2m1970-01-01T00:00:35.954318Z[0m [32m INFO[0m [1mcosmic-panel[0m[2m:[0m [2mcosmic_session::notifications[0m[2m:[0m \x1b[2m1970-01-01T00:00:35.942810Z\x1b[0m \x1b[32m INFO\x1b[0m \x1b[1mstdout\x1b[0m\x1b[1m{\x1b[0m\x1b[3mclient\x1b[0m\x1b[2m=\x1b[0mInnerClientId { ptr: 0x92b2ad90, alive: true }\x1b[1m}\x1b[0m\x1b[2m:\x1b[0m com.system76.CosmicAppletTiling: \x1b[2m1970-01-01T00:00:35.930829Z\x1b[0m \x1b[33m WARN\x1b[0m \x1b[2mfontdb\x1b[0m\x1b[2m:\x1b[0m Fallback to loading from known font dir paths.
[2m1970-01-01T00:00:36.479999Z[0m [33m WARN[0m [1mcosmic-idle[0m[2m:[0m [2mcosmic_session[0m[2m:[0m [1970-01-01T00:00:36Z INFO  tracing::span] read_socket;
[2m1970-01-01T00:00:36.479999Z[0m [33m WARN[0m [1mcosmic-osd[0m[2m:[0m [2mcosmic_session[0m[2m:[0m [1970-01-01T00:00:36Z INFO  zbus::proxy] {}; task_name="com.system76.CosmicSettingsDaemon proxy caching"
[2m1970-01-01T00:00:36.479999Z[0m [33m WARN[0m [1mcosmic-idle[0m[2m:[0m [2mcosmic_session[0m[2m:[0m [1970-01-01T00:00:36Z INFO  tracing::span] read_socket;
[2m1970-01-01T00:00:36.695610Z[0m [32m INFO[0m [1mcosmic-notifications[0m[2m:[0m [2mcosmic_session::notifications[0m[2m:[0m \x1b[2m1970-01-01T00:00:36.693246Z\x1b[0m \x1b[31mERROR\x1b[0m \x1b[2mcosmic_config::dbus\x1b[0m\x1b[2m:\x1b[0m error getting config: com.system76.CosmicPanel.Dock failed to get key 'name': No file descriptors available (os error 24)
[2m1970-01-01T00:00:36.696470Z[0m [32m INFO[0m [1mcosmic-notifications[0m[2m:[0m [2mcosmic_session::notifications[0m[2m:[0m \x1b[2m1970-01-01T00:00:36.693460Z\x1b[0m \x1b[31mERROR\x1b[0m \x1b[2mcosmic_config::dbus\x1b[0m\x1b[2m:\x1b[0m error getting config: com.system76.CosmicPanel.Dock failed to get key 'anchor': No file descriptors available (os error 24)
[2m1970-01-01T00:00:36.697096Z[0m [32m INFO[0m [1mcosmic-notifications[0m[2m:[0m [2mcosmic_session::notifications[0m[2m:[0m \x1b[2m1970-01-01T00:00:36.693534Z\x1b[0m \x1b[31mERROR\x1b[0m \x1b[2mcosmic_config::dbus\x1b[0m\x1b[2m:\x1b[0m error getting config: com.system76.CosmicPanel.Dock failed to get key 'anchor_gap': No file descriptors available (os error 24)
[2m1970-01-01T00:00:36.697647Z[0m [32m INFO[0m [1mcosmic-notifications[0m[2m:[0m [2mcosmic_session::notifications[0m[2m:[0m \x1b[2m1970-01-01T00:00:36.693628Z\x1b[0m \x1b[31mERROR\x1b[0m \x1b[2mcosmic_config::dbus\x1b[0m\x1b[2m:\x1b[0m error getting config: com.system76.CosmicPanel.Dock failed to get key 'layer': No file descriptors available (os error 24)
[2m1970-01-01T00:00:36.698210Z[0m [32m INFO[0m [1mcosmic-notifications[0m[2m:[0m [2mcosmic_session::notifications[0m[2m:[0m \x1b[2m1970-01-01T00:00:36.693699Z\x1b[0m \x1b[31mERROR\x1b[0m \x1b[2mcosmic_config::dbus\x1b[0m\x1b[2m:\x1b[0m error getting config: com.system76.CosmicPanel.Dock failed to get key 'keyboard_interactivity': No file descriptors available (os error 24)
[2m1970-01-01T00:00:36.698744Z[0m [32m INFO[0m [1mcosmic-notifications[0m[2m:[0m [2mcosmic_session::notifications[0m[2m:[0m \x1b[2m1970-01-01T00:00:36.693786Z\x1b[0m \x1b[31mERROR\x1b[0m \x1b[2mcosmic_config::dbus\x1b[0m\x1b[2m:\x1b[0m error getting config: com.system76.CosmicPanel.Dock failed to get key 'size': No file descriptors available (os error 24)
[2m1970-01-01T00:00:36.699273Z[0m [32m INFO[0m [1mcosmic-notifications[0m[2m:[0m [2mcosmic_session::notifications[0m[2m:[0m \x1b[2m1970-01-01T00:00:36.693842Z\x1b[0m \x1b[31mERROR\x1b[0m \x1b[2mcosmic_config::dbus\x1b[0m\x1b[2m:\x1b[0m error getting config: com.system76.CosmicPanel.Dock failed to get key 'output': No file descriptors available (os error 24)
[2m1970-01-01T00:00:36.699771Z[0m [32m INFO[0m [1mcosmic-notifications[0m[2m:[0m [2mcosmic_session::notifications[0m[2m:[0m \x1b[2m1970-01-01T00:00:36.693889Z\x1b[0m \x1b[31mERROR\x1b[0m \x1b[2mcosmic_config::dbus\x1b[0m\x1b[2m:\x1b[0m error getting config: com.system76.CosmicPanel.Dock failed to get key 'background': No file descriptors available (os error 24)
[2m1970-01-01T00:00:36.699999Z[0m [32m INFO[0m [1mcosmic-notifications[0m[2m:[0m [2mcosmic_session::notifications[0m[2m:[0m \x1b[2m1970-01-01T00:00:36.693947Z\x1b[0m \x1b[31mERROR\x1b[0m \x1b[2mcosmic_config::dbus\x1b[0m\x1b[2m:\x1b[0m error getting config: com.system76.CosmicPanel.Dock failed to get key 'plugins_wings': No file descriptors available (os error 24)
[2m1970-01-01T00:00:36.700062Z[0m [32m INFO[0m [1mcosmic-notifications[0m[2m:[0m [2mcosmic_session::notifications[0m[2m:[0m \x1b[2m1970-01-01T00:00:36.694008Z\x1b[0m \x1b[31mERROR\x1b[0m \x1b[2mcosmic_config::dbus\x1b[0m\x1b[2m:\x1b[0m error getting config: com.system76.CosmicPanel.Dock failed to get key 'plugins_center': No file descriptors available (os error 24)
[2m1970-01-01T00:00:36.700796Z[0m [32m INFO[0m [1mcosmic-notifications[0m[2m:[0m [2mcosmic_session::notifications[0m[2m:[0m \x1b[2m1970-01-01T00:00:36.694071Z\x1b[0m \x1b[31mERROR\x1b[0m \x1b[2mcosmic_config::dbus\x1b[0m\x1b[2m:\x1b[0m error getting config: com.system76.CosmicPanel.Dock failed to get key 'size_wings': No file descriptors available (os error 24)
[2m1970-01-01T00:00:36.701547Z[0m [32m INFO[0m [1mcosmic-notifications[0m[2m:[0m [2mcosmic_session::notifications[0m[2m:[0m \x1b[2m1970-01-01T00:00:36.694144Z\x1b[0m \x1b[31mERROR\x1b[0m \x1b[2mcosmic_config::dbus\x1b[0m\x1b[2m:\x1b[0m error getting config: com.system76.CosmicPanel.Dock failed to get key 'size_center': No file descriptors available (os error 24)
[2m1970-01-01T00:00:36.701980Z[0m [32m INFO[0m [1mcosmic-notifications[0m[2m:[0m [2mcosmic_session::notifications[0m[2m:[0m \x1b[2m1970-01-01T00:00:36.694257Z\x1b[0m \x1b[31mERROR\x1b[0m \x1b[2mcosmic_config::dbus\x1b[0m\x1b[2m:\x1b[0m error getting config: com.system76.CosmicPanel.Dock failed to get key 'expand_to_edges': No file descriptors available (os error 24)
[2m1970-01-01T00:00:36.702448Z[0m [32m INFO[0m [1mcosmic-notifications[0m[2m:[0m [2mcosmic_session::notifications[0m[2m:[0m \x1b[2m1970-01-01T00:00:36.694338Z\x1b[0m \x1b[31mERROR\x1b[0m \x1b[2mcosmic_config::dbus\x1b[0m\x1b[2m:\x1b[0m error getting config: com.system76.CosmicPanel.Dock failed to get key 'padding': No file descriptors available (os error 24)
[2m1970-01-01T00:00:36.702920Z[0m [32m INFO[0m [1mcosmic-notifications[0m[2m:[0m [2mcosmic_session::notifications[0m[2m:[0m \x1b[2m1970-01-01T00:00:36.694414Z\x1b[0m \x1b[31mERROR\x1b[0m \x1b[2mcosmic_config::dbus\x1b[0m\x1b[2m:\x1b[0m error getting config: com.system76.CosmicPanel.Dock failed to get key 'spacing': No file descriptors available (os error 24)
[2m1970-01-01T00:00:36.703407Z[0m [32m INFO[0m [1mcosmic-notifications[0m[2m:[0m [2mcosmic_session::notifications[0m[2m:[0m \x1b[2m1970-01-01T00:00:36.694495Z\x1b[0m \x1b[31mERROR\x1b[0m \x1b[2mcosmic_config::dbus\x1b[0m\x1b[2m:\x1b[0m error getting config: com.system76.CosmicPanel.Dock failed to get key 'border_radius': No file descriptors available (os error 24)
[2m1970-01-01T00:00:36.703881Z[0m [32m INFO[0m [1mcosmic-notifications[0m[2m:[0m [2mcosmic_session::notifications[0m[2m:[0m \x1b[2m1970-01-01T00:00:36.694620Z\x1b[0m \x1b[31mERROR\x1b[0m \x1b[2mcosmic_config::dbus\x1b[0m\x1b[2m:\x1b[0m error getting config: com.system76.CosmicPanel.Dock failed to get key 'exclusive_zone': No file descriptors available (os error 24)
[2m1970-01-01T00:00:36.704539Z[0m [32m INFO[0m [1mcosmic-notifications[0m[2m:[0m [2mcosmic_session::notifications[0m[2m:[0m \x1b[2m1970-01-01T00:00:36.694669Z\x1b[0m \x1b[31mERROR\x1b[0m \x1b[2mcosmic_config::dbus\x1b[0m\x1b[2m:\x1b[0m error getting config: com.system76.CosmicPanel.Dock failed to get key 'autohide': No file descriptors available (os error 24)
[2m1970-01-01T00:00:36.705595Z[0m [32m INFO[0m [1mcosmic-notifications[0m[2m:[0m [2mcosmic_session::notifications[0m[2m:[0m \x1b[2m1970-01-01T00:00:36.694714Z\x1b[0m \x1b[31mERROR\x1b[0m \x1b[2mcosmic_config::dbus\x1b[0m\x1b[2m:\x1b[0m error getting config: com.system76.CosmicPanel.Dock failed to get key 'autohide_behavior': No file descriptors available (os error 24)
[2m1970-01-01T00:00:36.706136Z[0m [32m INFO[0m [1mcosmic-notifications[0m[2m:[0m [2mcosmic_session::notifications[0m[2m:[0m \x1b[2m1970-01-01T00:00:36.694798Z\x1b[0m \x1b[31mERROR\x1b[0m \x1b[2mcosmic_config::dbus\x1b[0m\x1b[2m:\x1b[0m error getting config: com.system76.CosmicPanel.Dock failed to get key 'margin': No file descriptors available (os error 24)
[2m1970-01-01T00:00:36.706628Z[0m [32m INFO[0m [1mcosmic-notifications[0m[2m:[0m [2mcosmic_session::notifications[0m[2m:[0m \x1b[2m1970-01-01T00:00:36.694876Z\x1b[0m \x1b[31mERROR\x1b[0m \x1b[2mcosmic_config::dbus\x1b[0m\x1b[2m:\x1b[0m error getting config: com.system76.CosmicPanel.Dock failed to get key 'opacity': No file descriptors available (os error 24)
[2m1970-01-01T00:00:36.707070Z[0m [32m INFO[0m [1mcosmic-notifications[0m[2m:[0m [2mcosmic_session::notifications[0m[2m:[0m \x1b[2m1970-01-01T00:00:36.704376Z\x1b[0m \x1b[31mERROR\x1b[0m \x1b[2mcosmic_config::dbus\x1b[0m\x1b[2m:\x1b[0m error getting config: com.system76.CosmicPanel.Dock failed to get key 'autohover_delay_ms': No file descriptors available (os error 24)
[2m1970-01-01T00:00:36.707576Z[0m [32m INFO[0m [1mcosmic-notifications[0m[2m:[0m [2mcosmic_session::notifications[0m[2m:[0m \x1b[2m1970-01-01T00:00:36.704542Z\x1b[0m \x1b[31mERROR\x1b[0m \x1b[2mcosmic_config::dbus\x1b[0m\x1b[2m:\x1b[0m error getting config: com.system76.CosmicPanel.Dock failed to get key 'padding_overlap': No file descriptors available (os error 24)
[2m1970-01-01T00:00:36.756430Z[0m [33m WARN[0m [1mcosmic-osd[0m[2m:[0m [2mcosmic_session[0m[2m:[0m [1970-01-01T00:00:36Z INFO  zbus::connection] start_object_server; started_event=None
[2m1970-01-01T00:00:36.756919Z[0m [33m WARN[0m [1mcosmic-osd[0m[2m:[0m [2mcosmic_session[0m[2m:[0m [1970-01-01T00:00:36Z INFO  tracing::span] obj_server_task;
[2m1970-01-01T00:00:36.757290Z[0m [33m WARN[0m [1mcosmic-osd[0m[2m:[0m [2mcosmic_session[0m[2m:[0m [1970-01-01T00:00:36Z INFO  zbus::proxy] {}; task_name="org.freedesktop.login1.Session proxy caching"
[NET] connect pid=25 fd=274 conn=84 sid=2 path
[NET] accept pid=11 sid=2 conn=84 -> fd=296
[NET] accept pid=11 sid=2 EAGAIN
[2m1970-01-01T00:00:36.887643Z[0m [33m WARN[0m [2mbusd::peers[0m[2m:[0m unknown destination: org.freedesktop.login1
[2m1970-01-01T00:00:36.889050Z[0m [33m WARN[0m [1mcosmic-idle[0m[2m:[0m [2mcosmic_session[0m[2m:[0m [1970-01-01T00:00:36Z INFO  tracing::span] read_socket;
[2m1970-01-01T00:00:36.889759Z[0m [33m WARN[0m [1mcosmic-osd[0m[2m:[0m [2mcosmic_session[0m[2m:[0m [1970-01-01T00:00:36Z WARN  zbus::proxy] Failed to populate properties cache via GetAll: org.freedesktop.DBus.Error.ServiceUnknown: The name org.freedesktop.login1 was not provided by any .service files. Property change streams will not produce values.
[2m1970-01-01T00:00:36.889999Z[0m [33m WARN[0m [1mcosmic-osd[0m[2m:[0m [2mcosmic_session[0m[2m:[0m [1970-01-01T00:00:36Z WARN  cosmic_osd::subscriptions::polkit_agent] Failed to register PolicyKit agent: org.freedesktop.DBus.Error.ServiceUnknown: The name org.freedesktop.login1 was not provided by any .service files. This is normal if an agent is already registered.
[NET] connect pid=25 fd=275 conn=86 sid=2 path
[NET] accept pid=11 sid=2 conn=86 -> fd=297
[NET] accept pid=11 sid=2 EAGAIN
[2m1970-01-01T00:00:36.894225Z[0m [33m WARN[0m [1mcosmic-idle[0m[2m:[0m [2mcosmic_session[0m[2m:[0m [1970-01-01T00:00:36Z INFO  tracing::span] read_socket;
[2m1970-01-01T00:00:36.933733Z[0m [33m WARN[0m [1mcosmic-idle[0m[2m:[0m [2mcosmic_session[0m[2m:[0m [1970-01-01T00:00:36Z INFO  tracing::span] read_socket;
[2m1970-01-01T00:00:36.986321Z[0m [32m INFO[0m [1mcosmic-panel[0m[2m:[0m [2mcosmic_session::notifications[0m[2m:[0m \x1b[2m1970-01-01T00:00:36.984290Z\x1b[0m \x1b[32m INFO\x1b[0m \x1b[1mstdout\x1b[0m\x1b[1m{\x1b[0m\x1b[3mclient\x1b[0m\x1b[2m=\x1b[0mInnerClientId { ptr: 0x93f271a0, alive: true }\x1b[1m}\x1b[0m\x1b[2m:\x1b[0m com.system76.CosmicPanelLauncherButton: \x1b[2m1970-01-01T00:00:36.964147Z\x1b[0m \x1b[32m INFO\x1b[0m \x1b[2mcosmic_panel_button\x1b[0m\x1b[2m:\x1b[0m Starting workspaces applet with version 1.0.15
[2m1970-01-01T00:00:37.002777Z[0m [33m WARN[0m [1mcosmic-idle[0m[2m:[0m [2mcosmic_session[0m[2m:[0m [1970-01-01T00:00:37Z INFO  tracing::span] read_socket;
[NET] connect pid=25 fd=276 conn=87 sid=2 path
[NET] accept pid=11 sid=2 conn=87 -> fd=298
[NET] accept pid=11 sid=2 EAGAIN
[2m1970-01-01T00:00:37.076887Z[0m [32m INFO[0m [1mcosmic-panel[0m[2m:[0m [2mcosmic_session::notifications[0m[2m:[0m \x1b[2m1970-01-01T00:00:37.074538Z\x1b[0m \x1b[31mERROR\x1b[0m \x1b[1mstderr\x1b[0m\x1b[1m{\x1b[0m\x1b[3mclient\x1b[0m\x1b[2m=\x1b[0mInnerClientId { ptr: 0x93f271a0, alive: true }\x1b[1m}\x1b[0m\x1b[2m:\x1b[0m com.system76.CosmicPanelLauncherButton: 
[2m1970-01-01T00:00:37.077521Z[0m [32m INFO[0m [1mcosmic-panel[0m[2m:[0m [2mcosmic_session::notifications[0m[2m:[0m \x1b[2m1970-01-01T00:00:37.074780Z\x1b[0m \x1b[31mERROR\x1b[0m \x1b[1mstderr\x1b[0m\x1b[1m{\x1b[0m\x1b[3mclient\x1b[0m\x1b[2m=\x1b[0mInnerClientId { ptr: 0x93f271a0, alive: true }\x1b[1m}\x1b[0m\x1b[2m:\x1b[0m com.system76.CosmicPanelLauncherButton: thread 'main' (124) panicked at cosmic-panel-button/src/lib.rs:243:9:
[2m1970-01-01T00:00:37.078422Z[0m [32m INFO[0m [1mcosmic-panel[0m[2m:[0m [2mcosmic_session::notifications[0m[2m:[0m \x1b[2m1970-01-01T00:00:37.074965Z\x1b[0m \x1b[31mERROR\x1b[0m \x1b[1mstderr\x1b[0m\x1b[1m{\x1b[0m\x1b[3mclient\x1b[0m\x1b[2m=\x1b[0mInnerClientId { ptr: 0x93f271a0, alive: true }\x1b[1m}\x1b[0m\x1b[2m:\x1b[0m com.system76.CosmicPanelLauncherButton: Failed to find valid desktop file 'com.system76.CosmicLauncher.desktop' in search paths
[2m1970-01-01T00:00:37.079211Z[0m [32m INFO[0m [1mcosmic-panel[0m[2m:[0m [2mcosmic_session::notifications[0m[2m:[0m \x1b[2m1970-01-01T00:00:37.075293Z\x1b[0m \x1b[31mERROR\x1b[0m \x1b[1mstderr\x1b[0m\x1b[1m{\x1b[0m\x1b[3mclient\x1b[0m\x1b[2m=\x1b[0mInnerClientId { ptr: 0x93f271a0, alive: true }\x1b[1m}\x1b[0m\x1b[2m:\x1b[0m com.system76.CosmicPanelLauncherButton: stack backtrace:
[2m1970-01-01T00:00:37.079896Z[0m [33m WARN[0m [1mcosmic-idle[0m[2m:[0m [2mcosmic_session[0m[2m:[0m [1970-01-01T00:00:37Z INFO  tracing::span] read_socket;
[2m1970-01-01T00:00:37.109999Z[0m [32m INFO[0m [1mcosmic-panel[0m[2m:[0m [2mcosmic_session::notifications[0m[2m:[0m \x1b[2m1970-01-01T00:00:37.109999Z\x1b[0m \x1b[32m INFO\x1b[0m \x1b[1mstdout\x1b[0m\x1b[1m{\x1b[0m\x1b[3mclient\x1b[0m\x1b[2m=\x1b[0mInnerClientId { ptr: 0x92b2a3d0, alive: true }\x1b[1m}\x1b[0m\x1b[2m:\x1b[0m com.system76.CosmicPanelAppButton: \x1b[2m1970-01-01T00:00:37.109999Z\x1b[0m \x1b[31mERROR\x1b[0m \x1b[2mcosmic::theme\x1b[0m\x1b[2m:\x1b[0m error loading system dark theme \x1b[3merror\x1b[0m\x1b[2m=\x1b[0mGetKey("name", Os { code: 24, kind: Uncategorized, message: "No file descriptors available" })
[2m1970-01-01T00:00:37.109999Z[0m [32m INFO[0m [1mcosmic-panel[0m[2m:[0m [2mcosmic_session::notifications[0m[2m:[0m \x1b[2m1970-01-01T00:00:37.109999Z\x1b[0m \x1b[32m INFO\x1b[0m \x1b[1mstdout\x1b[0m\x1b[1m{\x1b[0m\x1b[3mclient\x1b[0m\x1b[2m=\x1b[0mInnerClientId { ptr: 0x92b2a3d0, alive: true }\x1b[1m}\x1b[0m\x1b[2m:\x1b[0m com.system76.CosmicPanelAppButton: \x1b[2m1970-01-01T00:00:37.109999Z\x1b[0m \x1b[31mERROR\x1b[0m \x1b[2mcosmic::theme\x1b[0m\x1b[2m:\x1b[0m error loading system dark theme \x1b[3merror\x1b[0m\x1b[2m=\x1b[0mGetKey("background", Os { code: 24, kind: Uncategorized, message: "No file descriptors available" })
[2m1970-01-01T00:00:37.109999Z[0m [32m INFO[0m [1mcosmic-panel[0m[2m:[0m [2mcosmic_session::notifications[0m[2m:[0m \x1b[2m1970-01-01T00:00:37.109999Z\x1b[0m \x1b[32m INFO\x1b[0m \x1b[1mstdout\x1b[0m\x1b[1m{\x1b[0m\x1b[3mclient\x1b[0m\x1b[2m=\x1b[0mInnerClientId { ptr: 0x92b2a3d0, alive: true }\x1b[1m}\x1b[0m\x1b[2m:\x1b[0m com.system76.CosmicPanelAppButton: \x1b[2m1970-01-01T00:00:37.109999Z\x1b[0m \x1b[31mERROR\x1b[0m \x1b[2mcosmic::theme\x1b[0m\x1b[2m:\x1b[0m error loading system dark theme \x1b[3merror\x1b[0m\x1b[2m=\x1b[0mGetKey("primary", Os { code: 24, kind: Uncategorized, message: "No file descriptors available" })
[2m1970-01-01T00:00:37.109999Z[0m [32m INFO[0m [1mcosmic-panel[0m[2m:[0m [2mcosmic_session::notifications[0m[2m:[0m \x1b[2m1970-01-01T00:00:37.109999Z\x1b[0m \x1b[32m INFO\x1b[0m \x1b[1mstdout\x1b[0m\x1b[1m{\x1b[0m\x1b[3mclient\x1b[0m\x1b[2m=\x1b[0mInnerClientId { ptr: 0x92b2a3d0, alive: true }\x1b[1m}\x1b[0m\x1b[2m:\x1b[0m com.system76.CosmicPanelAppButton: \x1b[2m1970-01-01T00:00:37.109999Z\x1b[0m \x1b[31mERROR\x1b[0m \x1b[2mcosmic::theme\x1b[0m\x1b[2m:\x1b[0m error loading system dark theme \x1b[3merror\x1b[0m\x1b[2m=\x1b[0mGetKey("secondary", Os { code: 24, kind: Uncategorized, message: "No file descriptors available" })
[2m1970-01-01T00:00:37.109999Z[0m [32m INFO[0m [1mcosmic-panel[0m[2m:[0m [2mcosmic_session::notifications[0m[2m:[0m \x1b[2m1970-01-01T00:00:37.109999Z\x1b[0m \x1b[32m INFO\x1b[0m \x1b[1mstdout\x1b[0m\x1b[1m{\x1b[0m\x1b[3mclient\x1b[0m\x1b[2m=\x1b[0mInnerClientId { ptr: 0x92b2a3d0, alive: true }\x1b[1m}\x1b[0m\x1b[2m:\x1b[0m com.system76.CosmicPanelAppButton: \x1b[2m1970-01-01T00:00:37.109999Z\x1b[0m \x1b[31mERROR\x1b[0m \x1b[2mcosmic::theme\x1b[0m\x1b[2m:\x1b[0m error loading system dark theme \x1b[3merror\x1b[0m\x1b[2m=\x1b[0mGetKey("transparent_background", Os { code: 24, kind: Uncategorized, message: "No file descriptors available" })
[2m1970-01-01T00:00:37.109999Z[0m [32m INFO[0m [1mcosmic-panel[0m[2m:[0m [2mcosmic_session::notifications[0m[2m:[0m \x1b[2m1970-01-01T00:00:37.109999Z\x1b[0m \x1b[32m INFO\x1b[0m \x1b[1mstdout\x1b[0m\x1b[1m{\x1b[0m\x1b[3mclient\x1b[0m\x1b[2m=\x1b[0mInnerClientId { ptr: 0x92b2a3d0, alive: true }\x1b[1m}\x1b[0m\x1b[2m:\x1b[0m com.system76.CosmicPanelAppButton: \x1b[2m1970-01-01T00:00:37.109999Z\x1b[0m \x1b[31mERROR\x1b[0m \x1b[2mcosmic::theme\x1b[0m\x1b[2m:\x1b[0m error loading system dark theme \x1b[3merror\x1b[0m\x1b[2m=\x1b[0mGetKey("transparent_primary", Os { code: 24, kind: Uncategorized, message: "No file descriptors available" })
[2m1970-01-01T00:00:37.109999Z[0m [32m INFO[0m [1mcosmic-panel[0m[2m:[0m [2mcosmic_session::notifications[0m[2m:[0m \x1b[2m1970-01-01T00:00:37.109999Z\x1b[0m \x1b[32m INFO\x1b[0m \x1b[1mstdout\x1b[0m\x1b[1m{\x1b[0m\x1b[3mclient\x1b[0m\x1b[2m=\x1b[0mInnerClientId { ptr: 0x92b2a3d0, alive: true }\x1b[1m}\x1b[0m\x1b[2m:\x1b[0m com.system76.CosmicPanelAppButton: \x1b[2m1970-01-01T00:00:37.109999Z\x1b[0m \x1b[31mERROR\x1b[0m \x1b[2mcosmic::theme\x1b[0m\x1b[2m:\x1b[0m error loading system dark theme \x1b[3merror\x1b[0m\x1b[2m=\x1b[0mGetKey("transparent_secondary", Os { code: 24, kind: Uncategorized, message: "No file descriptors available" })
[2m1970-01-01T00:00:37.109999Z[0m [32m INFO[0m [1mcosmic-panel[0m[2m:[0m [2mcosmic_session::notifications[0m[2m:[0m \x1b[2m1970-01-01T00:00:37.109999Z\x1b[0m \x1b[32m INFO\x1b[0m \x1b[1mstdout\x1b[0m\x1b[1m{\x1b[0m\x1b[3mclient\x1b[0m\x1b[2m=\x1b[0mInnerClientId { ptr: 0x92b2a3d0, alive: true }\x1b[1m}\x1b[0m\x1b[2m:\x1b[0m com.system76.CosmicPanelAppButton: \x1b[2m1970-01-01T00:00:37.109999Z\x1b[0m \x1b[31mERROR\x1b[0m \x1b[2mcosmic::theme\x1b[0m\x1b[2m:\x1b[0m error loading system dark theme \x1b[3merror\x1b[0m\x1b[2m=\x1b[0mGetKey("button", Os { code: 24, kind: Uncategorized, message: "No file descriptors available" })
[2m1970-01-01T00:00:37.880864Z[0m [32m INFO[0m [1mcosmic-panel[0m[2m:[0m [2mcosmic_session::notifications[0m[2m:[0m \x1b[2m1970-01-01T00:00:37.109999Z\x1b[0m \x1b[32m INFO\x1b[0m \x1b[1mstdout\x1b[0m\x1b[1m{\x1b[0m\x1b[3mclient\x1b[0m\x1b[2m=\x1b[0mInnerClientId { ptr: 0x92b2a3d0, alive: true }\x1b[1m}\x1b[0m\x1b[2m:\x1b[0m com.system76.CosmicPanelAppButton: \x1b[2m1970-01-01T00:00:37.109999Z\x1b[0m \x1b[31mERROR\x1b[0m \x1b[2mcosmic::theme\x1b[0m\x1b[2m:\x1b[0m error loading system dark theme \x1b[3merror\x1b[0m\x1b[2m=\x1b[0mGetKey("accent", Os { code: 24, kind: Uncategorized, message: "No file descriptors available" })
[2m1970-01-01T00:00:37.882045Z[0m [32m INFO[0m [1mcosmic-panel[0m[2m:[0m [2mcosmic_session::notifications[0m[2m:[0m \x1b[2m1970-01-01T00:00:37.109999Z\x1b[0m \x1b[32m INFO\x1b[0m \x1b[1mstdout\x1b[0m\x1b[1m{\x1b[0m\x1b[3mclient\x1b[0m\x1b[2m=\x1b[0mInnerClientId { ptr: 0x92b2a3d0, alive: true }\x1b[1m}\x1b[0m\x1b[2m:\x1b[0m com.system76.CosmicPanelAppButton: \x1b[2m1970-01-01T00:00:37.109999Z\x1b[0m \x1b[31mERROR\x1b[0m \x1b[2mcosmic::theme\x1b[0m\x1b[2m:\x1b[0m error loading system dark theme \x1b[3merror\x1b[0m\x1b[2m=\x1b[0mGetKey("success", Os { code: 24, kind: Uncategorized, message: "No file descriptors available" })
[2m1970-01-01T00:00:37.883186Z[0m [32m INFO[0m [1mcosmic-panel[0m[2m:[0m [2mcosmic_session::notifications[0m[2m:[0m \x1b[2m1970-01-01T00:00:37.109999Z\x1b[0m \x1b[32m INFO\x1b[0m \x1b[1mstdout\x1b[0m\x1b[1m{\x1b[0m\x1b[3mclient\x1b[0m\x1b[2m=\x1b[0mInnerClientId { ptr: 0x92b2a3d0, alive: true }\x1b[1m}\x1b[0m\x1b[2m:\x1b[0m com.system76.CosmicPanelAppButton: \x1b[2m1970-01-01T00:00:37.109999Z\x1b[0m \x1b[31mERROR\x1b[0m \x1b[2mcosmic::theme\x1b[0m\x1b[2m:\x1b[0m error loading system dark theme \x1b[3merror\x1b[0m\x1b[2m=\x1b[0mGetKey("destructive", Os { code: 24, kind: Uncategorized, message: "No file descriptors available" })
[2m1970-01-01T00:00:37.884341Z[0m [32m INFO[0m [1mcosmic-panel[0m[2m:[0m [2mcosmic_session::notifications[0m[2m:[0m \x1b[2m1970-01-01T00:00:37.109999Z\x1b[0m \x1b[32m INFO\x1b[0m \x1b[1mstdout\x1b[0m\x1b[1m{\x1b[0m\x1b[3mclient\x1b[0m\x1b[2m=\x1b[0mInnerClientId { ptr: 0x92b2a3d0, alive: true }\x1b[1m}\x1b[0m\x1b[2m:\x1b[0m com.system76.CosmicPanelAppButton: \x1b[2m1970-01-01T00:00:37.109999Z\x1b[0m \x1b[31mERROR\x1b[0m \x1b[2mcosmic::theme\x1b[0m\x1b[2m:\x1b[0m error loading system dark theme \x1b[3merror\x1b[0m\x1b[2m=\x1b[0mGetKey("warning", Os { code: 24, kind: Uncategorized, message: "No file descriptors available" })
[2m1970-01-01T00:00:37.885508Z[0m [32m INFO[0m [1mcosmic-panel[0m[2m:[0m [2mcosmic_session::notifications[0m[2m:[0m \x1b[2m1970-01-01T00:00:37.109999Z\x1b[0m \x1b[32m INFO\x1b[0m \x1b[1mstdout\x1b[0m\x1b[1m{\x1b[0m\x1b[3mclient\x1b[0m\x1b[2m=\x1b[0mInnerClientId { ptr: 0x92b2a3d0, alive: true }\x1b[1m}\x1b[0m\x1b[2m:\x1b[0m com.system76.CosmicPanelAppButton: \x1b[2m1970-01-01T00:00:37.109999Z\x1b[0m \x1b[31mERROR\x1b[0m \x1b[2mcosmic::theme\x1b[0m\x1b[2m:\x1b[0m error loading system dark theme \x1b[3merror\x1b[0m\x1b[2m=\x1b[0mGetKey("accent_button", Os { code: 24, kind: Uncategorized, message: "No file descriptors available" })
[2m1970-01-01T00:00:37.886653Z[0m [32m INFO[0m [1mcosmic-panel[0m[2m:[0m [2mcosmic_session::notifications[0m[2m:[0m \x1b[2m1970-01-01T00:00:37.109999Z\x1b[0m \x1b[32m INFO\x1b[0m \x1b[1mstdout\x1b[0m\x1b[1m{\x1b[0m\x1b[3mclient\x1b[0m\x1b[2m=\x1b[0mInnerClientId { ptr: 0x92b2a3d0, alive: true }\x1b[1m}\x1b[0m\x1b[2m:\x1b[0m com.system76.CosmicPanelAppButton: \x1b[2m1970-01-01T00:00:37.109999Z\x1b[0m \x1b[31mERROR\x1b[0m \x1b[2mcosmic::theme\x1b[0m\x1b[2m:\x1b[0m error loading system dark theme \x1b[3merror\x1b[0m\x1b[2m=\x1b[0mGetKey("success_button", Os { code: 24, kind: Uncategorized, message: "No file descriptors available" })
[2m1970-01-01T00:00:37.887672Z[0m [32m INFO[0m [1mcosmic-panel[0m[2m:[0m [2mcosmic_session::notifications[0m[2m:[0m \x1b[2m1970-01-01T00:00:37.109999Z\x1b[0m \x1b[32m INFO\x1b[0m \x1b[1mstdout\x1b[0m\x1b[1m{\x1b[0m\x1b[3mclient\x1b[0m\x1b[2m=\x1b[0mInnerClientId { ptr: 0x92b2a3d0, alive: true }\x1b[1m}\x1b[0m\x1b[2m:\x1b[0m com.system76.CosmicPanelAppButton: \x1b[2m1970-01-01T00:00:37.109999Z\x1b[0m \x1b[31mERROR\x1b[0m \x1b[2mcosmic::theme\x1b[0m\x1b[2m:\x1b[0m error loading system dark theme \x1b[3merror\x1b[0m\x1b[2m=\x1b[0mGetKey("destructive_button", Os { code: 24, kind: Uncategorized, message: "No file descriptors available" })
[2m1970-01-01T00:00:37.888643Z[0m [32m INFO[0m [1mcosmic-panel[0m[2m:[0m [2mcosmic_session::notifications[0m[2m:[0m \x1b[2m1970-01-01T00:00:37.109999Z\x1b[0m \x1b[32m INFO\x1b[0m \x1b[1mstdout\x1b[0m\x1b[1m{\x1b[0m\x1b[3mclient\x1b[0m\x1b[2m=\x1b[0mInnerClientId { ptr: 0x92b2a3d0, alive: true }\x1b[1m}\x1b[0m\x1b[2m:\x1b[0m com.system76.CosmicPanelAppButton: \x1b[2m1970-01-01T00:00:37.109999Z\x1b[0m \x1b[31mERROR\x1b[0m \x1b[2mcosmic::theme\x1b[0m\x1b[2m:\x1b[0m error loading system dark theme \x1b[3merror\x1b[0m\x1b[2m=\x1b[0mGetKey("warning_button", Os { code: 24, kind: Uncategorized, message: "No file descriptors available" })
[2m1970-01-01T00:00:37.889548Z[0m [32m INFO[0m [1mcosmic-panel[0m[2m:[0m [2mcosmic_session::notifications[0m[2m:[0m \x1b[2m1970-01-01T00:00:37.109999Z\x1b[0m \x1b[32m INFO\x1b[0m \x1b[1mstdout\x1b[0m\x1b[1m{\x1b[0m\x1b[3mclient\x1b[0m\x1b[2m=\x1b[0mInnerClientId { ptr: 0x92b2a3d0, alive: true }\x1b[1m}\x1b[0m\x1b[2m:\x1b[0m com.system76.CosmicPanelAppButton: \x1b[2m1970-01-01T00:00:37.109999Z\x1b[0m \x1b[31mERROR\x1b[0m \x1b[2mcosmic::theme\x1b[0m\x1b[2m:\x1b[0m error loading system dark theme \x1b[3merror\x1b[0m\x1b[2m=\x1b[0mGetKey("icon_button", Os { code: 24, kind: Uncategorized, message: "No file descriptors available" })
[2m1970-01-01T00:00:37.894426Z[0m [33m WARN[0m [1mcosmic-idle[0m[2m:[0m [2mcosmic_session[0m[2m:[0m [1970-01-01T00:00:37Z INFO  tracing::span] read_socket;
[2m1970-01-01T00:00:37.896030Z[0m [32m INFO[0m [1mcosmic-panel[0m[2m:[0m [2mcosmic_session::notifications[0m[2m:[0m \x1b[2m1970-01-01T00:00:37.109999Z\x1b[0m \x1b[32m INFO\x1b[0m \x1b[1mstdout\x1b[0m\x1b[1m{\x1b[0m\x1b[3mclient\x1b[0m\x1b[2m=\x1b[0mInnerClientId { ptr: 0x92b2a3d0, alive: true }\x1b[1m}\x1b[0m\x1b[2m:\x1b[0m com.system76.CosmicPanelAppButton: \x1b[2m1970-01-01T00:00:37.109999Z\x1b[0m \x1b[31mERROR\x1b[0m \x1b[2mcosmic::theme\x1b[0m\x1b[2m:\x1b[0m error loading system dark theme \x1b[3merror\x1b[0m\x1b[2m=\x1b[0mGetKey("palette", Os { code: 24, kind: Uncategorized, message: "No file descriptors available" })
[2m1970-01-01T00:00:37.896963Z[0m [32m INFO[0m [1mcosmic-panel[0m[2m:[0m [2mcosmic_session::notifications[0m[2m:[0m \x1b[2m1970-01-01T00:00:37.109999Z\x1b[0m \x1b[32m INFO\x1b[0m \x1b[1mstdout\x1b[0m\x1b[1m{\x1b[0m\x1b[3mclient\x1b[0m\x1b[2m=\x1b[0mInnerClientId { ptr: 0x92b2a3d0, alive: true }\x1b[1m}\x1b[0m\x1b[2m:\x1b[0m com.system76.CosmicPanelAppButton: \x1b[2m1970-01-01T00:00:37.109999Z\x1b[0m \x1b[31mERROR\x1b[0m \x1b[2mcosmic::theme\x1b[0m\x1b[2m:\x1b[0m error loading system dark theme \x1b[3merror\x1b[0m\x1b[2m=\x1b[0mGetKey("spacing", Os { code: 24, kind: Uncategorized, message: "No file descriptors available" })
[2m1970-01-01T00:00:37.898054Z[0m [32m INFO[0m [1mcosmic-panel[0m[2m:[0m [2mcosmic_session::notifications[0m[2m:[0m \x1b[2m1970-01-01T00:00:37.109999Z\x1b[0m \x1b[32m INFO\x1b[0m \x1b[1mstdout\x1b[0m\x1b[1m{\x1b[0m\x1b[3mclient\x1b[0m\x1b[2m=\x1b[0mInnerClientId { ptr: 0x92b2a3d0, alive: true }\x1b[1m}\x1b[0m\x1b[2m:\x1b[0m com.system76.CosmicPanelAppButton: \x1b[2m1970-01-01T00:00:37.109999Z\x1b[0m \x1b[31mERROR\x1b[0m \x1b[2mcosmic::theme\x1b[0m\x1b[2m:\x1b[0m error loading system dark theme \x1b[3merror\x1b[0m\x1b[2m=\x1b[0mGetKey("corner_radii", Os { code: 24, kind: Uncategorized, message: "No file descriptors available" })
[2m1970-01-01T00:00:37.899277Z[0m [32m INFO[0m [1mcosmic-panel[0m[2m:[0m [2mcosmic_session::notifications[0m[2m:[0m \x1b[2m1970-01-01T00:00:37.109999Z\x1b[0m \x1b[32m INFO\x1b[0m \x1b[1mstdout\x1b[0m\x1b[1m{\x1b[0m\x1b[3mclient\x1b[0m\x1b[2m=\x1b[0mInnerClientId { ptr: 0x92b2a3d0, alive: true }\x1b[1m}\x1b[0m\x1b[2m:\x1b[0m com.system76.CosmicPanelAppButton: \x1b[2m1970-01-01T00:00:37.109999Z\x1b[0m \x1b[31mERROR\x1b[0m \x1b[2mcosmic::theme\x1b[0m\x1b[2m:\x1b[0m error loading system dark theme \x1b[3merror\x1b[0m\x1b[2m=\x1b[0mGetKey("is_dark", Os { code: 24, kind: Uncategorized, message: "No file descriptors available" })
[2m1970-01-01T00:00:37.900289Z[0m [32m INFO[0m [1mcosmic-panel[0m[2m:[0m [2mcosmic_session::notifications[0m[2m:[0m \x1b[2m1970-01-01T00:00:37.109999Z\x1b[0m \x1b[32m INFO\x1b[0m \x1b[1mstdout\x1b[0m\x1b[1m{\x1b[0m\x1b[3mclient\x1b[0m\x1b[2m=\x1b[0mInnerClientId { ptr: 0x92b2a3d0, alive: true }\x1b[1m}\x1b[0m\x1b[2m:\x1b[0m com.system76.CosmicPanelAppButton: \x1b[2m1970-01-01T00:00:37.109999Z\x1b[0m \x1b[31mERROR\x1b[0m \x1b[2mcosmic::theme\x1b[0m\x1b[2m:\x1b[0m error loading system dark theme \x1b[3merror\x1b[0m\x1b[2m=\x1b[0mGetKey("is_high_contrast", Os { code: 24, kind: Uncategorized, message: "No file descriptors available" })
[2m1970-01-01T00:00:37.901330Z[0m [32m INFO[0m [1mcosmic-panel[0m[2m:[0m [2mcosmic_session::notifications[0m[2m:[0m \x1b[2m1970-01-01T00:00:37.109999Z\x1b[0m \x1b[32m INFO\x1b[0m \x1b[1mstdout\x1b[0m\x1b[1m{\x1b[0m\x1b[3mclient\x1b[0m\x1b[2m=\x1b[0mInnerClientId { ptr: 0x92b2a3d0, alive: true }\x1b[1m}\x1b[0m\x1b[2m:\x1b[0m com.system76.CosmicPanelAppButton: \x1b[2m1970-01-01T00:00:37.109999Z\x1b[0m \x1b[31mERROR\x1b[0m \x1b[2mcosmic::theme\x1b[0m\x1b[2m:\x1b[0m error loading system dark theme \x1b[3merror\x1b[0m\x1b[2m=\x1b[0mGetKey("gaps", Os { code: 24, kind: Uncategorized, message: "No file descriptors available" })
[2m1970-01-01T00:00:37.902416Z[0m [32m INFO[0m [1mcosmic-panel[0m[2m:[0m [2mcosmic_session::notifications[0m[2m:[0m \x1b[2m1970-01-01T00:00:37.109999Z\x1b[0m \x1b[32m INFO\x1b[0m \x1b[1mstdout\x1b[0m\x1b[1m{\x1b[0m\x1b[3mclient\x1b[0m\x1b[2m=\x1b[0mInnerClientId { ptr: 0x92b2a3d0, alive: true }\x1b[1m}\x1b[0m\x1b[2m:\x1b[0m com.system76.CosmicPanelAppButton: \x1b[2m1970-01-01T00:00:37.109999Z\x1b[0m \x1b[31mERROR\x1b[0m \x1b[2mcosmic::theme\x1b[0m\x1b[2m:\x1b[0m error loading system dark theme \x1b[3merror\x1b[0m\x1b[2m=\x1b[0mGetKey("active_hint", Os { code: 24, kind: Uncategorized, message: "No file descriptors available" })
[2m1970-01-01T00:00:37.903591Z[0m [32m INFO[0m [1mcosmic-panel[0m[2m:[0m [2mcosmic_session::notifications[0m[2m:[0m \x1b[2m1970-01-01T00:00:37.109999Z\x1b[0m \x1b[32m INFO\x1b[0m \x1b[1mstdout\x1b[0m\x1b[1m{\x1b[0m\x1b[3mclient\x1b[0m\x1b[2m=\x1b[0mInnerClientId { ptr: 0x92b2a3d0, alive: true }\x1b[1m}\x1b[0m\x1b[2m:\x1b[0m com.system76.CosmicPanelAppButton: \x1b[2m1970-01-01T00:00:37.109999Z\x1b[0m \x1b[31mERROR\x1b[0m \x1b[2mcosmic::theme\x1b[0m\x1b[2m:\x1b[0m error loading system dark theme \x1b[3merror\x1b[0m\x1b[2m=\x1b[0mGetKey("window_hint", Os { code: 24, kind: Uncategorized, message: "No file descriptors available" })
[2m1970-01-01T00:00:37.945393Z[0m [32m INFO[0m [1mcosmic-panel[0m[2m:[0m [2mcosmic_session::notifications[0m[2m:[0m \x1b[2m1970-01-01T00:00:37.109999Z\x1b[0m \x1b[32m INFO\x1b[0m \x1b[1mstdout\x1b[0m\x1b[1m{\x1b[0m\x1b[3mclient\x1b[0m\x1b[2m=\x1b[0mInnerClientId { ptr: 0x92b2a3d0, alive: true }\x1b[1m}\x1b[0m\x1b[2m:\x1b[0m com.system76.CosmicPanelAppButton: \x1b[2m1970-01-01T00:00:37.109999Z\x1b[0m \x1b[31mERROR\x1b[0m \x1b[2mcosmic::theme\x1b[0m\x1b[2m:\x1b[0m error loading system dark theme \x1b[3merror\x1b[0m\x1b[2m=\x1b[0mGetKey("frosted", Os { code: 24, kind: Uncategorized, message: "No file descriptors available" })
[2m1970-01-01T00:00:37.948227Z[0m [32m INFO[0m [1mcosmic-panel[0m[2m:[0m [2mcosmic_session::notifications[0m[2m:[0m \x1b[2m1970-01-01T00:00:37.109999Z\x1b[0m \x1b[32m INFO\x1b[0m \x1b[1mstdout\x1b[0m\x1b[1m{\x1b[0m\x1b[3mclient\x1b[0m\x1b[2m=\x1b[0mInnerClientId { ptr: 0x92b2a3d0, alive: true }\x1b[1m}\x1b[0m\x1b[2m:\x1b[0m com.system76.CosmicPanelAppButton: \x1b[2m1970-01-01T00:00:37.109999Z\x1b[0m \x1b[31mERROR\x1b[0m \x1b[2mcosmic::theme\x1b[0m\x1b[2m:\x1b[0m error loading system dark theme \x1b[3merror\x1b[0m\x1b[2m=\x1b[0mGetKey("frosted_windows", Os { code: 24, kind: Uncategorized, message: "No file descriptors available" })
[2m1970-01-01T00:00:37.949284Z[0m [32m INFO[0m [1mcosmic-panel[0m[2m:[0m [2mcosmic_session::notifications[0m[2m:[0m \x1b[2m1970-01-01T00:00:37.109999Z\x1b[0m \x1b[32m INFO\x1b[0m \x1b[1mstdout\x1b[0m\x1b[1m{\x1b[0m\x1b[3mclient\x1b[0m\x1b[2m=\x1b[0mInnerClientId { ptr: 0x92b2a3d0, alive: true }\x1b[1m}\x1b[0m\x1b[2m:\x1b[0m com.system76.CosmicPanelAppButton: \x1b[2m1970-01-01T00:00:37.109999Z\x1b[0m \x1b[31mERROR\x1b[0m \x1b[2mcosmic::theme\x1b[0m\x1b[2m:\x1b[0m error loading system dark theme \x1b[3merror\x1b[0m\x1b[2m=\x1b[0mGetKey("frosted_system_interface", Os { code: 24, kind: Uncategorized, message: "No file descriptors available" })
[2m1970-01-01T00:00:37.950637Z[0m [32m INFO[0m [1mcosmic-panel[0m[2m:[0m [2mcosmic_session::notifications[0m[2m:[0m \x1b[2m1970-01-01T00:00:37.109999Z\x1b[0m \x1b[32m INFO\x1b[0m \x1b[1mstdout\x1b[0m\x1b[1m{\x1b[0m\x1b[3mclient\x1b[0m\x1b[2m=\x1b[0mInnerClientId { ptr: 0x92b2a3d0, alive: true }\x1b[1m}\x1b[0m\x1b[2m:\x1b[0m com.system76.CosmicPanelAppButton: \x1b[2m1970-01-01T00:00:37.109999Z\x1b[0m \x1b[31mERROR\x1b[0m \x1b[2mcosmic::theme\x1b[0m\x1b[2m:\x1b[0m error loading system dark theme \x1b[3merror\x1b[0m\x1b[2m=\x1b[0mGetKey("frosted_panel", Os { code: 24, kind: Uncategorized, message: "No file descriptors available" })
[2m1970-01-01T00:00:37.951687Z[0m [32m INFO[0m [1mcosmic-panel[0m[2m:[0m [2mcosmic_session::notifications[0m[2m:[0m \x1b[2m1970-01-01T00:00:37.109999Z\x1b[0m \x1b[32m INFO\x1b[0m \x1b[1mstdout\x1b[0m\x1b[1m{\x1b[0m\x1b[3mclient\x1b[0m\x1b[2m=\x1b[0mInnerClientId { ptr: 0x92b2a3d0, alive: true }\x1b[1m}\x1b[0m\x1b[2m:\x1b[0m com.system76.CosmicPanelAppButton: \x1b[2m1970-01-01T00:00:37.109999Z\x1b[0m \x1b[31mERROR\x1b[0m \x1b[2mcosmic::theme\x1b[0m\x1b[2m:\x1b[0m error loading system dark theme \x1b[3merror\x1b[0m\x1b[2m=\x1b[0mGetKey("frosted_applets", Os { code: 24, kind: Uncategorized, message: "No file descriptors available" })
[2m1970-01-01T00:00:37.952794Z[0m [32m INFO[0m [1mcosmic-panel[0m[2m:[0m [2mcosmic_session::notifications[0m[2m:[0m \x1b[2m1970-01-01T00:00:37.109999Z\x1b[0m \x1b[32m INFO\x1b[0m \x1b[1mstdout\x1b[0m\x1b[1m{\x1b[0m\x1b[3mclient\x1b[0m\x1b[2m=\x1b[0mInnerClientId { ptr: 0x92b2a3d0, alive: true }\x1b[1m}\x1b[0m\x1b[2m:\x1b[0m com.system76.CosmicPanelAppButton: \x1b[2m1970-01-01T00:00:37.109999Z\x1b[0m \x1b[31mERROR\x1b[0m \x1b[2mcosmic::theme\x1b[0m\x1b[2m:\x1b[0m error loading system dark theme \x1b[3merror\x1b[0m\x1b[2m=\x1b[0mGetKey("shade", Os { code: 24, kind: Uncategorized, message: "No file descriptors available" })
[2m1970-01-01T00:00:37.953776Z[0m [32m INFO[0m [1mcosmic-panel[0m[2m:[0m [2mcosmic_session::notifications[0m[2m:[0m \x1b[2m1970-01-01T00:00:37.109999Z\x1b[0m \x1b[32m INFO\x1b[0m \x1b[1mstdout\x1b[0m\x1b[1m{\x1b[0m\x1b[3mclient\x1b[0m\x1b[2m=\x1b[0mInnerClientId { ptr: 0x92b2a3d0, alive: true }\x1b[1m}\x1b[0m\x1b[2m:\x1b[0m com.system76.CosmicPanelAppButton: \x1b[2m1970-01-01T00:00:37.109999Z\x1b[0m \x1b[31mERROR\x1b[0m \x1b[2mcosmic::theme\x1b[0m\x1b[2m:\x1b[0m error loading system dark theme \x1b[3merror\x1b[0m\x1b[2m=\x1b[0mGetKey("control_tint", Os { code: 24, kind: Uncategorized, message: "No file descriptors available" })
[2m1970-01-01T00:00:37.954903Z[0m [32m INFO[0m [1mcosmic-panel[0m[2m:[0m [2mcosmic_session::notifications[0m[2m:[0m \x1b[2m1970-01-01T00:00:37.332575Z\x1b[0m \x1b[32m INFO\x1b[0m \x1b[1mstdout\x1b[0m\x1b[1m{\x1b[0m\x1b[3mclient\x1b[0m\x1b[2m=\x1b[0mInnerClientId { ptr: 0x97987110, alive: true }\x1b[1m}\x1b[0m\x1b[2m:\x1b[0m com.system76.CosmicAppletMinimize: \x1b[2m1970-01-01T00:00:37.327611Z\x1b[0m \x1b[31mERROR\x1b[0m \x1b[2mcosmic::theme\x1b[0m\x1b[2m:\x1b[0m error loading system dark theme \x1b[3merror\x1b[0m\x1b[2m=\x1b[0mGetKey("transparent_primary", Os { code: 24, kind: Uncategorized, message: "No file descriptors available" })
[2m1970-01-01T00:00:37.996923Z[0m [32m INFO[0m [1mcosmic-panel[0m[2m:[0m [2mcosmic_session::notifications[0m[2m:[0m \x1b[2m1970-01-01T00:00:37.332768Z\x1b[0m \x1b[32m INFO\x1b[0m \x1b[1mstdout\x1b[0m\x1b[1m{\x1b[0m\x1b[3mclient\x1b[0m\x1b[2m=\x1b[0mInnerClientId { ptr: 0x97987110, alive: true }\x1b[1m}\x1b[0m\x1b[2m:\x1b[0m com.system76.CosmicAppletMinimize: \x1b[2m1970-01-01T00:00:37.328700Z\x1b[0m \x1b[31mERROR\x1b[0m \x1b[2mcosmic::theme\x1b[0m\x1b[2m:\x1b[0m error loading system dark theme \x1b[3merror\x1b[0m\x1b[2m=\x1b[0mGetKey("transparent_secondary", Os { code: 24, kind: Uncategorized, message: "No file descriptors available" })
[2m1970-01-01T00:00:38.000501Z[0m [32m INFO[0m [1mcosmic-panel[0m[2m:[0m [2mcosmic_session::notifications[0m[2m:[0m \x1b[2m1970-01-01T00:00:37.332855Z\x1b[0m \x1b[32m INFO\x1b[0m \x1b[1mstdout\x1b[0m\x1b[1m{\x1b[0m\x1b[3mclient\x1b[0m\x1b[2m=\x1b[0mInnerClientId { ptr: 0x97987110, alive: true }\x1b[1m}\x1b[0m\x1b[2m:\x1b[0m com.system76.CosmicAppletMinimize: \x1b[2m1970-01-01T00:00:37.328816Z\x1b[0m \x1b[31mERROR\x1b[0m \x1b[2mcosmic::theme\x1b[0m\x1b[2m:\x1b[0m error loading system dark theme \x1b[3merror\x1b[0m\x1b[2m=\x1b[0mGetKey("button", Os { code: 24, kind: Uncategorized, message: "No file descriptors available" })
[2m1970-01-01T00:00:38.001811Z[0m [32m INFO[0m [1mcosmic-panel[0m[2m:[0m [2mcosmic_session::notifications[0m[2m:[0m \x1b[2m1970-01-01T00:00:37.332944Z\x1b[0m \x1b[32m INFO\x1b[0m \x1b[1mstdout\x1b[0m\x1b[1m{\x1b[0m\x1b[3mclient\x1b[0m\x1b[2m=\x1b[0mInnerClientId { ptr: 0x97987110, alive: true }\x1b[1m}\x1b[0m\x1b[2m:\x1b[0m com.system76.CosmicAppletMinimize: \x1b[2m1970-01-01T00:00:37.328940Z\x1b[0m \x1b[31mERROR\x1b[0m \x1b[2mcosmic::theme\x1b[0m\x1b[2m:\x1b[0m error loading system dark theme \x1b[3merror\x1b[0m\x1b[2m=\x1b[0mGetKey("accent", Os { code: 24, kind: Uncategorized, message: "No file descriptors available" })
[2m1970-01-01T00:00:38.002898Z[0m [32m INFO[0m [1mcosmic-panel[0m[2m:[0m [2mcosmic_session::notifications[0m[2m:[0m \x1b[2m1970-01-01T00:00:37.333012Z\x1b[0m \x1b[32m INFO\x1b[0m \x1b[1mstdout\x1b[0m\x1b[1m{\x1b[0m\x1b[3mclient\x1b[0m\x1b[2m=\x1b[0mInnerClientId { ptr: 0x97987110, alive: true }\x1b[1m}\x1b[0m\x1b[2m:\x1b[0m com.system76.CosmicAppletMinimize: \x1b[2m1970-01-01T00:00:37.329071Z\x1b[0m \x1b[31mERROR\x1b[0m \x1b[2mcosmic::theme\x1b[0m\x1b[2m:\x1b[0m error loading system dark theme \x1b[3merror\x1b[0m\x1b[2m=\x1b[0mGetKey("success", Os { code: 24, kind: Uncategorized, message: "No file descriptors available" })
[2m1970-01-01T00:00:38.003856Z[0m [32m INFO[0m [1mcosmic-panel[0m[2m:[0m [2mcosmic_session::notifications[0m[2m:[0m \x1b[2m1970-01-01T00:00:37.333153Z\x1b[0m \x1b[32m INFO\x1b[0m \x1b[1mstdout\x1b[0m\x1b[1m{\x1b[0m\x1b[3mclient\x1b[0m\x1b[2m=\x1b[0mInnerClientId { ptr: 0x97987110, alive: true }\x1b[1m}\x1b[0m\x1b[2m:\x1b[0m com.system76.CosmicAppletMinimize: \x1b[2m1970-01-01T00:00:37.329188Z\x1b[0m \x1b[31mERROR\x1b[0m \x1b[2mcosmic::theme\x1b[0m\x1b[2m:\x1b[0m error loading system dark theme \x1b[3merror\x1b[0m\x1b[2m=\x1b[0mGetKey("destructive", Os { code: 24, kind: Uncategorized, message: "No file descriptors available" })
[2m1970-01-01T00:00:38.004951Z[0m [32m INFO[0m [1mcosmic-panel[0m[2m:[0m [2mcosmic_session::notifications[0m[2m:[0m \x1b[2m1970-01-01T00:00:37.333247Z\x1b[0m \x1b[32m INFO\x1b[0m \x1b[1mstdout\x1b[0m\x1b[1m{\x1b[0m\x1b[3mclient\x1b[0m\x1b[2m=\x1b[0mInnerClientId { ptr: 0x97987110, alive: true }\x1b[1m}\x1b[0m\x1b[2m:\x1b[0m com.system76.CosmicAppletMinimize: \x1b[2m1970-01-01T00:00:37.329253Z\x1b[0m \x1b[31mERROR\x1b[0m \x1b[2mcosmic::theme\x1b[0m\x1b[2m:\x1b[0m error loading system dark theme \x1b[3merror\x1b[0m\x1b[2m=\x1b[0mGetKey("warning", Os { code: 24, kind: Uncategorized, message: "No file descriptors available" })
[2m1970-01-01T00:00:38.058251Z[0m [32m INFO[0m [1mcosmic-panel[0m[2m:[0m [2mcosmic_session::notifications[0m[2m:[0m \x1b[2m1970-01-01T00:00:37.333334Z\x1b[0m \x1b[32m INFO\x1b[0m \x1b[1mstdout\x1b[0m\x1b[1m{\x1b[0m\x1b[3mclient\x1b[0m\x1b[2m=\x1b[0mInnerClientId { ptr: 0x97987110, alive: true }\x1b[1m}\x1b[0m\x1b[2m:\x1b[0m com.system76.CosmicAppletMinimize: \x1b[2m1970-01-01T00:00:37.329339Z\x1b[0m \x1b[31mERROR\x1b[0m \x1b[2mcosmic::theme\x1b[0m\x1b[2m:\x1b[0m error loading system dark theme \x1b[3merror\x1b[0m\x1b[2m=\x1b[0mGetKey("accent_button", Os { code: 24, kind: Uncategorized, message: "No file descriptors available" })
[2m1970-01-01T00:00:38.060619Z[0m [32m INFO[0m [1mcosmic-panel[0m[2m:[0m [2mcosmic_session::notifications[0m[2m:[0m \x1b[2m1970-01-01T00:00:37.333454Z\x1b[0m \x1b[32m INFO\x1b[0m \x1b[1mstdout\x1b[0m\x1b[1m{\x1b[0m\x1b[3mclient\x1b[0m\x1b[2m=\x1b[0mInnerClientId { ptr: 0x97987110, alive: true }\x1b[1m}\x1b[0m\x1b[2m:\x1b[0m com.system76.CosmicAppletMinimize: \x1b[2m1970-01-01T00:00:37.329443Z\x1b[0m \x1b[31mERROR\x1b[0m \x1b[2mcosmic::theme\x1b[0m\x1b[2m:\x1b[0m error loading system dark theme \x1b[3merror\x1b[0m\x1b[2m=\x1b[0mGetKey("success_button", Os { code: 24, kind: Uncategorized, message: "No file descriptors available" })
[2m1970-01-01T00:00:38.061880Z[0m [32m INFO[0m [1mcosmic-panel[0m[2m:[0m [2mcosmic_session::notifications[0m[2m:[0m \x1b[2m1970-01-01T00:00:37.333541Z\x1b[0m \x1b[32m INFO\x1b[0m \x1b[1mstdout\x1b[0m\x1b[1m{\x1b[0m\x1b[3mclient\x1b[0m\x1b[2m=\x1b[0mInnerClientId { ptr: 0x97987110, alive: true }\x1b[1m}\x1b[0m\x1b[2m:\x1b[0m com.system76.CosmicAppletMinimize: \x1b[2m1970-01-01T00:00:37.329531Z\x1b[0m \x1b[31mERROR\x1b[0m \x1b[2mcosmic::theme\x1b[0m\x1b[2m:\x1b[0m error loading system dark theme \x1b[3merror\x1b[0m\x1b[2m=\x1b[0mGetKey("destructive_button", Os { code: 24, kind: Uncategorized, message: "No file descriptors available" })
[2m1970-01-01T00:00:38.063175Z[0m [32m INFO[0m [1mcosmic-panel[0m[2m:[0m [2mcosmic_session::notifications[0m[2m:[0m \x1b[2m1970-01-01T00:00:37.333624Z\x1b[0m \x1b[32m INFO\x1b[0m \x1b[1mstdout\x1b[0m\x1b[1m{\x1b[0m\x1b[3mclient\x1b[0m\x1b[2m=\x1b[0mInnerClientId { ptr: 0x97987110, alive: true }\x1b[1m}\x1b[0m\x1b[2m:\x1b[0m com.system76.CosmicAppletMinimize: \x1b[2m1970-01-01T00:00:37.329616Z\x1b[0m \x1b[31mERROR\x1b[0m \x1b[2mcosmic::theme\x1b[0m\x1b[2m:\x1b[0m error loading system dark theme \x1b[3merror\x1b[0m\x1b[2m=\x1b[0mGetKey("warning_button", Os { code: 24, kind: Uncategorized, message: "No file descriptors available" })
[2m1970-01-01T00:00:38.077178Z[0m [32m INFO[0m [1mcosmic-notifications[0m[2m:[0m [2mcosmic_session::notifications[0m[2m:[0m \x1b[2m1970-01-01T00:00:38.051236Z\x1b[0m \x1b[31mERROR\x1b[0m \x1b[2mcosmic_config::dbus\x1b[0m\x1b[2m:\x1b[0m error getting config: com.system76.CosmicTheme.Dark failed to get key 'name': No file descriptors available (os error 24)
[2m1970-01-01T00:00:38.077569Z[0m [32m INFO[0m [1mcosmic-notifications[0m[2m:[0m [2mcosmic_session::notifications[0m[2m:[0m \x1b[2m1970-01-01T00:00:38.051403Z\x1b[0m \x1b[31mERROR\x1b[0m \x1b[2mcosmic_config::dbus\x1b[0m\x1b[2m:\x1b[0m error getting config: com.system76.CosmicTheme.Dark failed to get key 'background': No file descriptors available (os error 24)
[2m1970-01-01T00:00:38.078148Z[0m [32m INFO[0m [1mcosmic-notifications[0m[2m:[0m [2mcosmic_session::notifications[0m[2m:[0m \x1b[2m1970-01-01T00:00:38.051540Z\x1b[0m \x1b[31mERROR\x1b[0m \x1b[2mcosmic_config::dbus\x1b[0m\x1b[2m:\x1b[0m error getting config: com.system76.CosmicTheme.Dark failed to get key 'primary': No file descriptors available (os error 24)
[2m1970-01-01T00:00:38.078741Z[0m [32m INFO[0m [1mcosmic-notifications[0m[2m:[0m [2mcosmic_session::notifications[0m[2m:[0m \x1b[2m1970-01-01T00:00:38.051587Z\x1b[0m \x1b[31mERROR\x1b[0m \x1b[2mcosmic_config::dbus\x1b[0m\x1b[2m:\x1b[0m error getting config: com.system76.CosmicTheme.Dark failed to get key 'secondary': No file descriptors available (os error 24)
[2m1970-01-01T00:00:38.079132Z[0m [32m INFO[0m [1mcosmic-notifications[0m[2m:[0m [2mcosmic_session::notifications[0m[2m:[0m \x1b[2m1970-01-01T00:00:38.051636Z\x1b[0m \x1b[31mERROR\x1b[0m \x1b[2mcosmic_config::dbus\x1b[0m\x1b[2m:\x1b[0m error getting config: com.system76.CosmicTheme.Dark failed to get key 'transparent_background': No file descriptors available (os error 24)
[2m1970-01-01T00:00:38.080376Z[0m [32m INFO[0m [1mcosmic-notifications[0m[2m:[0m [2mcosmic_session::notifications[0m[2m:[0m \x1b[2m1970-01-01T00:00:38.051673Z\x1b[0m \x1b[31mERROR\x1b[0m \x1b[2mcosmic_config::dbus\x1b[0m\x1b[2m:\x1b[0m error getting config: com.system76.CosmicTheme.Dark failed to get key 'button': No file descriptors available (os error 24)
[2m1970-01-01T00:00:38.080927Z[0m [32m INFO[0m [1mcosmic-panel[0m[2m:[0m [2mcosmic_session::notifications[0m[2m:[0m \x1b[2m1970-01-01T00:00:37.333686Z\x1b[0m \x1b[32m INFO\x1b[0m \x1b[1mstdout\x1b[0m\x1b[1m{\x1b[0m\x1b[3mclient\x1b[0m\x1b[2m=\x1b[0mInnerClientId { ptr: 0x97987110, alive: true }\x1b[1m}\x1b[0m\x1b[2m:\x1b[0m com.system76.CosmicAppletMinimize: \x1b[2m1970-01-01T00:00:37.329695Z\x1b[0m \x1b[31mERROR\x1b[0m \x1b[2mcosmic::theme\x1b[0m\x1b[2m:\x1b[0m error loading system dark theme \x1b[3merror\x1b[0m\x1b[2m=\x1b[0mGetKey("icon_button", Os { code: 24, kind: Uncategorized, message: "No file descriptors available" })
[2m1970-01-01T00:00:38.081821Z[0m [32m INFO[0m [1mcosmic-panel[0m[2m:[0m [2mcosmic_session::notifications[0m[2m:[0m \x1b[2m1970-01-01T00:00:37.857465Z\x1b[0m \x1b[32m INFO\x1b[0m EGL Initialized
[2m1970-01-01T00:00:38.082020Z[0m [32m INFO[0m [1mcosmic-panel[0m[2m:[0m [2mcosmic_session::notifications[0m[2m:[0m \x1b[2m1970-01-01T00:00:37.905990Z\x1b[0m \x1b[32m INFO\x1b[0m \x1b[1mstdout\x1b[0m\x1b[1m{\x1b[0m\x1b[3mclient\x1b[0m\x1b[2m=\x1b[0mInnerClientId { ptr: 0x97987110, alive: true }\x1b[1m}\x1b[0m\x1b[2m:\x1b[0m com.system76.CosmicAppletMinimize: \x1b[2m1970-01-01T00:00:37.329858Z\x1b[0m \x1b[31mERROR\x1b[0m \x1b[2mcosmic::theme\x1b[0m\x1b[2m:\x1b[0m error loading system dark theme \x1b[3merror\x1b[0m\x1b[2m=\x1b[0mGetKey("link_button", Os { code: 24, kind: Uncategorized, message: "No file descriptors available" })
[2m1970-01-01T00:00:38.083081Z[0m [32m INFO[0m [1mcosmic-panel[0m[2m:[0m [2mcosmic_session::notifications[0m[2m:[0m \x1b[2m1970-01-01T00:00:37.906139Z\x1b[0m \x1b[32m INFO\x1b[0m \x1b[1mstdout\x1b[0m\x1b[1m{\x1b[0m\x1b[3mclient\x1b[0m\x1b[2m=\x1b[0mInnerClientId { ptr: 0x97987110, alive: true }\x1b[1m}\x1b[0m\x1b[2m:\x1b[0m com.system76.CosmicAppletMinimize: \x1b[2m1970-01-01T00:00:37.329999Z\x1b[0m \x1b[31mERROR\x1b[0m \x1b[2mcosmic::theme\x1b[0m\x1b[2m:\x1b[0m error loading system dark theme \x1b[3merror\x1b[0m\x1b[2m=\x1b[0mGetKey("text_button", Os { code: 24, kind: Uncategorized, message: "No file descriptors available" })
[2m1970-01-01T00:00:38.084313Z[0m [32m INFO[0m [1mcosmic-panel[0m[2m:[0m [2mcosmic_session::notifications[0m[2m:[0m \x1b[2m1970-01-01T00:00:37.906111Z\x1b[0m \x1b[32m INFO\x1b[0m EGL Version: (1, 5)
[2m1970-01-01T00:00:38.084732Z[0m [32m INFO[0m [1mcosmic-panel[0m[2m:[0m [2mcosmic_session::notifications[0m[2m:[0m \x1b[2m1970-01-01T00:00:37.906757Z\x1b[0m \x1b[32m INFO\x1b[0m Supported EGL display extensions: EGLExtensions { extensions: ["EGL_EXT_buffer_age", "EGL_EXT_config_select_group", "EGL_EXT_present_opaque", "EGL_EXT_surface_compression", "EGL_EXT_swap_buffers_with_damage", "EGL_KHR_cl_event2", "EGL_KHR_config_attribs", "EGL_KHR_context_flush_control", "EGL_KHR_create_context", "EGL_KHR_create_context_no_error", "EGL_KHR_fence_sync", "EGL_KHR_get_all_proc_addresses", "EGL_KHR_gl_colorspace", "EGL_KHR_gl_renderbuffer_image", "EGL_KHR_gl_texture_2D_image", "EGL_KHR_gl_texture_3D_image", "EGL_KHR_gl_texture_cubemap_image", "EGL_KHR_image_base", "EGL_KHR_no_config_context", "EGL_KHR_reusable_sync", "EGL_KHR_surfaceless_context", "EGL_KHR_swap_buffers_with_damage", "EGL_EXT_pixel_format_float", "EGL_KHR_wait_sync", "EGL_MESA_configless_context", "EGL_MESA_gl_interop", "EGL_MESA_query_driver", "EGL_MESA_x11_native_visual_id", ""], has_fences: true, has_native_fences: false, has_image_base: true, has_import_dmabuf: false, has_import_dmabuf_modifiers: false, has_export_dmabuf: false }
[2m1970-01-01T00:00:38.130363Z[0m [32m INFO[0m [1mcosmic-panel[0m[2m:[0m [2mcosmic_session::notifications[0m[2m:[0m \x1b[2m1970-01-01T00:00:37.907439Z\x1b[0m \x1b[33m WARN\x1b[0m Dmabuf import extension not available
[2m1970-01-01T00:00:38.130687Z[0m [32m INFO[0m [1mcosmic-panel[0m[2m:[0m [2mcosmic_session::notifications[0m[2m:[0m \x1b[2m1970-01-01T00:00:37.909386Z\x1b[0m \x1b[32m INFO\x1b[0m \x1b[1megl\x1b[0m\x1b[1m{\x1b[0m\x1b[3mplatform\x1b[0m\x1b[2m=\x1b[0m"PLATFORM_WAYLAND_KHR" \x1b[3mversion\x1b[0m\x1b[2m=\x1b[0m(1, 5)\x1b[1m}\x1b[0m\x1b[2m:\x1b[0m\x1b[1megl_context\x1b[0m\x1b[2m:\x1b[0m Selected color format: PixelFormat { hardware_accelerated: true, color_bits: 24, alpha_bits: 8, depth_bits: 24, stencil_bits: 8, stereoscopy: false, multisampling: None, srgb: false }
[2m1970-01-01T00:00:38.132192Z[0m [32m INFO[0m [1mcosmic-panel[0m[2m:[0m [2mcosmic_session::notifications[0m[2m:[0m \x1b[2m1970-01-01T00:00:37.906218Z\x1b[0m \x1b[32m INFO\x1b[0m \x1b[1mstdout\x1b[0m\x1b[1m{\x1b[0m\x1b[3mclient\x1b[0m\x1b[2m=\x1b[0mInnerClientId { ptr: 0x97987110, alive: true }\x1b[1m}\x1b[0m\x1b[2m:\x1b[0m com.system76.CosmicAppletMinimize: \x1b[2m1970-01-01T00:00:37.329999Z\x1b[0m \x1b[31mERROR\x1b[0m \x1b[2mcosmic::theme\x1b[0m\x1b[2m:\x1b[0m error loading system dark theme \x1b[3merror\x1b[0m\x1b[2m=\x1b[0mGetKey("spacing", Os { code: 24, kind: Uncategorized, message: "No file descriptors available" })
[2m1970-01-01T00:00:38.133374Z[0m [32m INFO[0m [1mcosmic-panel[0m[2m:[0m [2mcosmic_session::notifications[0m[2m:[0m \x1b[2m1970-01-01T00:00:37.970318Z\x1b[0m \x1b[32m INFO\x1b[0m \x1b[1mstdout\x1b[0m\x1b[1m{\x1b[0m\x1b[3mclient\x1b[0m\x1b[2m=\x1b[0mInnerClientId { ptr: 0x97987110, alive: true }\x1b[1m}\x1b[0m\x1b[2m:\x1b[0m com.system76.CosmicAppletMinimize: \x1b[2m1970-01-01T00:00:37.329999Z\x1b[0m \x1b[31mERROR\x1b[0m \x1b[2mcosmic::theme\x1b[0m\x1b[2m:\x1b[0m error loading system dark theme \x1b[3merror\x1b[0m\x1b[2m=\x1b[0mGetKey("is_dark", Os { code: 24, kind: Uncategorized, message: "No file descriptors available" })
[2m1970-01-01T00:00:38.135167Z[0m [32m INFO[0m [1mcosmic-panel[0m[2m:[0m [2mcosmic_session::notifications[0m[2m:[0m \x1b[2m1970-01-01T00:00:37.970405Z\x1b[0m \x1b[32m INFO\x1b[0m \x1b[1mstdout\x1b[0m\x1b[1m{\x1b[0m\x1b[3mclient\x1b[0m\x1b[2m=\x1b[0mInnerClientId { ptr: 0x97987110, alive: true }\x1b[1m}\x1b[0m\x1b[2m:\x1b[0m com.system76.CosmicAppletMinimize: \x1b[2m1970-01-01T00:00:37.329999Z\x1b[0m \x1b[31mERROR\x1b[0m \x1b[2mcosmic::theme\x1b[0m\x1b[2m:\x1b[0m error loading system dark theme \x1b[3merror\x1b[0m\x1b[2m=\x1b[0mGetKey("frosted_applets", Os { code: 24, kind: Uncategorized, message: "No file descriptors available" })
[2m1970-01-01T00:00:38.136411Z[0m [32m INFO[0m [1mcosmic-panel[0m[2m:[0m [2mcosmic_session::notifications[0m[2m:[0m \x1b[2m1970-01-01T00:00:37.971667Z\x1b[0m \x1b[31mERROR\x1b[0m \x1b[1mstderr\x1b[0m\x1b[1m{\x1b[0m\x1b[3mclient\x1b[0m\x1b[2m=\x1b[0mInnerClientId { ptr: 0x93f271a0, alive: true }\x1b[1m}\x1b[0m\x1b[2m:\x1b[0m com.system76.CosmicPanelLauncherButton: exited with code 134
[2m1970-01-01T00:00:38.137522Z[0m [32m INFO[0m [1mcosmic-panel[0m[2m:[0m [2mcosmic_session::notifications[0m[2m:[0m \x1b[2m1970-01-01T00:00:37.972675Z\x1b[0m \x1b[32m INFO\x1b[0m Replaced the client socket
[2m1970-01-01T00:00:38.138068Z[0m [32m INFO[0m [1mcosmic-panel[0m[2m:[0m [2mcosmic_session::notifications[0m[2m:[0m \x1b[2m1970-01-01T00:00:37.976055Z\x1b[0m \x1b[32m INFO\x1b[0m \x1b[1mstdout\x1b[0m\x1b[1m{\x1b[0m\x1b[3mclient\x1b[0m\x1b[2m=\x1b[0mInnerClientId { ptr: 0x92b2a3d0, alive: true }\x1b[1m}\x1b[0m\x1b[2m:\x1b[0m com.system76.CosmicPanelAppButton: \x1b[2m1970-01-01T00:00:37.690038Z\x1b[0m \x1b[33m WARN\x1b[0m \x1b[2mcosmic_text::font::system\x1b[0m\x1b[2m:\x1b[0m failed to get system locale, falling back to en-US
[2m1970-01-01T00:00:38.139363Z[0m [32m INFO[0m [1mcosmic-panel[0m[2m:[0m [2mcosmic_session::notifications[0m[2m:[0m \x1b[2m1970-01-01T00:00:37.976142Z\x1b[0m \x1b[32m INFO\x1b[0m \x1b[1mstdout\x1b[0m\x1b[1m{\x1b[0m\x1b[3mclient\x1b[0m\x1b[2m=\x1b[0mInnerClientId { ptr: 0x92b2a3d0, alive: true }\x1b[1m}\x1b[0m\x1b[2m:\x1b[0m com.system76.CosmicPanelAppButton: \x1b[2m1970-01-01T00:00:37.697907Z\x1b[0m \x1b[33m WARN\x1b[0m \x1b[2mfontdb\x1b[0m\x1b[2m:\x1b[0m Fallback to loading from known font dir paths.
[2m1970-01-01T00:00:38.139999Z[0m [32m INFO[0m [1mcosmic-panel[0m[2m:[0m [2mcosmic_session::notifications[0m[2m:[0m \x1b[2m1970-01-01T00:00:37.976195Z\x1b[0m \x1b[32m INFO\x1b[0m \x1b[1mstdout\x1b[0m\x1b[1m{\x1b[0m\x1b[3mclient\x1b[0m\x1b[2m=\x1b[0mInnerClientId { ptr: 0x92b2a3d0, alive: true }\x1b[1m}\x1b[0m\x1b[2m:\x1b[0m com.system76.CosmicPanelAppButton: \x1b[2m1970-01-01T00:00:37.700858Z\x1b[0m \x1b[33m WARN\x1b[0m \x1b[2mfontdb\x1b[0m\x1b[2m:\x1b[0m Failed to load '/usr/share/fonts/noto/NotoSansMono-Bold.ttf' cause No file descriptors available (os error 24).
[2m1970-01-01T00:00:38.140223Z[0m [32m INFO[0m [1mcosmic-panel[0m[2m:[0m [2mcosmic_session::notifications[0m[2m:[0m \x1b[2m1970-01-01T00:00:37.976256Z\x1b[0m \x1b[32m INFO\x1b[0m \x1b[1mstdout\x1b[0m\x1b[1m{\x1b[0m\x1b[3mclient\x1b[0m\x1b[2m=\x1b[0mInnerClientId { ptr: 0x92b2a3d0, alive: true }\x1b[1m}\x1b[0m\x1b[2m:\x1b[0m com.system76.CosmicPanelAppButton: \x1b[2m1970-01-01T00:00:37.701904Z\x1b[0m \x1b[33m WARN\x1b[0m \x1b[2mfontdb\x1b[0m\x1b[2m:\x1b[0m Failed to load '/usr/share/fonts/noto/NotoSansMono-Regular.ttf' cause No file descriptors available (os error 24).
[2m1970-01-01T00:00:38.141135Z[0m [32m INFO[0m [1mcosmic-panel[0m[2m:[0m [2mcosmic_session::notifications[0m[2m:[0m \x1b[2m1970-01-01T00:00:37.976303Z\x1b[0m \x1b[32m INFO\x1b[0m \x1b[1mstdout\x1b[0m\x1b[1m{\x1b[0m\x1b[3mclient\x1b[0m\x1b[2m=\x1b[0mInnerClientId { ptr: 0x92b2a3d0, alive: true }\x1b[1m}\x1b[0m\x1b[2m:\x1b[0m com.system76.CosmicPanelAppButton: \x1b[2m1970-01-01T00:00:37.703993Z\x1b[0m \x1b[33m WARN\x1b[0m \x1b[2mfontdb\x1b[0m\x1b[2m:\x1b[0m Failed to load '/usr/share/fonts/open-sans/OpenSans-Bold.ttf' cause No file descriptors available (os error 24).
[2m1970-01-01T00:00:38.141886Z[0m [32m INFO[0m [1mcosmic-panel[0m[2m:[0m [2mcosmic_session::notifications[0m[2m:[0m \x1b[2m1970-01-01T00:00:37.976366Z\x1b[0m \x1b[32m INFO\x1b[0m \x1b[1mstdout\x1b[0m\x1b[1m{\x1b[0m\x1b[3mclient\x1b[0m\x1b[2m=\x1b[0mInnerClientId { ptr: 0x92b2a3d0, alive: true }\x1b[1m}\x1b[0m\x1b[2m:\x1b[0m com.system76.CosmicPanelAppButton: \x1b[2m1970-01-01T00:00:37.708467Z\x1b[0m \x1b[33m WARN\x1b[0m \x1b[2mfontdb\x1b[0m\x1b[2m:\x1b[0m Failed to load '/usr/share/fonts/open-sans/OpenSans-Regular.ttf' cause No file descriptors available (os error 24).
[2m1970-01-01T00:00:38.142603Z[0m [32m INFO[0m [1mcosmic-panel[0m[2m:[0m [2mcosmic_session::notifications[0m[2m:[0m \x1b[2m1970-01-01T00:00:37.976412Z\x1b[0m \x1b[32m INFO\x1b[0m \x1b[1mstdout\x1b[0m\x1b[1m{\x1b[0m\x1b[3mclient\x1b[0m\x1b[2m=\x1b[0mInnerClientId { ptr: 0x92b2a3d0, alive: true }\x1b[1m}\x1b[0m\x1b[2m:\x1b[0m com.system76.CosmicPanelAppButton: \x1b[2m1970-01-01T00:00:37.710298Z\x1b[0m \x1b[33m WARN\x1b[0m \x1b[2mfontdb\x1b[0m\x1b[2m:\x1b[0m Failed to load '/usr/share/fonts/open-sans/OpenSans-Semibold.ttf' cause No file descriptors available (os error 24).
[2m1970-01-01T00:00:38.143398Z[0m [32m INFO[0m [1mcosmic-panel[0m[2m:[0m [2mcosmic_session::notifications[0m[2m:[0m \x1b[2m1970-01-01T00:00:37.976487Z\x1b[0m \x1b[32m INFO\x1b[0m \x1b[1mstdout\x1b[0m\x1b[1m{\x1b[0m\x1b[3mclient\x1b[0m\x1b[2m=\x1b[0mInnerClientId { ptr: 0x48261dd0, alive: true }\x1b[1m}\x1b[0m\x1b[2m:\x1b[0m com.system76.CosmicPanelWorkspacesButton: \x1b[2m1970-01-01T00:00:37.592757Z\x1b[0m \x1b[31mERROR\x1b[0m \x1b[2mcosmic::theme\x1b[0m\x1b[2m:\x1b[0m error loading system dark theme \x1b[3merror\x1b[0m\x1b[2m=\x1b[0mGetKey("transparent_secondary", Os { code: 24, kind: Uncategorized, message: "No file descriptors available" })
[2m1970-01-01T00:00:38.290855Z[0m [32m INFO[0m [1mcosmic-panel[0m[2m:[0m [2mcosmic_session::notifications[0m[2m:[0m \x1b[2m1970-01-01T00:00:37.976538Z\x1b[0m \x1b[32m INFO\x1b[0m \x1b[1mstdout\x1b[0m\x1b[1m{\x1b[0m\x1b[3mclient\x1b[0m\x1b[2m=\x1b[0mInnerClientId { ptr: 0x48261dd0, alive: true }\x1b[1m}\x1b[0m\x1b[2m:\x1b[0m com.system76.CosmicPanelWorkspacesButton: \x1b[2m1970-01-01T00:00:37.594232Z\x1b[0m \x1b[31mERROR\x1b[0m \x1b[2mcosmic::theme\x1b[0m\x1b[2m:\x1b[0m error loading system dark theme \x1b[3merror\x1b[0m\x1b[2m=\x1b[0mGetKey("button", Os { code: 24, kind: Uncategorized, message: "No file descriptors available" })
[2m1970-01-01T00:00:38.291748Z[0m [32m INFO[0m [1mcosmic-panel[0m[2m:[0m [2mcosmic_session::notifications[0m[2m:[0m \x1b[2m1970-01-01T00:00:37.976584Z\x1b[0m \x1b[32m INFO\x1b[0m \x1b[1mstdout\x1b[0m\x1b[1m{\x1b[0m\x1b[3mclient\x1b[0m\x1b[2m=\x1b[0mInnerClientId { ptr: 0x48261dd0, alive: true }\x1b[1m}\x1b[0m\x1b[2m:\x1b[0m com.system76.CosmicPanelWorkspacesButton: \x1b[2m1970-01-01T00:00:37.594360Z\x1b[0m \x1b[31mERROR\x1b[0m \x1b[2mcosmic::theme\x1b[0m\x1b[2m:\x1b[0m error loading system dark theme \x1b[3merror\x1b[0m\x1b[2m=\x1b[0mGetKey("accent", Os { code: 24, kind: Uncategorized, message: "No file descriptors available" })
[2m1970-01-01T00:00:38.292569Z[0m [32m INFO[0m [1mcosmic-panel[0m[2m:[0m [2mcosmic_session::notifications[0m[2m:[0m \x1b[2m1970-01-01T00:00:37.976655Z\x1b[0m \x1b[32m INFO\x1b[0m \x1b[1mstdout\x1b[0m\x1b[1m{\x1b[0m\x1b[3mclient\x1b[0m\x1b[2m=\x1b[0mInnerClientId { ptr: 0x48261dd0, alive: true }\x1b[1m}\x1b[0m\x1b[2m:\x1b[0m com.system76.CosmicPanelWorkspacesButton: \x1b[2m1970-01-01T00:00:37.594452Z\x1b[0m \x1b[31mERROR\x1b[0m \x1b[2mcosmic::theme\x1b[0m\x1b[2m:\x1b[0m error loading system dark theme \x1b[3merror\x1b[0m\x1b[2m=\x1b[0mGetKey("success", Os { code: 24, kind: Uncategorized, message: "No file descriptors available" })
[2m1970-01-01T00:00:38.293477Z[0m [32m INFO[0m [1mcosmic-panel[0m[2m:[0m [2mcosmic_session::notifications[0m[2m:[0m \x1b[2m1970-01-01T00:00:37.976717Z\x1b[0m \x1b[32m INFO\x1b[0m \x1b[1mstdout\x1b[0m\x1b[1m{\x1b[0m\x1b[3mclient\x1b[0m\x1b[2m=\x1b[0mInnerClientId { ptr: 0x48261dd0, alive: true }\x1b[1m}\x1b[0m\x1b[2m:\x1b[0m com.system76.CosmicPanelWorkspacesButton: \x1b[2m1970-01-01T00:00:37.594526Z\x1b[0m \x1b[31mERROR\x1b[0m \x1b[2mcosmic::theme\x1b[0m\x1b[2m:\x1b[0m error loading system dark theme \x1b[3merror\x1b[0m\x1b[2m=\x1b[0mGetKey("destructive", Os { code: 24, kind: Uncategorized, message: "No file descriptors available" })
[2m1970-01-01T00:00:38.294219Z[0m [32m INFO[0m [1mcosmic-panel[0m[2m:[0m [2mcosmic_session::notifications[0m[2m:[0m \x1b[2m1970-01-01T00:00:37.976781Z\x1b[0m \x1b[32m INFO\x1b[0m \x1b[1mstdout\x1b[0m\x1b[1m{\x1b[0m\x1b[3mclient\x1b[0m\x1b[2m=\x1b[0mInnerClientId { ptr: 0x48261dd0, alive: true }\x1b[1m}\x1b[0m\x1b[2m:\x1b[0m com.system76.CosmicPanelWorkspacesButton: \x1b[2m1970-01-01T00:00:37.594666Z\x1b[0m \x1b[31mERROR\x1b[0m \x1b[2mcosmic::theme\x1b[0m\x1b[2m:\x1b[0m error loading system dark theme \x1b[3merror\x1b[0m\x1b[2m=\x1b[0mGetKey("warning", Os { code: 24, kind: Uncategorized, message: "No file descriptors available" })
[2m1970-01-01T00:00:38.294864Z[0m [32m INFO[0m [1mcosmic-panel[0m[2m:[0m [2mcosmic_session::notifications[0m[2m:[0m \x1b[2m1970-01-01T00:00:37.976851Z\x1b[0m \x1b[32m INFO\x1b[0m \x1b[1mstdout\x1b[0m\x1b[1m{\x1b[0m\x1b[3mclient\x1b[0m\x1b[2m=\x1b[0mInnerClientId { ptr: 0x48261dd0, alive: true }\x1b[1m}\x1b[0m\x1b[2m:\x1b[0m com.system76.CosmicPanelWorkspacesButton: \x1b[2m1970-01-01T00:00:37.594760Z\x1b[0m \x1b[31mERROR\x1b[0m \x1b[2mcosmic::theme\x1b[0m\x1b[2m:\x1b[0m error loading system dark theme \x1b[3merror\x1b[0m\x1b[2m=\x1b[0mGetKey("success_button", Os { code: 24, kind: Uncategorized, message: "No file descriptors available" })
[2m1970-01-01T00:00:38.295702Z[0m [32m INFO[0m [1mcosmic-panel[0m[2m:[0m [2mcosmic_session::notifications[0m[2m:[0m \x1b[2m1970-01-01T00:00:37.976914Z\x1b[0m \x1b[32m INFO\x1b[0m \x1b[1mstdout\x1b[0m\x1b[1m{\x1b[0m\x1b[3mclient\x1b[0m\x1b[2m=\x1b[0mInnerClientId { ptr: 0x48261dd0, alive: true }\x1b[1m}\x1b[0m\x1b[2m:\x1b[0m com.system76.CosmicPanelWorkspacesButton: \x1b[2m1970-01-01T00:00:37.594838Z\x1b[0m \x1b[31mERROR\x1b[0m \x1b[2mcosmic::theme\x1b[0m\x1b[2m:\x1b[0m error loading system dark theme \x1b[3merror\x1b[0m\x1b[2m=\x1b[0mGetKey("destructive_button", Os { code: 24, kind: Uncategorized, message: "No file descriptors available" })
[2m1970-01-01T00:00:38.296698Z[0m [32m INFO[0m [1mcosmic-panel[0m[2m:[0m [2mcosmic_session::notifications[0m[2m:[0m \x1b[2m1970-01-01T00:00:37.976989Z\x1b[0m \x1b[32m INFO\x1b[0m \x1b[1mstdout\x1b[0m\x1b[1m{\x1b[0m\x1b[3mclient\x1b[0m\x1b[2m=\x1b[0mInnerClientId { ptr: 0x48261dd0, alive: true }\x1b[1m}\x1b[0m\x1b[2m:\x1b[0m com.system76.CosmicPanelWorkspacesButton: \x1b[2m1970-01-01T00:00:37.594921Z\x1b[0m \x1b[31mERROR\x1b[0m \x1b[2mcosmic::theme\x1b[0m\x1b[2m:\x1b[0m error loading system dark theme \x1b[3merror\x1b[0m\x1b[2m=\x1b[0mGetKey("link_button", Os { code: 24, kind: Uncategorized, message: "No file descriptors available" })
[2m1970-01-01T00:00:38.300777Z[0m [32m INFO[0m [1mcosmic-panel[0m[2m:[0m [2mcosmic_session::notifications[0m[2m:[0m \x1b[2m1970-01-01T00:00:37.977065Z\x1b[0m \x1b[32m INFO\x1b[0m \x1b[1mstdout\x1b[0m\x1b[1m{\x1b[0m\x1b[3mclient\x1b[0m\x1b[2m=\x1b[0mInnerClientId { ptr: 0x48261dd0, alive: true }\x1b[1m}\x1b[0m\x1b[2m:\x1b[0m com.system76.CosmicPanelWorkspacesButton: \x1b[2m1970-01-01T00:00:37.594985Z\x1b[0m \x1b[31mERROR\x1b[0m \x1b[2mcosmic::theme\x1b[0m\x1b[2m:\x1b[0m error loading system dark theme \x1b[3merror\x1b[0m\x1b[2m=\x1b[0mGetKey("list_button", Os { code: 24, kind: Uncategorized, message: "No file descriptors available" })
[2m1970-01-01T00:00:38.302397Z[0m [32m INFO[0m [1mcosmic-panel[0m[2m:[0m [2mcosmic_session::notifications[0m[2m:[0m \x1b[2m1970-01-01T00:00:37.977115Z\x1b[0m \x1b[32m INFO\x1b[0m \x1b[1mstdout\x1b[0m\x1b[1m{\x1b[0m\x1b[3mclient\x1b[0m\x1b[2m=\x1b[0mInnerClientId { ptr: 0x48261dd0, alive: true }\x1b[1m}\x1b[0m\x1b[2m:\x1b[0m com.system76.CosmicPanelWorkspacesButton: \x1b[2m1970-01-01T00:00:37.595079Z\x1b[0m \x1b[31mERROR\x1b[0m \x1b[2mcosmic::theme\x1b[0m\x1b[2m:\x1b[0m error loading system dark theme \x1b[3merror\x1b[0m\x1b[2m=\x1b[0mGetKey("text_button", Os { code: 24, kind: Uncategorized, message: "No file descriptors available" })
[2m1970-01-01T00:00:38.303120Z[0m [32m INFO[0m [1mcosmic-panel[0m[2m:[0m [2mcosmic_session::notifications[0m[2m:[0m \x1b[2m1970-01-01T00:00:38.010193Z\x1b[0m \x1b[32m INFO\x1b[0m \x1b[1mstdout\x1b[0m\x1b[1m{\x1b[0m\x1b[3mclient\x1b[0m\x1b[2m=\x1b[0mInnerClientId { ptr: 0x48261dd0, alive: true }\x1b[1m}\x1b[0m\x1b[2m:\x1b[0m com.system76.CosmicPanelWorkspacesButton: \x1b[2m1970-01-01T00:00:37.597102Z\x1b[0m \x1b[31mERROR\x1b[0m \x1b[2mcosmic::theme\x1b[0m\x1b[2m:\x1b[0m error loading system dark theme \x1b[3merror\x1b[0m\x1b[2m=\x1b[0mGetKey("palette", Os { code: 24, kind: Uncategorized, message: "No file descriptors available" })
[2m1970-01-01T00:00:38.303704Z[0m [32m INFO[0m [1mcosmic-panel[0m[2m:[0m [2mcosmic_session::notifications[0m[2m:[0m \x1b[2m1970-01-01T00:00:38.010317Z\x1b[0m \x1b[32m INFO\x1b[0m \x1b[1mstdout\x1b[0m\x1b[1m{\x1b[0m\x1b[3mclient\x1b[0m\x1b[2m=\x1b[0mInnerClientId { ptr: 0x48261dd0, alive: true }\x1b[1m}\x1b[0m\x1b[2m:\x1b[0m com.system76.CosmicPanelWorkspacesButton: \x1b[2m1970-01-01T00:00:37.597189Z\x1b[0m \x1b[31mERROR\x1b[0m \x1b[2mcosmic::theme\x1b[0m\x1b[2m:\x1b[0m error loading system dark theme \x1b[3merror\x1b[0m\x1b[2m=\x1b[0mGetKey("spacing", Os { code: 24, kind: Uncategorized, message: "No file descriptors available" })
[2m1970-01-01T00:00:38.306130Z[0m [32m INFO[0m [1mcosmic-panel[0m[2m:[0m [2mcosmic_session::notifications[0m[2m:[0m \x1b[2m1970-01-01T00:00:38.010406Z\x1b[0m \x1b[32m INFO\x1b[0m \x1b[1mstdout\x1b[0m\x1b[1m{\x1b[0m\x1b[3mclient\x1b[0m\x1b[2m=\x1b[0mInnerClientId { ptr: 0x48261dd0, alive: true }\x1b[1m}\x1b[0m\x1b[2m:\x1b[0m com.system76.CosmicPanelWorkspacesButton: \x1b[2m1970-01-01T00:00:37.597259Z\x1b[0m \x1b[31mERROR\x1b[0m \x1b[2mcosmic::theme\x1b[0m\x1b[2m:\x1b[0m error loading system dark theme \x1b[3merror\x1b[0m\x1b[2m=\x1b[0mGetKey("corner_radii", Os { code: 24, kind: Uncategorized, message: "No file descriptors available" })
[2m1970-01-01T00:00:38.307242Z[0m [32m INFO[0m [1mcosmic-panel[0m[2m:[0m [2mcosmic_session::notifications[0m[2m:[0m \x1b[2m1970-01-01T00:00:38.035989Z\x1b[0m \x1b[32m INFO\x1b[0m \x1b[1mstdout\x1b[0m\x1b[1m{\x1b[0m\x1b[3mclient\x1b[0m\x1b[2m=\x1b[0mInnerClientId { ptr: 0x48261dd0, alive: true }\x1b[1m}\x1b[0m\x1b[2m:\x1b[0m com.system76.CosmicPanelWorkspacesButton: \x1b[2m1970-01-01T00:00:37.597346Z\x1b[0m \x1b[31mERROR\x1b[0m \x1b[2mcosmic::theme\x1b[0m\x1b[2m:\x1b[0m error loading system dark theme \x1b[3merror\x1b[0m\x1b[2m=\x1b[0mGetKey("is_dark", Os { code: 24, kind: Uncategorized, message: "No file descriptors available" })
[2m1970-01-01T00:00:38.308278Z[0m [32m INFO[0m [1mcosmic-panel[0m[2m:[0m [2mcosmic_session::notifications[0m[2m:[0m \x1b[2m1970-01-01T00:00:38.038112Z\x1b[0m \x1b[32m INFO\x1b[0m \x1b[1mstdout\x1b[0m\x1b[1m{\x1b[0m\x1b[3mclient\x1b[0m\x1b[2m=\x1b[0mInnerClientId { ptr: 0x48261dd0, alive: true }\x1b[1m}\x1b[0m\x1b[2m:\x1b[0m com.system76.CosmicPanelWorkspacesButton: \x1b[2m1970-01-01T00:00:37.597417Z\x1b[0m \x1b[31mERROR\x1b[0m \x1b[2mcosmic::theme\x1b[0m\x1b[2m:\x1b[0m error loading system dark theme \x1b[3merror\x1b[0m\x1b[2m=\x1b[0mGetKey("is_high_contrast", Os { code: 24, kind: Uncategorized, message: "No file descriptors available" })
[2m1970-01-01T00:00:38.310389Z[0m [32m INFO[0m [1mcosmic-panel[0m[2m:[0m [2mcosmic_session::notifications[0m[2m:[0m \x1b[2m1970-01-01T00:00:38.038220Z\x1b[0m \x1b[32m INFO\x1b[0m \x1b[1mstdout\x1b[0m\x1b[1m{\x1b[0m\x1b[3mclient\x1b[0m\x1b[2m=\x1b[0mInnerClientId { ptr: 0x48261dd0, alive: true }\x1b[1m}\x1b[0m\x1b[2m:\x1b[0m com.system76.CosmicPanelWorkspacesButton: \x1b[2m1970-01-01T00:00:37.597497Z\x1b[0m \x1b[31mERROR\x1b[0m \x1b[2mcosmic::theme\x1b[0m\x1b[2m:\x1b[0m error loading system dark theme \x1b[3merror\x1b[0m\x1b[2m=\x1b[0mGetKey("frosted_system_interface", Os { code: 24, kind: Uncategorized, message: "No file descriptors available" })
[2m1970-01-01T00:00:38.311107Z[0m [32m INFO[0m [1mcosmic-panel[0m[2m:[0m [2mcosmic_session::notifications[0m[2m:[0m \x1b[2m1970-01-01T00:00:38.038284Z\x1b[0m \x1b[32m INFO\x1b[0m \x1b[1mstdout\x1b[0m\x1b[1m{\x1b[0m\x1b[3mclient\x1b[0m\x1b[2m=\x1b[0mInnerClientId { ptr: 0x97987110, alive: true }\x1b[1m}\x1b[0m\x1b[2m:\x1b[0m com.system76.CosmicAppletMinimize: \x1b[2m1970-01-01T00:00:37.331862Z\x1b[0m \x1b[33m WARN\x1b[0m \x1b[2mcosmic_text::font::system\x1b[0m\x1b[2m:\x1b[0m failed to get system locale, falling back to en-US
[2m1970-01-01T00:00:38.311875Z[0m [32m INFO[0m [1mcosmic-panel[0m[2m:[0m [2mcosmic_session::notifications[0m[2m:[0m \x1b[2m1970-01-01T00:00:38.038358Z\x1b[0m \x1b[32m INFO\x1b[0m \x1b[1mstdout\x1b[0m\x1b[1m{\x1b[0m\x1b[3mclient\x1b[0m\x1b[2m=\x1b[0mInnerClientId { ptr: 0x97987110, alive: true }\x1b[1m}\x1b[0m\x1b[2m:\x1b[0m com.system76.CosmicAppletMinimize: \x1b[2m1970-01-01T00:00:37.464394Z\x1b[0m \x1b[33m WARN\x1b[0m \x1b[2mfontdb\x1b[0m\x1b[2m:\x1b[0m Fallback to loading from known font dir paths.
[2m1970-01-01T00:00:38.312989Z[0m [32m INFO[0m [1mcosmic-panel[0m[2m:[0m [2mcosmic_session::notifications[0m[2m:[0m \x1b[2m1970-01-01T00:00:38.038406Z\x1b[0m \x1b[32m INFO\x1b[0m \x1b[1mstdout\x1b[0m\x1b[1m{\x1b[0m\x1b[3mclient\x1b[0m\x1b[2m=\x1b[0mInnerClientId { ptr: 0x93f27380, alive: true }\x1b[1m}\x1b[0m\x1b[2m:\x1b[0m com.system76.CosmicPanelWorkspacesButton: \x1b[2m1970-01-01T00:00:37.592796Z\x1b[0m \x1b[32m INFO\x1b[0m \x1b[2mcosmic_panel_button\x1b[0m\x1b[2m:\x1b[0m Starting workspaces applet with version 1.0.15
[2m1970-01-01T00:00:38.419999Z[0m [32m INFO[0m [1mcosmic-panel[0m[2m:[0m [2mcosmic_session::notifications[0m[2m:[0m \x1b[2m1970-01-01T00:00:38.419999Z\x1b[0m \x1b[32m INFO\x1b[0m \x1b[1mstdout\x1b[0m\x1b[1m{\x1b[0m\x1b[3mclient\x1b[0m\x1b[2m=\x1b[0mInnerClientId { ptr: 0x48261dd0, alive: true }\x1b[1m}\x1b[0m\x1b[2m:\x1b[0m com.system76.CosmicPanelWorkspacesButton: \x1b[2m1970-01-01T00:00:37.601385Z\x1b[0m \x1b[33m WARN\x1b[0m \x1b[2mcosmic_text::font::system\x1b[0m\x1b[2m:\x1b[0m failed to get system locale, falling back to en-US
[2m1970-01-01T00:00:38.419999Z[0m [32m INFO[0m [1mcosmic-panel[0m[2m:[0m [2mcosmic_session::notifications[0m[2m:[0m \x1b[2m1970-01-01T00:00:38.419999Z\x1b[0m \x1b[32m INFO\x1b[0m \x1b[1mstdout\x1b[0m\x1b[1m{\x1b[0m\x1b[3mclient\x1b[0m\x1b[2m=\x1b[0mInnerClientId { ptr: 0x48261dd0, alive: true }\x1b[1m}\x1b[0m\x1b[2m:\x1b[0m com.system76.CosmicPanelWorkspacesButton: \x1b[2m1970-01-01T00:00:37.613333Z\x1b[0m \x1b[33m WARN\x1b[0m \x1b[2mfontdb\x1b[0m\x1b[2m:\x1b[0m Fallback to loading from known font dir paths.
[2m1970-01-01T00:00:38.675108Z[0m [32m INFO[0m [1mcosmic-panel[0m[2m:[0m [2mcosmic_session::notifications[0m[2m:[0m \x1b[2m1970-01-01T00:00:38.670487Z\x1b[0m \x1b[32m INFO\x1b[0m \x1b[1mstdout\x1b[0m\x1b[1m{\x1b[0m\x1b[3mclient\x1b[0m\x1b[2m=\x1b[0mInnerClientId { ptr: 0x93f27560, alive: true }\x1b[1m}\x1b[0m\x1b[2m:\x1b[0m com.system76.CosmicPanelAppButton: \x1b[2m1970-01-01T00:00:38.597077Z\x1b[0m \x1b[32m INFO\x1b[0m \x1b[2mcosmic_panel_button\x1b[0m\x1b[2m:\x1b[0m Starting workspaces applet with version 1.0.15
[2m1970-01-01T00:00:39.051252Z[0m [32m INFO[0m [1mcosmic-panel[0m[2m:[0m [2mcosmic_session::notifications[0m[2m:[0m \x1b[2m1970-01-01T00:00:39.048313Z\x1b[0m \x1b[32m INFO\x1b[0m \x1b[1mstdout\x1b[0m\x1b[1m{\x1b[0m\x1b[3mclient\x1b[0m\x1b[2m=\x1b[0mInnerClientId { ptr: 0x93f271a0, alive: true }\x1b[1m}\x1b[0m\x1b[2m:\x1b[0m com.system76.CosmicPanelLauncherButton: \x1b[2m1970-01-01T00:00:39.036218Z\x1b[0m \x1b[32m INFO\x1b[0m \x1b[2mcosmic_panel_button\x1b[0m\x1b[2m:\x1b[0m Starting workspaces applet with version 1.0.15
[2m1970-01-01T00:00:39.376411Z[0m [32m INFO[0m [1mcosmic-panel[0m[2m:[0m [2mcosmic_session::notifications[0m[2m:[0m \x1b[2m1970-01-01T00:00:39.373081Z\x1b[0m \x1b[32m INFO\x1b[0m \x1b[1megl\x1b[0m\x1b[1m{\x1b[0m\x1b[3mplatform\x1b[0m\x1b[2m=\x1b[0m"PLATFORM_WAYLAND_KHR" \x1b[3mversion\x1b[0m\x1b[2m=\x1b[0m(1, 5)\x1b[1m}\x1b[0m\x1b[2m:\x1b[0m\x1b[1megl_context\x1b[0m\x1b[1m{\x1b[0m\x1b[3mptr\x1b[0m\x1b[2m=\x1b[0m2548375088\x1b[1m}\x1b[0m\x1b[2m:\x1b[0m EGL context created \x1b[3mpriority\x1b[0m\x1b[2m=\x1b[0mNone
[2m1970-01-01T00:00:39.951477Z[0m [32m INFO[0m [1mcosmic-panel[0m[2m:[0m [2mcosmic_session::notifications[0m[2m:[0m \x1b[2m1970-01-01T00:00:39.945244Z\x1b[0m \x1b[32m INFO\x1b[0m \x1b[1megl\x1b[0m\x1b[1m{\x1b[0m\x1b[3mplatform\x1b[0m\x1b[2m=\x1b[0m"PLATFORM_WAYLAND_KHR" \x1b[3mversion\x1b[0m\x1b[2m=\x1b[0m(1, 5)\x1b[1m}\x1b[0m\x1b[2m:\x1b[0m\x1b[1megl_context\x1b[0m\x1b[1m{\x1b[0m\x1b[3mptr\x1b[0m\x1b[2m=\x1b[0m2548375088\x1b[1m}\x1b[0m\x1b[2m:\x1b[0m\x1b[1mrenderer_gles2\x1b[0m\x1b[2m:\x1b[0m Initializing OpenGL ES Renderer
[2m1970-01-01T00:00:39.952816Z[0m [32m INFO[0m [1mcosmic-panel[0m[2m:[0m [2mcosmic_session::notifications[0m[2m:[0m \x1b[2m1970-01-01T00:00:39.945488Z\x1b[0m \x1b[32m INFO\x1b[0m \x1b[1megl\x1b[0m\x1b[1m{\x1b[0m\x1b[3mplatform\x1b[0m\x1b[2m=\x1b[0m"PLATFORM_WAYLAND_KHR" \x1b[3mversion\x1b[0m\x1b[2m=\x1b[0m(1, 5)\x1b[1m}\x1b[0m\x1b[2m:\x1b[0m\x1b[1megl_context\x1b[0m\x1b[1m{\x1b[0m\x1b[3mptr\x1b[0m\x1b[2m=\x1b[0m2548375088\x1b[1m}\x1b[0m\x1b[2m:\x1b[0m\x1b[1mrenderer_gles2\x1b[0m\x1b[2m:\x1b[0m GL Version: "OpenGL ES 3.1 Mesa 25.3.6"
[2m1970-01-01T00:00:39.953927Z[0m [32m INFO[0m [1mcosmic-panel[0m[2m:[0m [2mcosmic_session::notifications[0m[2m:[0m \x1b[2m1970-01-01T00:00:39.945789Z\x1b[0m \x1b[32m INFO\x1b[0m \x1b[1megl\x1b[0m\x1b[1m{\x1b[0m\x1b[3mplatform\x1b[0m\x1b[2m=\x1b[0m"PLATFORM_WAYLAND_KHR" \x1b[3mversion\x1b[0m\x1b[2m=\x1b[0m(1, 5)\x1b[1m}\x1b[0m\x1b[2m:\x1b[0m\x1b[1megl_context\x1b[0m\x1b[1m{\x1b[0m\x1b[3mptr\x1b[0m\x1b[2m=\x1b[0m2548375088\x1b[1m}\x1b[0m\x1b[2m:\x1b[0m\x1b[1mrenderer_gles2\x1b[0m\x1b[2m:\x1b[0m GL Vendor: "Mesa"
[2m1970-01-01T00:00:39.955061Z[0m [32m INFO[0m [1mcosmic-panel[0m[2m:[0m [2mcosmic_session::notifications[0m[2m:[0m \x1b[2m1970-01-01T00:00:39.945944Z\x1b[0m \x1b[32m INFO\x1b[0m \x1b[1megl\x1b[0m\x1b[1m{\x1b[0m\x1b[3mplatform\x1b[0m\x1b[2m=\x1b[0m"PLATFORM_WAYLAND_KHR" \x1b[3mversion\x1b[0m\x1b[2m=\x1b[0m(1, 5)\x1b[1m}\x1b[0m\x1b[2m:\x1b[0m\x1b[1megl_context\x1b[0m\x1b[1m{\x1b[0m\x1b[3mptr\x1b[0m\x1b[2m=\x1b[0m2548375088\x1b[1m}\x1b[0m\x1b[2m:\x1b[0m\x1b[1mrenderer_gles2\x1b[0m\x1b[2m:\x1b[0m GL Renderer: "softpipe"
[2m1970-01-01T00:00:39.957096Z[0m [32m INFO[0m [1mcosmic-panel[0m[2m:[0m [2mcosmic_session::notifications[0m[2m:[0m \x1b[2m1970-01-01T00:00:39.946058Z\x1b[0m \x1b[32m INFO\x1b[0m \x1b[1megl\x1b[0m\x1b[1m{\x1b[0m\x1b[3mplatform\x1b[0m\x1b[2m=\x1b[0m"PLATFORM_WAYLAND_KHR" \x1b[3mversion\x1b[0m\x1b[2m=\x1b[0m(1, 5)\x1b[1m}\x1b[0m\x1b[2m:\x1b[0m\x1b[1megl_context\x1b[0m\x1b[1m{\x1b[0m\x1b[3mptr\x1b[0m\x1b[2m=\x1b[0m2548375088\x1b[1m}\x1b[0m\x1b[2m:\x1b[0m\x1b[1mrenderer_gles2\x1b[0m\x1b[2m:\x1b[0m Supported GL Extensions: ["GL_EXT_blend_minmax", "GL_EXT_multi_draw_arrays", "GL_EXT_texture_filter_anisotropic", "GL_EXT_texture_compression_s3tc", "GL_EXT_texture_compression_dxt1", "GL_EXT_texture_compression_rgtc", "GL_EXT_texture_format_BGRA8888", "GL_OES_compressed_ETC1_RGB8_texture", "GL_OES_depth24", "GL_OES_element_index_uint", "GL_OES_fbo_render_mipmap", "GL_OES_mapbuffer", "GL_OES_rgb8_rgba8", "GL_OES_standard_derivatives", "GL_OES_stencil8", "GL_OES_texture_3D", "GL_OES_texture_float", "GL_OES_texture_float_linear", "GL_OES_texture_half_float", "GL_OES_texture_half_float_linear", "GL_OES_texture_npot", "GL_OES_vertex_half_float", "GL_EXT_draw_instanced", "GL_EXT_texture_sRGB_decode", "GL_OES_EGL_image", "GL_OES_depth_texture", "GL_OES_packed_depth_stencil", "GL_EXT_texture_type_2_10_10_10_REV", "GL_NV_conditional_render", "GL_OES_get_program_binary", "GL_APPLE_texture_max_level", "GL_EXT_discard_framebuffer", "GL_EXT_read_format_bgra", "GL_EXT_texture_storage", "GL_NV_pack_subimage", "GL_EXT_frag_depth", "GL_NV_fbo_color_attachments", "GL_OES_EGL_image_external", "GL_OES_EGL_sync", "GL_OES_vertex_array_object", "GL_OES_viewport_array", "GL_ANGLE_pack_reverse_row_order", "GL_ANGLE_texture_compression_dxt3", "GL_ANGLE_texture_compression_dxt5", "GL_EXT_occlusion_query_boolean", "GL_EXT_sRGB", "GL_EXT_texture_rg", "GL_EXT_unpack_subimage", "GL_NV_draw_buffers", "GL_NV_read_buffer", "GL_NV_read_depth", "GL_NV_read_depth_stencil", "GL_NV_read_stencil", "GL_APPLE_sync", "GL_EXT_draw_buffers", "GL_EXT_instanced_arrays", "GL_EXT_map_buffer_range", "GL_EXT_shadow_samplers", "GL_KHR_debug", "GL_KHR_texture_compression_astc_ldr", "GL_NV_generate_mipmap_sRGB", "GL_NV_pixel_buffer_object", "GL_OES_depth_texture_cube_map", "GL_OES_required_internalformat", "GL_OES_surfaceless_context", "GL_EXT_color_buffer_float", "GL_EXT_debug_label", "GL_EXT_sRGB_write_control", "GL_EXT_separate_shader_objects", "GL_EXT_shader_implicit_conversions", "GL_EXT_shader_integer_mix", "GL_EXT_base_instance", "GL_EXT_compressed_ETC1_RGB8_sub_texture", "GL_EXT_copy_image", "GL_EXT_draw_buffers_indexed", "GL_EXT_draw_elements_base_vertex", "GL_EXT_gpu_shader5", "GL_EXT_multi_draw_indirect", "GL_EXT_primitive_bounding_box", "GL_EXT_render_snorm", "GL_EXT_shader_io_blocks", "GL_EXT_texture_border_clamp", "GL_EXT_texture_buffer", "GL_EXT_texture_cube_map_array", "GL_EXT_texture_norm16", "GL_EXT_texture_view", "GL_KHR_context_flush_control", "GL_NV_image_formats", "GL_NV_shader_noperspective_interpolation", "GL_OES_copy_image", "GL_OES_draw_buffers_indexed", "GL_OES_draw_elements_base_vertex", "GL_OES_gpu_shader5", "GL_OES_primitive_bounding_box", "GL_OES_shader_io_blocks", "GL_OES_texture_border_clamp", "GL_OES_texture_buffer", "GL_OES_texture_cube_map_array", "GL_OES_texture_stencil8", "GL_OES_texture_storage_multisample_2d_array", "GL_OES_texture_view", "GL_EXT_blend_func_extended", "GL_EXT_buffer_storage", "GL_EXT_float_blend", "GL_EXT_geometry_point_size", "GL_EXT_geometry_shader", "GL_EXT_texture_sRGB_R8", "GL_EXT_texture_sRGB_RG8", "GL_KHR_no_error", "GL_KHR_texture_compression_astc_sliced_3d", "GL_OES_EGL_image_external_essl3", "GL_OES_geometry_point_size", "GL_OES_geometry_shader", "GL_OES_shader_image_atomic", "GL_EXT_clear_texture", "GL_EXT_clip_cull_distance", "GL_EXT_conservative_depth", "GL_EXT_disjoint_timer_query", "GL_EXT_texture_compression_s3tc_srgb", "GL_MESA_shader_integer_functions", "GL_EXT_clip_control", "GL_EXT_color_buffer_half_float", "GL_EXT_texture_compression_bptc", "GL_EXT_texture_mirror_clamp_to_edge", "GL_KHR_parallel_shader_compile", "GL_EXT_EGL_image_storage", "GL_MESA_framebuffer_flip_y", "GL_EXT_depth_clamp", "GL_EXT_texture_query_lod", "GL_MESA_sampler_objects", "GL_EXT_EGL_image_storage_compression", "GL_EXT_texture_storage_compression", "GL_MESA_bgra", ""]
[2m1970-01-01T00:00:40.707852Z[0m [32m INFO[0m [1mcosmic-panel[0m[2m:[0m [2mcosmic_session::notifications[0m[2m:[0m \x1b[2m1970-01-01T00:00:40.705942Z\x1b[0m \x1b[32m INFO\x1b[0m \x1b[1mstdout\x1b[0m\x1b[1m{\x1b[0m\x1b[3mclient\x1b[0m\x1b[2m=\x1b[0mInnerClientId { ptr: 0x93f27380, alive: true }\x1b[1m}\x1b[0m\x1b[2m:\x1b[0m com.system76.CosmicPanelWorkspacesButton: \x1b[2m1970-01-01T00:00:40.700943Z\x1b[0m \x1b[33m WARN\x1b[0m \x1b[2mcosmic_text::font::system\x1b[0m\x1b[2m:\x1b[0m failed to get system locale, falling back to en-US
[2m1970-01-01T00:00:40.736084Z[0m [32m INFO[0m [1mcosmic-panel[0m[2m:[0m [2mcosmic_session::notifications[0m[2m:[0m \x1b[2m1970-01-01T00:00:40.733094Z\x1b[0m \x1b[32m INFO\x1b[0m \x1b[1mstdout\x1b[0m\x1b[1m{\x1b[0m\x1b[3mclient\x1b[0m\x1b[2m=\x1b[0mInnerClientId { ptr: 0x93f27380, alive: true }\x1b[1m}\x1b[0m\x1b[2m:\x1b[0m com.system76.CosmicPanelWorkspacesButton: \x1b[2m1970-01-01T00:00:40.725012Z\x1b[0m \x1b[33m WARN\x1b[0m \x1b[2mfontdb\x1b[0m\x1b[2m:\x1b[0m Fallback to loading from known font dir paths.
[2m1970-01-01T00:00:40.749999Z[0m [32m INFO[0m [1mcosmic-panel[0m[2m:[0m [2mcosmic_session::notifications[0m[2m:[0m \x1b[2m1970-01-01T00:00:40.749999Z\x1b[0m \x1b[32m INFO\x1b[0m \x1b[1mstdout\x1b[0m\x1b[1m{\x1b[0m\x1b[3mclient\x1b[0m\x1b[2m=\x1b[0mInnerClientId { ptr: 0x93f27560, alive: true }\x1b[1m}\x1b[0m\x1b[2m:\x1b[0m com.system76.CosmicPanelAppButton: \x1b[2m1970-01-01T00:00:40.749999Z\x1b[0m \x1b[33m WARN\x1b[0m \x1b[2mcosmic_text::font::system\x1b[0m\x1b[2m:\x1b[0m failed to get system locale, falling back to en-US
[2m1970-01-01T00:00:40.749999Z[0m [32m INFO[0m [1mcosmic-panel[0m[2m:[0m [2mcosmic_session::notifications[0m[2m:[0m \x1b[2m1970-01-01T00:00:40.749999Z\x1b[0m \x1b[32m INFO\x1b[0m \x1b[1mstdout\x1b[0m\x1b[1m{\x1b[0m\x1b[3mclient\x1b[0m\x1b[2m=\x1b[0mInnerClientId { ptr: 0x93f27560, alive: true }\x1b[1m}\x1b[0m\x1b[2m:\x1b[0m com.system76.CosmicPanelAppButton: \x1b[2m1970-01-01T00:00:40.749999Z\x1b[0m \x1b[33m WARN\x1b[0m \x1b[2mfontdb\x1b[0m\x1b[2m:\x1b[0m Fallback to loading from known font dir paths.
[2m1970-01-01T00:00:40.749999Z[0m [33m WARN[0m [1mcosmic-osd[0m[2m:[0m [2mcosmic_session[0m[2m:[0m [1970-01-01T00:00:40Z ERROR cosmic::theme] error loading system dark theme error=GetKey("text_tint", Os { code: 24, kind: Uncategorized, message: "No file descriptors available" })
[2m1970-01-01T00:00:41.098938Z[0m [32m INFO[0m [1mcosmic-panel[0m[2m:[0m [2mcosmic_session::notifications[0m[2m:[0m \x1b[2m1970-01-01T00:00:41.096845Z\x1b[0m \x1b[32m INFO\x1b[0m \x1b[1mstdout\x1b[0m\x1b[1m{\x1b[0m\x1b[3mclient\x1b[0m\x1b[2m=\x1b[0mInnerClientId { ptr: 0x93f27380, alive: true }\x1b[1m}\x1b[0m\x1b[2m:\x1b[0m com.system76.CosmicPanelWorkspacesButton: \x1b[2m1970-01-01T00:00:41.092842Z\x1b[0m \x1b[33m WARN\x1b[0m \x1b[2mfontdb\x1b[0m\x1b[2m:\x1b[0m Failed to load '/usr/share/fonts/open-sans/OpenSans-Bold.ttf' cause No file descriptors available (os error 24).
[2m1970-01-01T00:00:41.106356Z[0m [32m INFO[0m [1mcosmic-panel[0m[2m:[0m [2mcosmic_session::notifications[0m[2m:[0m \x1b[2m1970-01-01T00:00:41.104341Z\x1b[0m \x1b[32m INFO\x1b[0m \x1b[1mstdout\x1b[0m\x1b[1m{\x1b[0m\x1b[3mclient\x1b[0m\x1b[2m=\x1b[0mInnerClientId { ptr: 0x93f27380, alive: true }\x1b[1m}\x1b[0m\x1b[2m:\x1b[0m com.system76.CosmicPanelWorkspacesButton: \x1b[2m1970-01-01T00:00:41.102235Z\x1b[0m \x1b[33m WARN\x1b[0m \x1b[2mfontdb\x1b[0m\x1b[2m:\x1b[0m Failed to load '/usr/share/fonts/open-sans/OpenSans-Semibold.ttf' cause No file descriptors available (os error 24).
[2m1970-01-01T00:00:41.249999Z[0m [32m INFO[0m [1mcosmic-panel[0m[2m:[0m [2mcosmic_session::notifications[0m[2m:[0m \x1b[2m1970-01-01T00:00:41.246916Z\x1b[0m \x1b[32m INFO\x1b[0m \x1b[1mstdout\x1b[0m\x1b[1m{\x1b[0m\x1b[3mclient\x1b[0m\x1b[2m=\x1b[0mInnerClientId { ptr: 0x93f271a0, alive: true }\x1b[1m}\x1b[0m\x1b[2m:\x1b[0m com.system76.CosmicPanelLauncherButton: \x1b[2m1970-01-01T00:00:41.241679Z\x1b[0m \x1b[31mERROR\x1b[0m \x1b[2mcosmic::theme\x1b[0m\x1b[2m:\x1b[0m error loading system dark theme \x1b[3merror\x1b[0m\x1b[2m=\x1b[0mGetKey("primary", Os { code: 24, kind: Uncategorized, message: "No file descriptors available" })
[2m1970-01-01T00:00:41.250601Z[0m [32m INFO[0m [1mcosmic-panel[0m[2m:[0m [2mcosmic_session::notifications[0m[2m:[0m \x1b[2m1970-01-01T00:00:41.247146Z\x1b[0m \x1b[32m INFO\x1b[0m \x1b[1mstdout\x1b[0m\x1b[1m{\x1b[0m\x1b[3mclient\x1b[0m\x1b[2m=\x1b[0mInnerClientId { ptr: 0x93f271a0, alive: true }\x1b[1m}\x1b[0m\x1b[2m:\x1b[0m com.system76.CosmicPanelLauncherButton: \x1b[2m1970-01-01T00:00:41.242646Z\x1b[0m \x1b[31mERROR\x1b[0m \x1b[2mcosmic::theme\x1b[0m\x1b[2m:\x1b[0m error loading system dark theme \x1b[3merror\x1b[0m\x1b[2m=\x1b[0mGetKey("secondary", Os { code: 24, kind: Uncategorized, message: "No file descriptors available" })
[2m1970-01-01T00:00:41.251502Z[0m [32m INFO[0m [1mcosmic-panel[0m[2m:[0m [2mcosmic_session::notifications[0m[2m:[0m \x1b[2m1970-01-01T00:00:41.247236Z\x1b[0m \x1b[32m INFO\x1b[0m \x1b[1mstdout\x1b[0m\x1b[1m{\x1b[0m\x1b[3mclient\x1b[0m\x1b[2m=\x1b[0mInnerClientId { ptr: 0x93f271a0, alive: true }\x1b[1m}\x1b[0m\x1b[2m:\x1b[0m com.system76.CosmicPanelLauncherButton: \x1b[2m1970-01-01T00:00:41.242738Z\x1b[0m \x1b[31mERROR\x1b[0m \x1b[2mcosmic::theme\x1b[0m\x1b[2m:\x1b[0m error loading system dark theme \x1b[3merror\x1b[0m\x1b[2m=\x1b[0mGetKey("transparent_background", Os { code: 24, kind: Uncategorized, message: "No file descriptors available" })
[2m1970-01-01T00:00:41.252387Z[0m [32m INFO[0m [1mcosmic-panel[0m[2m:[0m [2mcosmic_session::notifications[0m[2m:[0m \x1b[2m1970-01-01T00:00:41.247362Z\x1b[0m \x1b[32m INFO\x1b[0m \x1b[1mstdout\x1b[0m\x1b[1m{\x1b[0m\x1b[3mclient\x1b[0m\x1b[2m=\x1b[0mInnerClientId { ptr: 0x93f271a0, alive: true }\x1b[1m}\x1b[0m\x1b[2m:\x1b[0m com.system76.CosmicPanelLauncherButton: \x1b[2m1970-01-01T00:00:41.242801Z\x1b[0m \x1b[31mERROR\x1b[0m \x1b[2mcosmic::theme\x1b[0m\x1b[2m:\x1b[0m error loading system dark theme \x1b[3merror\x1b[0m\x1b[2m=\x1b[0mGetKey("transparent_primary", Os { code: 24, kind: Uncategorized, message: "No file descriptors available" })
[2m1970-01-01T00:00:41.253360Z[0m [32m INFO[0m [1mcosmic-panel[0m[2m:[0m [2mcosmic_session::notifications[0m[2m:[0m \x1b[2m1970-01-01T00:00:41.247527Z\x1b[0m \x1b[32m INFO\x1b[0m \x1b[1mstdout\x1b[0m\x1b[1m{\x1b[0m\x1b[3mclient\x1b[0m\x1b[2m=\x1b[0mInnerClientId { ptr: 0x93f271a0, alive: true }\x1b[1m}\x1b[0m\x1b[2m:\x1b[0m com.system76.CosmicPanelLauncherButton: \x1b[2m1970-01-01T00:00:41.242873Z\x1b[0m \x1b[31mERROR\x1b[0m \x1b[2mcosmic::theme\x1b[0m\x1b[2m:\x1b[0m error loading system dark theme \x1b[3merror\x1b[0m\x1b[2m=\x1b[0mGetKey("transparent_secondary", Os { code: 24, kind: Uncategorized, message: "No file descriptors available" })
[2m1970-01-01T00:00:41.254303Z[0m [32m INFO[0m [1mcosmic-panel[0m[2m:[0m [2mcosmic_session::notifications[0m[2m:[0m \x1b[2m1970-01-01T00:00:41.247625Z\x1b[0m \x1b[32m INFO\x1b[0m \x1b[1mstdout\x1b[0m\x1b[1m{\x1b[0m\x1b[3mclient\x1b[0m\x1b[2m=\x1b[0mInnerClientId { ptr: 0x93f271a0, alive: true }\x1b[1m}\x1b[0m\x1b[2m:\x1b[0m com.system76.CosmicPanelLauncherButton: \x1b[2m1970-01-01T00:00:41.242946Z\x1b[0m \x1b[31mERROR\x1b[0m \x1b[2mcosmic::theme\x1b[0m\x1b[2m:\x1b[0m error loading system dark theme \x1b[3merror\x1b[0m\x1b[2m=\x1b[0mGetKey("button", Os { code: 24, kind: Uncategorized, message: "No file descriptors available" })
[2m1970-01-01T00:00:41.255221Z[0m [32m INFO[0m [1mcosmic-panel[0m[2m:[0m [2mcosmic_session::notifications[0m[2m:[0m \x1b[2m1970-01-01T00:00:41.247694Z\x1b[0m \x1b[32m INFO\x1b[0m \x1b[1mstdout\x1b[0m\x1b[1m{\x1b[0m\x1b[3mclient\x1b[0m\x1b[2m=\x1b[0mInnerClientId { ptr: 0x93f271a0, alive: true }\x1b[1m}\x1b[0m\x1b[2m:\x1b[0m com.system76.CosmicPanelLauncherButton: \x1b[2m1970-01-01T00:00:41.243003Z\x1b[0m \x1b[31mERROR\x1b[0m \x1b[2mcosmic::theme\x1b[0m\x1b[2m:\x1b[0m error loading system dark theme \x1b[3merror\x1b[0m\x1b[2m=\x1b[0mGetKey("accent", Os { code: 24, kind: Uncategorized, message: "No file descriptors available" })
[2m1970-01-01T00:00:41.256098Z[0m [32m INFO[0m [1mcosmic-panel[0m[2m:[0m [2mcosmic_session::notifications[0m[2m:[0m \x1b[2m1970-01-01T00:00:41.247815Z\x1b[0m \x1b[32m INFO\x1b[0m \x1b[1mstdout\x1b[0m\x1b[1m{\x1b[0m\x1b[3mclient\x1b[0m\x1b[2m=\x1b[0mInnerClientId { ptr: 0x93f271a0, alive: true }\x1b[1m}\x1b[0m\x1b[2m:\x1b[0m com.system76.CosmicPanelLauncherButton: \x1b[2m1970-01-01T00:00:41.243067Z\x1b[0m \x1b[31mERROR\x1b[0m \x1b[2mcosmic::theme\x1b[0m\x1b[2m:\x1b[0m error loading system dark theme \x1b[3merror\x1b[0m\x1b[2m=\x1b[0mGetKey("success", Os { code: 24, kind: Uncategorized, message: "No file descriptors available" })
[2m1970-01-01T00:00:41.257614Z[0m [32m INFO[0m [1mcosmic-panel[0m[2m:[0m [2mcosmic_session::notifications[0m[2m:[0m \x1b[2m1970-01-01T00:00:41.248133Z\x1b[0m \x1b[32m INFO\x1b[0m \x1b[1mstdout\x1b[0m\x1b[1m{\x1b[0m\x1b[3mclient\x1b[0m\x1b[2m=\x1b[0mInnerClientId { ptr: 0x93f271a0, alive: true }\x1b[1m}\x1b[0m\x1b[2m:\x1b[0m com.system76.CosmicPanelLauncherButton: \x1b[2m1970-01-01T00:00:41.243125Z\x1b[0m \x1b[31mERROR\x1b[0m \x1b[2mcosmic::theme\x1b[0m\x1b[2m:\x1b[0m error loading system dark theme \x1b[3merror\x1b[0m\x1b[2m=\x1b[0mGetKey("destructive", Os { code: 24, kind: Uncategorized, message: "No file descriptors available" })
[2m1970-01-01T00:00:41.258349Z[0m [32m INFO[0m [1mcosmic-panel[0m[2m:[0m [2mcosmic_session::notifications[0m[2m:[0m \x1b[2m1970-01-01T00:00:41.248312Z\x1b[0m \x1b[32m INFO\x1b[0m \x1b[1mstdout\x1b[0m\x1b[1m{\x1b[0m\x1b[3mclient\x1b[0m\x1b[2m=\x1b[0mInnerClientId { ptr: 0x93f271a0, alive: true }\x1b[1m}\x1b[0m\x1b[2m:\x1b[0m com.system76.CosmicPanelLauncherButton: \x1b[2m1970-01-01T00:00:41.245740Z\x1b[0m \x1b[33m WARN\x1b[0m \x1b[2mcosmic_text::font::system\x1b[0m\x1b[2m:\x1b[0m failed to get system locale, falling back to en-US
[2m1970-01-01T00:00:41.258956Z[0m [32m INFO[0m [1mcosmic-panel[0m[2m:[0m [2mcosmic_session::notifications[0m[2m:[0m \x1b[2m1970-01-01T00:00:41.252181Z\x1b[0m \x1b[32m INFO\x1b[0m \x1b[1mstdout\x1b[0m\x1b[1m{\x1b[0m\x1b[3mclient\x1b[0m\x1b[2m=\x1b[0mInnerClientId { ptr: 0x93f271a0, alive: true }\x1b[1m}\x1b[0m\x1b[2m:\x1b[0m com.system76.CosmicPanelLauncherButton: \x1b[2m1970-01-01T00:00:41.249256Z\x1b[0m \x1b[33m WARN\x1b[0m \x1b[2mfontdb\x1b[0m\x1b[2m:\x1b[0m Fallback to loading from known font dir paths.
[2m1970-01-01T00:00:41.342642Z[0m [33m WARN[0m [1mcosmic-files-applet[0m[2m:[0m [2mcosmic_session[0m[2m:[0m   \x1b[33m WARN\x1b[0m  \x1b[33mNo valid locale found in environment, using fallback\x1b[0m
[2m1970-01-01T00:00:41.343273Z[0m [33m WARN[0m [1mcosmic-files-applet[0m[2m:[0m [2mcosmic_session[0m[2m:[0m     \x1b[2;3mat\x1b[0m src/localize.rs:69 \x1b[2;3mon\x1b[0m main
[2m1970-01-01T00:00:41.343593Z[0m [33m WARN[0m [1mcosmic-files-applet[0m[2m:[0m [2mcosmic_session[0m[2m:[0m 
[2m1970-01-01T00:00:41.573082Z[0m [33m WARN[0m [1mcosmic-files-applet[0m[2m:[0m [2mcosmic_session[0m[2m:[0m   \x1b[32m INFO\x1b[0m  \x1b[32mrescan_tab Entity(1v1) Desktop("/root/Desktop", "", DesktopConfig { grid_spacing: 100, icon_size: 100, show_content: true, show_mounted_drives: false, show_trash: false }) None\x1b[0m
[2m1970-01-01T00:00:41.573806Z[0m [33m WARN[0m [1mcosmic-files-applet[0m[2m:[0m [2mcosmic_session[0m[2m:[0m     \x1b[2;3mat\x1b[0m src/app.rs:1512 \x1b[2;3mon\x1b[0m main
[2m1970-01-01T00:00:41.574169Z[0m [33m WARN[0m [1mcosmic-files-applet[0m[2m:[0m [2mcosmic_session[0m[2m:[0m 
[2m1970-01-01T00:00:41.650658Z[0m [33m WARN[0m [1mcosmic-files-applet[0m[2m:[0m [2mcosmic_session[0m[2m:[0m   \x1b[33m WARN\x1b[0m  \x1b[33mfailed to read directory /root/Desktop: No such file or directory (os error 2)\x1b[0m
[2m1970-01-01T00:00:41.650978Z[0m [33m WARN[0m [1mcosmic-files-applet[0m[2m:[0m [2mcosmic_session[0m[2m:[0m     \x1b[2;3mat\x1b[0m src/tab.rs:1086 \x1b[2;3mon\x1b[0m tokio-rt-worker
[2m1970-01-01T00:00:41.651154Z[0m [33m WARN[0m [1mcosmic-files-applet[0m[2m:[0m [2mcosmic_session[0m[2m:[0m 
[2m1970-01-01T00:00:41.651330Z[0m [33m WARN[0m [1mcosmic-files-applet[0m[2m:[0m [2mcosmic_session[0m[2m:[0m   \x1b[33m WARN\x1b[0m  \x1b[33mfailed to get item for /root/Desktop: failed to read metadata for /root/Desktop: No such file or directory (os error 2)\x1b[0m
[2m1970-01-01T00:00:41.651653Z[0m [33m WARN[0m [1mcosmic-files-applet[0m[2m:[0m [2mcosmic_session[0m[2m:[0m     \x1b[2;3mat\x1b[0m src/tab.rs:1611 \x1b[2;3mon\x1b[0m tokio-rt-worker
[2m1970-01-01T00:00:41.651947Z[0m [33m WARN[0m [1mcosmic-files-applet[0m[2m:[0m [2mcosmic_session[0m[2m:[0m 
[2m1970-01-01T00:00:41.679999Z[0m [33m WARN[0m [1mcosmic-files-applet[0m[2m:[0m [2mcosmic_session[0m[2m:[0m   \x1b[32m INFO\x1b[0m  \x1b[32mSystem theme: None\x1b[0m
[2m1970-01-01T00:00:41.679999Z[0m [33m WARN[0m [1mcosmic-files-applet[0m[2m:[0m [2mcosmic_session[0m[2m:[0m     \x1b[2;3mat\x1b[0m /Users/forain/.cargo/git/checkouts/libcosmic-41009aea1d72760b/96a8204/iced/winit/src/lib.rs:843 \x1b[2;3mon\x1b[0m main
[2m1970-01-01T00:00:41.680044Z[0m [33m WARN[0m [1mcosmic-files-applet[0m[2m:[0m [2mcosmic_session[0m[2m:[0m 
[2m1970-01-01T00:00:41.680210Z[0m [33m WARN[0m [1mcosmic-files-applet[0m[2m:[0m [2mcosmic_session[0m[2m:[0m   \x1b[32m INFO\x1b[0m  \x1b[32mSCTK setup complete.\x1b[0m
[2m1970-01-01T00:00:41.680446Z[0m [33m WARN[0m [1mcosmic-files-applet[0m[2m:[0m [2mcosmic_session[0m[2m:[0m     \x1b[2;3mat\x1b[0m /Users/forain/.cargo/git/checkouts/libcosmic-41009aea1d72760b/96a8204/iced/winit/src/platform_specific/wayland/event_loop/mod.rs:465 \x1b[2;3mon\x1b[0m 
[2m1970-01-01T00:00:41.680818Z[0m [33m WARN[0m [1mcosmic-files-applet[0m[2m:[0m [2mcosmic_session[0m[2m:[0m 
[2m1970-01-01T00:00:41.699697Z[0m [33m WARN[0m [1mcosmic-files-applet[0m[2m:[0m [2mcosmic_session[0m[2m:[0m xkbcommon: ERROR: couldn't find a Compose file for locale "C" (mapped to "C")
[2m1970-01-01T00:00:41.699999Z[0m [33m WARN[0m [1mcosmic-files-applet[0m[2m:[0m [2mcosmic_session[0m[2m:[0m xkbcommon: ERROR: couldn't find a Compose file for locale "C" (mapped to "C")
[2m1970-01-01T00:00:42.102305Z[0m [32m INFO[0m [1mcosmic-panel[0m[2m:[0m [2mcosmic_session::notifications[0m[2m:[0m \x1b[2m1970-01-01T00:00:42.101497Z\x1b[0m \x1b[32m INFO\x1b[0m Scale factor changed 1 for as surface in space "Dock" on HDMI-A-1
[2m1970-01-01T00:00:42.103171Z[0m [32m INFO[0m [1mcosmic-panel[0m[2m:[0m [2mcosmic_session::notifications[0m[2m:[0m \x1b[2m1970-01-01T00:00:42.102745Z\x1b[0m \x1b[32m INFO\x1b[0m \x1b[1megl\x1b[0m\x1b[1m{\x1b[0m\x1b[3mplatform\x1b[0m\x1b[2m=\x1b[0m"PLATFORM_WAYLAND_KHR" \x1b[3mversion\x1b[0m\x1b[2m=\x1b[0m(1, 5)\x1b[1m}\x1b[0m\x1b[2m:\x1b[0m\x1b[1megl_context\x1b[0m\x1b[2m:\x1b[0m Selected color format: PixelFormat { hardware_accelerated: true, color_bits: 24, alpha_bits: 8, depth_bits: 24, stencil_bits: 8, stereoscopy: false, multisampling: None, srgb: false }
[2m1970-01-01T00:00:42.414527Z[0m [32m INFO[0m [1mcosmic-panel[0m[2m:[0m [2mcosmic_session::notifications[0m[2m:[0m \x1b[2m1970-01-01T00:00:42.413171Z\x1b[0m \x1b[32m INFO\x1b[0m \x1b[1megl\x1b[0m\x1b[1m{\x1b[0m\x1b[3mplatform\x1b[0m\x1b[2m=\x1b[0m"PLATFORM_WAYLAND_KHR" \x1b[3mversion\x1b[0m\x1b[2m=\x1b[0m(1, 5)\x1b[1m}\x1b[0m\x1b[2m:\x1b[0m\x1b[1megl_context\x1b[0m\x1b[1m{\x1b[0m\x1b[3mptr\x1b[0m\x1b[2m=\x1b[0m2547990752\x1b[1m}\x1b[0m\x1b[2m:\x1b[0m EGL context created \x1b[3mpriority\x1b[0m\x1b[2m=\x1b[0mNone
[2m1970-01-01T00:00:42.793168Z[0m [32m INFO[0m [1mcosmic-panel[0m[2m:[0m [2mcosmic_session::notifications[0m[2m:[0m \x1b[2m1970-01-01T00:00:42.792747Z\x1b[0m \x1b[32m INFO\x1b[0m Cell { value: None }
[2m1970-01-01T00:00:42.793652Z[0m [32m INFO[0m [1mcosmic-panel[0m[2m:[0m [2mcosmic_session::notifications[0m[2m:[0m \x1b[2m1970-01-01T00:00:42.793073Z\x1b[0m \x1b[32m INFO\x1b[0m Cell { value: None }
[2m1970-01-01T00:00:42.819999Z[0m [32m INFO[0m [1mcosmic-panel[0m[2m:[0m [2mcosmic_session::notifications[0m[2m:[0m \x1b[2m1970-01-01T00:00:42.819999Z\x1b[0m \x1b[31mERROR\x1b[0m \x1b[1mstderr\x1b[0m\x1b[1m{\x1b[0m\x1b[3mclient\x1b[0m\x1b[2m=\x1b[0mInnerClientId { ptr: 0x92b2a5b0, alive: true }\x1b[1m}\x1b[0m\x1b[2m:\x1b[0m com.system76.CosmicAppletTime: leandros-applet: entering event loop
[2m1970-01-01T00:00:42.819999Z[0m [32m INFO[0m [1mcosmic-panel[0m[2m:[0m [2mcosmic_session::notifications[0m[2m:[0m \x1b[2m1970-01-01T00:00:42.819999Z\x1b[0m \x1b[31mERROR\x1b[0m \x1b[1mstderr\x1b[0m\x1b[1m{\x1b[0m\x1b[3mclient\x1b[0m\x1b[2m=\x1b[0mInnerClientId { ptr: 0x92b2a5b0, alive: true }\x1b[1m}\x1b[0m\x1b[2m:\x1b[0m com.system76.CosmicAppletTime: leandros-applet: tick: 1000ms
[2m1970-01-01T00:00:42.839999Z[0m [32m INFO[0m [1mcosmic-panel[0m[2m:[0m [2mcosmic_session::notifications[0m[2m:[0m \x1b[2m1970-01-01T00:00:42.839999Z\x1b[0m \x1b[32m INFO\x1b[0m Requires relayout: resizing list
[2m1970-01-01T00:00:42.839999Z[0m [32m INFO[0m [1mcosmic-panel[0m[2m:[0m [2mcosmic_session::notifications[0m[2m:[0m 
[2m1970-01-01T00:00:42.839999Z[0m [32m INFO[0m [1mcosmic-panel[0m[2m:[0m [2mcosmic_session::notifications[0m[2m:[0m Stack backtrace:
[2m1970-01-01T00:00:42.839999Z[0m [32m INFO[0m [1mcosmic-panel[0m[2m:[0m [2mcosmic_session::notifications[0m[2m:[0m    0: <unknown>
[2m1970-01-01T00:00:42.839999Z[0m [32m INFO[0m [1mcosmic-panel[0m[2m:[0m [2mcosmic_session::notifications[0m[2m:[0m    1: <unknown>
[2m1970-01-01T00:00:42.839999Z[0m [32m INFO[0m [1mcosmic-panel[0m[2m:[0m [2mcosmic_session::notifications[0m[2m:[0m    2: <unknown>
[2m1970-01-01T00:00:42.839999Z[0m [32m INFO[0m [1mcosmic-panel[0m[2m:[0m [2mcosmic_session::notifications[0m[2m:[0m    3: <unknown>
[2m1970-01-01T00:00:42.839999Z[0m [32m INFO[0m [1mcosmic-panel[0m[2m:[0m [2mcosmic_session::notifications[0m[2m:[0m    4: <unknown>
[2m1970-01-01T00:00:42.839999Z[0m [32m INFO[0m [1mcosmic-panel[0m[2m:[0m [2mcosmic_session::notifications[0m[2m:[0m    5: <unknown>
[2m1970-01-01T00:00:42.839999Z[0m [32m INFO[0m [1mcosmic-panel[0m[2m:[0m [2mcosmic_session::notifications[0m[2m:[0m    6: <unknown>
[2m1970-01-01T00:00:42.839999Z[0m [32m INFO[0m [1mcosmic-panel[0m[2m:[0m [2mcosmic_session::notifications[0m[2m:[0m    7: <unknown>
[2m1970-01-01T00:00:42.839999Z[0m [32m INFO[0m [1mcosmic-panel[0m[2m:[0m [2mcosmic_session::notifications[0m[2m:[0m \x1b[2m1970-01-01T00:00:42.839999Z\x1b[0m \x1b[32m INFO\x1b[0m Cell { value: None }
[2m1970-01-01T00:00:42.854304Z[0m [32m INFO[0m [1mcosmic-panel[0m[2m:[0m [2mcosmic_session::notifications[0m[2m:[0m \x1b[2m1970-01-01T00:00:42.852414Z\x1b[0m \x1b[31mERROR\x1b[0m \x1b[1mstderr\x1b[0m\x1b[1m{\x1b[0m\x1b[3mclient\x1b[0m\x1b[2m=\x1b[0mInnerClientId { ptr: 0x92b2a5b0, alive: true }\x1b[1m}\x1b[0m\x1b[2m:\x1b[0m com.system76.CosmicAppletTime: leandros-applet: committed 220x32 clock
[2m1970-01-01T00:00:42.875436Z[0m [32m INFO[0m [1mcosmic-panel[0m[2m:[0m [2mcosmic_session::notifications[0m[2m:[0m \x1b[2m1970-01-01T00:00:42.870639Z\x1b[0m \x1b[32m INFO\x1b[0m Requires relayout: resizing list
[2m1970-01-01T00:00:42.875898Z[0m [32m INFO[0m [1mcosmic-panel[0m[2m:[0m [2mcosmic_session::notifications[0m[2m:[0m 
[2m1970-01-01T00:00:42.876165Z[0m [32m INFO[0m [1mcosmic-panel[0m[2m:[0m [2mcosmic_session::notifications[0m[2m:[0m Stack backtrace:
[2m1970-01-01T00:00:42.876433Z[0m [32m INFO[0m [1mcosmic-panel[0m[2m:[0m [2mcosmic_session::notifications[0m[2m:[0m    0: <unknown>
[2m1970-01-01T00:00:42.876749Z[0m [32m INFO[0m [1mcosmic-panel[0m[2m:[0m [2mcosmic_session::notifications[0m[2m:[0m    1: <unknown>
[2m1970-01-01T00:00:42.877086Z[0m [32m INFO[0m [1mcosmic-panel[0m[2m:[0m [2mcosmic_session::notifications[0m[2m:[0m    2: <unknown>
[2m1970-01-01T00:00:42.877418Z[0m [32m INFO[0m [1mcosmic-panel[0m[2m:[0m [2mcosmic_session::notifications[0m[2m:[0m    3: <unknown>
[2m1970-01-01T00:00:42.877713Z[0m [32m INFO[0m [1mcosmic-panel[0m[2m:[0m [2mcosmic_session::notifications[0m[2m:[0m    4: <unknown>
[2m1970-01-01T00:00:42.878064Z[0m [32m INFO[0m [1mcosmic-panel[0m[2m:[0m [2mcosmic_session::notifications[0m[2m:[0m    5: <unknown>
[2m1970-01-01T00:00:42.878391Z[0m [32m INFO[0m [1mcosmic-panel[0m[2m:[0m [2mcosmic_session::notifications[0m[2m:[0m    6: <unknown>
[2m1970-01-01T00:00:42.878673Z[0m [32m INFO[0m [1mcosmic-panel[0m[2m:[0m [2mcosmic_session::notifications[0m[2m:[0m    7: <unknown>
[2m1970-01-01T00:00:42.879291Z[0m [32m INFO[0m [1mcosmic-panel[0m[2m:[0m [2mcosmic_session::notifications[0m[2m:[0m \x1b[2m1970-01-01T00:00:42.878702Z\x1b[0m \x1b[31mERROR\x1b[0m \x1b[1mstderr\x1b[0m\x1b[1m{\x1b[0m\x1b[3mclient\x1b[0m\x1b[2m=\x1b[0mInnerClientId { ptr: 0x92b2ad90, alive: true }\x1b[1m}\x1b[0m\x1b[2m:\x1b[0m com.system76.CosmicAppletTiling: xkbcommon: ERROR: couldn't find a Compose file for locale "C" (mapped to "C")
[2m1970-01-01T00:00:42.879999Z[0m [32m INFO[0m [1mcosmic-panel[0m[2m:[0m [2mcosmic_session::notifications[0m[2m:[0m \x1b[2m1970-01-01T00:00:42.875147Z\x1b[0m \x1b[32m INFO\x1b[0m Requires relayout: resizing list
[2m1970-01-01T00:00:42.880170Z[0m [32m INFO[0m [1mcosmic-panel[0m[2m:[0m [2mcosmic_session::notifications[0m[2m:[0m 
[2m1970-01-01T00:00:42.880410Z[0m [32m INFO[0m [1mcosmic-panel[0m[2m:[0m [2mcosmic_session::notifications[0m[2m:[0m Stack backtrace:
[2m1970-01-01T00:00:42.880658Z[0m [32m INFO[0m [1mcosmic-panel[0m[2m:[0m [2mcosmic_session::notifications[0m[2m:[0m    0: <unknown>
[2m1970-01-01T00:00:42.880893Z[0m [32m INFO[0m [1mcosmic-panel[0m[2m:[0m [2mcosmic_session::notifications[0m[2m:[0m    1: <unknown>
[2m1970-01-01T00:00:42.881155Z[0m [32m INFO[0m [1mcosmic-panel[0m[2m:[0m [2mcosmic_session::notifications[0m[2m:[0m    2: <unknown>
[2m1970-01-01T00:00:42.881372Z[0m [32m INFO[0m [1mcosmic-panel[0m[2m:[0m [2mcosmic_session::notifications[0m[2m:[0m    3: <unknown>
[2m1970-01-01T00:00:42.881570Z[0m [32m INFO[0m [1mcosmic-panel[0m[2m:[0m [2mcosmic_session::notifications[0m[2m:[0m    4: <unknown>
[2m1970-01-01T00:00:42.881763Z[0m [32m INFO[0m [1mcosmic-panel[0m[2m:[0m [2mcosmic_session::notifications[0m[2m:[0m    5: <unknown>
[2m1970-01-01T00:00:42.881991Z[0m [32m INFO[0m [1mcosmic-panel[0m[2m:[0m [2mcosmic_session::notifications[0m[2m:[0m    6: <unknown>
[2m1970-01-01T00:00:42.882179Z[0m [32m INFO[0m [1mcosmic-panel[0m[2m:[0m [2mcosmic_session::notifications[0m[2m:[0m    7: <unknown>
[2m1970-01-01T00:00:42.906507Z[0m [32m INFO[0m [1mcosmic-panel[0m[2m:[0m [2mcosmic_session::notifications[0m[2m:[0m \x1b[2m1970-01-01T00:00:42.906021Z\x1b[0m \x1b[32m INFO\x1b[0m Cell { value: None }
[2m1970-01-01T00:00:42.906865Z[0m [32m INFO[0m [1mcosmic-panel[0m[2m:[0m [2mcosmic_session::notifications[0m[2m:[0m \x1b[2m1970-01-01T00:00:42.906112Z\x1b[0m \x1b[32m INFO\x1b[0m Cell { value: None }
[2m1970-01-01T00:00:42.918578Z[0m [32m INFO[0m [1mcosmic-panel[0m[2m:[0m [2mcosmic_session::notifications[0m[2m:[0m \x1b[2m1970-01-01T00:00:42.907843Z\x1b[0m \x1b[32m INFO\x1b[0m Requires relayout: resizing list
[2m1970-01-01T00:00:42.918884Z[0m [32m INFO[0m [1mcosmic-panel[0m[2m:[0m [2mcosmic_session::notifications[0m[2m:[0m 
[2m1970-01-01T00:00:42.919114Z[0m [32m INFO[0m [1mcosmic-panel[0m[2m:[0m [2mcosmic_session::notifications[0m[2m:[0m Stack backtrace:
[2m1970-01-01T00:00:42.919273Z[0m [32m INFO[0m [1mcosmic-panel[0m[2m:[0m [2mcosmic_session::notifications[0m[2m:[0m    0: <unknown>
[2m1970-01-01T00:00:42.919428Z[0m [32m INFO[0m [1mcosmic-panel[0m[2m:[0m [2mcosmic_session::notifications[0m[2m:[0m    1: <unknown>
[2m1970-01-01T00:00:42.919574Z[0m [32m INFO[0m [1mcosmic-panel[0m[2m:[0m [2mcosmic_session::notifications[0m[2m:[0m    2: <unknown>
[2m1970-01-01T00:00:42.919759Z[0m [32m INFO[0m [1mcosmic-panel[0m[2m:[0m [2mcosmic_session::notifications[0m[2m:[0m    3: <unknown>
[2m1970-01-01T00:00:42.919864Z[0m [32m INFO[0m [1mcosmic-panel[0m[2m:[0m [2mcosmic_session::notifications[0m[2m:[0m    4: <unknown>
[2m1970-01-01T00:00:42.919999Z[0m [32m INFO[0m [1mcosmic-panel[0m[2m:[0m [2mcosmic_session::notifications[0m[2m:[0m    5: <unknown>
[2m1970-01-01T00:00:42.920004Z[0m [32m INFO[0m [1mcosmic-panel[0m[2m:[0m [2mcosmic_session::notifications[0m[2m:[0m    6: <unknown>
[2m1970-01-01T00:00:42.920225Z[0m [32m INFO[0m [1mcosmic-panel[0m[2m:[0m [2mcosmic_session::notifications[0m[2m:[0m    7: <unknown>
[2m1970-01-01T00:00:42.920405Z[0m [32m INFO[0m [1mcosmic-panel[0m[2m:[0m [2mcosmic_session::notifications[0m[2m:[0m \x1b[2m1970-01-01T00:00:42.912419Z\x1b[0m \x1b[32m INFO\x1b[0m Cell { value: None }
[2m1970-01-01T00:00:42.958378Z[0m [32m INFO[0m [1mcosmic-panel[0m[2m:[0m [2mcosmic_session::notifications[0m[2m:[0m \x1b[2m1970-01-01T00:00:42.941338Z\x1b[0m \x1b[31mERROR\x1b[0m \x1b[1mstderr\x1b[0m\x1b[1m{\x1b[0m\x1b[3mclient\x1b[0m\x1b[2m=\x1b[0mInnerClientId { ptr: 0x97987110, alive: true }\x1b[1m}\x1b[0m\x1b[2m:\x1b[0m com.system76.CosmicAppletMinimize: xkbcommon: ERROR: couldn't find a Compose file for locale "C" (mapped to "C")
[NET] connect pid=106 fd=259 conn=90 sid=2 path
[NET] accept pid=11 sid=2 conn=90 -> fd=299
[NET] accept pid=11 sid=2 EAGAIN
[2m1970-01-01T00:00:42.976307Z[0m [32m INFO[0m [1mcosmic-panel[0m[2m:[0m [2mcosmic_session::notifications[0m[2m:[0m \x1b[2m1970-01-01T00:00:42.972959Z\x1b[0m \x1b[31mERROR\x1b[0m \x1b[1mstderr\x1b[0m\x1b[1m{\x1b[0m\x1b[3mclient\x1b[0m\x1b[2m=\x1b[0mInnerClientId { ptr: 0x48261dd0, alive: true }\x1b[1m}\x1b[0m\x1b[2m:\x1b[0m com.system76.CosmicPanelWorkspacesButton: xkbcommon: ERROR: couldn't find a Compose file for locale "C" (mapped to "C")
[2m1970-01-01T00:00:42.989999Z[0m [32m INFO[0m [1mcosmic-panel[0m[2m:[0m [2mcosmic_session::notifications[0m[2m:[0m \x1b[2m1970-01-01T00:00:42.988281Z\x1b[0m \x1b[31mERROR\x1b[0m \x1b[1mstderr\x1b[0m\x1b[1m{\x1b[0m\x1b[3mclient\x1b[0m\x1b[2m=\x1b[0mInnerClientId { ptr: 0x93f271a0, alive: false }\x1b[1m}\x1b[0m\x1b[2m:\x1b[0m com.system76.CosmicPanelLauncherButton: xkbcommon: ERROR: couldn't find a Compose file for locale "C" (mapped to "C")
[2m1970-01-01T00:00:43.006739Z[0m [32m INFO[0m [1mcosmic-panel[0m[2m:[0m [2mcosmic_session::notifications[0m[2m:[0m \x1b[2m1970-01-01T00:00:43.003202Z\x1b[0m \x1b[31mERROR\x1b[0m \x1b[1mstderr\x1b[0m\x1b[1m{\x1b[0m\x1b[3mclient\x1b[0m\x1b[2m=\x1b[0mInnerClientId { ptr: 0x93f27560, alive: true }\x1b[1m}\x1b[0m\x1b[2m:\x1b[0m com.system76.CosmicPanelAppButton: xkbcommon: ERROR: couldn't find a Compose file for locale "C" (mapped to "C")
[2m1970-01-01T00:00:43.007434Z[0m [32m INFO[0m [1mcosmic-panel[0m[2m:[0m [2mcosmic_session::notifications[0m[2m:[0m \x1b[2m1970-01-01T00:00:43.003281Z\x1b[0m \x1b[31mERROR\x1b[0m \x1b[1mstderr\x1b[0m\x1b[1m{\x1b[0m\x1b[3mclient\x1b[0m\x1b[2m=\x1b[0mInnerClientId { ptr: 0x93f27380, alive: true }\x1b[1m}\x1b[0m\x1b[2m:\x1b[0m com.system76.CosmicPanelWorkspacesButton: xkbcommon: ERROR: couldn't find a Compose file for locale "C" (mapped to "C")
[NET] connect pid=120 fd=259 conn=92 sid=2 path
[2m1970-01-01T00:00:43.030582Z[0m [32m INFO[0m [1mcosmic-panel[0m[2m:[0m [2mcosmic_session::notifications[0m[2m:[0m \x1b[2m1970-01-01T00:00:43.027678Z\x1b[0m \x1b[31mERROR\x1b[0m \x1b[1mstderr\x1b[0m\x1b[1m{\x1b[0m\x1b[3mclient\x1b[0m\x1b[2m=\x1b[0mInnerClientId { ptr: 0x92b2a3d0, alive: true }\x1b[1m}\x1b[0m\x1b[2m:\x1b[0m com.system76.CosmicPanelAppButton: xkbcommon: ERROR: couldn't find a Compose file for locale "C" (mapped to "C")
[NET] accept pid=11 sid=2 conn=92 -> fd=300
[NET] accept pid=11 sid=2 EAGAIN
[NET] connect pid=115 fd=259 conn=96 sid=2 path
[NET] accept pid=11 sid=2 conn=96 -> fd=301
[NET] accept pid=11 sid=2 EAGAIN
[NET] connect pid=126 fd=259 conn=97 sid=2 path
[NET] connect pid=123 fd=259 conn=98 sid=2 path
[NET] accept pid=11 sid=2 conn=98 -> fd=302
[NET] accept pid=11 sid=2 conn=97 -> fd=303
[NET] accept pid=11 sid=2 EAGAIN
[NET] connect pid=125 fd=259 conn=99 sid=2 path
[NET] accept pid=11 sid=2 conn=99 -> fd=304
[NET] accept pid=11 sid=2 EAGAIN
[2m1970-01-01T00:00:43.276625Z[0m [33m WARN[0m [1mcosmic-idle[0m[2m:[0m [2mcosmic_session[0m[2m:[0m [1970-01-01T00:00:43Z INFO  tracing::span] read_socket;
[2m1970-01-01T00:00:43.276939Z[0m [33m WARN[0m [1mcosmic-idle[0m[2m:[0m [2mcosmic_session[0m[2m:[0m [1970-01-01T00:00:43Z INFO  tracing::span] read_socket;
[2m1970-01-01T00:00:43.277190Z[0m [33m WARN[0m [1mcosmic-idle[0m[2m:[0m [2mcosmic_session[0m[2m:[0m [1970-01-01T00:00:43Z INFO  tracing::span] read_socket;
[NET] connect pid=114 fd=259 conn=101 sid=2 path
[2m1970-01-01T00:00:43.285501Z[0m [33m WARN[0m [1mcosmic-idle[0m[2m:[0m [2mcosmic_session[0m[2m:[0m [1970-01-01T00:00:43Z INFO  tracing::span] read_socket;
[NET] accept pid=11 sid=2 conn=101 -> fd=305
[NET] accept pid=11 sid=2 EAGAIN
[2m1970-01-01T00:00:43.300538Z[0m [33m WARN[0m [1mcosmic-idle[0m[2m:[0m [2mcosmic_session[0m[2m:[0m [1970-01-01T00:00:43Z INFO  tracing::span] read_socket;
[2m1970-01-01T00:00:43.300888Z[0m [33m WARN[0m [1mcosmic-idle[0m[2m:[0m [2mcosmic_session[0m[2m:[0m [1970-01-01T00:00:43Z INFO  tracing::span] read_socket;
[NET] connect pid=25 fd=277 conn=102 sid=2 path
[NET] accept pid=11 sid=2 conn=102 -> fd=306
[2m1970-01-01T00:00:43.411217Z[0m [33m WARN[0m [1mcosmic-idle[0m[2m:[0m [2mcosmic_session[0m[2m:[0m [1970-01-01T00:00:43Z INFO  t[NET] racaccept ing:pid=11 sid=2 EAGAIN
:span] read_socket;
[2m1970-01-01T00:00:43.485829Z[0m [32m INFO[0m [1mcosmic-panel[0m[2m:[0m [2mcosmic_session::notifications[0m[2m:[0m \x1b[2m1970-01-01T00:00:43.449999Z\x1b[0m \x1b[32m INFO\x1b[0m \x1b[1mstdout\x1b[0m\x1b[1m{\x1b[0m\x1b[3mclient\x1b[0m\x1b[2m=\x1b[0mInnerClientId { ptr: 0x48261dd0, alive: true }\x1b[1m}\x1b[0m\x1b[2m:\x1b[0m com.system76.CosmicPanelWorkspacesButton: \x1b[2m1970-01-01T00:00:43.443632Z\x1b[0m \x1b[32m INFO\x1b[0m \x1b[2miced_winit\x1b[0m\x1b[2m:\x1b[0m System theme: None
[2m1970-01-01T00:00:43.486643Z[0m [32m INFO[0m [1mcosmic-panel[0m[2m:[0m [2mcosmic_session::notifications[0m[2m:[0m \x1b[2m1970-01-01T00:00:43.450520Z\x1b[0m \x1b[32m INFO\x1b[0m \x1b[1mstdout\x1b[0m\x1b[1m{\x1b[0m\x1b[3mclient\x1b[0m\x1b[2m=\x1b[0mInnerClientId { ptr: 0x92b2ad90, alive: true }\x1b[1m}\x1b[0m\x1b[2m:\x1b[0m com.system76.CosmicAppletTiling: \x1b[2m1970-01-01T00:00:43.449999Z\x1b[0m \x1b[31mERROR\x1b[0m \x1b[2mcosmic_applet_tiling::window\x1b[0m\x1b[2m:\x1b[0m Error loading config \x1b[3merr\x1b[0m\x1b[2m=\x1b[0mGetKey("workspaces", Os { code: 2, kind: NotFound, message: "No such file or directory" })
[2m1970-01-01T00:00:43.487526Z[0m [32m INFO[0m [1mcosmic-panel[0m[2m:[0m [2mcosmic_session::notifications[0m[2m:[0m \x1b[2m1970-01-01T00:00:43.450702Z\x1b[0m \x1b[32m INFO\x1b[0m \x1b[1mstdout\x1b[0m\x1b[1m{\x1b[0m\x1b[3mclient\x1b[0m\x1b[2m=\x1b[0mInnerClientId { ptr: 0x92b2ad90, alive: true }\x1b[1m}\x1b[0m\x1b[2m:\x1b[0m com.system76.CosmicAppletTiling: \x1b[2m1970-01-01T00:00:43.449999Z\x1b[0m \x1b[31mERROR\x1b[0m \x1b[2mcosmic_applet_tiling::window\x1b[0m\x1b[2m:\x1b[0m Error loading config \x1b[3merr\x1b[0m\x1b[2m=\x1b[0mGetKey("input_default", Os { code: 2, kind: NotFound, message: "No such file or directory" })
[2m1970-01-01T00:00:43.488478Z[0m [32m INFO[0m [1mcosmic-panel[0m[2m:[0m [2mcosmic_session::notifications[0m[2m:[0m \x1b[2m1970-01-01T00:00:43.450820Z\x1b[0m \x1b[32m INFO\x1b[0m \x1b[1mstdout\x1b[0m\x1b[1m{\x1b[0m\x1b[3mclient\x1b[0m\x1b[2m=\x1b[0mInnerClientId { ptr: 0x92b2ad90, alive: true }\x1b[1m}\x1b[0m\x1b[2m:\x1b[0m com.system76.CosmicAppletTiling: \x1b[2m1970-01-01T00:00:43.449999Z\x1b[0m \x1b[31mERROR\x1b[0m \x1b[2mcosmic_applet_tiling::window\x1b[0m\x1b[2m:\x1b[0m Error loading config \x1b[3merr\x1b[0m\x1b[2m=\x1b[0mGetKey("input_devices", Os { code: 2, kind: NotFound, message: "No such file or directory" })
[2m1970-01-01T00:00:43.489517Z[0m [32m INFO[0m [1mcosmic-panel[0m[2m:[0m [2mcosmic_session::notifications[0m[2m:[0m \x1b[2m1970-01-01T00:00:43.450975Z\x1b[0m \x1b[32m INFO\x1b[0m \x1b[1mstdout\x1b[0m\x1b[1m{\x1b[0m\x1b[3mclient\x1b[0m\x1b[2m=\x1b[0mInnerClientId { ptr: 0x92b2ad90, alive: true }\x1b[1m}\x1b[0m\x1b[2m:\x1b[0m com.system76.CosmicAppletTiling: \x1b[2m1970-01-01T00:00:43.449999Z\x1b[0m \x1b[31mERROR\x1b[0m \x1b[2mcosmic_applet_tiling::window\x1b[0m\x1b[2m:\x1b[0m Error loading config \x1b[3merr\x1b[0m\x1b[2m=\x1b[0mGetKey("xkb_config", Os { code: 2, kind: NotFound, message: "No such file or directory" })
[2m1970-01-01T00:00:43.490550Z[0m [32m INFO[0m [1mcosmic-panel[0m[2m:[0m [2mcosmic_session::notifications[0m[2m:[0m \x1b[2m1970-01-01T00:00:43.451097Z\x1b[0m \x1b[32m INFO\x1b[0m \x1b[1mstdout\x1b[0m\x1b[1m{\x1b[0m\x1b[3mclient\x1b[0m\x1b[2m=\x1b[0mInnerClientId { ptr: 0x92b2ad90, alive: true }\x1b[1m}\x1b[0m\x1b[2m:\x1b[0m com.system76.CosmicAppletTiling: \x1b[2m1970-01-01T00:00:43.449999Z\x1b[0m \x1b[31mERROR\x1b[0m \x1b[2mcosmic_applet_tiling::window\x1b[0m\x1b[2m:\x1b[0m Error loading config \x1b[3merr\x1b[0m\x1b[2m=\x1b[0mGetKey("autotile", Os { code: 2, kind: NotFound, message: "No such file or directory" })
[2m1970-01-01T00:00:43.491461Z[0m [32m INFO[0m [1mcosmic-panel[0m[2m:[0m [2mcosmic_session::notifications[0m[2m:[0m \x1b[2m1970-01-01T00:00:43.451280Z\x1b[0m \x1b[32m INFO\x1b[0m \x1b[1mstdout\x1b[0m\x1b[1m{\x1b[0m\x1b[3mclient\x1b[0m\x1b[2m=\x1b[0mInnerClientId { ptr: 0x92b2ad90, alive: true }\x1b[1m}\x1b[0m\x1b[2m:\x1b[0m com.system76.CosmicAppletTiling: \x1b[2m1970-01-01T00:00:43.449999Z\x1b[0m \x1b[31mERROR\x1b[0m \x1b[2mcosmic_applet_tiling::window\x1b[0m\x1b[2m:\x1b[0m Error loading config \x1b[3merr\x1b[0m\x1b[2m=\x1b[0mGetKey("autotile_behavior", Os { code: 2, kind: NotFound, message: "No such file or directory" })
[2m1970-01-01T00:00:43.492401Z[0m [32m INFO[0m [1mcosmic-panel[0m[2m:[0m [2mcosmic_session::notifications[0m[2m:[0m \x1b[2m1970-01-01T00:00:43.451338Z\x1b[0m \x1b[32m INFO\x1b[0m \x1b[1mstdout\x1b[0m\x1b[1m{\x1b[0m\x1b[3mclient\x1b[0m\x1b[2m=\x1b[0mInnerClientId { ptr: 0x92b2ad90, alive: true }\x1b[1m}\x1b[0m\x1b[2m:\x1b[0m com.system76.CosmicAppletTiling: \x1b[2m1970-01-01T00:00:43.449999Z\x1b[0m \x1b[31mERROR\x1b[0m \x1b[2mcosmic_applet_tiling::window\x1b[0m\x1b[2m:\x1b[0m Error loading config \x1b[3merr\x1b[0m\x1b[2m=\x1b[0mGetKey("active_hint", Os { code: 2, kind: NotFound, message: "No such file or directory" })
[2m1970-01-01T00:00:43.493406Z[0m [33m WARN[0m [1mcosmic-idle[0m[2m:[0m [2mcosmic_session[0m[2m:[0m [1970-01-01T00:00:43Z INFO  tracing::span] read_socket;
[2m1970-01-01T00:00:43.561390Z[0m [32m INFO[0m [1mcosmic-panel[0m[2m:[0m [2mcosmic_session::notifications[0m[2m:[0m \x1b[2m1970-01-01T00:00:43.531604Z\x1b[0m \x1b[32m INFO\x1b[0m \x1b[1mstdout\x1b[0m\x1b[1m{\x1b[0m\x1b[3mclient\x1b[0m\x1b[2m=\x1b[0mInnerClientId { ptr: 0x93f27560, alive: true }\x1b[1m}\x1b[0m\x1b[2m:\x1b[0m com.system76.CosmicPanelAppButton: \x1b[2m1970-01-01T00:00:43.466926Z\x1b[0m \x1b[32m INFO\x1b[0m \x1b[2miced_winit\x1b[0m\x1b[2m:\x1b[0m System theme: None
[2m1970-01-01T00:00:43.562168Z[0m [32m INFO[0m [1mcosmic-panel[0m[2m:[0m [2mcosmic_session::notifications[0m[2m:[0m \x1b[2m1970-01-01T00:00:43.531751Z\x1b[0m \x1b[32m INFO\x1b[0m \x1b[1mstdout\x1b[0m\x1b[1m{\x1b[0m\x1b[3mclient\x1b[0m\x1b[2m=\x1b[0mInnerClientId { ptr: 0x93f27560, alive: true }\x1b[1m}\x1b[0m\x1b[2m:\x1b[0m com.system76.CosmicPanelAppButton: \x1b[2m1970-01-01T00:00:43.507005Z\x1b[0m \x1b[32m INFO\x1b[0m \x1b[2miced_winit\x1b[0m\x1b[2m:\x1b[0m Window attributes for id `Id(
[2m1970-01-01T00:00:43.562899Z[0m [32m INFO[0m [1mcosmic-panel[0m[2m:[0m [2mcosmic_session::notifications[0m[2m:[0m \x1b[2m1970-01-01T00:00:43.531826Z\x1b[0m \x1b[32m INFO\x1b[0m \x1b[1mstdout\x1b[0m\x1b[1m{\x1b[0m\x1b[3mclient\x1b[0m\x1b[2m=\x1b[0mInnerClientId { ptr: 0x93f27560, alive: true }\x1b[1m}\x1b[0m\x1b[2m:\x1b[0m com.system76.CosmicPanelAppButton:     1,
[2m1970-01-01T00:00:43.563523Z[0m [32m INFO[0m [1mcosmic-panel[0m[2m:[0m [2mcosmic_session::notifications[0m[2m:[0m \x1b[2m1970-01-01T00:00:43.531897Z\x1b[0m \x1b[32m INFO\x1b[0m \x1b[1mstdout\x1b[0m\x1b[1m{\x1b[0m\x1b[3mclient\x1b[0m\x1b[2m=\x1b[0mInnerClientId { ptr: 0x93f27560, alive: true }\x1b[1m}\x1b[0m\x1b[2m:\x1b[0m com.system76.CosmicPanelAppButton: )`: WindowAttributes {
[2m1970-01-01T00:00:43.564187Z[0m [32m INFO[0m [1mcosmic-panel[0m[2m:[0m [2mcosmic_session::notifications[0m[2m:[0m \x1b[2m1970-01-01T00:00:43.531953Z\x1b[0m \x1b[32m INFO\x1b[0m \x1b[1mstdout\x1b[0m\x1b[1m{\x1b[0m\x1b[3mclient\x1b[0m\x1b[2m=\x1b[0mInnerClientId { ptr: 0x93f27560, alive: true }\x1b[1m}\x1b[0m\x1b[2m:\x1b[0m com.system76.CosmicPanelAppButton:     surface_size: Some(
[2m1970-01-01T00:00:43.564720Z[0m [32m INFO[0m [1mcosmic-panel[0m[2m:[0m [2mcosmic_session::notifications[0m[2m:[0m \x1b[2m1970-01-01T00:00:43.532000Z\x1b[0m \x1b[32m INFO\x1b[0m \x1b[1mstdout\x1b[0m\x1b[1m{\x1b[0m\x1b[3mclient\x1b[0m\x1b[2m=\x1b[0mInnerClientId { ptr: 0x93f27560, alive: true }\x1b[1m}\x1b[0m\x1b[2m:\x1b[0m com.system76.CosmicPanelAppButton:         Logical(
[2m1970-01-01T00:00:43.565274Z[0m [32m INFO[0m [1mcosmic-panel[0m[2m:[0m [2mcosmic_session::notifications[0m[2m:[0m \x1b[2m1970-01-01T00:00:43.532096Z\x1b[0m \x1b[32m INFO\x1b[0m \x1b[1mstdout\x1b[0m\x1b[1m{\x1b[0m\x1b[3mclient\x1b[0m\x1b[2m=\x1b[0mInnerClientId { ptr: 0x93f27560, alive: true }\x1b[1m}\x1b[0m\x1b[2m:\x1b[0m com.system76.CosmicPanelAppButton:             LogicalSize {
[2m1970-01-01T00:00:43.571756Z[0m [32m INFO[0m [1mcosmic-panel[0m[2m:[0m [2mcosmic_session::notifications[0m[2m:[0m \x1b[2m1970-01-01T00:00:43.532171Z\x1b[0m \x1b[32m INFO\x1b[0m \x1b[1mstdout\x1b[0m\x1b[1m{\x1b[0m\x1b[3mclient\x1b[0m\x1b[2m=\x1b[0mInnerClientId { ptr: 0x93f27560, alive: true }\x1b[1m}\x1b[0m\x1b[2m:\x1b[0m com.system76.CosmicPanelAppButton:                 width: 72.0,
[2m1970-01-01T00:00:43.572343Z[0m [32m INFO[0m [1mcosmic-panel[0m[2m:[0m [2mcosmic_session::notifications[0m[2m:[0m \x1b[2m1970-01-01T00:00:43.532243Z\x1b[0m \x1b[32m INFO\x1b[0m \x1b[1mstdout\x1b[0m\x1b[1m{\x1b[0m\x1b[3mclient\x1b[0m\x1b[2m=\x1b[0mInnerClientId { ptr: 0x93f27560, alive: true }\x1b[1m}\x1b[0m\x1b[2m:\x1b[0m com.system76.CosmicPanelAppButton:                 height: 64.0,
[2m1970-01-01T00:00:43.572897Z[0m [32m INFO[0m [1mcosmic-panel[0m[2m:[0m [2mcosmic_session::notifications[0m[2m:[0m \x1b[2m1970-01-01T00:00:43.532294Z\x1b[0m \x1b[32m INFO\x1b[0m \x1b[1mstdout\x1b[0m\x1b[1m{\x1b[0m\x1b[3mclient\x1b[0m\x1b[2m=\x1b[0mInnerClientId { ptr: 0x93f27560, alive: true }\x1b[1m}\x1b[0m\x1b[2m:\x1b[0m com.system76.CosmicPanelAppButton:             },
[2m1970-01-01T00:00:43.573454Z[0m [32m INFO[0m [1mcosmic-panel[0m[2m:[0m [2mcosmic_session::notifications[0m[2m:[0m \x1b[2m1970-01-01T00:00:43.532337Z\x1b[0m \x1b[32m INFO\x1b[0m \x1b[1mstdout\x1b[0m\x1b[1m{\x1b[0m\x1b[3mclient\x1b[0m\x1b[2m=\x1b[0mInnerClientId { ptr: 0x93f27560, alive: true }\x1b[1m}\x1b[0m\x1b[2m:\x1b[0m com.system76.CosmicPanelAppButton:         ),
[2m1970-01-01T00:00:43.573923Z[0m [32m INFO[0m [1mcosmic-panel[0m[2m:[0m [2mcosmic_session::notifications[0m[2m:[0m \x1b[2m1970-01-01T00:00:43.532442Z\x1b[0m \x1b[32m INFO\x1b[0m \x1b[1mstdout\x1b[0m\x1b[1m{\x1b[0m\x1b[3mclient\x1b[0m\x1b[2m=\x1b[0mInnerClientId { ptr: 0x93f27560, alive: true }\x1b[1m}\x1b[0m\x1b[2m:\x1b[0m com.system76.CosmicPanelAppButton:     ),
[2m1970-01-01T00:00:43.574545Z[0m [32m INFO[0m [1mcosmic-panel[0m[2m:[0m [2mcosmic_session::notifications[0m[2m:[0m \x1b[2m1970-01-01T00:00:43.532527Z\x1b[0m \x1b[32m INFO\x1b[0m \x1b[1mstdout\x1b[0m\x1b[1m{\x1b[0m\x1b[3mclient\x1b[0m\x1b[2m=\x1b[0mInnerClientId { ptr: 0x93f27560, alive: true }\x1b[1m}\x1b[0m\x1b[2m:\x1b[0m com.system76.CosmicPanelAppButton:     min_surface_size: Some(
[2m1970-01-01T00:00:43.575132Z[0m [32m INFO[0m [1mcosmic-panel[0m[2m:[0m [2mcosmic_session::notifications[0m[2m:[0m \x1b[2m1970-01-01T00:00:43.532603Z\x1b[0m \x1b[32m INFO\x1b[0m \x1b[1mstdout\x1b[0m\x1b[1m{\x1b[0m\x1b[3mclient\x1b[0m\x1b[2m=\x1b[0mInnerClientId { ptr: 0x93f27560, alive: true }\x1b[1m}\x1b[0m\x1b[2m:\x1b[0m com.system76.CosmicPanelAppButton:         Logical(
[2m1970-01-01T00:00:43.575585Z[0m [32m INFO[0m [1mcosmic-panel[0m[2m:[0m [2mcosmic_session::notifications[0m[2m:[0m \x1b[2m1970-01-01T00:00:43.532677Z\x1b[0m \x1b[32m INFO\x1b[0m \x1b[1mstdout\x1b[0m\x1b[1m{\x1b[0m\x1b[3mclient\x1b[0m\x1b[2m=\x1b[0mInnerClientId { ptr: 0x93f27560, alive: true }\x1b[1m}\x1b[0m\x1b[2m:\x1b[0m com.system76.CosmicPanelAppButton:             LogicalSize {
[2m1970-01-01T00:00:43.576080Z[0m [32m INFO[0m [1mcosmic-panel[0m[2m:[0m [2mcosmic_session::notifications[0m[2m:[0m \x1b[2m1970-01-01T00:00:43.532737Z\x1b[0m \x1b[32m INFO\x1b[0m \x1b[1mstdout\x1b[0m\x1b[1m{\x1b[0m\x1b[3mclient\x1b[0m\x1b[2m=\x1b[0mInnerClientId { ptr: 0x93f27560, alive: true }\x1b[1m}\x1b[0m\x1b[2m:\x1b[0m com.system76.CosmicPanelAppButton:                 width: 72.0,
[2m1970-01-01T00:00:43.576653Z[0m [32m INFO[0m [1mcosmic-panel[0m[2m:[0m [2mcosmic_session::notifications[0m[2m:[0m \x1b[2m1970-01-01T00:00:43.532784Z\x1b[0m \x1b[32m INFO\x1b[0m \x1b[1mstdout\x1b[0m\x1b[1m{\x1b[0m\x1b[3mclient\x1b[0m\x1b[2m=\x1b[0mInnerClientId { ptr: 0x93f27560, alive: true }\x1b[1m}\x1b[0m\x1b[2m:\x1b[0m com.system76.CosmicPanelAppButton:                 height: 64.0,
[2m1970-01-01T00:00:43.577301Z[0m [33m WARN[0m [1mcosmic-idle[0m[2m:[0m [2mcosmic_session[0m[2m:[0m [1970-01-01T00:00:43Z INFO  tracing::span] read_socket;
[2m1970-01-01T00:00:43.581465Z[0m [32m INFO[0m [1mcosmic-panel[0m[2m:[0m [2mcosmic_session::notifications[0m[2m:[0m \x1b[2m1970-01-01T00:00:43.532859Z\x1b[0m \x1b[32m INFO\x1b[0m \x1b[1mstdout\x1b[0m\x1b[1m{\x1b[0m\x1b[3mclient\x1b[0m\x1b[2m=\x1b[0mInnerClientId { ptr: 0x93f27560, alive: true }\x1b[1m}\x1b[0m\x1b[2m:\x1b[0m com.system76.CosmicPanelAppButton:             },
[2m1970-01-01T00:00:43.581808Z[0m [32m INFO[0m [1mcosmic-panel[0m[2m:[0m [2mcosmic_session::notifications[0m[2m:[0m \x1b[2m1970-01-01T00:00:43.532910Z\x1b[0m \x1b[32m INFO\x1b[0m \x1b[1mstdout\x1b[0m\x1b[1m{\x1b[0m\x1b[3mclient\x1b[0m\x1b[2m=\x1b[0mInnerClientId { ptr: 0x93f27560, alive: true }\x1b[1m}\x1b[0m\x1b[2m:\x1b[0m com.system76.CosmicPanelAppButton:         ),
[2m1970-01-01T00:00:43.582178Z[0m [32m INFO[0m [1mcosmic-panel[0m[2m:[0m [2mcosmic_session::notifications[0m[2m:[0m \x1b[2m1970-01-01T00:00:43.532954Z\x1b[0m \x1b[32m INFO\x1b[0m \x1b[1mstdout\x1b[0m\x1b[1m{\x1b[0m\x1b[3mclient\x1b[0m\x1b[2m=\x1b[0mInnerClientId { ptr: 0x93f27560, alive: true }\x1b[1m}\x1b[0m\x1b[2m:\x1b[0m com.system76.CosmicPanelAppButton:     ),
[2m1970-01-01T00:00:43.582468Z[0m [32m INFO[0m [1mcosmic-panel[0m[2m:[0m [2mcosmic_session::notifications[0m[2m:[0m \x1b[2m1970-01-01T00:00:43.532995Z\x1b[0m \x1b[32m INFO\x1b[0m \x1b[1mstdout\x1b[0m\x1b[1m{\x1b[0m\x1b[3mclient\x1b[0m\x1b[2m=\x1b[0mInnerClientId { ptr: 0x93f27560, alive: true }\x1b[1m}\x1b[0m\x1b[2m:\x1b[0m com.system76.CosmicPanelAppButton:     max_surface_size: None,
[2m1970-01-01T00:00:43.582875Z[0m [32m INFO[0m [1mcosmic-panel[0m[2m:[0m [2mcosmic_session::notifications[0m[2m:[0m \x1b[2m1970-01-01T00:00:43.533037Z\x1b[0m \x1b[32m INFO\x1b[0m \x1b[1mstdout\x1b[0m\x1b[1m{\x1b[0m\x1b[3mclient\x1b[0m\x1b[2m=\x1b[0mInnerClientId { ptr: 0x93f27560, alive: true }\x1b[1m}\x1b[0m\x1b[2m:\x1b[0m com.system76.CosmicPanelAppButton:     surface_resize_increments: None,
[2m1970-01-01T00:00:43.583232Z[0m [32m INFO[0m [1mcosmic-panel[0m[2m:[0m [2mcosmic_session::notifications[0m[2m:[0m \x1b[2m1970-01-01T00:00:43.533080Z\x1b[0m \x1b[32m INFO\x1b[0m \x1b[1mstdout\x1b[0m\x1b[1m{\x1b[0m\x1b[3mclient\x1b[0m\x1b[2m=\x1b[0mInnerClientId { ptr: 0x93f27560, alive: true }\x1b[1m}\x1b[0m\x1b[2m:\x1b[0m com.system76.CosmicPanelAppButton:     position: None,
[2m1970-01-01T00:00:43.583619Z[0m [32m INFO[0m [1mcosmic-panel[0m[2m:[0m [2mcosmic_session::notifications[0m[2m:[0m \x1b[2m1970-01-01T00:00:43.533120Z\x1b[0m \x1b[32m INFO\x1b[0m \x1b[1mstdout\x1b[0m\x1b[1m{\x1b[0m\x1b[3mclient\x1b[0m\x1b[2m=\x1b[0mInnerClientId { ptr: 0x93f27560, alive: true }\x1b[1m}\x1b[0m\x1b[2m:\x1b[0m com.system76.CosmicPanelAppButton:     resizable: false,
[2m1970-01-01T00:00:43.583971Z[0m [32m INFO[0m [1mcosmic-panel[0m[2m:[0m [2mcosmic_session::notifications[0m[2m:[0m \x1b[2m1970-01-01T00:00:43.533167Z\x1b[0m \x1b[32m INFO\x1b[0m \x1b[1mstdout\x1b[0m\x1b[1m{\x1b[0m\x1b[3mclient\x1b[0m\x1b[2m=\x1b[0mInnerClientId { ptr: 0x93f27560, alive: true }\x1b[1m}\x1b[0m\x1b[2m:\x1b[0m com.system76.CosmicPanelAppButton:     enabled_buttons: WindowButtons(
[2m1970-01-01T00:00:43.584385Z[0m [32m INFO[0m [1mcosmic-panel[0m[2m:[0m [2mcosmic_session::notifications[0m[2m:[0m \x1b[2m1970-01-01T00:00:43.533226Z\x1b[0m \x1b[32m INFO\x1b[0m \x1b[1mstdout\x1b[0m\x1b[1m{\x1b[0m\x1b[3mclient\x1b[0m\x1b[2m=\x1b[0mInnerClientId { ptr: 0x93f27560, alive: true }\x1b[1m}\x1b[0m\x1b[2m:\x1b[0m com.system76.CosmicPanelAppButton:         CLOSE | MINIMIZE,
[2m1970-01-01T00:00:43.584921Z[0m [32m INFO[0m [1mcosmic-panel[0m[2m:[0m [2mcosmic_session::notifications[0m[2m:[0m \x1b[2m1970-01-01T00:00:43.533279Z\x1b[0m \x1b[32m INFO\x1b[0m \x1b[1mstdout\x1b[0m\x1b[1m{\x1b[0m\x1b[3mclient\x1b[0m\x1b[2m=\x1b[0mInnerClientId { ptr: 0x93f27560, alive: true }\x1b[1m}\x1b[0m\x1b[2m:\x1b[0m com.system76.CosmicPanelAppButton:     ),
[2m1970-01-01T00:00:43.585425Z[0m [32m INFO[0m [1mcosmic-panel[0m[2m:[0m [2mcosmic_session::notifications[0m[2m:[0m \x1b[2m1970-01-01T00:00:43.533350Z\x1b[0m \x1b[32m INFO\x1b[0m \x1b[1mstdout\x1b[0m\x1b[1m{\x1b[0m\x1b[3mclient\x1b[0m\x1b[2m=\x1b[0mInnerClientId { ptr: 0x93f27560, alive: true }\x1b[1m}\x1b[0m\x1b[2m:\x1b[0m com.system76.CosmicPanelAppButton:     title: "Cosmic - Iced",
[2m1970-01-01T00:00:43.585977Z[0m [32m INFO[0m [1mcosmic-panel[0m[2m:[0m [2mcosmic_session::notifications[0m[2m:[0m \x1b[2m1970-01-01T00:00:43.533391Z\x1b[0m \x1b[32m INFO\x1b[0m \x1b[1mstdout\x1b[0m\x1b[1m{\x1b[0m\x1b[3mclient\x1b[0m\x1b[2m=\x1b[0mInnerClientId { ptr: 0x93f27560, alive: true }\x1b[1m}\x1b[0m\x1b[2m:\x1b[0m com.system76.CosmicPanelAppButton:     maximized: false,
[2m1970-01-01T00:00:43.586535Z[0m [32m INFO[0m [1mcosmic-panel[0m[2m:[0m [2mcosmic_session::notifications[0m[2m:[0m \x1b[2m1970-01-01T00:00:43.533432Z\x1b[0m \x1b[32m INFO\x1b[0m \x1b[1mstdout\x1b[0m\x1b[1m{\x1b[0m\x1b[3mclient\x1b[0m\x1b[2m=\x1b[0mInnerClientId { ptr: 0x93f27560, alive: true }\x1b[1m}\x1b[0m\x1b[2m:\x1b[0m com.system76.CosmicPanelAppButton:     visible: false,
[2m1970-01-01T00:00:43.587062Z[0m [32m INFO[0m [1mcosmic-panel[0m[2m:[0m [2mcosmic_session::notifications[0m[2m:[0m \x1b[2m1970-01-01T00:00:43.533548Z\x1b[0m \x1b[32m INFO\x1b[0m \x1b[1mstdout\x1b[0m\x1b[1m{\x1b[0m\x1b[3mclient\x1b[0m\x1b[2m=\x1b[0mInnerClientId { ptr: 0x93f27560, alive: true }\x1b[1m}\x1b[0m\x1b[2m:\x1b[0m com.system76.CosmicPanelAppButton:     transparent: true,
[2m1970-01-01T00:00:43.587602Z[0m [32m INFO[0m [1mcosmic-panel[0m[2m:[0m [2mcosmic_session::notifications[0m[2m:[0m \x1b[2m1970-01-01T00:00:43.533627Z\x1b[0m \x1b[32m INFO\x1b[0m \x1b[1mstdout\x1b[0m\x1b[1m{\x1b[0m\x1b[3mclient\x1b[0m\x1b[2m=\x1b[0mInnerClientId { ptr: 0x93f27560, alive: true }\x1b[1m}\x1b[0m\x1b[2m:\x1b[0m com.system76.CosmicPanelAppButton:     blur: false,
[2m1970-01-01T00:00:43.588168Z[0m [32m INFO[0m [1mcosmic-panel[0m[2m:[0m [2mcosmic_session::notifications[0m[2m:[0m \x1b[2m1970-01-01T00:00:43.533682Z\x1b[0m \x1b[32m INFO\x1b[0m \x1b[1mstdout\x1b[0m\x1b[1m{\x1b[0m\x1b[3mclient\x1b[0m\x1b[2m=\x1b[0mInnerClientId { ptr: 0x93f27560, alive: true }\x1b[1m}\x1b[0m\x1b[2m:\x1b[0m com.system76.CosmicPanelAppButton:     decorations: false,
[2m1970-01-01T00:00:43.588710Z[0m [32m INFO[0m [1mcosmic-panel[0m[2m:[0m [2mcosmic_session::notifications[0m[2m:[0m \x1b[2m1970-01-01T00:00:43.533729Z\x1b[0m \x1b[32m INFO\x1b[0m \x1b[1mstdout\x1b[0m\x1b[1m{\x1b[0m\x1b[3mclient\x1b[0m\x1b[2m=\x1b[0mInnerClientId { ptr: 0x93f27560, alive: true }\x1b[1m}\x1b[0m\x1b[2m:\x1b[0m com.system76.CosmicPanelAppButton:     window_icon: None,
[2m1970-01-01T00:00:43.589288Z[0m [32m INFO[0m [1mcosmic-panel[0m[2m:[0m [2mcosmic_session::notifications[0m[2m:[0m \x1b[2m1970-01-01T00:00:43.533785Z\x1b[0m \x1b[32m INFO\x1b[0m \x1b[1mstdout\x1b[0m\x1b[1m{\x1b[0m\x1b[3mclient\x1b[0m\x1b[2m=\x1b[0mInnerClientId { ptr: 0x93f27560, alive: true }\x1b[1m}\x1b[0m\x1b[2m:\x1b[0m com.system76.CosmicPanelAppButton:     preferred_theme: None,
[2m1970-01-01T00:00:43.589772Z[0m [32m INFO[0m [1mcosmic-panel[0m[2m:[0m [2mcosmic_session::notifications[0m[2m:[0m \x1b[2m1970-01-01T00:00:43.533836Z\x1b[0m \x1b[32m INFO\x1b[0m \x1b[1mstdout\x1b[0m\x1b[1m{\x1b[0m\x1b[3mclient\x1b[0m\x1b[2m=\x1b[0mInnerClientId { ptr: 0x93f27560, alive: true }\x1b[1m}\x1b[0m\x1b[2m:\x1b[0m com.system76.CosmicPanelAppButton:     content_protected: false,
[2m1970-01-01T00:00:43.619999Z[0m [32m INFO[0m [1mcosmic-panel[0m[2m:[0m [2mcosmic_session::notifications[0m[2m:[0m \x1b[2m1970-01-01T00:00:43.533885Z\x1b[0m \x1b[32m INFO\x1b[0m \x1b[1mstdout\x1b[0m\x1b[1m{\x1b[0m\x1b[3mclient\x1b[0m\x1b[2m=\x1b[0mInnerClientId { ptr: 0x93f27560, alive: true }\x1b[1m}\x1b[0m\x1b[2m:\x1b[0m com.system76.CosmicPanelAppButton:     window_level: Normal,
[2m1970-01-01T00:00:43.619999Z[0m [32m INFO[0m [1mcosmic-panel[0m[2m:[0m [2mcosmic_session::notifications[0m[2m:[0m \x1b[2m1970-01-01T00:00:43.533925Z\x1b[0m \x1b[32m INFO\x1b[0m \x1b[1mstdout\x1b[0m\x1b[1m{\x1b[0m\x1b[3mclient\x1b[0m\x1b[2m=\x1b[0mInnerClientId { ptr: 0x93f27560, alive: true }\x1b[1m}\x1b[0m\x1b[2m:\x1b[0m com.system76.CosmicPanelAppButton:     active: true,
[2m1970-01-01T00:00:43.619999Z[0m [32m INFO[0m [1mcosmic-panel[0m[2m:[0m [2mcosmic_session::notifications[0m[2m:[0m \x1b[2m1970-01-01T00:00:43.533965Z\x1b[0m \x1b[32m INFO\x1b[0m \x1b[1mstdout\x1b[0m\x1b[1m{\x1b[0m\x1b[3mclient\x1b[0m\x1b[2m=\x1b[0mInnerClientId { ptr: 0x93f27560, alive: true }\x1b[1m}\x1b[0m\x1b[2m:\x1b[0m com.system76.CosmicPanelAppButton:     cursor: Icon(
[2m1970-01-01T00:00:43.619999Z[0m [32m INFO[0m [1mcosmic-panel[0m[2m:[0m [2mcosmic_session::notifications[0m[2m:[0m \x1b[2m1970-01-01T00:00:43.534003Z\x1b[0m \x1b[32m INFO\x1b[0m \x1b[1mstdout\x1b[0m\x1b[1m{\x1b[0m\x1b[3mclient\x1b[0m\x1b[2m=\x1b[0mInnerClientId { ptr: 0x93f27560, alive: true }\x1b[1m}\x1b[0m\x1b[2m:\x1b[0m com.system76.CosmicPanelAppButton:         Default,
[2m1970-01-01T00:00:43.619999Z[0m [32m INFO[0m [1mcosmic-panel[0m[2m:[0m [2mcosmic_session::notifications[0m[2m:[0m \x1b[2m1970-01-01T00:00:43.534063Z\x1b[0m \x1b[32m INFO\x1b[0m \x1b[1mstdout\x1b[0m\x1b[1m{\x1b[0m\x1b[3mclient\x1b[0m\x1b[2m=\x1b[0mInnerClientId { ptr: 0x93f27560, alive: true }\x1b[1m}\x1b[0m\x1b[2m:\x1b[0m com.system76.CosmicPanelAppButton:     ),
[2m1970-01-01T00:00:43.619999Z[0m [32m INFO[0m [1mcosmic-panel[0m[2m:[0m [2mcosmic_session::notifications[0m[2m:[0m \x1b[2m1970-01-01T00:00:43.534107Z\x1b[0m \x1b[32m INFO\x1b[0m \x1b[1mstdout\x1b[0m\x1b[1m{\x1b[0m\x1b[3mclient\x1b[0m\x1b[2m=\x1b[0mInnerClientId { ptr: 0x93f27560, alive: true }\x1b[1m}\x1b[0m\x1b[2m:\x1b[0m com.system76.CosmicPanelAppButton:     parent_window: None,
[2m1970-01-01T00:00:43.619999Z[0m [32m INFO[0m [1mcosmic-panel[0m[2m:[0m [2mcosmic_session::notifications[0m[2m:[0m \x1b[2m1970-01-01T00:00:43.534220Z\x1b[0m \x1b[32m INFO\x1b[0m \x1b[1mstdout\x1b[0m\x1b[1m{\x1b[0m\x1b[3mclient\x1b[0m\x1b[2m=\x1b[0mInnerClientId { ptr: 0x93f27560, alive: true }\x1b[1m}\x1b[0m\x1b[2m:\x1b[0m com.system76.CosmicPanelAppButton:     fullscreen: None,
[2m1970-01-01T00:00:43.619999Z[0m [32m INFO[0m [1mcosmic-panel[0m[2m:[0m [2mcosmic_session::notifications[0m[2m:[0m \x1b[2m1970-01-01T00:00:43.534269Z\x1b[0m \x1b[32m INFO\x1b[0m \x1b[1mstdout\x1b[0m\x1b[1m{\x1b[0m\x1b[3mclient\x1b[0m\x1b[2m=\x1b[0mInnerClientId { ptr: 0x93f27560, alive: true }\x1b[1m}\x1b[0m\x1b[2m:\x1b[0m com.system76.CosmicPanelAppButton:     platform: Some(
[2m1970-01-01T00:00:43.619999Z[0m [32m INFO[0m [1mcosmic-panel[0m[2m:[0m [2mcosmic_session::notifications[0m[2m:[0m \x1b[2m1970-01-01T00:00:43.534326Z\x1b[0m \x1b[32m INFO\x1b[0m \x1b[1mstdout\x1b[0m\x1b[1m{\x1b[0m\x1b[3mclient\x1b[0m\x1b[2m=\x1b[0mInnerClientId { ptr: 0x93f27560, alive: true }\x1b[1m}\x1b[0m\x1b[2m:\x1b[0m com.system76.CosmicPanelAppButton:         WindowAttributesWayland {
[2m1970-01-01T00:00:43.619999Z[0m [32m INFO[0m [1mcosmic-panel[0m[2m:[0m [2mcosmic_session::notifications[0m[2m:[0m \x1b[2m1970-01-01T00:00:43.534387Z\x1b[0m \x1b[32m INFO\x1b[0m \x1b[1mstdout\x1b[0m\x1b[1m{\x1b[0m\x1b[3mclient\x1b[0m\x1b[2m=\x1b[0mInnerClientId { ptr: 0x93f27560, alive: true }\x1b[1m}\x1b[0m\x1b[2m:\x1b[0m com.system76.CosmicPanelAppButton:             name: Some(
[2m1970-01-01T00:00:43.619999Z[0m [32m INFO[0m [1mcosmic-panel[0m[2m:[0m [2mcosmic_session::notifications[0m[2m:[0m \x1b[2m1970-01-01T00:00:43.534464Z\x1b[0m \x1b[32m INFO\x1b[0m \x1b[1mstdout\x1b[0m\x1b[1m{\x1b[0m\x1b[3mclient\x1b[0m\x1b[2m=\x1b[0mInnerClientId { ptr: 0x93f27560, alive: true }\x1b[1m}\x1b[0m\x1b[2m:\x1b[0m com.system76.CosmicPanelAppButton:                 ApplicationName {
[2m1970-01-01T00:00:43.619999Z[0m [32m INFO[0m [1mcosmic-panel[0m[2m:[0m [2mcosmic_session::notifications[0m[2m:[0m \x1b[2m1970-01-01T00:00:43.534529Z\x1b[0m \x1b[32m INFO\x1b[0m \x1b[1mstdout\x1b[0m\x1b[1m{\x1b[0m\x1b[3mclient\x1b[0m\x1b[2m=\x1b[0mInnerClientId { ptr: 0x93f27560, alive: true }\x1b[1m}\x1b[0m\x1b[2m:\x1b[0m com.system76.CosmicPanelAppButton:                     general: "com.system76.CosmicPanelButton",
[2m1970-01-01T00:00:43.619999Z[0m [32m INFO[0m [1mcosmic-panel[0m[2m:[0m [2mcosmic_session::notifications[0m[2m:[0m \x1b[2m1970-01-01T00:00:43.534572Z\x1b[0m \x1b[32m INFO\x1b[0m \x1b[1mstdout\x1b[0m\x1b[1m{\x1b[0m\x1b[3mclient\x1b[0m\x1b[2m=\x1b[0mInnerClientId { ptr: 0x93f27560, alive: true }\x1b[1m}\x1b[0m\x1b[2m:\x1b[0m com.system76.CosmicPanelAppButton:                     instance: "com.system76.CosmicPanelButton",
[2m1970-01-01T00:00:43.619999Z[0m [32m INFO[0m [1mcosmic-panel[0m[2m:[0m [2mcosmic_session::notifications[0m[2m:[0m \x1b[2m1970-01-01T00:00:43.534629Z\x1b[0m \x1b[32m INFO\x1b[0m \x1b[1mstdout\x1b[0m\x1b[1m{\x1b[0m\x1b[3mclient\x1b[0m\x1b[2m=\x1b[0mInnerClientId { ptr: 0x93f27560, alive: true }\x1b[1m}\x1b[0m\x1b[2m:\x1b[0m com.system76.CosmicPanelAppButton:                 },
[2m1970-01-01T00:00:43.619999Z[0m [32m INFO[0m [1mcosmic-panel[0m[2m:[0m [2mcosmic_session::notifications[0m[2m:[0m \x1b[2m1970-01-01T00:00:43.534675Z\x1b[0m \x1b[32m INFO\x1b[0m \x1b[1mstdout\x1b[0m\x1b[1m{\x1b[0m\x1b[3mclient\x1b[0m\x1b[2m=\x1b[0mInnerClientId { ptr: 0x93f27560, alive: true }\x1b[1m}\x1b[0m\x1b[2m:\x1b[0m com.system76.CosmicPanelAppButton:             ),
[2m1970-01-01T00:00:43.619999Z[0m [32m INFO[0m [1mcosmic-panel[0m[2m:[0m [2mcosmic_session::notifications[0m[2m:[0m \x1b[2m1970-01-01T00:00:43.534729Z\x1b[0m \x1b[32m INFO\x1b[0m \x1b[1mstdout\x1b[0m\x1b[1m{\x1b[0m\x1b[3mclient\x1b[0m\x1b[2m=\x1b[0mInnerClientId { ptr: 0x93f27560, alive: true }\x1b[1m}\x1b[0m\x1b[2m:\x1b[0m com.system76.CosmicPanelAppButton:             activation_token: None,
[2m1970-01-01T00:00:43.619999Z[0m [32m INFO[0m [1mcosmic-panel[0m[2m:[0m [2mcosmic_session::notifications[0m[2m:[0m \x1b[2m1970-01-01T00:00:43.534779Z\x1b[0m \x1b[32m INFO\x1b[0m \x1b[1mstdout\x1b[0m\x1b[1m{\x1b[0m\x1b[3mclient\x1b[0m\x1b[2m=\x1b[0mInnerClientId { ptr: 0x93f27560, alive: true }\x1b[1m}\x1b[0m\x1b[2m:\x1b[0m com.system76.CosmicPanelAppButton:             prefer_csd: false,
[2m1970-01-01T00:00:43.619999Z[0m [32m INFO[0m [1mcosmic-panel[0m[2m:[0m [2mcosmic_session::notifications[0m[2m:[0m \x1b[2m1970-01-01T00:00:43.534821Z\x1b[0m \x1b[32m INFO\x1b[0m \x1b[1mstdout\x1b[0m\x1b[1m{\x1b[0m\x1b[3mclient\x1b[0m\x1b[2m=\x1b[0mInnerClientId { ptr: 0x93f27560, alive: true }\x1b[1m}\x1b[0m\x1b[2m:\x1b[0m com.system76.CosmicPanelAppButton:         },
[2m1970-01-01T00:00:43.619999Z[0m [32m INFO[0m [1mcosmic-panel[0m[2m:[0m [2mcosmic_session::notifications[0m[2m:[0m \x1b[2m1970-01-01T00:00:43.534873Z\x1b[0m \x1b[32m INFO\x1b[0m \x1b[1mstdout\x1b[0m\x1b[1m{\x1b[0m\x1b[3mclient\x1b[0m\x1b[2m=\x1b[0mInnerClientId { ptr: 0x93f27560, alive: true }\x1b[1m}\x1b[0m\x1b[2m:\x1b[0m com.system76.CosmicPanelAppButton:     ),
[2m1970-01-01T00:00:43.619999Z[0m [32m INFO[0m [1mcosmic-panel[0m[2m:[0m [2mcosmic_session::notifications[0m[2m:[0m \x1b[2m1970-01-01T00:00:43.534918Z\x1b[0m \x1b[32m INFO\x1b[0m \x1b[1mstdout\x1b[0m\x1b[1m{\x1b[0m\x1b[3mclient\x1b[0m\x1b[2m=\x1b[0mInnerClientId { ptr: 0x93f27560, alive: true }\x1b[1m}\x1b[0m\x1b[2m:\x1b[0m com.system76.CosmicPanelAppButton: }
[2m1970-01-01T00:00:43.619999Z[0m [32m INFO[0m [1mcosmic-panel[0m[2m:[0m [2mcosmic_session::notifications[0m[2m:[0m \x1b[2m1970-01-01T00:00:43.534983Z\x1b[0m \x1b[32m INFO\x1b[0m \x1b[1mstdout\x1b[0m\x1b[1m{\x1b[0m\x1b[3mclient\x1b[0m\x1b[2m=\x1b[0mInnerClientId { ptr: 0x93f27560, alive: true }\x1b[1m}\x1b[0m\x1b[2m:\x1b[0m com.system76.CosmicPanelAppButton: \x1b[2m1970-01-01T00:00:43.513774Z\x1b[0m \x1b[33m WARN\x1b[0m \x1b[2mwinit_wayland::window::state\x1b[0m\x1b[2m:\x1b[0m `xdg_toplevel_icon_manager_v1` is not supported
[2m1970-01-01T00:00:43.619999Z[0m [32m INFO[0m [1mcosmic-panel[0m[2m:[0m [2mcosmic_session::notifications[0m[2m:[0m \x1b[2m1970-01-01T00:00:43.535036Z\x1b[0m \x1b[32m INFO\x1b[0m \x1b[1mstdout\x1b[0m\x1b[1m{\x1b[0m\x1b[3mclient\x1b[0m\x1b[2m=\x1b[0mInnerClientId { ptr: 0x93f271a0, alive: false }\x1b[1m}\x1b[0m\x1b[2m:\x1b[0m com.system76.CosmicPanelLauncherButton: \x1b[2m1970-01-01T00:00:43.460098Z\x1b[0m \x1b[32m INFO\x1b[0m \x1b[2miced_winit\x1b[0m\x1b[2m:\x1b[0m System theme: None
[2m1970-01-01T00:00:43.619999Z[0m [32m INFO[0m [1mcosmic-panel[0m[2m:[0m [2mcosmic_session::notifications[0m[2m:[0m \x1b[2m1970-01-01T00:00:43.535093Z\x1b[0m \x1b[32m INFO\x1b[0m \x1b[1mstdout\x1b[0m\x1b[1m{\x1b[0m\x1b[3mclient\x1b[0m\x1b[2m=\x1b[0mInnerClientId { ptr: 0x93f271a0, alive: false }\x1b[1m}\x1b[0m\x1b[2m:\x1b[0m com.system76.CosmicPanelLauncherButton: \x1b[2m1970-01-01T00:00:43.463117Z\x1b[0m \x1b[32m INFO\x1b[0m \x1b[2miced_winit\x1b[0m\x1b[2m:\x1b[0m Window attributes for id `Id(
[2m1970-01-01T00:00:43.619999Z[0m [32m INFO[0m [1mcosmic-panel[0m[2m:[0m [2mcosmic_session::notifications[0m[2m:[0m \x1b[2m1970-01-01T00:00:43.535139Z\x1b[0m \x1b[32m INFO\x1b[0m \x1b[1mstdout\x1b[0m\x1b[1m{\x1b[0m\x1b[3mclient\x1b[0m\x1b[2m=\x1b[0mInnerClientId { ptr: 0x93f271a0, alive: false }\x1b[1m}\x1b[0m\x1b[2m:\x1b[0m com.system76.CosmicPanelLauncherButton:     1,
[2m1970-01-01T00:00:43.619999Z[0m [32m INFO[0m [1mcosmic-panel[0m[2m:[0m [2mcosmic_session::notifications[0m[2m:[0m \x1b[2m1970-01-01T00:00:43.535195Z\x1b[0m \x1b[32m INFO\x1b[0m \x1b[1mstdout\x1b[0m\x1b[1m{\x1b[0m\x1b[3mclient\x1b[0m\x1b[2m=\x1b[0mInnerClientId { ptr: 0x93f271a0, alive: false }\x1b[1m}\x1b[0m\x1b[2m:\x1b[0m com.system76.CosmicPanelLauncherButton: )`: WindowAttributes {
[2m1970-01-01T00:00:43.619999Z[0m [32m INFO[0m [1mcosmic-panel[0m[2m:[0m [2mcosmic_session::notifications[0m[2m:[0m \x1b[2m1970-01-01T00:00:43.558208Z\x1b[0m \x1b[32m INFO\x1b[0m \x1b[1mstdout\x1b[0m\x1b[1m{\x1b[0m\x1b[3mclient\x1b[0m\x1b[2m=\x1b[0mInnerClientId { ptr: 0x93f271a0, alive: false }\x1b[1m}\x1b[0m\x1b[2m:\x1b[0m com.system76.CosmicPanelLauncherButton:     surface_size: Some(
[2m1970-01-01T00:00:43.619999Z[0m [32m INFO[0m [1mcosmic-panel[0m[2m:[0m [2mcosmic_session::notifications[0m[2m:[0m \x1b[2m1970-01-01T00:00:43.558301Z\x1b[0m \x1b[32m INFO\x1b[0m \x1b[1mstdout\x1b[0m\x1b[1m{\x1b[0m\x1b[3mclient\x1b[0m\x1b[2m=\x1b[0mInnerClientId { ptr: 0x93f271a0, alive: false }\x1b[1m}\x1b[0m\x1b[2m:\x1b[0m com.system76.CosmicPanelLauncherButton:         Logical(
[2m1970-01-01T00:00:43.619999Z[0m [32m INFO[0m [1mcosmic-panel[0m[2m:[0m [2mcosmic_session::notifications[0m[2m:[0m \x1b[2m1970-01-01T00:00:43.558362Z\x1b[0m \x1b[32m INFO\x1b[0m \x1b[1mstdout\x1b[0m\x1b[1m{\x1b[0m\x1b[3mclient\x1b[0m\x1b[2m=\x1b[0mInnerClientId { ptr: 0x93f271a0, alive: false }\x1b[1m}\x1b[0m\x1b[2m:\x1b[0m com.system76.CosmicPanelLauncherButton:             LogicalSize {
[2m1970-01-01T00:00:43.619999Z[0m [32m INFO[0m [1mcosmic-panel[0m[2m:[0m [2mcosmic_session::notifications[0m[2m:[0m \x1b[2m1970-01-01T00:00:43.558466Z\x1b[0m \x1b[32m INFO\x1b[0m \x1b[1mstdout\x1b[0m\x1b[1m{\x1b[0m\x1b[3mclient\x1b[0m\x1b[2m=\x1b[0mInnerClientId { ptr: 0x93f271a0, alive: false }\x1b[1m}\x1b[0m\x1b[2m:\x1b[0m com.system76.CosmicPanelLauncherButton:                 width: 72.0,
[2m1970-01-01T00:00:43.619999Z[0m [32m INFO[0m [1mcosmic-panel[0m[2m:[0m [2mcosmic_session::notifications[0m[2m:[0m \x1b[2m1970-01-01T00:00:43.558553Z\x1b[0m \x1b[32m INFO\x1b[0m \x1b[1mstdout\x1b[0m\x1b[1m{\x1b[0m\x1b[3mclient\x1b[0m\x1b[2m=\x1b[0mInnerClientId { ptr: 0x93f271a0, alive: false }\x1b[1m}\x1b[0m\x1b[2m:\x1b[0m com.system76.CosmicPanelLauncherButton:                 height: 64.0,
[2m1970-01-01T00:00:43.619999Z[0m [32m INFO[0m [1mcosmic-panel[0m[2m:[0m [2mcosmic_session::notifications[0m[2m:[0m \x1b[2m1970-01-01T00:00:43.558658Z\x1b[0m \x1b[32m INFO\x1b[0m \x1b[1mstdout\x1b[0m\x1b[1m{\x1b[0m\x1b[3mclient\x1b[0m\x1b[2m=\x1b[0mInnerClientId { ptr: 0x93f271a0, alive: false }\x1b[1m}\x1b[0m\x1b[2m:\x1b[0m com.system76.CosmicPanelLauncherButton:             },
[2m1970-01-01T00:00:43.619999Z[0m [32m INFO[0m [1mcosmic-panel[0m[2m:[0m [2mcosmic_session::notifications[0m[2m:[0m \x1b[2m1970-01-01T00:00:43.558725Z\x1b[0m \x1b[32m INFO\x1b[0m \x1b[1mstdout\x1b[0m\x1b[1m{\x1b[0m\x1b[3mclient\x1b[0m\x1b[2m=\x1b[0mInnerClientId { ptr: 0x93f271a0, alive: false }\x1b[1m}\x1b[0m\x1b[2m:\x1b[0m com.system76.CosmicPanelLauncherButton:         ),
[2m1970-01-01T00:00:43.619999Z[0m [32m INFO[0m [1mcosmic-panel[0m[2m:[0m [2mcosmic_session::notifications[0m[2m:[0m \x1b[2m1970-01-01T00:00:43.558800Z\x1b[0m \x1b[32m INFO\x1b[0m \x1b[1mstdout\x1b[0m\x1b[1m{\x1b[0m\x1b[3mclient\x1b[0m\x1b[2m=\x1b[0mInnerClientId { ptr: 0x93f271a0, alive: false }\x1b[1m}\x1b[0m\x1b[2m:\x1b[0m com.system76.CosmicPanelLauncherButton:     ),
[2m1970-01-01T00:00:43.619999Z[0m [32m INFO[0m [1mcosmic-panel[0m[2m:[0m [2mcosmic_session::notifications[0m[2m:[0m \x1b[2m1970-01-01T00:00:43.558906Z\x1b[0m \x1b[32m INFO\x1b[0m \x1b[1mstdout\x1b[0m\x1b[1m{\x1b[0m\x1b[3mclient\x1b[0m\x1b[2m=\x1b[0mInnerClientId { ptr: 0x93f271a0, alive: false }\x1b[1m}\x1b[0m\x1b[2m:\x1b[0m com.system76.CosmicPanelLauncherButton:     min_surface_size: Some(
[2m1970-01-01T00:00:43.619999Z[0m [32m INFO[0m [1mcosmic-panel[0m[2m:[0m [2mcosmic_session::notifications[0m[2m:[0m \x1b[2m1970-01-01T00:00:43.559022Z\x1b[0m \x1b[32m INFO\x1b[0m \x1b[1mstdout\x1b[0m\x1b[1m{\x1b[0m\x1b[3mclient\x1b[0m\x1b[2m=\x1b[0mInnerClientId { ptr: 0x93f271a0, alive: false }\x1b[1m}\x1b[0m\x1b[2m:\x1b[0m com.system76.CosmicPanelLauncherButton:         Logical(
[2m1970-01-01T00:00:43.619999Z[0m [32m INFO[0m [1mcosmic-panel[0m[2m:[0m [2mcosmic_session::notifications[0m[2m:[0m \x1b[2m1970-01-01T00:00:43.559103Z\x1b[0m \x1b[32m INFO\x1b[0m \x1b[1mstdout\x1b[0m\x1b[1m{\x1b[0m\x1b[3mclient\x1b[0m\x1b[2m=\x1b[0mInnerClientId { ptr: 0x93f271a0, alive: false }\x1b[1m}\x1b[0m\x1b[2m:\x1b[0m com.system76.CosmicPanelLauncherButton:             LogicalSize {
[2m1970-01-01T00:00:43.619999Z[0m [32m INFO[0m [1mcosmic-panel[0m[2m:[0m [2mcosmic_session::notifications[0m[2m:[0m \x1b[2m1970-01-01T00:00:43.566746Z\x1b[0m \x1b[32m INFO\x1b[0m \x1b[1mstdout\x1b[0m\x1b[1m{\x1b[0m\x1b[3mclient\x1b[0m\x1b[2m=\x1b[0mInnerClientId { ptr: 0x93f271a0, alive: false }\x1b[1m}\x1b[0m\x1b[2m:\x1b[0m com.system76.CosmicPanelLauncherButton:                 width: 72.0,
[2m1970-01-01T00:00:43.619999Z[0m [32m INFO[0m [1mcosmic-panel[0m[2m:[0m [2mcosmic_session::notifications[0m[2m:[0m \x1b[2m1970-01-01T00:00:43.566831Z\x1b[0m \x1b[32m INFO\x1b[0m \x1b[1mstdout\x1b[0m\x1b[1m{\x1b[0m\x1b[3mclient\x1b[0m\x1b[2m=\x1b[0mInnerClientId { ptr: 0x93f271a0, alive: false }\x1b[1m}\x1b[0m\x1b[2m:\x1b[0m com.system76.CosmicPanelLauncherButton:                 height: 64.0,
[2m1970-01-01T00:00:43.619999Z[0m [32m INFO[0m [1mcosmic-panel[0m[2m:[0m [2mcosmic_session::notifications[0m[2m:[0m \x1b[2m1970-01-01T00:00:43.566914Z\x1b[0m \x1b[32m INFO\x1b[0m \x1b[1mstdout\x1b[0m\x1b[1m{\x1b[0m\x1b[3mclient\x1b[0m\x1b[2m=\x1b[0mInnerClientId { ptr: 0x93f271a0, alive: false }\x1b[1m}\x1b[0m\x1b[2m:\x1b[0m com.system76.CosmicPanelLauncherButton:             },
[2m1970-01-01T00:00:43.619999Z[0m [32m INFO[0m [1mcosmic-panel[0m[2m:[0m [2mcosmic_session::notifications[0m[2m:[0m \x1b[2m1970-01-01T00:00:43.566985Z\x1b[0m \x1b[32m INFO\x1b[0m \x1b[1mstdout\x1b[0m\x1b[1m{\x1b[0m\x1b[3mclient\x1b[0m\x1b[2m=\x1b[0mInnerClientId { ptr: 0x93f271a0, alive: false }\x1b[1m}\x1b[0m\x1b[2m:\x1b[0m com.system76.CosmicPanelLauncherButton:         ),
[2m1970-01-01T00:00:43.619999Z[0m [32m INFO[0m [1mcosmic-panel[0m[2m:[0m [2mcosmic_session::notifications[0m[2m:[0m \x1b[2m1970-01-01T00:00:43.567049Z\x1b[0m \x1b[32m INFO\x1b[0m \x1b[1mstdout\x1b[0m\x1b[1m{\x1b[0m\x1b[3mclient\x1b[0m\x1b[2m=\x1b[0mInnerClientId { ptr: 0x93f271a0, alive: false }\x1b[1m}\x1b[0m\x1b[2m:\x1b[0m com.system76.CosmicPanelLauncherButton:     ),
[2m1970-01-01T00:00:43.619999Z[0m [32m INFO[0m [1mcosmic-panel[0m[2m:[0m [2mcosmic_session::notifications[0m[2m:[0m \x1b[2m1970-01-01T00:00:43.567105Z\x1b[0m \x1b[32m INFO\x1b[0m \x1b[1mstdout\x1b[0m\x1b[1m{\x1b[0m\x1b[3mclient\x1b[0m\x1b[2m=\x1b[0mInnerClientId { ptr: 0x93f271a0, alive: false }\x1b[1m}\x1b[0m\x1b[2m:\x1b[0m com.system76.CosmicPanelLauncherButton:     max_surface_size: None,
[2m1970-01-01T00:00:43.619999Z[0m [32m INFO[0m [1mcosmic-panel[0m[2m:[0m [2mcosmic_session::notifications[0m[2m:[0m \x1b[2m1970-01-01T00:00:43.567165Z\x1b[0m \x1b[32m INFO\x1b[0m \x1b[1mstdout\x1b[0m\x1b[1m{\x1b[0m\x1b[3mclient\x1b[0m\x1b[2m=\x1b[0mInnerClientId { ptr: 0x93f271a0, alive: false }\x1b[1m}\x1b[0m\x1b[2m:\x1b[0m com.system76.CosmicPanelLauncherButton:     surface_resize_increments: None,
[2m1970-01-01T00:00:43.619999Z[0m [32m INFO[0m [1mcosmic-panel[0m[2m:[0m [2mcosmic_session::notifications[0m[2m:[0m \x1b[2m1970-01-01T00:00:43.567220Z\x1b[0m \x1b[32m INFO\x1b[0m \x1b[1mstdout\x1b[0m\x1b[1m{\x1b[0m\x1b[3mclient\x1b[0m\x1b[2m=\x1b[0mInnerClientId { ptr: 0x93f271a0, alive: false }\x1b[1m}\x1b[0m\x1b[2m:\x1b[0m com.system76.CosmicPanelLauncherButton:     position: None,
[2m1970-01-01T00:00:43.619999Z[0m [32m INFO[0m [1mcosmic-panel[0m[2m:[0m [2mcosmic_session::notifications[0m[2m:[0m \x1b[2m1970-01-01T00:00:43.567286Z\x1b[0m \x1b[32m INFO\x1b[0m \x1b[1mstdout\x1b[0m\x1b[1m{\x1b[0m\x1b[3mclient\x1b[0m\x1b[2m=\x1b[0mInnerClientId { ptr: 0x93f271a0, alive: false }\x1b[1m}\x1b[0m\x1b[2m:\x1b[0m com.system76.CosmicPanelLauncherButton:     resizable: false,
[2m1970-01-01T00:00:43.619999Z[0m [32m INFO[0m [1mcosmic-panel[0m[2m:[0m [2mcosmic_session::notifications[0m[2m:[0m \x1b[2m1970-01-01T00:00:43.567349Z\x1b[0m \x1b[32m INFO\x1b[0m \x1b[1mstdout\x1b[0m\x1b[1m{\x1b[0m\x1b[3mclient\x1b[0m\x1b[2m=\x1b[0mInnerClientId { ptr: 0x93f271a0, alive: false }\x1b[1m}\x1b[0m\x1b[2m:\x1b[0m com.system76.CosmicPanelLauncherButton:     enabled_buttons: WindowButtons(
[2m1970-01-01T00:00:43.619999Z[0m [32m INFO[0m [1mcosmic-panel[0m[2m:[0m [2mcosmic_session::notifications[0m[2m:[0m \x1b[2m1970-01-01T00:00:43.567413Z\x1b[0m \x1b[32m INFO\x1b[0m \x1b[1mstdout\x1b[0m\x1b[1m{\x1b[0m\x1b[3mclient\x1b[0m\x1b[2m=\x1b[0mInnerClientId { ptr: 0x93f271a0, alive: false }\x1b[1m}\x1b[0m\x1b[2m:\x1b[0m com.system76.CosmicPanelLauncherButton:         CLOSE | MINIMIZE,
[2m1970-01-01T00:00:43.619999Z[0m [32m INFO[0m [1mcosmic-panel[0m[2m:[0m [2mcosmic_session::notifications[0m[2m:[0m \x1b[2m1970-01-01T00:00:43.567481Z\x1b[0m \x1b[32m INFO\x1b[0m \x1b[1mstdout\x1b[0m\x1b[1m{\x1b[0m\x1b[3mclient\x1b[0m\x1b[2m=\x1b[0mInnerClientId { ptr: 0x93f271a0, alive: false }\x1b[1m}\x1b[0m\x1b[2m:\x1b[0m com.system76.CosmicPanelLauncherButton:     ),
[2m1970-01-01T00:00:43.619999Z[0m [32m INFO[0m [1mcosmic-panel[0m[2m:[0m [2mcosmic_session::notifications[0m[2m:[0m \x1b[2m1970-01-01T00:00:43.567523Z\x1b[0m \x1b[32m INFO\x1b[0m \x1b[1mstdout\x1b[0m\x1b[1m{\x1b[0m\x1b[3mclient\x1b[0m\x1b[2m=\x1b[0mInnerClientId { ptr: 0x93f271a0, alive: false }\x1b[1m}\x1b[0m\x1b[2m:\x1b[0m com.system76.CosmicPanelLauncherButton:     title: "Cosmic - Iced",
[2m1970-01-01T00:00:43.619999Z[0m [32m INFO[0m [1mcosmic-panel[0m[2m:[0m [2mcosmic_session::notifications[0m[2m:[0m \x1b[2m1970-01-01T00:00:43.567573Z\x1b[0m \x1b[32m INFO\x1b[0m \x1b[1mstdout\x1b[0m\x1b[1m{\x1b[0m\x1b[3mclient\x1b[0m\x1b[2m=\x1b[0mInnerClientId { ptr: 0x93f271a0, alive: false }\x1b[1m}\x1b[0m\x1b[2m:\x1b[0m com.system76.CosmicPanelLauncherButton:     maximized: false,
[2m1970-01-01T00:00:43.619999Z[0m [32m INFO[0m [1mcosmic-panel[0m[2m:[0m [2mcosmic_session::notifications[0m[2m:[0m \x1b[2m1970-01-01T00:00:43.567659Z\x1b[0m \x1b[32m INFO\x1b[0m \x1b[1mstdout\x1b[0m\x1b[1m{\x1b[0m\x1b[3mclient\x1b[0m\x1b[2m=\x1b[0mInnerClientId { ptr: 0x93f271a0, alive: false }\x1b[1m}\x1b[0m\x1b[2m:\x1b[0m com.system76.CosmicPanelLauncherButton:     visible: false,
[2m1970-01-01T00:00:43.619999Z[0m [32m INFO[0m [1mcosmic-panel[0m[2m:[0m [2mcosmic_session::notifications[0m[2m:[0m \x1b[2m1970-01-01T00:00:43.567726Z\x1b[0m \x1b[32m INFO\x1b[0m \x1b[1mstdout\x1b[0m\x1b[1m{\x1b[0m\x1b[3mclient\x1b[0m\x1b[2m=\x1b[0mInnerClientId { ptr: 0x93f271a0, alive: false }\x1b[1m}\x1b[0m\x1b[2m:\x1b[0m com.system76.CosmicPanelLauncherButton:     transparent: true,
[2m1970-01-01T00:00:43.619999Z[0m [32m INFO[0m [1mcosmic-panel[0m[2m:[0m [2mcosmic_session::notifications[0m[2m:[0m \x1b[2m1970-01-01T00:00:43.567820Z\x1b[0m \x1b[32m INFO\x1b[0m \x1b[1mstdout\x1b[0m\x1b[1m{\x1b[0m\x1b[3mclient\x1b[0m\x1b[2m=\x1b[0mInnerClientId { ptr: 0x93f271a0, alive: false }\x1b[1m}\x1b[0m\x1b[2m:\x1b[0m com.system76.CosmicPanelLauncherButton:     blur: false,
[2m1970-01-01T00:00:43.619999Z[0m [32m INFO[0m [1mcosmic-panel[0m[2m:[0m [2mcosmic_session::notifications[0m[2m:[0m \x1b[2m1970-01-01T00:00:43.567894Z\x1b[0m \x1b[32m INFO\x1b[0m \x1b[1mstdout\x1b[0m\x1b[1m{\x1b[0m\x1b[3mclient\x1b[0m\x1b[2m=\x1b[0mInnerClientId { ptr: 0x93f271a0, alive: false }\x1b[1m}\x1b[0m\x1b[2m:\x1b[0m com.system76.CosmicPanelLauncherButton:     decorations: false,
[2m1970-01-01T00:00:43.619999Z[0m [32m INFO[0m [1mcosmic-panel[0m[2m:[0m [2mcosmic_session::notifications[0m[2m:[0m \x1b[2m1970-01-01T00:00:43.588313Z\x1b[0m \x1b[32m INFO\x1b[0m \x1b[1mstdout\x1b[0m\x1b[1m{\x1b[0m\x1b[3mclient\x1b[0m\x1b[2m=\x1b[0mInnerClientId { ptr: 0x93f271a0, alive: false }\x1b[1m}\x1b[0m\x1b[2m:\x1b[0m com.system76.CosmicPanelLauncherButton:     window_icon: None,
[2m1970-01-01T00:00:43.619999Z[0m [32m INFO[0m [1mcosmic-panel[0m[2m:[0m [2mcosmic_session::notifications[0m[2m:[0m \x1b[2m1970-01-01T00:00:43.588631Z\x1b[0m \x1b[32m INFO\x1b[0m \x1b[1mstdout\x1b[0m\x1b[1m{\x1b[0m\x1b[3mclient\x1b[0m\x1b[2m=\x1b[0mInnerClientId { ptr: 0x93f271a0, alive: false }\x1b[1m}\x1b[0m\x1b[2m:\x1b[0m com.system76.CosmicPanelLauncherButton:     preferred_theme: None,
[2m1970-01-01T00:00:43.619999Z[0m [32m INFO[0m [1mcosmic-panel[0m[2m:[0m [2mcosmic_session::notifications[0m[2m:[0m \x1b[2m1970-01-01T00:00:43.588802Z\x1b[0m \x1b[32m INFO\x1b[0m \x1b[1mstdout\x1b[0m\x1b[1m{\x1b[0m\x1b[3mclient\x1b[0m\x1b[2m=\x1b[0mInnerClientId { ptr: 0x93f271a0, alive: false }\x1b[1m}\x1b[0m\x1b[2m:\x1b[0m com.system76.CosmicPanelLauncherButton:     content_protected: false,
[2m1970-01-01T00:00:43.619999Z[0m [32m INFO[0m [1mcosmic-panel[0m[2m:[0m [2mcosmic_session::notifications[0m[2m:[0m \x1b[2m1970-01-01T00:00:43.589176Z\x1b[0m \x1b[32m INFO\x1b[0m \x1b[1mstdout\x1b[0m\x1b[1m{\x1b[0m\x1b[3mclient\x1b[0m\x1b[2m=\x1b[0mInnerClientId { ptr: 0x93f271a0, alive: false }\x1b[1m}\x1b[0m\x1b[2m:\x1b[0m com.system76.CosmicPanelLauncherButton:     window_level: Normal,
[2m1970-01-01T00:00:43.619999Z[0m [32m INFO[0m [1mcosmic-panel[0m[2m:[0m [2mcosmic_session::notifications[0m[2m:[0m \x1b[2m1970-01-01T00:00:43.589354Z\x1b[0m \x1b[32m INFO\x1b[0m \x1b[1mstdout\x1b[0m\x1b[1m{\x1b[0m\x1b[3mclient\x1b[0m\x1b[2m=\x1b[0mInnerClientId { ptr: 0x93f271a0, alive: false }\x1b[1m}\x1b[0m\x1b[2m:\x1b[0m com.system76.CosmicPanelLauncherButton:     active: true,
[2m1970-01-01T00:00:43.619999Z[0m [32m INFO[0m [1mcosmic-panel[0m[2m:[0m [2mcosmic_session::notifications[0m[2m:[0m \x1b[2m1970-01-01T00:00:43.589457Z\x1b[0m \x1b[32m INFO\x1b[0m \x1b[1mstdout\x1b[0m\x1b[1m{\x1b[0m\x1b[3mclient\x1b[0m\x1b[2m=\x1b[0mInnerClientId { ptr: 0x93f271a0, alive: false }\x1b[1m}\x1b[0m\x1b[2m:\x1b[0m com.system76.CosmicPanelLauncherButton:     cursor: Icon(
[2m1970-01-01T00:00:43.619999Z[0m [32m INFO[0m [1mcosmic-panel[0m[2m:[0m [2mcosmic_session::notifications[0m[2m:[0m \x1b[2m1970-01-01T00:00:43.589571Z\x1b[0m \x1b[32m INFO\x1b[0m \x1b[1mstdout\x1b[0m\x1b[1m{\x1b[0m\x1b[3mclient\x1b[0m\x1b[2m=\x1b[0mInnerClientId { ptr: 0x93f271a0, alive: false }\x1b[1m}\x1b[0m\x1b[2m:\x1b[0m com.system76.CosmicPanelLauncherButton:         Default,
[2m1970-01-01T00:00:43.619999Z[0m [32m INFO[0m [1mcosmic-panel[0m[2m:[0m [2mcosmic_session::notifications[0m[2m:[0m \x1b[2m1970-01-01T00:00:43.589752Z\x1b[0m \x1b[32m INFO\x1b[0m \x1b[1mstdout\x1b[0m\x1b[1m{\x1b[0m\x1b[3mclient\x1b[0m\x1b[2m=\x1b[0mInnerClientId { ptr: 0x93f271a0, alive: false }\x1b[1m}\x1b[0m\x1b[2m:\x1b[0m com.system76.CosmicPanelLauncherButton:     ),
[2m1970-01-01T00:00:43.619999Z[0m [32m INFO[0m [1mcosmic-panel[0m[2m:[0m [2mcosmic_session::notifications[0m[2m:[0m \x1b[2m1970-01-01T00:00:43.589842Z\x1b[0m \x1b[32m INFO\x1b[0m \x1b[1mstdout\x1b[0m\x1b[1m{\x1b[0m\x1b[3mclient\x1b[0m\x1b[2m=\x1b[0mInnerClientId { ptr: 0x93f271a0, alive: false }\x1b[1m}\x1b[0m\x1b[2m:\x1b[0m com.system76.CosmicPanelLauncherButton:     parent_window: None,
[2m1970-01-01T00:00:43.619999Z[0m [32m INFO[0m [1mcosmic-panel[0m[2m:[0m [2mcosmic_session::notifications[0m[2m:[0m \x1b[2m1970-01-01T00:00:43.589999Z\x1b[0m \x1b[32m INFO\x1b[0m \x1b[1mstdout\x1b[0m\x1b[1m{\x1b[0m\x1b[3mclient\x1b[0m\x1b[2m=\x1b[0mInnerClientId { ptr: 0x93f271a0, alive: false }\x1b[1m}\x1b[0m\x1b[2m:\x1b[0m com.system76.CosmicPanelLauncherButton:     fullscreen: None,
[2m1970-01-01T00:00:43.619999Z[0m [32m INFO[0m [1mcosmic-panel[0m[2m:[0m [2mcosmic_session::notifications[0m[2m:[0m \x1b[2m1970-01-01T00:00:43.589999Z\x1b[0m \x1b[32m INFO\x1b[0m \x1b[1mstdout\x1b[0m\x1b[1m{\x1b[0m\x1b[3mclient\x1b[0m\x1b[2m=\x1b[0mInnerClientId { ptr: 0x93f271a0, alive: false }\x1b[1m}\x1b[0m\x1b[2m:\x1b[0m com.system76.CosmicPanelLauncherButton:     platform: Some(
[2m1970-01-01T00:00:43.619999Z[0m [32m INFO[0m [1mcosmic-panel[0m[2m:[0m [2mcosmic_session::notifications[0m[2m:[0m \x1b[2m1970-01-01T00:00:43.589999Z\x1b[0m \x1b[32m INFO\x1b[0m \x1b[1mstdout\x1b[0m\x1b[1m{\x1b[0m\x1b[3mclient\x1b[0m\x1b[2m=\x1b[0mInnerClientId { ptr: 0x93f271a0, alive: false }\x1b[1m}\x1b[0m\x1b[2m:\x1b[0m com.system76.CosmicPanelLauncherButton:         WindowAttributesWayland {
[2m1970-01-01T00:00:43.619999Z[0m [32m INFO[0m [1mcosmic-panel[0m[2m:[0m [2mcosmic_session::notifications[0m[2m:[0m \x1b[2m1970-01-01T00:00:43.589999Z\x1b[0m \x1b[32m INFO\x1b[0m \x1b[1mstdout\x1b[0m\x1b[1m{\x1b[0m\x1b[3mclient\x1b[0m\x1b[2m=\x1b[0mInnerClientId { ptr: 0x93f271a0, alive: false }\x1b[1m}\x1b[0m\x1b[2m:\x1b[0m com.system76.CosmicPanelLauncherButton:             name: Some(
[2m1970-01-01T00:00:43.619999Z[0m [32m INFO[0m [1mcosmic-panel[0m[2m:[0m [2mcosmic_session::notifications[0m[2m:[0m \x1b[2m1970-01-01T00:00:43.589999Z\x1b[0m \x1b[32m INFO\x1b[0m \x1b[1mstdout\x1b[0m\x1b[1m{\x1b[0m\x1b[3mclient\x1b[0m\x1b[2m=\x1b[0mInnerClientId { ptr: 0x93f271a0, alive: false }\x1b[1m}\x1b[0m\x1b[2m:\x1b[0m com.system76.CosmicPanelLauncherButton:                 ApplicationName {
[2m1970-01-01T00:00:43.619999Z[0m [32m INFO[0m [1mcosmic-panel[0m[2m:[0m [2mcosmic_session::notifications[0m[2m:[0m \x1b[2m1970-01-01T00:00:43.589999Z\x1b[0m \x1b[32m INFO\x1b[0m \x1b[1mstdout\x1b[0m\x1b[1m{\x1b[0m\x1b[3mclient\x1b[0m\x1b[2m=\x1b[0mInnerClientId { ptr: 0x93f271a0, alive: false }\x1b[1m}\x1b[0m\x1b[2m:\x1b[0m com.system76.CosmicPanelLauncherButton:                     general: "com.system76.CosmicPanelButton",
[2m1970-01-01T00:00:43.619999Z[0m [32m INFO[0m [1mcosmic-panel[0m[2m:[0m [2mcosmic_session::notifications[0m[2m:[0m \x1b[2m1970-01-01T00:00:43.589999Z\x1b[0m \x1b[32m INFO\x1b[0m \x1b[1mstdout\x1b[0m\x1b[1m{\x1b[0m\x1b[3mclient\x1b[0m\x1b[2m=\x1b[0mInnerClientId { ptr: 0x93f271a0, alive: false }\x1b[1m}\x1b[0m\x1b[2m:\x1b[0m com.system76.CosmicPanelLauncherButton:                     instance: "com.system76.CosmicPanelButton",
[2m1970-01-01T00:00:43.619999Z[0m [32m INFO[0m [1mcosmic-panel[0m[2m:[0m [2mcosmic_session::notifications[0m[2m:[0m \x1b[2m1970-01-01T00:00:43.589999Z\x1b[0m \x1b[32m INFO\x1b[0m \x1b[1mstdout\x1b[0m\x1b[1m{\x1b[0m\x1b[3mclient\x1b[0m\x1b[2m=\x1b[0mInnerClientId { ptr: 0x93f271a0, alive: false }\x1b[1m}\x1b[0m\x1b[2m:\x1b[0m com.system76.CosmicPanelLauncherButton:                 },
[2m1970-01-01T00:00:43.619999Z[0m [32m INFO[0m [1mcosmic-panel[0m[2m:[0m [2mcosmic_session::notifications[0m[2m:[0m \x1b[2m1970-01-01T00:00:43.589999Z\x1b[0m \x1b[32m INFO\x1b[0m \x1b[1mstdout\x1b[0m\x1b[1m{\x1b[0m\x1b[3mclient\x1b[0m\x1b[2m=\x1b[0mInnerClientId { ptr: 0x93f271a0, alive: false }\x1b[1m}\x1b[0m\x1b[2m:\x1b[0m com.system76.CosmicPanelLauncherButton:             ),
[2m1970-01-01T00:00:43.619999Z[0m [32m INFO[0m [1mcosmic-panel[0m[2m:[0m [2mcosmic_session::notifications[0m[2m:[0m \x1b[2m1970-01-01T00:00:43.589999Z\x1b[0m \x1b[32m INFO\x1b[0m \x1b[1mstdout\x1b[0m\x1b[1m{\x1b[0m\x1b[3mclient\x1b[0m\x1b[2m=\x1b[0mInnerClientId { ptr: 0x93f271a0, alive: false }\x1b[1m}\x1b[0m\x1b[2m:\x1b[0m com.system76.CosmicPanelLauncherButton:             activation_token: None,
[2m1970-01-01T00:00:43.619999Z[0m [32m INFO[0m [1mcosmic-panel[0m[2m:[0m [2mcosmic_session::notifications[0m[2m:[0m \x1b[2m1970-01-01T00:00:43.590082Z\x1b[0m \x1b[32m INFO\x1b[0m \x1b[1mstdout\x1b[0m\x1b[1m{\x1b[0m\x1b[3mclient\x1b[0m\x1b[2m=\x1b[0mInnerClientId { ptr: 0x93f271a0, alive: false }\x1b[1m}\x1b[0m\x1b[2m:\x1b[0m com.system76.CosmicPanelLauncherButton:             prefer_csd: false,
[2m1970-01-01T00:00:43.619999Z[0m [32m INFO[0m [1mcosmic-panel[0m[2m:[0m [2mcosmic_session::notifications[0m[2m:[0m \x1b[2m1970-01-01T00:00:43.590134Z\x1b[0m \x1b[32m INFO\x1b[0m \x1b[1mstdout\x1b[0m\x1b[1m{\x1b[0m\x1b[3mclient\x1b[0m\x1b[2m=\x1b[0mInnerClientId { ptr: 0x93f271a0, alive: false }\x1b[1m}\x1b[0m\x1b[2m:\x1b[0m com.system76.CosmicPanelLauncherButton:         },
[2m1970-01-01T00:00:43.619999Z[0m [32m INFO[0m [1mcosmic-panel[0m[2m:[0m [2mcosmic_session::notifications[0m[2m:[0m \x1b[2m1970-01-01T00:00:43.590232Z\x1b[0m \x1b[32m INFO\x1b[0m \x1b[1mstdout\x1b[0m\x1b[1m{\x1b[0m\x1b[3mclient\x1b[0m\x1b[2m=\x1b[0mInnerClientId { ptr: 0x93f271a0, alive: false }\x1b[1m}\x1b[0m\x1b[2m:\x1b[0m com.system76.CosmicPanelLauncherButton:     ),
[2m1970-01-01T00:00:43.619999Z[0m [32m INFO[0m [1mcosmic-panel[0m[2m:[0m [2mcosmic_session::notifications[0m[2m:[0m \x1b[2m1970-01-01T00:00:43.590305Z\x1b[0m \x1b[32m INFO\x1b[0m \x1b[1mstdout\x1b[0m\x1b[1m{\x1b[0m\x1b[3mclient\x1b[0m\x1b[2m=\x1b[0mInnerClientId { ptr: 0x93f271a0, alive: false }\x1b[1m}\x1b[0m\x1b[2m:\x1b[0m com.system76.CosmicPanelLauncherButton: }
[2m1970-01-01T00:00:43.619999Z[0m [32m INFO[0m [1mcosmic-panel[0m[2m:[0m [2mcosmic_session::notifications[0m[2m:[0m \x1b[2m1970-01-01T00:00:43.590359Z\x1b[0m \x1b[32m INFO\x1b[0m \x1b[1mstdout\x1b[0m\x1b[1m{\x1b[0m\x1b[3mclient\x1b[0m\x1b[2m=\x1b[0mInnerClientId { ptr: 0x93f271a0, alive: false }\x1b[1m}\x1b[0m\x1b[2m:\x1b[0m com.system76.CosmicPanelLauncherButton: \x1b[2m1970-01-01T00:00:43.508282Z\x1b[0m \x1b[33m WARN\x1b[0m \x1b[2mwinit_wayland::window::state\x1b[0m\x1b[2m:\x1b[0m `xdg_toplevel_icon_manager_v1` is not supported
[2m1970-01-01T00:00:43.619999Z[0m [32m INFO[0m [1mcosmic-panel[0m[2m:[0m [2mcosmic_session::notifications[0m[2m:[0m \x1b[2m1970-01-01T00:00:43.592534Z\x1b[0m \x1b[32m INFO\x1b[0m \x1b[1mstdout\x1b[0m\x1b[1m{\x1b[0m\x1b[3mclient\x1b[0m\x1b[2m=\x1b[0mInnerClientId { ptr: 0x93f27560, alive: true }\x1b[1m}\x1b[0m\x1b[2m:\x1b[0m com.system76.CosmicPanelAppButton: \x1b[2m1970-01-01T00:00:43.545003Z\x1b[0m \x1b[32m INFO\x1b[0m \x1b[2miced_winit::platform_specific::wayland::event_loop\x1b[0m\x1b[2m:\x1b[0m SCTK setup complete.
[2m1970-01-01T00:00:43.619999Z[0m [32m INFO[0m [1mcosmic-panel[0m[2m:[0m [2mcosmic_session::notifications[0m[2m:[0m \x1b[2m1970-01-01T00:00:43.592644Z\x1b[0m \x1b[32m INFO\x1b[0m \x1b[1mstdout\x1b[0m\x1b[1m{\x1b[0m\x1b[3mclient\x1b[0m\x1b[2m=\x1b[0mInnerClientId { ptr: 0x93f27380, alive: true }\x1b[1m}\x1b[0m\x1b[2m:\x1b[0m com.system76.CosmicPanelWorkspacesButton: \x1b[2m1970-01-01T00:00:43.531333Z\x1b[0m \x1b[32m INFO\x1b[0m \x1b[2miced_winit\x1b[0m\x1b[2m:\x1b[0m System theme: None
[2m1970-01-01T00:00:43.619999Z[0m [32m INFO[0m [1mcosmic-panel[0m[2m:[0m [2mcosmic_session::notifications[0m[2m:[0m \x1b[2m1970-01-01T00:00:43.592709Z\x1b[0m \x1b[32m INFO\x1b[0m \x1b[1mstdout\x1b[0m\x1b[1m{\x1b[0m\x1b[3mclient\x1b[0m\x1b[2m=\x1b[0mInnerClientId { ptr: 0x93f27380, alive: true }\x1b[1m}\x1b[0m\x1b[2m:\x1b[0m com.system76.CosmicPanelWorkspacesButton: \x1b[2m1970-01-01T00:00:43.534873Z\x1b[0m \x1b[32m INFO\x1b[0m \x1b[2miced_winit\x1b[0m\x1b[2m:\x1b[0m Window attributes for id `Id(
[2m1970-01-01T00:00:43.619999Z[0m [32m INFO[0m [1mcosmic-panel[0m[2m:[0m [2mcosmic_session::notifications[0m[2m:[0m \x1b[2m1970-01-01T00:00:43.592791Z\x1b[0m \x1b[32m INFO\x1b[0m \x1b[1mstdout\x1b[0m\x1b[1m{\x1b[0m\x1b[3mclient\x1b[0m\x1b[2m=\x1b[0mInnerClientId { ptr: 0x93f27380, alive: true }\x1b[1m}\x1b[0m\x1b[2m:\x1b[0m com.system76.CosmicPanelWorkspacesButton:     1,
[2m1970-01-01T00:00:43.619999Z[0m [32m INFO[0m [1mcosmic-panel[0m[2m:[0m [2mcosmic_session::notifications[0m[2m:[0m \x1b[2m1970-01-01T00:00:43.592853Z\x1b[0m \x1b[32m INFO\x1b[0m \x1b[1mstdout\x1b[0m\x1b[1m{\x1b[0m\x1b[3mclient\x1b[0m\x1b[2m=\x1b[0mInnerClientId { ptr: 0x93f27380, alive: true }\x1b[1m}\x1b[0m\x1b[2m:\x1b[0m com.system76.CosmicPanelWorkspacesButton: )`: WindowAttributes {
[2m1970-01-01T00:00:43.619999Z[0m [32m INFO[0m [1mcosmic-panel[0m[2m:[0m [2mcosmic_session::notifications[0m[2m:[0m \x1b[2m1970-01-01T00:00:43.592930Z\x1b[0m \x1b[32m INFO\x1b[0m \x1b[1mstdout\x1b[0m\x1b[1m{\x1b[0m\x1b[3mclient\x1b[0m\x1b[2m=\x1b[0mInnerClientId { ptr: 0x93f27380, alive: true }\x1b[1m}\x1b[0m\x1b[2m:\x1b[0m com.system76.CosmicPanelWorkspacesButton:     surface_size: Some(
[2m1970-01-01T00:00:43.619999Z[0m [32m INFO[0m [1mcosmic-panel[0m[2m:[0m [2mcosmic_session::notifications[0m[2m:[0m \x1b[2m1970-01-01T00:00:43.592985Z\x1b[0m \x1b[32m INFO\x1b[0m \x1b[1mstdout\x1b[0m\x1b[1m{\x1b[0m\x1b[3mclient\x1b[0m\x1b[2m=\x1b[0mInnerClientId { ptr: 0x93f27380, alive: true }\x1b[1m}\x1b[0m\x1b[2m:\x1b[0m com.system76.CosmicPanelWorkspacesButton:         Logical(
[2m1970-01-01T00:00:43.619999Z[0m [32m INFO[0m [1mcosmic-panel[0m[2m:[0m [2mcosmic_session::notifications[0m[2m:[0m \x1b[2m1970-01-01T00:00:43.593061Z\x1b[0m \x1b[32m INFO\x1b[0m \x1b[1mstdout\x1b[0m\x1b[1m{\x1b[0m\x1b[3mclient\x1b[0m\x1b[2m=\x1b[0mInnerClientId { ptr: 0x93f27380, alive: true }\x1b[1m}\x1b[0m\x1b[2m:\x1b[0m com.system76.CosmicPanelWorkspacesButton:             LogicalSize {
[2m1970-01-01T00:00:43.619999Z[0m [32m INFO[0m [1mcosmic-panel[0m[2m:[0m [2mcosmic_session::notifications[0m[2m:[0m \x1b[2m1970-01-01T00:00:43.593121Z\x1b[0m \x1b[32m INFO\x1b[0m \x1b[1mstdout\x1b[0m\x1b[1m{\x1b[0m\x1b[3mclient\x1b[0m\x1b[2m=\x1b[0mInnerClientId { ptr: 0x93f27380, alive: true }\x1b[1m}\x1b[0m\x1b[2m:\x1b[0m com.system76.CosmicPanelWorkspacesButton:                 width: 72.0,
[2m1970-01-01T00:00:43.656079Z[0m [32m INFO[0m [1mcosmic-panel[0m[2m:[0m [2mcosmic_session::notifications[0m[2m:[0m \x1b[2m1970-01-01T00:00:43.593189Z\x1b[0m \x1b[32m INFO\x1b[0m \x1b[1mstdout\x1b[0m\x1b[1m{\x1b[0m\x1b[3mclient\x1b[0m\x1b[2m=\x1b[0mInnerClientId { ptr: 0x93f27380, alive: true }\x1b[1m}\x1b[0m\x1b[2m:\x1b[0m com.system76.CosmicPanelWorkspacesButton:                 height: 64.0,
[2m1970-01-01T00:00:43.656655Z[0m [32m INFO[0m [1mcosmic-panel[0m[2m:[0m [2mcosmic_session::notifications[0m[2m:[0m \x1b[2m1970-01-01T00:00:43.620248Z\x1b[0m \x1b[32m INFO\x1b[0m \x1b[1mstdout\x1b[0m\x1b[1m{\x1b[0m\x1b[3mclient\x1b[0m\x1b[2m=\x1b[0mInnerClientId { ptr: 0x93f27380, alive: true }\x1b[1m}\x1b[0m\x1b[2m:\x1b[0m com.system76.CosmicPanelWorkspacesButton:             },
[2m1970-01-01T00:00:43.657164Z[0m [32m INFO[0m [1mcosmic-panel[0m[2m:[0m [2mcosmic_session::notifications[0m[2m:[0m \x1b[2m1970-01-01T00:00:43.620410Z\x1b[0m \x1b[32m INFO\x1b[0m \x1b[1mstdout\x1b[0m\x1b[1m{\x1b[0m\x1b[3mclient\x1b[0m\x1b[2m=\x1b[0mInnerClientId { ptr: 0x93f27380, alive: true }\x1b[1m}\x1b[0m\x1b[2m:\x1b[0m com.system76.CosmicPanelWorkspacesButton:         ),
[2m1970-01-01T00:00:43.657639Z[0m [32m INFO[0m [1mcosmic-panel[0m[2m:[0m [2mcosmic_session::notifications[0m[2m:[0m \x1b[2m1970-01-01T00:00:43.620504Z\x1b[0m \x1b[32m INFO\x1b[0m \x1b[1mstdout\x1b[0m\x1b[1m{\x1b[0m\x1b[3mclient\x1b[0m\x1b[2m=\x1b[0mInnerClientId { ptr: 0x93f27380, alive: true }\x1b[1m}\x1b[0m\x1b[2m:\x1b[0m com.system76.CosmicPanelWorkspacesButton:     ),
[2m1970-01-01T00:00:43.658132Z[0m [32m INFO[0m [1mcosmic-panel[0m[2m:[0m [2mcosmic_session::notifications[0m[2m:[0m \x1b[2m1970-01-01T00:00:43.620602Z\x1b[0m \x1b[32m INFO\x1b[0m \x1b[1mstdout\x1b[0m\x1b[1m{\x1b[0m\x1b[3mclient\x1b[0m\x1b[2m=\x1b[0mInnerClientId { ptr: 0x93f27380, alive: true }\x1b[1m}\x1b[0m\x1b[2m:\x1b[0m com.system76.CosmicPanelWorkspacesButton:     min_surface_size: Some(
[2m1970-01-01T00:00:43.658636Z[0m [33m WARN[0m [1mcosmic-app-library[0m[2m:[0m [2mcosmic_session[0m[2m:[0m  INFO  iced_winit::platform_specific::wayland::event_loop::state > Failed to find surface for blur action
[2m1970-01-01T00:00:43.774351Z[0m [32m INFO[0m [1mcosmic-panel[0m[2m:[0m [2mcosmic_session::notifications[0m[2m:[0m \x1b[2m1970-01-01T00:00:43.770087Z\x1b[0m \x1b[32m INFO\x1b[0m \x1b[1mstdout\x1b[0m\x1b[1m{\x1b[0m\x1b[3mclient\x1b[0m\x1b[2m=\x1b[0mInnerClientId { ptr: 0x93f27380, alive: true }\x1b[1m}\x1b[0m\x1b[2m:\x1b[0m com.system76.CosmicPanelWorkspacesButton:         Logical(
[2m1970-01-01T00:00:43.775421Z[0m [32m INFO[0m [1mcosmic-panel[0m[2m:[0m [2mcosmic_session::notifications[0m[2m:[0m \x1b[2m1970-01-01T00:00:43.770228Z\x1b[0m \x1b[32m INFO\x1b[0m \x1b[1mstdout\x1b[0m\x1b[1m{\x1b[0m\x1b[3mclient\x1b[0m\x1b[2m=\x1b[0mInnerClientId { ptr: 0x93f27380, alive: true }\x1b[1m}\x1b[0m\x1b[2m:\x1b[0m com.system76.CosmicPanelWorkspacesButton:             LogicalSize {
[2m1970-01-01T00:00:43.776426Z[0m [32m INFO[0m [1mcosmic-panel[0m[2m:[0m [2mcosmic_session::notifications[0m[2m:[0m \x1b[2m1970-01-01T00:00:43.770280Z\x1b[0m \x1b[32m INFO\x1b[0m \x1b[1mstdout\x1b[0m\x1b[1m{\x1b[0m\x1b[3mclient\x1b[0m\x1b[2m=\x1b[0mInnerClientId { ptr: 0x93f27380, alive: true }\x1b[1m}\x1b[0m\x1b[2m:\x1b[0m com.system76.CosmicPanelWorkspacesButton:                 width: 72.0,
[2m1970-01-01T00:00:43.777437Z[0m [32m INFO[0m [1mcosmic-panel[0m[2m:[0m [2mcosmic_session::notifications[0m[2m:[0m \x1b[2m1970-01-01T00:00:43.770327Z\x1b[0m \x1b[32m INFO\x1b[0m \x1b[1mstdout\x1b[0m\x1b[1m{\x1b[0m\x1b[3mclient\x1b[0m\x1b[2m=\x1b[0mInnerClientId { ptr: 0x93f27380, alive: true }\x1b[1m}\x1b[0m\x1b[2m:\x1b[0m com.system76.CosmicPanelWorkspacesButton:                 height: 64.0,
[2m1970-01-01T00:00:43.778418Z[0m [32m INFO[0m [1mcosmic-panel[0m[2m:[0m [2mcosmic_session::notifications[0m[2m:[0m \x1b[2m1970-01-01T00:00:43.770372Z\x1b[0m \x1b[32m INFO\x1b[0m \x1b[1mstdout\x1b[0m\x1b[1m{\x1b[0m\x1b[3mclient\x1b[0m\x1b[2m=\x1b[0mInnerClientId { ptr: 0x93f27380, alive: true }\x1b[1m}\x1b[0m\x1b[2m:\x1b[0m com.system76.CosmicPanelWorkspacesButton:             },
[2m1970-01-01T00:00:43.779339Z[0m [32m INFO[0m [1mcosmic-panel[0m[2m:[0m [2mcosmic_session::notifications[0m[2m:[0m \x1b[2m1970-01-01T00:00:43.770418Z\x1b[0m \x1b[32m INFO\x1b[0m \x1b[1mstdout\x1b[0m\x1b[1m{\x1b[0m\x1b[3mclient\x1b[0m\x1b[2m=\x1b[0mInnerClientId { ptr: 0x93f27380, alive: true }\x1b[1m}\x1b[0m\x1b[2m:\x1b[0m com.system76.CosmicPanelWorkspacesButton:         ),
[2m1970-01-01T00:00:43.779999Z[0m [32m INFO[0m [1mcosmic-panel[0m[2m:[0m [2mcosmic_session::notifications[0m[2m:[0m \x1b[2m1970-01-01T00:00:43.770461Z\x1b[0m \x1b[32m INFO\x1b[0m \x1b[1mstdout\x1b[0m\x1b[1m{\x1b[0m\x1b[3mclient\x1b[0m\x1b[2m=\x1b[0mInnerClientId { ptr: 0x93f27380, alive: true }\x1b[1m}\x1b[0m\x1b[2m:\x1b[0m com.system76.CosmicPanelWorkspacesButton:     ),
[2m1970-01-01T00:00:43.779999Z[0m [32m INFO[0m [1mcosmic-panel[0m[2m:[0m [2mcosmic_session::notifications[0m[2m:[0m \x1b[2m1970-01-01T00:00:43.770504Z\x1b[0m \x1b[32m INFO\x1b[0m \x1b[1mstdout\x1b[0m\x1b[1m{\x1b[0m\x1b[3mclient\x1b[0m\x1b[2m=\x1b[0mInnerClientId { ptr: 0x93f27380, alive: true }\x1b[1m}\x1b[0m\x1b[2m:\x1b[0m com.system76.CosmicPanelWorkspacesButton:     max_surface_size: None,
[2m1970-01-01T00:00:43.779999Z[0m [32m INFO[0m [1mcosmic-panel[0m[2m:[0m [2mcosmic_session::notifications[0m[2m:[0m \x1b[2m1970-01-01T00:00:43.770557Z\x1b[0m \x1b[32m INFO\x1b[0m \x1b[1mstdout\x1b[0m\x1b[1m{\x1b[0m\x1b[3mclient\x1b[0m\x1b[2m=\x1b[0mInnerClientId { ptr: 0x93f27380, alive: true }\x1b[1m}\x1b[0m\x1b[2m:\x1b[0m com.system76.CosmicPanelWorkspacesButton:     surface_resize_increments: None,
[2m1970-01-01T00:00:43.779999Z[0m [32m INFO[0m [1mcosmic-panel[0m[2m:[0m [2mcosmic_session::notifications[0m[2m:[0m \x1b[2m1970-01-01T00:00:43.770612Z\x1b[0m \x1b[32m INFO\x1b[0m \x1b[1mstdout\x1b[0m\x1b[1m{\x1b[0m\x1b[3mclient\x1b[0m\x1b[2m=\x1b[0mInnerClientId { ptr: 0x93f27380, alive: true }\x1b[1m}\x1b[0m\x1b[2m:\x1b[0m com.system76.CosmicPanelWorkspacesButton:     position: None,
[2m1970-01-01T00:00:43.779999Z[0m [32m INFO[0m [1mcosmic-panel[0m[2m:[0m [2mcosmic_session::notifications[0m[2m:[0m \x1b[2m1970-01-01T00:00:43.770667Z\x1b[0m \x1b[32m INFO\x1b[0m \x1b[1mstdout\x1b[0m\x1b[1m{\x1b[0m\x1b[3mclient\x1b[0m\x1b[2m=\x1b[0mInnerClientId { ptr: 0x93f27380, alive: true }\x1b[1m}\x1b[0m\x1b[2m:\x1b[0m com.system76.CosmicPanelWorkspacesButton:     resizable: false,
[2m1970-01-01T00:00:43.779999Z[0m [32m INFO[0m [1mcosmic-panel[0m[2m:[0m [2mcosmic_session::notifications[0m[2m:[0m \x1b[2m1970-01-01T00:00:43.770709Z\x1b[0m \x1b[32m INFO\x1b[0m \x1b[1mstdout\x1b[0m\x1b[1m{\x1b[0m\x1b[3mclient\x1b[0m\x1b[2m=\x1b[0mInnerClientId { ptr: 0x93f27380, alive: true }\x1b[1m}\x1b[0m\x1b[2m:\x1b[0m com.system76.CosmicPanelWorkspacesButton:     enabled_buttons: WindowButtons(
[2m1970-01-01T00:00:43.779999Z[0m [32m INFO[0m [1mcosmic-panel[0m[2m:[0m [2mcosmic_session::notifications[0m[2m:[0m \x1b[2m1970-01-01T00:00:43.770760Z\x1b[0m \x1b[32m INFO\x1b[0m \x1b[1mstdout\x1b[0m\x1b[1m{\x1b[0m\x1b[3mclient\x1b[0m\x1b[2m=\x1b[0mInnerClientId { ptr: 0x93f27380, alive: true }\x1b[1m}\x1b[0m\x1b[2m:\x1b[0m com.system76.CosmicPanelWorkspacesButton:         CLOSE | MINIMIZE,
[2m1970-01-01T00:00:43.779999Z[0m [32m INFO[0m [1mcosmic-panel[0m[2m:[0m [2mcosmic_session::notifications[0m[2m:[0m \x1b[2m1970-01-01T00:00:43.770808Z\x1b[0m \x1b[32m INFO\x1b[0m \x1b[1mstdout\x1b[0m\x1b[1m{\x1b[0m\x1b[3mclient\x1b[0m\x1b[2m=\x1b[0mInnerClientId { ptr: 0x93f27380, alive: true }\x1b[1m}\x1b[0m\x1b[2m:\x1b[0m com.system76.CosmicPanelWorkspacesButton:     ),
[2m1970-01-01T00:00:43.779999Z[0m [32m INFO[0m [1mcosmic-panel[0m[2m:[0m [2mcosmic_session::notifications[0m[2m:[0m \x1b[2m1970-01-01T00:00:43.770849Z\x1b[0m \x1b[32m INFO\x1b[0m \x1b[1mstdout\x1b[0m\x1b[1m{\x1b[0m\x1b[3mclient\x1b[0m\x1b[2m=\x1b[0mInnerClientId { ptr: 0x93f27380, alive: true }\x1b[1m}\x1b[0m\x1b[2m:\x1b[0m com.system76.CosmicPanelWorkspacesButton:     title: "Cosmic - Iced",
[2m1970-01-01T00:00:43.779999Z[0m [32m INFO[0m [1mcosmic-panel[0m[2m:[0m [2mcosmic_session::notifications[0m[2m:[0m \x1b[2m1970-01-01T00:00:43.770898Z\x1b[0m \x1b[32m INFO\x1b[0m \x1b[1mstdout\x1b[0m\x1b[1m{\x1b[0m\x1b[3mclient\x1b[0m\x1b[2m=\x1b[0mInnerClientId { ptr: 0x93f27380, alive: true }\x1b[1m}\x1b[0m\x1b[2m:\x1b[0m com.system76.CosmicPanelWorkspacesButton:     maximized: false,
[2m1970-01-01T00:00:43.779999Z[0m [32m INFO[0m [1mcosmic-panel[0m[2m:[0m [2mcosmic_session::notifications[0m[2m:[0m \x1b[2m1970-01-01T00:00:43.770940Z\x1b[0m \x1b[32m INFO\x1b[0m \x1b[1mstdout\x1b[0m\x1b[1m{\x1b[0m\x1b[3mclient\x1b[0m\x1b[2m=\x1b[0mInnerClientId { ptr: 0x93f27380, alive: true }\x1b[1m}\x1b[0m\x1b[2m:\x1b[0m com.system76.CosmicPanelWorkspacesButton:     visible: false,
[2m1970-01-01T00:00:43.779999Z[0m [32m INFO[0m [1mcosmic-panel[0m[2m:[0m [2mcosmic_session::notifications[0m[2m:[0m \x1b[2m1970-01-01T00:00:43.770981Z\x1b[0m \x1b[32m INFO\x1b[0m \x1b[1mstdout\x1b[0m\x1b[1m{\x1b[0m\x1b[3mclient\x1b[0m\x1b[2m=\x1b[0mInnerClientId { ptr: 0x93f27380, alive: true }\x1b[1m}\x1b[0m\x1b[2m:\x1b[0m com.system76.CosmicPanelWorkspacesButton:     transparent: true,
[2m1970-01-01T00:00:43.779999Z[0m [32m INFO[0m [1mcosmic-panel[0m[2m:[0m [2mcosmic_session::notifications[0m[2m:[0m \x1b[2m1970-01-01T00:00:43.771022Z\x1b[0m \x1b[32m INFO\x1b[0m \x1b[1mstdout\x1b[0m\x1b[1m{\x1b[0m\x1b[3mclient\x1b[0m\x1b[2m=\x1b[0mInnerClientId { ptr: 0x93f27380, alive: true }\x1b[1m}\x1b[0m\x1b[2m:\x1b[0m com.system76.CosmicPanelWorkspacesButton:     blur: false,
[2m1970-01-01T00:00:43.779999Z[0m [32m INFO[0m [1mcosmic-panel[0m[2m:[0m [2mcosmic_session::notifications[0m[2m:[0m \x1b[2m1970-01-01T00:00:43.771062Z\x1b[0m \x1b[32m INFO\x1b[0m \x1b[1mstdout\x1b[0m\x1b[1m{\x1b[0m\x1b[3mclient\x1b[0m\x1b[2m=\x1b[0mInnerClientId { ptr: 0x93f27380, alive: true }\x1b[1m}\x1b[0m\x1b[2m:\x1b[0m com.system76.CosmicPanelWorkspacesButton:     decorations: false,
[2m1970-01-01T00:00:43.779999Z[0m [32m INFO[0m [1mcosmic-panel[0m[2m:[0m [2mcosmic_session::notifications[0m[2m:[0m \x1b[2m1970-01-01T00:00:43.771108Z\x1b[0m \x1b[32m INFO\x1b[0m \x1b[1mstdout\x1b[0m\x1b[1m{\x1b[0m\x1b[3mclient\x1b[0m\x1b[2m=\x1b[0mInnerClientId { ptr: 0x93f27380, alive: true }\x1b[1m}\x1b[0m\x1b[2m:\x1b[0m com.system76.CosmicPanelWorkspacesButton:     window_icon: None,
[2m1970-01-01T00:00:43.779999Z[0m [32m INFO[0m [1mcosmic-panel[0m[2m:[0m [2mcosmic_session::notifications[0m[2m:[0m \x1b[2m1970-01-01T00:00:43.771148Z\x1b[0m \x1b[32m INFO\x1b[0m \x1b[1mstdout\x1b[0m\x1b[1m{\x1b[0m\x1b[3mclient\x1b[0m\x1b[2m=\x1b[0mInnerClientId { ptr: 0x93f27380, alive: true }\x1b[1m}\x1b[0m\x1b[2m:\x1b[0m com.system76.CosmicPanelWorkspacesButton:     preferred_theme: None,
[2m1970-01-01T00:00:43.779999Z[0m [32m INFO[0m [1mcosmic-panel[0m[2m:[0m [2mcosmic_session::notifications[0m[2m:[0m \x1b[2m1970-01-01T00:00:43.771190Z\x1b[0m \x1b[32m INFO\x1b[0m \x1b[1mstdout\x1b[0m\x1b[1m{\x1b[0m\x1b[3mclient\x1b[0m\x1b[2m=\x1b[0mInnerClientId { ptr: 0x93f27380, alive: true }\x1b[1m}\x1b[0m\x1b[2m:\x1b[0m com.system76.CosmicPanelWorkspacesButton:     content_protected: false,
[2m1970-01-01T00:00:43.779999Z[0m [32m INFO[0m [1mcosmic-panel[0m[2m:[0m [2mcosmic_session::notifications[0m[2m:[0m \x1b[2m1970-01-01T00:00:43.771232Z\x1b[0m \x1b[32m INFO\x1b[0m \x1b[1mstdout\x1b[0m\x1b[1m{\x1b[0m\x1b[3mclient\x1b[0m\x1b[2m=\x1b[0mInnerClientId { ptr: 0x93f27380, alive: true }\x1b[1m}\x1b[0m\x1b[2m:\x1b[0m com.system76.CosmicPanelWorkspacesButton:     window_level: Normal,
[2m1970-01-01T00:00:43.779999Z[0m [32m INFO[0m [1mcosmic-panel[0m[2m:[0m [2mcosmic_session::notifications[0m[2m:[0m \x1b[2m1970-01-01T00:00:43.771274Z\x1b[0m \x1b[32m INFO\x1b[0m \x1b[1mstdout\x1b[0m\x1b[1m{\x1b[0m\x1b[3mclient\x1b[0m\x1b[2m=\x1b[0mInnerClientId { ptr: 0x93f27380, alive: true }\x1b[1m}\x1b[0m\x1b[2m:\x1b[0m com.system76.CosmicPanelWorkspacesButton:     active: true,
[2m1970-01-01T00:00:43.779999Z[0m [32m INFO[0m [1mcosmic-panel[0m[2m:[0m [2mcosmic_session::notifications[0m[2m:[0m \x1b[2m1970-01-01T00:00:43.771316Z\x1b[0m \x1b[32m INFO\x1b[0m \x1b[1mstdout\x1b[0m\x1b[1m{\x1b[0m\x1b[3mclient\x1b[0m\x1b[2m=\x1b[0mInnerClientId { ptr: 0x93f27380, alive: true }\x1b[1m}\x1b[0m\x1b[2m:\x1b[0m com.system76.CosmicPanelWorkspacesButton:     cursor: Icon(
[2m1970-01-01T00:00:43.779999Z[0m [32m INFO[0m [1mcosmic-panel[0m[2m:[0m [2mcosmic_session::notifications[0m[2m:[0m \x1b[2m1970-01-01T00:00:43.771368Z\x1b[0m \x1b[32m INFO\x1b[0m \x1b[1mstdout\x1b[0m\x1b[1m{\x1b[0m\x1b[3mclient\x1b[0m\x1b[2m=\x1b[0mInnerClientId { ptr: 0x93f27380, alive: true }\x1b[1m}\x1b[0m\x1b[2m:\x1b[0m com.system76.CosmicPanelWorkspacesButton:         Default,
[2m1970-01-01T00:00:43.779999Z[0m [32m INFO[0m [1mcosmic-panel[0m[2m:[0m [2mcosmic_session::notifications[0m[2m:[0m \x1b[2m1970-01-01T00:00:43.771498Z\x1b[0m \x1b[32m INFO\x1b[0m \x1b[1mstdout\x1b[0m\x1b[1m{\x1b[0m\x1b[3mclient\x1b[0m\x1b[2m=\x1b[0mInnerClientId { ptr: 0x93f27380, alive: true }\x1b[1m}\x1b[0m\x1b[2m:\x1b[0m com.system76.CosmicPanelWorkspacesButton:     ),
[2m1970-01-01T00:00:43.779999Z[0m [32m INFO[0m [1mcosmic-panel[0m[2m:[0m [2mcosmic_session::notifications[0m[2m:[0m \x1b[2m1970-01-01T00:00:43.771562Z\x1b[0m \x1b[32m INFO\x1b[0m \x1b[1mstdout\x1b[0m\x1b[1m{\x1b[0m\x1b[3mclient\x1b[0m\x1b[2m=\x1b[0mInnerClientId { ptr: 0x93f27380, alive: true }\x1b[1m}\x1b[0m\x1b[2m:\x1b[0m com.system76.CosmicPanelWorkspacesButton:     parent_window: None,
[2m1970-01-01T00:00:43.779999Z[0m [32m INFO[0m [1mcosmic-panel[0m[2m:[0m [2mcosmic_session::notifications[0m[2m:[0m \x1b[2m1970-01-01T00:00:43.771617Z\x1b[0m \x1b[32m INFO\x1b[0m \x1b[1mstdout\x1b[0m\x1b[1m{\x1b[0m\x1b[3mclient\x1b[0m\x1b[2m=\x1b[0mInnerClientId { ptr: 0x93f27380, alive: true }\x1b[1m}\x1b[0m\x1b[2m:\x1b[0m com.system76.CosmicPanelWorkspacesButton:     fullscreen: None,
[2m1970-01-01T00:00:43.779999Z[0m [32m INFO[0m [1mcosmic-panel[0m[2m:[0m [2mcosmic_session::notifications[0m[2m:[0m \x1b[2m1970-01-01T00:00:43.771664Z\x1b[0m \x1b[32m INFO\x1b[0m \x1b[1mstdout\x1b[0m\x1b[1m{\x1b[0m\x1b[3mclient\x1b[0m\x1b[2m=\x1b[0mInnerClientId { ptr: 0x93f27380, alive: true }\x1b[1m}\x1b[0m\x1b[2m:\x1b[0m com.system76.CosmicPanelWorkspacesButton:     platform: Some(
[2m1970-01-01T00:00:43.779999Z[0m [32m INFO[0m [1mcosmic-panel[0m[2m:[0m [2mcosmic_session::notifications[0m[2m:[0m \x1b[2m1970-01-01T00:00:43.771712Z\x1b[0m \x1b[32m INFO\x1b[0m \x1b[1mstdout\x1b[0m\x1b[1m{\x1b[0m\x1b[3mclient\x1b[0m\x1b[2m=\x1b[0mInnerClientId { ptr: 0x93f27380, alive: true }\x1b[1m}\x1b[0m\x1b[2m:\x1b[0m com.system76.CosmicPanelWorkspacesButton:         WindowAttributesWayland {
[2m1970-01-01T00:00:43.779999Z[0m [32m INFO[0m [1mcosmic-panel[0m[2m:[0m [2mcosmic_session::notifications[0m[2m:[0m \x1b[2m1970-01-01T00:00:43.771756Z\x1b[0m \x1b[32m INFO\x1b[0m \x1b[1mstdout\x1b[0m\x1b[1m{\x1b[0m\x1b[3mclient\x1b[0m\x1b[2m=\x1b[0mInnerClientId { ptr: 0x93f27380, alive: true }\x1b[1m}\x1b[0m\x1b[2m:\x1b[0m com.system76.CosmicPanelWorkspacesButton:             name: Some(
[2m1970-01-01T00:00:43.779999Z[0m [32m INFO[0m [1mcosmic-panel[0m[2m:[0m [2mcosmic_session::notifications[0m[2m:[0m \x1b[2m1970-01-01T00:00:43.771804Z\x1b[0m \x1b[32m INFO\x1b[0m \x1b[1mstdout\x1b[0m\x1b[1m{\x1b[0m\x1b[3mclient\x1b[0m\x1b[2m=\x1b[0mInnerClientId { ptr: 0x93f27380, alive: true }\x1b[1m}\x1b[0m\x1b[2m:\x1b[0m com.system76.CosmicPanelWorkspacesButton:                 ApplicationName {
[2m1970-01-01T00:00:43.779999Z[0m [32m INFO[0m [1mcosmic-panel[0m[2m:[0m [2mcosmic_session::notifications[0m[2m:[0m \x1b[2m1970-01-01T00:00:43.771848Z\x1b[0m \x1b[32m INFO\x1b[0m \x1b[1mstdout\x1b[0m\x1b[1m{\x1b[0m\x1b[3mclient\x1b[0m\x1b[2m=\x1b[0mInnerClientId { ptr: 0x93f27380, alive: true }\x1b[1m}\x1b[0m\x1b[2m:\x1b[0m com.system76.CosmicPanelWorkspacesButton:                     general: "com.system76.CosmicPanelButton",
[2m1970-01-01T00:00:43.779999Z[0m [32m INFO[0m [1mcosmic-panel[0m[2m:[0m [2mcosmic_session::notifications[0m[2m:[0m \x1b[2m1970-01-01T00:00:43.771904Z\x1b[0m \x1b[32m INFO\x1b[0m \x1b[1mstdout\x1b[0m\x1b[1m{\x1b[0m\x1b[3mclient\x1b[0m\x1b[2m=\x1b[0mInnerClientId { ptr: 0x93f27380, alive: true }\x1b[1m}\x1b[0m\x1b[2m:\x1b[0m com.system76.CosmicPanelWorkspacesButton:                     instance: "com.system76.CosmicPanelButton",
[2m1970-01-01T00:00:43.779999Z[0m [32m INFO[0m [1mcosmic-panel[0m[2m:[0m [2mcosmic_session::notifications[0m[2m:[0m \x1b[2m1970-01-01T00:00:43.771946Z\x1b[0m \x1b[32m INFO\x1b[0m \x1b[1mstdout\x1b[0m\x1b[1m{\x1b[0m\x1b[3mclient\x1b[0m\x1b[2m=\x1b[0mInnerClientId { ptr: 0x93f27380, alive: true }\x1b[1m}\x1b[0m\x1b[2m:\x1b[0m com.system76.CosmicPanelWorkspacesButton:                 },
[2m1970-01-01T00:00:43.779999Z[0m [32m INFO[0m [1mcosmic-panel[0m[2m:[0m [2mcosmic_session::notifications[0m[2m:[0m \x1b[2m1970-01-01T00:00:43.771986Z\x1b[0m \x1b[32m INFO\x1b[0m \x1b[1mstdout\x1b[0m\x1b[1m{\x1b[0m\x1b[3mclient\x1b[0m\x1b[2m=\x1b[0mInnerClientId { ptr: 0x93f27380, alive: true }\x1b[1m}\x1b[0m\x1b[2m:\x1b[0m com.system76.CosmicPanelWorkspacesButton:             ),
[2m1970-01-01T00:00:43.779999Z[0m [32m INFO[0m [1mcosmic-panel[0m[2m:[0m [2mcosmic_session::notifications[0m[2m:[0m \x1b[2m1970-01-01T00:00:43.772034Z\x1b[0m \x1b[32m INFO\x1b[0m \x1b[1mstdout\x1b[0m\x1b[1m{\x1b[0m\x1b[3mclient\x1b[0m\x1b[2m=\x1b[0mInnerClientId { ptr: 0x93f27380, alive: true }\x1b[1m}\x1b[0m\x1b[2m:\x1b[0m com.system76.CosmicPanelWorkspacesButton:             activation_token: None,
[2m1970-01-01T00:00:43.779999Z[0m [32m INFO[0m [1mcosmic-panel[0m[2m:[0m [2mcosmic_session::notifications[0m[2m:[0m \x1b[2m1970-01-01T00:00:43.772075Z\x1b[0m \x1b[32m INFO\x1b[0m \x1b[1mstdout\x1b[0m\x1b[1m{\x1b[0m\x1b[3mclient\x1b[0m\x1b[2m=\x1b[0mInnerClientId { ptr: 0x93f27380, alive: true }\x1b[1m}\x1b[0m\x1b[2m:\x1b[0m com.system76.CosmicPanelWorkspacesButton:             prefer_csd: false,
[2m1970-01-01T00:00:43.779999Z[0m [32m INFO[0m [1mcosmic-panel[0m[2m:[0m [2mcosmic_session::notifications[0m[2m:[0m \x1b[2m1970-01-01T00:00:43.772122Z\x1b[0m \x1b[32m INFO\x1b[0m \x1b[1mstdout\x1b[0m\x1b[1m{\x1b[0m\x1b[3mclient\x1b[0m\x1b[2m=\x1b[0mInnerClientId { ptr: 0x93f27380, alive: true }\x1b[1m}\x1b[0m\x1b[2m:\x1b[0m com.system76.CosmicPanelWorkspacesButton:         },
[2m1970-01-01T00:00:43.779999Z[0m [32m INFO[0m [1mcosmic-panel[0m[2m:[0m [2mcosmic_session::notifications[0m[2m:[0m \x1b[2m1970-01-01T00:00:43.772172Z\x1b[0m \x1b[32m INFO\x1b[0m \x1b[1mstdout\x1b[0m\x1b[1m{\x1b[0m\x1b[3mclient\x1b[0m\x1b[2m=\x1b[0mInnerClientId { ptr: 0x93f27380, alive: true }\x1b[1m}\x1b[0m\x1b[2m:\x1b[0m com.system76.CosmicPanelWorkspacesButton:     ),
[2m1970-01-01T00:00:43.779999Z[0m [32m INFO[0m [1mcosmic-panel[0m[2m:[0m [2mcosmic_session::notifications[0m[2m:[0m \x1b[2m1970-01-01T00:00:43.772217Z\x1b[0m \x1b[32m INFO\x1b[0m \x1b[1mstdout\x1b[0m\x1b[1m{\x1b[0m\x1b[3mclient\x1b[0m\x1b[2m=\x1b[0mInnerClientId { ptr: 0x93f27380, alive: true }\x1b[1m}\x1b[0m\x1b[2m:\x1b[0m com.system76.CosmicPanelWorkspacesButton: }
[2m1970-01-01T00:00:43.779999Z[0m [32m INFO[0m [1mcosmic-panel[0m[2m:[0m [2mcosmic_session::notifications[0m[2m:[0m \x1b[2m1970-01-01T00:00:43.772269Z\x1b[0m \x1b[32m INFO\x1b[0m \x1b[1mstdout\x1b[0m\x1b[1m{\x1b[0m\x1b[3mclient\x1b[0m\x1b[2m=\x1b[0mInnerClientId { ptr: 0x93f271a0, alive: false }\x1b[1m}\x1b[0m\x1b[2m:\x1b[0m com.system76.CosmicPanelLauncherButton: \x1b[2m1970-01-01T00:00:43.538547Z\x1b[0m \x1b[32m INFO\x1b[0m \x1b[2miced_winit::platform_specific::wayland::event_loop\x1b[0m\x1b[2m:\x1b[0m SCTK setup complete.
[NET] connect pid=25 fd=278 conn=103 sid=2 path
[NET] accept pid=11 sid=2 conn=103 -> fd=307
[NET] accept pid=11 sid=2 EAGAIN
[2m1970-01-01T00:00:44.015388Z[0m [32m INFO[0m [1mcosmic-panel[0m[2m:[0m [2mcosmic_session::notifications[0m[2m:[0m \x1b[2m1970-01-01T00:00:44.013589Z\x1b[0m \x1b[32m INFO\x1b[0m \x1b[1mstdout\x1b[0m\x1b[1m{\x1b[0m\x1b[3mclient\x1b[0m\x1b[2m=\x1b[0mInnerClientId { ptr: 0x92b2a3d0, alive: true }\x1b[1m}\x1b[0m\x1b[2m:\x1b[0m com.system76.CosmicPanelAppButton: \x1b[2m1970-01-01T00:00:43.659999Z\x1b[0m \x1b[32m INFO\x1b[0m \x1b[2miced_winit\x1b[0m\x1b[2m:\x1b[0m System theme: None
[2m1970-01-01T00:00:44.016047Z[0m [32m INFO[0m [1mcosmic-panel[0m[2m:[0m [2mcosmic_session::notifications[0m[2m:[0m \x1b[2m1970-01-01T00:00:44.013792Z\x1b[0m \x1b[32m INFO\x1b[0m \x1b[1mstdout\x1b[0m\x1b[1m{\x1b[0m\x1b[3mclient\x1b[0m\x1b[2m=\x1b[0mInnerClientId { ptr: 0x48261dd0, alive: true }\x1b[1m}\x1b[0m\x1b[2m:\x1b[0m com.system76.CosmicPanelWorkspacesButton: \x1b[2m1970-01-01T00:00:43.496729Z\x1b[0m \x1b[32m INFO\x1b[0m \x1b[2miced_winit\x1b[0m\x1b[2m:\x1b[0m Window attributes for id `Id(
[2m1970-01-01T00:00:44.017190Z[0m [32m INFO[0m [1mcosmic-panel[0m[2m:[0m [2mcosmic_session::notifications[0m[2m:[0m \x1b[2m1970-01-01T00:00:44.013911Z\x1b[0m \x1b[32m INFO\x1b[0m \x1b[1mstdout\x1b[0m\x1b[1m{\x1b[0m\x1b[3mclient\x1b[0m\x1b[2m=\x1b[0mInnerClientId { ptr: 0x48261dd0, alive: true }\x1b[1m}\x1b[0m\x1b[2m:\x1b[0m com.system76.CosmicPanelWorkspacesButton:     1,
[2m1970-01-01T00:00:44.017999Z[0m [32m INFO[0m [1mcosmic-panel[0m[2m:[0m [2mcosmic_session::notifications[0m[2m:[0m \x1b[2m1970-01-01T00:00:44.013963Z\x1b[0m \x1b[32m INFO\x1b[0m \x1b[1mstdout\x1b[0m\x1b[1m{\x1b[0m\x1b[3mclient\x1b[0m\x1b[2m=\x1b[0mInnerClientId { ptr: 0x48261dd0, alive: true }\x1b[1m}\x1b[0m\x1b[2m:\x1b[0m com.system76.CosmicPanelWorkspacesButton: )`: WindowAttributes {
[2m1970-01-01T00:00:44.018706Z[0m [32m INFO[0m [1mcosmic-panel[0m[2m:[0m [2mcosmic_session::notifications[0m[2m:[0m \x1b[2m1970-01-01T00:00:44.014021Z\x1b[0m \x1b[32m INFO\x1b[0m \x1b[1mstdout\x1b[0m\x1b[1m{\x1b[0m\x1b[3mclient\x1b[0m\x1b[2m=\x1b[0mInnerClientId { ptr: 0x48261dd0, alive: true }\x1b[1m}\x1b[0m\x1b[2m:\x1b[0m com.system76.CosmicPanelWorkspacesButton:     surface_size: Some(
[2m1970-01-01T00:00:44.020139Z[0m [32m INFO[0m [1mcosmic-panel[0m[2m:[0m [2mcosmic_session::notifications[0m[2m:[0m \x1b[2m1970-01-01T00:00:44.014122Z\x1b[0m \x1b[32m INFO\x1b[0m \x1b[1mstdout\x1b[0m\x1b[1m{\x1b[0m\x1b[3mclient\x1b[0m\x1b[2m=\x1b[0mInnerClientId { ptr: 0x48261dd0, alive: true }\x1b[1m}\x1b[0m\x1b[2m:\x1b[0m com.system76.CosmicPanelWorkspacesButton:         Logical(
[2m1970-01-01T00:00:44.020771Z[0m [32m INFO[0m [1mcosmic-panel[0m[2m:[0m [2mcosmic_session::notifications[0m[2m:[0m \x1b[2m1970-01-01T00:00:44.014194Z\x1b[0m \x1b[32m INFO\x1b[0m \x1b[1mstdout\x1b[0m\x1b[1m{\x1b[0m\x1b[3mclient\x1b[0m\x1b[2m=\x1b[0mInnerClientId { ptr: 0x48261dd0, alive: true }\x1b[1m}\x1b[0m\x1b[2m:\x1b[0m com.system76.CosmicPanelWorkspacesButton:             LogicalSize {
[2m1970-01-01T00:00:44.021568Z[0m [32m INFO[0m [1mcosmic-panel[0m[2m:[0m [2mcosmic_session::notifications[0m[2m:[0m \x1b[2m1970-01-01T00:00:44.014322Z\x1b[0m \x1b[32m INFO\x1b[0m \x1b[1mstdout\x1b[0m\x1b[1m{\x1b[0m\x1b[3mclient\x1b[0m\x1b[2m=\x1b[0mInnerClientId { ptr: 0x48261dd0, alive: true }\x1b[1m}\x1b[0m\x1b[2m:\x1b[0m com.system76.CosmicPanelWorkspacesButton:                 width: 40.0,
[2m1970-01-01T00:00:44.022891Z[0m [32m INFO[0m [1mcosmic-panel[0m[2m:[0m [2mcosmic_session::notifications[0m[2m:[0m \x1b[2m1970-01-01T00:00:44.021360Z\x1b[0m \x1b[32m INFO\x1b[0m \x1b[1mstdout\x1b[0m\x1b[1m{\x1b[0m\x1b[3mclient\x1b[0m\x1b[2m=\x1b[0mInnerClientId { ptr: 0x48261dd0, alive: true }\x1b[1m}\x1b[0m\x1b[2m:\x1b[0m com.system76.CosmicPanelWorkspacesButton:                 height: 32.0,
[2m1970-01-01T00:00:44.023599Z[0m [32m INFO[0m [1mcosmic-panel[0m[2m:[0m [2mcosmic_session::notifications[0m[2m:[0m \x1b[2m1970-01-01T00:00:44.021567Z\x1b[0m \x1b[32m INFO\x1b[0m \x1b[1mstdout\x1b[0m\x1b[1m{\x1b[0m\x1b[3mclient\x1b[0m\x1b[2m=\x1b[0mInnerClientId { ptr: 0x48261dd0, alive: true }\x1b[1m}\x1b[0m\x1b[2m:\x1b[0m com.system76.CosmicPanelWorkspacesButton:             },
[2m1970-01-01T00:00:44.024404Z[0m [32m INFO[0m [1mcosmic-panel[0m[2m:[0m [2mcosmic_session::notifications[0m[2m:[0m \x1b[2m1970-01-01T00:00:44.021627Z\x1b[0m \x1b[32m INFO\x1b[0m \x1b[1mstdout\x1b[0m\x1b[1m{\x1b[0m\x1b[3mclient\x1b[0m\x1b[2m=\x1b[0mInnerClientId { ptr: 0x48261dd0, alive: true }\x1b[1m}\x1b[0m\x1b[2m:\x1b[0m com.system76.CosmicPanelWorkspacesButton:         ),
[2m1970-01-01T00:00:44.027335Z[0m [32m INFO[0m [1mcosmic-panel[0m[2m:[0m [2mcosmic_session::notifications[0m[2m:[0m \x1b[2m1970-01-01T00:00:44.021797Z\x1b[0m \x1b[32m INFO\x1b[0m \x1b[1mstdout\x1b[0m\x1b[1m{\x1b[0m\x1b[3mclient\x1b[0m\x1b[2m=\x1b[0mInnerClientId { ptr: 0x48261dd0, alive: true }\x1b[1m}\x1b[0m\x1b[2m:\x1b[0m com.system76.CosmicPanelWorkspacesButton:     ),
[2m1970-01-01T00:00:44.027887Z[0m [32m INFO[0m [1mcosmic-panel[0m[2m:[0m [2mcosmic_session::notifications[0m[2m:[0m \x1b[2m1970-01-01T00:00:44.021860Z\x1b[0m \x1b[32m INFO\x1b[0m \x1b[1mstdout\x1b[0m\x1b[1m{\x1b[0m\x1b[3mclient\x1b[0m\x1b[2m=\x1b[0mInnerClientId { ptr: 0x48261dd0, alive: true }\x1b[1m}\x1b[0m\x1b[2m:\x1b[0m com.system76.CosmicPanelWorkspacesButton:     min_surface_size: Some(
[2m1970-01-01T00:00:44.028487Z[0m [32m INFO[0m [1mcosmic-panel[0m[2m:[0m [2mcosmic_session::notifications[0m[2m:[0m \x1b[2m1970-01-01T00:00:44.022001Z\x1b[0m \x1b[32m INFO\x1b[0m \x1b[1mstdout\x1b[0m\x1b[1m{\x1b[0m\x1b[3mclient\x1b[0m\x1b[2m=\x1b[0mInnerClientId { ptr: 0x48261dd0, alive: true }\x1b[1m}\x1b[0m\x1b[2m:\x1b[0m com.system76.CosmicPanelWorkspacesButton:         Logical(
[2m1970-01-01T00:00:44.029036Z[0m [32m INFO[0m [1mcosmic-panel[0m[2m:[0m [2mcosmic_session::notifications[0m[2m:[0m \x1b[2m1970-01-01T00:00:44.022101Z\x1b[0m \x1b[32m INFO\x1b[0m \x1b[1mstdout\x1b[0m\x1b[1m{\x1b[0m\x1b[3mclient\x1b[0m\x1b[2m=\x1b[0mInnerClientId { ptr: 0x48261dd0, alive: true }\x1b[1m}\x1b[0m\x1b[2m:\x1b[0m com.system76.CosmicPanelWorkspacesButton:             LogicalSize {
[2m1970-01-01T00:00:44.029676Z[0m [32m INFO[0m [1mcosmic-panel[0m[2m:[0m [2mcosmic_session::notifications[0m[2m:[0m \x1b[2m1970-01-01T00:00:44.022225Z\x1b[0m \x1b[32m INFO\x1b[0m \x1b[1mstdout\x1b[0m\x1b[1m{\x1b[0m\x1b[3mclient\x1b[0m\x1b[2m=\x1b[0mInnerClientId { ptr: 0x48261dd0, alive: true }\x1b[1m}\x1b[0m\x1b[2m:\x1b[0m com.system76.CosmicPanelWorkspacesButton:                 width: 40.0,
[2m1970-01-01T00:00:44.029999Z[0m [32m INFO[0m [1mcosmic-panel[0m[2m:[0m [2mcosmic_session::notifications[0m[2m:[0m \x1b[2m1970-01-01T00:00:44.022275Z\x1b[0m \x1b[32m INFO\x1b[0m \x1b[1mstdout\x1b[0m\x1b[1m{\x1b[0m\x1b[3mclient\x1b[0m\x1b[2m=\x1b[0mInnerClientId { ptr: 0x48261dd0, alive: true }\x1b[1m}\x1b[0m\x1b[2m:\x1b[0m com.system76.CosmicPanelWorkspacesButton:                 height: 32.0,
[2m1970-01-01T00:00:44.029999Z[0m [32m INFO[0m [1mcosmic-panel[0m[2m:[0m [2mcosmic_session::notifications[0m[2m:[0m \x1b[2m1970-01-01T00:00:44.022319Z\x1b[0m \x1b[32m INFO\x1b[0m \x1b[1mstdout\x1b[0m\x1b[1m{\x1b[0m\x1b[3mclient\x1b[0m\x1b[2m=\x1b[0mInnerClientId { ptr: 0x48261dd0, alive: true }\x1b[1m}\x1b[0m\x1b[2m:\x1b[0m com.system76.CosmicPanelWorkspacesButton:             },
[2m1970-01-01T00:00:44.029999Z[0m [32m INFO[0m [1mcosmic-panel[0m[2m:[0m [2mcosmic_session::notifications[0m[2m:[0m \x1b[2m1970-01-01T00:00:44.022434Z\x1b[0m \x1b[32m INFO\x1b[0m \x1b[1mstdout\x1b[0m\x1b[1m{\x1b[0m\x1b[3mclient\x1b[0m\x1b[2m=\x1b[0mInnerClientId { ptr: 0x48261dd0, alive: true }\x1b[1m}\x1b[0m\x1b[2m:\x1b[0m com.system76.CosmicPanelWorkspacesButton:         ),
[2m1970-01-01T00:00:44.029999Z[0m [32m INFO[0m [1mcosmic-panel[0m[2m:[0m [2mcosmic_session::notifications[0m[2m:[0m \x1b[2m1970-01-01T00:00:44.022492Z\x1b[0m \x1b[32m INFO\x1b[0m \x1b[1mstdout\x1b[0m\x1b[1m{\x1b[0m\x1b[3mclient\x1b[0m\x1b[2m=\x1b[0mInnerClientId { ptr: 0x48261dd0, alive: true }\x1b[1m}\x1b[0m\x1b[2m:\x1b[0m com.system76.CosmicPanelWorkspacesButton:     ),
[2m1970-01-01T00:00:44.030357Z[0m [32m INFO[0m [1mcosmic-panel[0m[2m:[0m [2mcosmic_session::notifications[0m[2m:[0m \x1b[2m1970-01-01T00:00:44.022617Z\x1b[0m \x1b[32m INFO\x1b[0m \x1b[1mstdout\x1b[0m\x1b[1m{\x1b[0m\x1b[3mclient\x1b[0m\x1b[2m=\x1b[0mInnerClientId { ptr: 0x48261dd0, alive: true }\x1b[1m}\x1b[0m\x1b[2m:\x1b[0m com.system76.CosmicPanelWorkspacesButton:     max_surface_size: None,
[2m1970-01-01T00:00:44.030916Z[0m [32m INFO[0m [1mcosmic-panel[0m[2m:[0m [2mcosmic_session::notifications[0m[2m:[0m \x1b[2m1970-01-01T00:00:44.022710Z\x1b[0m \x1b[32m INFO\x1b[0m \x1b[1mstdout\x1b[0m\x1b[1m{\x1b[0m\x1b[3mclient\x1b[0m\x1b[2m=\x1b[0mInnerClientId { ptr: 0x48261dd0, alive: true }\x1b[1m}\x1b[0m\x1b[2m:\x1b[0m com.system76.CosmicPanelWorkspacesButton:     surface_resize_increments: None,
[2m1970-01-01T00:00:44.031579Z[0m [32m INFO[0m [1mcosmic-panel[0m[2m:[0m [2mcosmic_session::notifications[0m[2m:[0m \x1b[2m1970-01-01T00:00:44.022844Z\x1b[0m \x1b[32m INFO\x1b[0m \x1b[1mstdout\x1b[0m\x1b[1m{\x1b[0m\x1b[3mclient\x1b[0m\x1b[2m=\x1b[0mInnerClientId { ptr: 0x48261dd0, alive: true }\x1b[1m}\x1b[0m\x1b[2m:\x1b[0m com.system76.CosmicPanelWorkspacesButton:     position: None,
[2m1970-01-01T00:00:44.032128Z[0m [32m INFO[0m [1mcosmic-panel[0m[2m:[0m [2mcosmic_session::notifications[0m[2m:[0m \x1b[2m1970-01-01T00:00:44.022948Z\x1b[0m \x1b[32m INFO\x1b[0m \x1b[1mstdout\x1b[0m\x1b[1m{\x1b[0m\x1b[3mclient\x1b[0m\x1b[2m=\x1b[0mInnerClientId { ptr: 0x48261dd0, alive: true }\x1b[1m}\x1b[0m\x1b[2m:\x1b[0m com.system76.CosmicPanelWorkspacesButton:     resizable: false,
[2m1970-01-01T00:00:44.032652Z[0m [32m INFO[0m [1mcosmic-panel[0m[2m:[0m [2mcosmic_session::notifications[0m[2m:[0m \x1b[2m1970-01-01T00:00:44.023137Z\x1b[0m \x1b[32m INFO\x1b[0m \x1b[1mstdout\x1b[0m\x1b[1m{\x1b[0m\x1b[3mclient\x1b[0m\x1b[2m=\x1b[0mInnerClientId { ptr: 0x48261dd0, alive: true }\x1b[1m}\x1b[0m\x1b[2m:\x1b[0m com.system76.CosmicPanelWorkspacesButton:     enabled_buttons: WindowButtons(
[2m1970-01-01T00:00:44.033243Z[0m [32m INFO[0m [1mcosmic-panel[0m[2m:[0m [2mcosmic_session::notifications[0m[2m:[0m \x1b[2m1970-01-01T00:00:44.023224Z\x1b[0m \x1b[32m INFO\x1b[0m \x1b[1mstdout\x1b[0m\x1b[1m{\x1b[0m\x1b[3mclient\x1b[0m\x1b[2m=\x1b[0mInnerClientId { ptr: 0x48261dd0, alive: true }\x1b[1m}\x1b[0m\x1b[2m:\x1b[0m com.system76.CosmicPanelWorkspacesButton:         CLOSE | MINIMIZE,
[2m1970-01-01T00:00:44.033896Z[0m [32m INFO[0m [1mcosmic-panel[0m[2m:[0m [2mcosmic_session::notifications[0m[2m:[0m \x1b[2m1970-01-01T00:00:44.023361Z\x1b[0m \x1b[32m INFO\x1b[0m \x1b[1mstdout\x1b[0m\x1b[1m{\x1b[0m\x1b[3mclient\x1b[0m\x1b[2m=\x1b[0mInnerClientId { ptr: 0x48261dd0, alive: true }\x1b[1m}\x1b[0m\x1b[2m:\x1b[0m com.system76.CosmicPanelWorkspacesButton:     ),
[2m1970-01-01T00:00:44.037456Z[0m [32m INFO[0m [1mcosmic-panel[0m[2m:[0m [2mcosmic_session::notifications[0m[2m:[0m \x1b[2m1970-01-01T00:00:44.023593Z\x1b[0m \x1b[32m INFO\x1b[0m \x1b[1mstdout\x1b[0m\x1b[1m{\x1b[0m\x1b[3mclient\x1b[0m\x1b[2m=\x1b[0mInnerClientId { ptr: 0x48261dd0, alive: true }\x1b[1m}\x1b[0m\x1b[2m:\x1b[0m com.system76.CosmicPanelWorkspacesButton:     title: "Cosmic - Iced",
[2m1970-01-01T00:00:44.059531Z[0m [32m INFO[0m [1mcosmic-panel[0m[2m:[0m [2mcosmic_session::notifications[0m[2m:[0m \x1b[2m1970-01-01T00:00:44.023718Z\x1b[0m \x1b[32m INFO\x1b[0m \x1b[1mstdout\x1b[0m\x1b[1m{\x1b[0m\x1b[3mclient\x1b[0m\x1b[2m=\x1b[0mInnerClientId { ptr: 0x48261dd0, alive: true }\x1b[1m}\x1b[0m\x1b[2m:\x1b[0m com.system76.CosmicPanelWorkspacesButton:     maximized: false,
[2m1970-01-01T00:00:44.060665Z[0m [32m INFO[0m [1mcosmic-panel[0m[2m:[0m [2mcosmic_session::notifications[0m[2m:[0m \x1b[2m1970-01-01T00:00:44.023825Z\x1b[0m \x1b[32m INFO\x1b[0m \x1b[1mstdout\x1b[0m\x1b[1m{\x1b[0m\x1b[3mclient\x1b[0m\x1b[2m=\x1b[0mInnerClientId { ptr: 0x48261dd0, alive: true }\x1b[1m}\x1b[0m\x1b[2m:\x1b[0m com.system76.CosmicPanelWorkspacesButton:     visible: false,
[2m1970-01-01T00:00:44.061426Z[0m [32m INFO[0m [1mcosmic-panel[0m[2m:[0m [2mcosmic_session::notifications[0m[2m:[0m \x1b[2m1970-01-01T00:00:44.023917Z\x1b[0m \x1b[32m INFO\x1b[0m \x1b[1mstdout\x1b[0m\x1b[1m{\x1b[0m\x1b[3mclient\x1b[0m\x1b[2m=\x1b[0mInnerClientId { ptr: 0x48261dd0, alive: true }\x1b[1m}\x1b[0m\x1b[2m:\x1b[0m com.system76.CosmicPanelWorkspacesButton:     transparent: true,
[2m1970-01-01T00:00:44.062315Z[0m [32m INFO[0m [1mcosmic-panel[0m[2m:[0m [2mcosmic_session::notifications[0m[2m:[0m \x1b[2m1970-01-01T00:00:44.024072Z\x1b[0m \x1b[32m INFO\x1b[0m \x1b[1mstdout\x1b[0m\x1b[1m{\x1b[0m\x1b[3mclient\x1b[0m\x1b[2m=\x1b[0mInnerClientId { ptr: 0x48261dd0, alive: true }\x1b[1m}\x1b[0m\x1b[2m:\x1b[0m com.system76.CosmicPanelWorkspacesButton:     blur: false,
[2m1970-01-01T00:00:44.063169Z[0m [32m INFO[0m [1mcosmic-panel[0m[2m:[0m [2mcosmic_session::notifications[0m[2m:[0m \x1b[2m1970-01-01T00:00:44.024353Z\x1b[0m \x1b[32m INFO\x1b[0m \x1b[1mstdout\x1b[0m\x1b[1m{\x1b[0m\x1b[3mclient\x1b[0m\x1b[2m=\x1b[0mInnerClientId { ptr: 0x48261dd0, alive: true }\x1b[1m}\x1b[0m\x1b[2m:\x1b[0m com.system76.CosmicPanelWorkspacesButton:     decorations: false,
[2m1970-01-01T00:00:44.063881Z[0m [32m INFO[0m [1mcosmic-panel[0m[2m:[0m [2mcosmic_session::notifications[0m[2m:[0m \x1b[2m1970-01-01T00:00:44.024452Z\x1b[0m \x1b[32m INFO\x1b[0m \x1b[1mstdout\x1b[0m\x1b[1m{\x1b[0m\x1b[3mclient\x1b[0m\x1b[2m=\x1b[0mInnerClientId { ptr: 0x48261dd0, alive: true }\x1b[1m}\x1b[0m\x1b[2m:\x1b[0m com.system76.CosmicPanelWorkspacesButton:     window_icon: None,
[2m1970-01-01T00:00:44.064675Z[0m [32m INFO[0m [1mcosmic-panel[0m[2m:[0m [2mcosmic_session::notifications[0m[2m:[0m \x1b[2m1970-01-01T00:00:44.024662Z\x1b[0m \x1b[32m INFO\x1b[0m \x1b[1mstdout\x1b[0m\x1b[1m{\x1b[0m\x1b[3mclient\x1b[0m\x1b[2m=\x1b[0mInnerClientId { ptr: 0x48261dd0, alive: true }\x1b[1m}\x1b[0m\x1b[2m:\x1b[0m com.system76.CosmicPanelWorkspacesButton:     preferred_theme: None,
[2m1970-01-01T00:00:44.249999Z[0m [32m INFO[0m [1mcosmic-panel[0m[2m:[0m [2mcosmic_session::notifications[0m[2m:[0m \x1b[2m1970-01-01T00:00:44.024934Z\x1b[0m \x1b[32m INFO\x1b[0m \x1b[1mstdout\x1b[0m\x1b[1m{\x1b[0m\x1b[3mclient\x1b[0m\x1b[2m=\x1b[0mInnerClientId { ptr: 0x48261dd0, alive: true }\x1b[1m}\x1b[0m\x1b[2m:\x1b[0m com.system76.CosmicPanelWorkspacesButton:     content_protected: false,
[2m1970-01-01T00:00:44.249999Z[0m [32m INFO[0m [1mcosmic-panel[0m[2m:[0m [2mcosmic_session::notifications[0m[2m:[0m \x1b[2m1970-01-01T00:00:44.025095Z\x1b[0m \x1b[32m INFO\x1b[0m \x1b[1mstdout\x1b[0m\x1b[1m{\x1b[0m\x1b[3mclient\x1b[0m\x1b[2m=\x1b[0mInnerClientId { ptr: 0x48261dd0, alive: true }\x1b[1m}\x1b[0m\x1b[2m:\x1b[0m com.system76.CosmicPanelWorkspacesButton:     window_level: Normal,
[2m1970-01-01T00:00:44.249999Z[0m [32m INFO[0m [1mcosmic-panel[0m[2m:[0m [2mcosmic_session::notifications[0m[2m:[0m \x1b[2m1970-01-01T00:00:44.025202Z\x1b[0m \x1b[32m INFO\x1b[0m \x1b[1mstdout\x1b[0m\x1b[1m{\x1b[0m\x1b[3mclient\x1b[0m\x1b[2m=\x1b[0mInnerClientId { ptr: 0x48261dd0, alive: true }\x1b[1m}\x1b[0m\x1b[2m:\x1b[0m com.system76.CosmicPanelWorkspacesButton:     active: true,
[2m1970-01-01T00:00:44.249999Z[0m [32m INFO[0m [1mcosmic-panel[0m[2m:[0m [2mcosmic_session::notifications[0m[2m:[0m \x1b[2m1970-01-01T00:00:44.025288Z\x1b[0m \x1b[32m INFO\x1b[0m \x1b[1mstdout\x1b[0m\x1b[1m{\x1b[0m\x1b[3mclient\x1b[0m\x1b[2m=\x1b[0mInnerClientId { ptr: 0x48261dd0, alive: true }\x1b[1m}\x1b[0m\x1b[2m:\x1b[0m com.system76.CosmicPanelWorkspacesButton:     cursor: Icon(
[2m1970-01-01T00:00:44.249999Z[0m [32m INFO[0m [1mcosmic-panel[0m[2m:[0m [2mcosmic_session::notifications[0m[2m:[0m \x1b[2m1970-01-01T00:00:44.025368Z\x1b[0m \x1b[32m INFO\x1b[0m \x1b[1mstdout\x1b[0m\x1b[1m{\x1b[0m\x1b[3mclient\x1b[0m\x1b[2m=\x1b[0mInnerClientId { ptr: 0x48261dd0, alive: true }\x1b[1m}\x1b[0m\x1b[2m:\x1b[0m com.system76.CosmicPanelWorkspacesButton:         Default,
[2m1970-01-01T00:00:44.249999Z[0m [32m INFO[0m [1mcosmic-panel[0m[2m:[0m [2mcosmic_session::notifications[0m[2m:[0m \x1b[2m1970-01-01T00:00:44.025477Z\x1b[0m \x1b[32m INFO\x1b[0m \x1b[1mstdout\x1b[0m\x1b[1m{\x1b[0m\x1b[3mclient\x1b[0m\x1b[2m=\x1b[0mInnerClientId { ptr: 0x48261dd0, alive: true }\x1b[1m}\x1b[0m\x1b[2m:\x1b[0m com.system76.CosmicPanelWorkspacesButton:     ),
[2m1970-01-01T00:00:44.249999Z[0m [32m INFO[0m [1mcosmic-panel[0m[2m:[0m [2mcosmic_session::notifications[0m[2m:[0m \x1b[2m1970-01-01T00:00:44.025525Z\x1b[0m \x1b[32m INFO\x1b[0m \x1b[1mstdout\x1b[0m\x1b[1m{\x1b[0m\x1b[3mclient\x1b[0m\x1b[2m=\x1b[0mInnerClientId { ptr: 0x48261dd0, alive: true }\x1b[1m}\x1b[0m\x1b[2m:\x1b[0m com.system76.CosmicPanelWorkspacesButton:     parent_window: None,
[2m1970-01-01T00:00:44.249999Z[0m [32m INFO[0m [1mcosmic-panel[0m[2m:[0m [2mcosmic_session::notifications[0m[2m:[0m \x1b[2m1970-01-01T00:00:44.025635Z\x1b[0m \x1b[32m INFO\x1b[0m \x1b[1mstdout\x1b[0m\x1b[1m{\x1b[0m\x1b[3mclient\x1b[0m\x1b[2m=\x1b[0mInnerClientId { ptr: 0x48261dd0, alive: true }\x1b[1m}\x1b[0m\x1b[2m:\x1b[0m com.system76.CosmicPanelWorkspacesButton:     fullscreen: None,
[2m1970-01-01T00:00:44.249999Z[0m [32m INFO[0m [1mcosmic-panel[0m[2m:[0m [2mcosmic_session::notifications[0m[2m:[0m \x1b[2m1970-01-01T00:00:44.025690Z\x1b[0m \x1b[32m INFO\x1b[0m \x1b[1mstdout\x1b[0m\x1b[1m{\x1b[0m\x1b[3mclient\x1b[0m\x1b[2m=\x1b[0mInnerClientId { ptr: 0x48261dd0, alive: true }\x1b[1m}\x1b[0m\x1b[2m:\x1b[0m com.system76.CosmicPanelWorkspacesButton:     platform: Some(
[2m1970-01-01T00:00:44.249999Z[0m [32m INFO[0m [1mcosmic-panel[0m[2m:[0m [2mcosmic_session::notifications[0m[2m:[0m \x1b[2m1970-01-01T00:00:44.025799Z\x1b[0m \x1b[32m INFO\x1b[0m \x1b[1mstdout\x1b[0m\x1b[1m{\x1b[0m\x1b[3mclient\x1b[0m\x1b[2m=\x1b[0mInnerClientId { ptr: 0x48261dd0, alive: true }\x1b[1m}\x1b[0m\x1b[2m:\x1b[0m com.system76.CosmicPanelWorkspacesButton:         WindowAttributesWayland {
[2m1970-01-01T00:00:44.249999Z[0m [32m INFO[0m [1mcosmic-panel[0m[2m:[0m [2mcosmic_session::notifications[0m[2m:[0m \x1b[2m1970-01-01T00:00:44.025879Z\x1b[0m \x1b[32m INFO\x1b[0m \x1b[1mstdout\x1b[0m\x1b[1m{\x1b[0m\x1b[3mclient\x1b[0m\x1b[2m=\x1b[0mInnerClientId { ptr: 0x48261dd0, alive: true }\x1b[1m}\x1b[0m\x1b[2m:\x1b[0m com.system76.CosmicPanelWorkspacesButton:             name: Some(
[2m1970-01-01T00:00:44.249999Z[0m [32m INFO[0m [1mcosmic-panel[0m[2m:[0m [2mcosmic_session::notifications[0m[2m:[0m \x1b[2m1970-01-01T00:00:44.026015Z\x1b[0m \x1b[32m INFO\x1b[0m \x1b[1mstdout\x1b[0m\x1b[1m{\x1b[0m\x1b[3mclient\x1b[0m\x1b[2m=\x1b[0mInnerClientId { ptr: 0x48261dd0, alive: true }\x1b[1m}\x1b[0m\x1b[2m:\x1b[0m com.system76.CosmicPanelWorkspacesButton:                 ApplicationName {
[2m1970-01-01T00:00:44.249999Z[0m [32m INFO[0m [1mcosmic-panel[0m[2m:[0m [2mcosmic_session::notifications[0m[2m:[0m \x1b[2m1970-01-01T00:00:44.026080Z\x1b[0m \x1b[32m INFO\x1b[0m \x1b[1mstdout\x1b[0m\x1b[1m{\x1b[0m\x1b[3mclient\x1b[0m\x1b[2m=\x1b[0mInnerClientId { ptr: 0x48261dd0, alive: true }\x1b[1m}\x1b[0m\x1b[2m:\x1b[0m com.system76.CosmicPanelWorkspacesButton:                     general: "com.system76.CosmicPanelButton",
[2m1970-01-01T00:00:44.249999Z[0m [32m INFO[0m [1mcosmic-panel[0m[2m:[0m [2mcosmic_session::notifications[0m[2m:[0m \x1b[2m1970-01-01T00:00:44.026168Z\x1b[0m \x1b[32m INFO\x1b[0m \x1b[1mstdout\x1b[0m\x1b[1m{\x1b[0m\x1b[3mclient\x1b[0m\x1b[2m=\x1b[0mInnerClientId { ptr: 0x48261dd0, alive: true }\x1b[1m}\x1b[0m\x1b[2m:\x1b[0m com.system76.CosmicPanelWorkspacesButton:                     instance: "com.system76.CosmicPanelButton",
[2m1970-01-01T00:00:44.249999Z[0m [32m INFO[0m [1mcosmic-panel[0m[2m:[0m [2mcosmic_session::notifications[0m[2m:[0m \x1b[2m1970-01-01T00:00:44.026237Z\x1b[0m \x1b[32m INFO\x1b[0m \x1b[1mstdout\x1b[0m\x1b[1m{\x1b[0m\x1b[3mclient\x1b[0m\x1b[2m=\x1b[0mInnerClientId { ptr: 0x48261dd0, alive: true }\x1b[1m}\x1b[0m\x1b[2m:\x1b[0m com.system76.CosmicPanelWorkspacesButton:                 },
[2m1970-01-01T00:00:44.249999Z[0m [32m INFO[0m [1mcosmic-panel[0m[2m:[0m [2mcosmic_session::notifications[0m[2m:[0m \x1b[2m1970-01-01T00:00:44.026318Z\x1b[0m \x1b[32m INFO\x1b[0m \x1b[1mstdout\x1b[0m\x1b[1m{\x1b[0m\x1b[3mclient\x1b[0m\x1b[2m=\x1b[0mInnerClientId { ptr: 0x48261dd0, alive: true }\x1b[1m}\x1b[0m\x1b[2m:\x1b[0m com.system76.CosmicPanelWorkspacesButton:             ),
[2m1970-01-01T00:00:44.249999Z[0m [32m INFO[0m [1mcosmic-panel[0m[2m:[0m [2mcosmic_session::notifications[0m[2m:[0m \x1b[2m1970-01-01T00:00:44.026381Z\x1b[0m \x1b[32m INFO\x1b[0m \x1b[1mstdout\x1b[0m\x1b[1m{\x1b[0m\x1b[3mclient\x1b[0m\x1b[2m=\x1b[0mInnerClientId { ptr: 0x48261dd0, alive: true }\x1b[1m}\x1b[0m\x1b[2m:\x1b[0m com.system76.CosmicPanelWorkspacesButton:             activation_token: None,
[2m1970-01-01T00:00:44.249999Z[0m [32m INFO[0m [1mcosmic-panel[0m[2m:[0m [2mcosmic_session::notifications[0m[2m:[0m \x1b[2m1970-01-01T00:00:44.026477Z\x1b[0m \x1b[32m INFO\x1b[0m \x1b[1mstdout\x1b[0m\x1b[1m{\x1b[0m\x1b[3mclient\x1b[0m\x1b[2m=\x1b[0mInnerClientId { ptr: 0x48261dd0, alive: true }\x1b[1m}\x1b[0m\x1b[2m:\x1b[0m com.system76.CosmicPanelWorkspacesButton:             prefer_csd: false,
[2m1970-01-01T00:00:44.249999Z[0m [32m INFO[0m [1mcosmic-panel[0m[2m:[0m [2mcosmic_session::notifications[0m[2m:[0m \x1b[2m1970-01-01T00:00:44.026595Z\x1b[0m \x1b[32m INFO\x1b[0m \x1b[1mstdout\x1b[0m\x1b[1m{\x1b[0m\x1b[3mclient\x1b[0m\x1b[2m=\x1b[0mInnerClientId { ptr: 0x48261dd0, alive: true }\x1b[1m}\x1b[0m\x1b[2m:\x1b[0m com.system76.CosmicPanelWorkspacesButton:         },
[2m1970-01-01T00:00:44.249999Z[0m [33m WARN[0m [1mcosmic-idle[0m[2m:[0m [2mcosmic_session[0m[2m:[0m [1970-01-01T00:00:44Z INFO  tracing::span] read_socket;
[2m1970-01-01T00:00:44.249999Z[0m [33m WARN[0m [1mcosmic-idle[0m[2m:[0m [2mcosmic_session[0m[2m:[0m [1970-01-01T00:00:44Z INFO  tracing::span] read_socket;
[2m1970-01-01T00:00:44.249999Z[0m [32m INFO[0m [1mcosmic-panel[0m[2m:[0m [2mcosmic_session::notifications[0m[2m:[0m \x1b[2m1970-01-01T00:00:44.026679Z\x1b[0m \x1b[32m INFO\x1b[0m \x1b[1mstdout\x1b[0m\x1b[1m{\x1b[0m\x1b[3mclient\x1b[0m\x1b[2m=\x1b[0mInnerClientId { ptr: 0x48261dd0, alive: true }\x1b[1m}\x1b[0m\x1b[2m:\x1b[0m com.system76.CosmicPanelWorkspacesButton:     ),
[2m1970-01-01T00:00:44.249999Z[0m [32m INFO[0m [1mcosmic-panel[0m[2m:[0m [2mcosmic_session::notifications[0m[2m:[0m \x1b[2m1970-01-01T00:00:44.026750Z\x1b[0m \x1b[32m INFO\x1b[0m \x1b[1mstdout\x1b[0m\x1b[1m{\x1b[0m\x1b[3mclient\x1b[0m\x1b[2m=\x1b[0mInnerClientId { ptr: 0x48261dd0, alive: true }\x1b[1m}\x1b[0m\x1b[2m:\x1b[0m com.system76.CosmicPanelWorkspacesButton: }
[2m1970-01-01T00:00:44.249999Z[0m [32m INFO[0m [1mcosmic-panel[0m[2m:[0m [2mcosmic_session::notifications[0m[2m:[0m \x1b[2m1970-01-01T00:00:44.026853Z\x1b[0m \x1b[32m INFO\x1b[0m \x1b[1mstdout\x1b[0m\x1b[1m{\x1b[0m\x1b[3mclient\x1b[0m\x1b[2m=\x1b[0mInnerClientId { ptr: 0x48261dd0, alive: true }\x1b[1m}\x1b[0m\x1b[2m:\x1b[0m com.system76.CosmicPanelWorkspacesButton: \x1b[2m1970-01-01T00:00:43.601749Z\x1b[0m \x1b[33m WARN\x1b[0m \x1b[2mwinit_wayland::window::state\x1b[0m\x1b[2m:\x1b[0m `xdg_toplevel_icon_manager_v1` is not supported
[2m1970-01-01T00:00:44.249999Z[0m [32m INFO[0m [1mcosmic-panel[0m[2m:[0m [2mcosmic_session::notifications[0m[2m:[0m \x1b[2m1970-01-01T00:00:44.026917Z\x1b[0m \x1b[32m INFO\x1b[0m \x1b[1mstdout\x1b[0m\x1b[1m{\x1b[0m\x1b[3mclient\x1b[0m\x1b[2m=\x1b[0mInnerClientId { ptr: 0x48261dd0, alive: true }\x1b[1m}\x1b[0m\x1b[2m:\x1b[0m com.system76.CosmicPanelWorkspacesButton: \x1b[2m1970-01-01T00:00:43.619999Z\x1b[0m \x1b[32m INFO\x1b[0m \x1b[2miced_winit::platform_specific::wayland::event_loop\x1b[0m\x1b[2m:\x1b[0m SCTK setup complete.
[2m1970-01-01T00:00:44.249999Z[0m [32m INFO[0m [1mcosmic-panel[0m[2m:[0m [2mcosmic_session::notifications[0m[2m:[0m \x1b[2m1970-01-01T00:00:44.027003Z\x1b[0m \x1b[32m INFO\x1b[0m \x1b[1mstdout\x1b[0m\x1b[1m{\x1b[0m\x1b[3mclient\x1b[0m\x1b[2m=\x1b[0mInnerClientId { ptr: 0x93f27380, alive: true }\x1b[1m}\x1b[0m\x1b[2m:\x1b[0m com.system76.CosmicPanelWorkspacesButton: \x1b[2m1970-01-01T00:00:43.619999Z\x1b[0m \x1b[33m WARN\x1b[0m \x1b[2mwinit_wayland::window::state\x1b[0m\x1b[2m:\x1b[0m `xdg_toplevel_icon_manager_v1` is not supported
[2m1970-01-01T00:00:44.249999Z[0m [32m INFO[0m [1mcosmic-panel[0m[2m:[0m [2mcosmic_session::notifications[0m[2m:[0m \x1b[2m1970-01-01T00:00:44.029601Z\x1b[0m \x1b[32m INFO\x1b[0m \x1b[1mstdout\x1b[0m\x1b[1m{\x1b[0m\x1b[3mclient\x1b[0m\x1b[2m=\x1b[0mInnerClientId { ptr: 0x92b2ad90, alive: true }\x1b[1m}\x1b[0m\x1b[2m:\x1b[0m com.system76.CosmicAppletTiling: \x1b[2m1970-01-01T00:00:43.971697Z\x1b[0m \x1b[32m INFO\x1b[0m \x1b[2miced_winit\x1b[0m\x1b[2m:\x1b[0m System theme: None
[2m1970-01-01T00:00:44.249999Z[0m [32m INFO[0m [1mcosmic-panel[0m[2m:[0m [2mcosmic_session::notifications[0m[2m:[0m \x1b[2m1970-01-01T00:00:44.029861Z\x1b[0m \x1b[32m INFO\x1b[0m \x1b[1mstdout\x1b[0m\x1b[1m{\x1b[0m\x1b[3mclient\x1b[0m\x1b[2m=\x1b[0mInnerClientId { ptr: 0x92b2ad90, alive: true }\x1b[1m}\x1b[0m\x1b[2m:\x1b[0m com.system76.CosmicAppletTiling: \x1b[2m1970-01-01T00:00:43.979999Z\x1b[0m \x1b[32m INFO\x1b[0m \x1b[2miced_winit\x1b[0m\x1b[2m:\x1b[0m Window attributes for id `Id(
[2m1970-01-01T00:00:44.249999Z[0m [32m INFO[0m [1mcosmic-panel[0m[2m:[0m [2mcosmic_session::notifications[0m[2m:[0m \x1b[2m1970-01-01T00:00:44.029999Z\x1b[0m \x1b[32m INFO\x1b[0m \x1b[1mstdout\x1b[0m\x1b[1m{\x1b[0m\x1b[3mclient\x1b[0m\x1b[2m=\x1b[0mInnerClientId { ptr: 0x92b2ad90, alive: true }\x1b[1m}\x1b[0m\x1b[2m:\x1b[0m com.system76.CosmicAppletTiling:     1,
[2m1970-01-01T00:00:44.249999Z[0m [32m INFO[0m [1mcosmic-panel[0m[2m:[0m [2mcosmic_session::notifications[0m[2m:[0m \x1b[2m1970-01-01T00:00:44.029999Z\x1b[0m \x1b[32m INFO\x1b[0m \x1b[1mstdout\x1b[0m\x1b[1m{\x1b[0m\x1b[3mclient\x1b[0m\x1b[2m=\x1b[0mInnerClientId { ptr: 0x92b2ad90, alive: true }\x1b[1m}\x1b[0m\x1b[2m:\x1b[0m com.system76.CosmicAppletTiling: )`: WindowAttributes {
[2m1970-01-01T00:00:44.249999Z[0m [32m INFO[0m [1mcosmic-panel[0m[2m:[0m [2mcosmic_session::notifications[0m[2m:[0m \x1b[2m1970-01-01T00:00:44.029999Z\x1b[0m \x1b[32m INFO\x1b[0m \x1b[1mstdout\x1b[0m\x1b[1m{\x1b[0m\x1b[3mclient\x1b[0m\x1b[2m=\x1b[0mInnerClientId { ptr: 0x92b2ad90, alive: true }\x1b[1m}\x1b[0m\x1b[2m:\x1b[0m com.system76.CosmicAppletTiling:     surface_size: Some(
[2m1970-01-01T00:00:44.249999Z[0m [32m INFO[0m [1mcosmic-panel[0m[2m:[0m [2mcosmic_session::notifications[0m[2m:[0m \x1b[2m1970-01-01T00:00:44.029999Z\x1b[0m \x1b[32m INFO\x1b[0m \x1b[1mstdout\x1b[0m\x1b[1m{\x1b[0m\x1b[3mclient\x1b[0m\x1b[2m=\x1b[0mInnerClientId { ptr: 0x92b2ad90, alive: true }\x1b[1m}\x1b[0m\x1b[2m:\x1b[0m com.system76.CosmicAppletTiling:         Logical(
[2m1970-01-01T00:00:44.249999Z[0m [32m INFO[0m [1mcosmic-panel[0m[2m:[0m [2mcosmic_session::notifications[0m[2m:[0m \x1b[2m1970-01-01T00:00:44.029999Z\x1b[0m \x1b[32m INFO\x1b[0m \x1b[1mstdout\x1b[0m\x1b[1m{\x1b[0m\x1b[3mclient\x1b[0m\x1b[2m=\x1b[0mInnerClientId { ptr: 0x92b2ad90, alive: true }\x1b[1m}\x1b[0m\x1b[2m:\x1b[0m com.system76.CosmicAppletTiling:             LogicalSize {
[2m1970-01-01T00:00:44.249999Z[0m [32m INFO[0m [1mcosmic-panel[0m[2m:[0m [2mcosmic_session::notifications[0m[2m:[0m \x1b[2m1970-01-01T00:00:44.029999Z\x1b[0m \x1b[32m INFO\x1b[0m \x1b[1mstdout\x1b[0m\x1b[1m{\x1b[0m\x1b[3mclient\x1b[0m\x1b[2m=\x1b[0mInnerClientId { ptr: 0x92b2ad90, alive: true }\x1b[1m}\x1b[0m\x1b[2m:\x1b[0m com.system76.CosmicAppletTiling:                 width: 40.0,
[2m1970-01-01T00:00:44.249999Z[0m [32m INFO[0m [1mcosmic-panel[0m[2m:[0m [2mcosmic_session::notifications[0m[2m:[0m \x1b[2m1970-01-01T00:00:44.029999Z\x1b[0m \x1b[32m INFO\x1b[0m \x1b[1mstdout\x1b[0m\x1b[1m{\x1b[0m\x1b[3mclient\x1b[0m\x1b[2m=\x1b[0mInnerClientId { ptr: 0x92b2ad90, alive: true }\x1b[1m}\x1b[0m\x1b[2m:\x1b[0m com.system76.CosmicAppletTiling:                 height: 32.0,
[2m1970-01-01T00:00:44.249999Z[0m [32m INFO[0m [1mcosmic-panel[0m[2m:[0m [2mcosmic_session::notifications[0m[2m:[0m \x1b[2m1970-01-01T00:00:44.029999Z\x1b[0m \x1b[32m INFO\x1b[0m \x1b[1mstdout\x1b[0m\x1b[1m{\x1b[0m\x1b[3mclient\x1b[0m\x1b[2m=\x1b[0mInnerClientId { ptr: 0x92b2ad90, alive: true }\x1b[1m}\x1b[0m\x1b[2m:\x1b[0m com.system76.CosmicAppletTiling:             },
[2m1970-01-01T00:00:44.249999Z[0m [32m INFO[0m [1mcosmic-panel[0m[2m:[0m [2mcosmic_session::notifications[0m[2m:[0m \x1b[2m1970-01-01T00:00:44.029999Z\x1b[0m \x1b[32m INFO\x1b[0m \x1b[1mstdout\x1b[0m\x1b[1m{\x1b[0m\x1b[3mclient\x1b[0m\x1b[2m=\x1b[0mInnerClientId { ptr: 0x92b2ad90, alive: true }\x1b[1m}\x1b[0m\x1b[2m:\x1b[0m com.system76.CosmicAppletTiling:         ),
[2m1970-01-01T00:00:44.249999Z[0m [32m INFO[0m [1mcosmic-panel[0m[2m:[0m [2mcosmic_session::notifications[0m[2m:[0m \x1b[2m1970-01-01T00:00:44.029999Z\x1b[0m \x1b[32m INFO\x1b[0m \x1b[1mstdout\x1b[0m\x1b[1m{\x1b[0m\x1b[3mclient\x1b[0m\x1b[2m=\x1b[0mInnerClientId { ptr: 0x92b2ad90, alive: true }\x1b[1m}\x1b[0m\x1b[2m:\x1b[0m com.system76.CosmicAppletTiling:     ),
[2m1970-01-01T00:00:44.249999Z[0m [32m INFO[0m [1mcosmic-panel[0m[2m:[0m [2mcosmic_session::notifications[0m[2m:[0m \x1b[2m1970-01-01T00:00:44.029999Z\x1b[0m \x1b[32m INFO\x1b[0m \x1b[1mstdout\x1b[0m\x1b[1m{\x1b[0m\x1b[3mclient\x1b[0m\x1b[2m=\x1b[0mInnerClientId { ptr: 0x92b2ad90, alive: true }\x1b[1m}\x1b[0m\x1b[2m:\x1b[0m com.system76.CosmicAppletTiling:     min_surface_size: Some(
[2m1970-01-01T00:00:44.249999Z[0m [32m INFO[0m [1mcosmic-panel[0m[2m:[0m [2mcosmic_session::notifications[0m[2m:[0m \x1b[2m1970-01-01T00:00:44.029999Z\x1b[0m \x1b[32m INFO\x1b[0m \x1b[1mstdout\x1b[0m\x1b[1m{\x1b[0m\x1b[3mclient\x1b[0m\x1b[2m=\x1b[0mInnerClientId { ptr: 0x92b2ad90, alive: true }\x1b[1m}\x1b[0m\x1b[2m:\x1b[0m com.system76.CosmicAppletTiling:         Logical(
[2m1970-01-01T00:00:44.249999Z[0m [32m INFO[0m [1mcosmic-panel[0m[2m:[0m [2mcosmic_session::notifications[0m[2m:[0m \x1b[2m1970-01-01T00:00:44.029999Z\x1b[0m \x1b[32m INFO\x1b[0m \x1b[1mstdout\x1b[0m\x1b[1m{\x1b[0m\x1b[3mclient\x1b[0m\x1b[2m=\x1b[0mInnerClientId { ptr: 0x92b2ad90, alive: true }\x1b[1m}\x1b[0m\x1b[2m:\x1b[0m com.system76.CosmicAppletTiling:             LogicalSize {
[2m1970-01-01T00:00:44.249999Z[0m [32m INFO[0m [1mcosmic-panel[0m[2m:[0m [2mcosmic_session::notifications[0m[2m:[0m \x1b[2m1970-01-01T00:00:44.029999Z\x1b[0m \x1b[32m INFO\x1b[0m \x1b[1mstdout\x1b[0m\x1b[1m{\x1b[0m\x1b[3mclient\x1b[0m\x1b[2m=\x1b[0mInnerClientId { ptr: 0x92b2ad90, alive: true }\x1b[1m}\x1b[0m\x1b[2m:\x1b[0m com.system76.CosmicAppletTiling:                 width: 40.0,
[2m1970-01-01T00:00:44.249999Z[0m [32m INFO[0m [1mcosmic-panel[0m[2m:[0m [2mcosmic_session::notifications[0m[2m:[0m \x1b[2m1970-01-01T00:00:44.029999Z\x1b[0m \x1b[32m INFO\x1b[0m \x1b[1mstdout\x1b[0m\x1b[1m{\x1b[0m\x1b[3mclient\x1b[0m\x1b[2m=\x1b[0mInnerClientId { ptr: 0x92b2ad90, alive: true }\x1b[1m}\x1b[0m\x1b[2m:\x1b[0m com.system76.CosmicAppletTiling:                 height: 32.0,
[2m1970-01-01T00:00:44.249999Z[0m [32m INFO[0m [1mcosmic-panel[0m[2m:[0m [2mcosmic_session::notifications[0m[2m:[0m \x1b[2m1970-01-01T00:00:44.029999Z\x1b[0m \x1b[32m INFO\x1b[0m \x1b[1mstdout\x1b[0m\x1b[1m{\x1b[0m\x1b[3mclient\x1b[0m\x1b[2m=\x1b[0mInnerClientId { ptr: 0x92b2ad90, alive: true }\x1b[1m}\x1b[0m\x1b[2m:\x1b[0m com.system76.CosmicAppletTiling:             },
[2m1970-01-01T00:00:44.249999Z[0m [32m INFO[0m [1mcosmic-panel[0m[2m:[0m [2mcosmic_session::notifications[0m[2m:[0m \x1b[2m1970-01-01T00:00:44.029999Z\x1b[0m \x1b[32m INFO\x1b[0m \x1b[1mstdout\x1b[0m\x1b[1m{\x1b[0m\x1b[3mclient\x1b[0m\x1b[2m=\x1b[0mInnerClientId { ptr: 0x92b2ad90, alive: true }\x1b[1m}\x1b[0m\x1b[2m:\x1b[0m com.system76.CosmicAppletTiling:         ),
[2m1970-01-01T00:00:44.249999Z[0m [32m INFO[0m [1mcosmic-panel[0m[2m:[0m [2mcosmic_session::notifications[0m[2m:[0m \x1b[2m1970-01-01T00:00:44.029999Z\x1b[0m \x1b[32m INFO\x1b[0m \x1b[1mstdout\x1b[0m\x1b[1m{\x1b[0m\x1b[3mclient\x1b[0m\x1b[2m=\x1b[0mInnerClientId { ptr: 0x92b2ad90, alive: true }\x1b[1m}\x1b[0m\x1b[2m:\x1b[0m com.system76.CosmicAppletTiling:     ),
[2m1970-01-01T00:00:44.249999Z[0m [32m INFO[0m [1mcosmic-panel[0m[2m:[0m [2mcosmic_session::notifications[0m[2m:[0m \x1b[2m1970-01-01T00:00:44.029999Z\x1b[0m \x1b[32m INFO\x1b[0m \x1b[1mstdout\x1b[0m\x1b[1m{\x1b[0m\x1b[3mclient\x1b[0m\x1b[2m=\x1b[0mInnerClientId { ptr: 0x92b2ad90, alive: true }\x1b[1m}\x1b[0m\x1b[2m:\x1b[0m com.system76.CosmicAppletTiling:     max_surface_size: None,
[2m1970-01-01T00:00:44.249999Z[0m [32m INFO[0m [1mcosmic-panel[0m[2m:[0m [2mcosmic_session::notifications[0m[2m:[0m \x1b[2m1970-01-01T00:00:44.029999Z\x1b[0m \x1b[32m INFO\x1b[0m \x1b[1mstdout\x1b[0m\x1b[1m{\x1b[0m\x1b[3mclient\x1b[0m\x1b[2m=\x1b[0mInnerClientId { ptr: 0x92b2ad90, alive: true }\x1b[1m}\x1b[0m\x1b[2m:\x1b[0m com.system76.CosmicAppletTiling:     surface_resize_increments: None,
[2m1970-01-01T00:00:44.249999Z[0m [32m INFO[0m [1mcosmic-panel[0m[2m:[0m [2mcosmic_session::notifications[0m[2m:[0m \x1b[2m1970-01-01T00:00:44.029999Z\x1b[0m \x1b[32m INFO\x1b[0m \x1b[1mstdout\x1b[0m\x1b[1m{\x1b[0m\x1b[3mclient\x1b[0m\x1b[2m=\x1b[0mInnerClientId { ptr: 0x92b2ad90, alive: true }\x1b[1m}\x1b[0m\x1b[2m:\x1b[0m com.system76.CosmicAppletTiling:     position: None,
[2m1970-01-01T00:00:44.249999Z[0m [32m INFO[0m [1mcosmic-panel[0m[2m:[0m [2mcosmic_session::notifications[0m[2m:[0m \x1b[2m1970-01-01T00:00:44.029999Z\x1b[0m \x1b[32m INFO\x1b[0m \x1b[1mstdout\x1b[0m\x1b[1m{\x1b[0m\x1b[3mclient\x1b[0m\x1b[2m=\x1b[0mInnerClientId { ptr: 0x92b2ad90, alive: true }\x1b[1m}\x1b[0m\x1b[2m:\x1b[0m com.system76.CosmicAppletTiling:     resizable: false,
[2m1970-01-01T00:00:44.249999Z[0m [32m INFO[0m [1mcosmic-panel[0m[2m:[0m [2mcosmic_session::notifications[0m[2m:[0m \x1b[2m1970-01-01T00:00:44.029999Z\x1b[0m \x1b[32m INFO\x1b[0m \x1b[1mstdout\x1b[0m\x1b[1m{\x1b[0m\x1b[3mclient\x1b[0m\x1b[2m=\x1b[0mInnerClientId { ptr: 0x92b2ad90, alive: true }\x1b[1m}\x1b[0m\x1b[2m:\x1b[0m com.system76.CosmicAppletTiling:     enabled_buttons: WindowButtons(
[2m1970-01-01T00:00:44.249999Z[0m [32m INFO[0m [1mcosmic-panel[0m[2m:[0m [2mcosmic_session::notifications[0m[2m:[0m \x1b[2m1970-01-01T00:00:44.029999Z\x1b[0m \x1b[32m INFO\x1b[0m \x1b[1mstdout\x1b[0m\x1b[1m{\x1b[0m\x1b[3mclient\x1b[0m\x1b[2m=\x1b[0mInnerClientId { ptr: 0x92b2ad90, alive: true }\x1b[1m}\x1b[0m\x1b[2m:\x1b[0m com.system76.CosmicAppletTiling:         CLOSE | MINIMIZE,
[2m1970-01-01T00:00:44.249999Z[0m [32m INFO[0m [1mcosmic-panel[0m[2m:[0m [2mcosmic_session::notifications[0m[2m:[0m \x1b[2m1970-01-01T00:00:44.030461Z\x1b[0m \x1b[32m INFO\x1b[0m \x1b[1mstdout\x1b[0m\x1b[1m{\x1b[0m\x1b[3mclient\x1b[0m\x1b[2m=\x1b[0mInnerClientId { ptr: 0x92b2ad90, alive: true }\x1b[1m}\x1b[0m\x1b[2m:\x1b[0m com.system76.CosmicAppletTiling:     ),
[2m1970-01-01T00:00:44.249999Z[0m [32m INFO[0m [1mcosmic-panel[0m[2m:[0m [2mcosmic_session::notifications[0m[2m:[0m \x1b[2m1970-01-01T00:00:44.030660Z\x1b[0m \x1b[32m INFO\x1b[0m \x1b[1mstdout\x1b[0m\x1b[1m{\x1b[0m\x1b[3mclient\x1b[0m\x1b[2m=\x1b[0mInnerClientId { ptr: 0x92b2ad90, alive: true }\x1b[1m}\x1b[0m\x1b[2m:\x1b[0m com.system76.CosmicAppletTiling:     title: "Cosmic - Iced",
[2m1970-01-01T00:00:44.249999Z[0m [32m INFO[0m [1mcosmic-panel[0m[2m:[0m [2mcosmic_session::notifications[0m[2m:[0m \x1b[2m1970-01-01T00:00:44.030822Z\x1b[0m \x1b[32m INFO\x1b[0m \x1b[1mstdout\x1b[0m\x1b[1m{\x1b[0m\x1b[3mclient\x1b[0m\x1b[2m=\x1b[0mInnerClientId { ptr: 0x92b2ad90, alive: true }\x1b[1m}\x1b[0m\x1b[2m:\x1b[0m com.system76.CosmicAppletTiling:     maximized: false,
[2m1970-01-01T00:00:44.249999Z[0m [32m INFO[0m [1mcosmic-panel[0m[2m:[0m [2mcosmic_session::notifications[0m[2m:[0m \x1b[2m1970-01-01T00:00:44.030888Z\x1b[0m \x1b[32m INFO\x1b[0m \x1b[1mstdout\x1b[0m\x1b[1m{\x1b[0m\x1b[3mclient\x1b[0m\x1b[2m=\x1b[0mInnerClientId { ptr: 0x92b2ad90, alive: true }\x1b[1m}\x1b[0m\x1b[2m:\x1b[0m com.system76.CosmicAppletTiling:     visible: false,
[2m1970-01-01T00:00:44.249999Z[0m [32m INFO[0m [1mcosmic-panel[0m[2m:[0m [2mcosmic_session::notifications[0m[2m:[0m \x1b[2m1970-01-01T00:00:44.030984Z\x1b[0m \x1b[32m INFO\x1b[0m \x1b[1mstdout\x1b[0m\x1b[1m{\x1b[0m\x1b[3mclient\x1b[0m\x1b[2m=\x1b[0mInnerClientId { ptr: 0x92b2ad90, alive: true }\x1b[1m}\x1b[0m\x1b[2m:\x1b[0m com.system76.CosmicAppletTiling:     transparent: true,
[2m1970-01-01T00:00:44.249999Z[0m [32m INFO[0m [1mcosmic-panel[0m[2m:[0m [2mcosmic_session::notifications[0m[2m:[0m \x1b[2m1970-01-01T00:00:44.031216Z\x1b[0m \x1b[32m INFO\x1b[0m \x1b[1mstdout\x1b[0m\x1b[1m{\x1b[0m\x1b[3mclient\x1b[0m\x1b[2m=\x1b[0mInnerClientId { ptr: 0x92b2ad90, alive: true }\x1b[1m}\x1b[0m\x1b[2m:\x1b[0m com.system76.CosmicAppletTiling:     blur: false,
[2m1970-01-01T00:00:44.249999Z[0m [32m INFO[0m [1mcosmic-panel[0m[2m:[0m [2mcosmic_session::notifications[0m[2m:[0m \x1b[2m1970-01-01T00:00:44.031445Z\x1b[0m \x1b[32m INFO\x1b[0m \x1b[1mstdout\x1b[0m\x1b[1m{\x1b[0m\x1b[3mclient\x1b[0m\x1b[2m=\x1b[0mInnerClientId { ptr: 0x92b2ad90, alive: true }\x1b[1m}\x1b[0m\x1b[2m:\x1b[0m com.system76.CosmicAppletTiling:     decorations: false,
[2m1970-01-01T00:00:44.249999Z[0m [32m INFO[0m [1mcosmic-panel[0m[2m:[0m [2mcosmic_session::notifications[0m[2m:[0m \x1b[2m1970-01-01T00:00:44.031606Z\x1b[0m \x1b[32m INFO\x1b[0m \x1b[1mstdout\x1b[0m\x1b[1m{\x1b[0m\x1b[3mclient\x1b[0m\x1b[2m=\x1b[0mInnerClientId { ptr: 0x92b2ad90, alive: true }\x1b[1m}\x1b[0m\x1b[2m:\x1b[0m com.system76.CosmicAppletTiling:     window_icon: None,
[2m1970-01-01T00:00:44.249999Z[0m [32m INFO[0m [1mcosmic-panel[0m[2m:[0m [2mcosmic_session::notifications[0m[2m:[0m \x1b[2m1970-01-01T00:00:44.031657Z\x1b[0m \x1b[32m INFO\x1b[0m \x1b[1mstdout\x1b[0m\x1b[1m{\x1b[0m\x1b[3mclient\x1b[0m\x1b[2m=\x1b[0mInnerClientId { ptr: 0x92b2ad90, alive: true }\x1b[1m}\x1b[0m\x1b[2m:\x1b[0m com.system76.CosmicAppletTiling:     preferred_theme: None,
[2m1970-01-01T00:00:44.249999Z[0m [32m INFO[0m [1mcosmic-panel[0m[2m:[0m [2mcosmic_session::notifications[0m[2m:[0m \x1b[2m1970-01-01T00:00:44.031896Z\x1b[0m \x1b[32m INFO\x1b[0m \x1b[1mstdout\x1b[0m\x1b[1m{\x1b[0m\x1b[3mclient\x1b[0m\x1b[2m=\x1b[0mInnerClientId { ptr: 0x92b2ad90, alive: true }\x1b[1m}\x1b[0m\x1b[2m:\x1b[0m com.system76.CosmicAppletTiling:     content_protected: false,
[2m1970-01-01T00:00:44.249999Z[0m [32m INFO[0m [1mcosmic-panel[0m[2m:[0m [2mcosmic_session::notifications[0m[2m:[0m \x1b[2m1970-01-01T00:00:44.031993Z\x1b[0m \x1b[32m INFO\x1b[0m \x1b[1mstdout\x1b[0m\x1b[1m{\x1b[0m\x1b[3mclient\x1b[0m\x1b[2m=\x1b[0mInnerClientId { ptr: 0x92b2ad90, alive: true }\x1b[1m}\x1b[0m\x1b[2m:\x1b[0m com.system76.CosmicAppletTiling:     window_level: Normal,
[2m1970-01-01T00:00:44.249999Z[0m [32m INFO[0m [1mcosmic-panel[0m[2m:[0m [2mcosmic_session::notifications[0m[2m:[0m \x1b[2m1970-01-01T00:00:44.032138Z\x1b[0m \x1b[32m INFO\x1b[0m \x1b[1mstdout\x1b[0m\x1b[1m{\x1b[0m\x1b[3mclient\x1b[0m\x1b[2m=\x1b[0mInnerClientId { ptr: 0x92b2ad90, alive: true }\x1b[1m}\x1b[0m\x1b[2m:\x1b[0m com.system76.CosmicAppletTiling:     active: true,
[2m1970-01-01T00:00:44.249999Z[0m [32m INFO[0m [1mcosmic-panel[0m[2m:[0m [2mcosmic_session::notifications[0m[2m:[0m \x1b[2m1970-01-01T00:00:44.032189Z\x1b[0m \x1b[32m INFO\x1b[0m \x1b[1mstdout\x1b[0m\x1b[1m{\x1b[0m\x1b[3mclient\x1b[0m\x1b[2m=\x1b[0mInnerClientId { ptr: 0x92b2ad90, alive: true }\x1b[1m}\x1b[0m\x1b[2m:\x1b[0m com.system76.CosmicAppletTiling:     cursor: Icon(
[2m1970-01-01T00:00:44.249999Z[0m [32m INFO[0m [1mcosmic-panel[0m[2m:[0m [2mcosmic_session::notifications[0m[2m:[0m \x1b[2m1970-01-01T00:00:44.032242Z\x1b[0m \x1b[32m INFO\x1b[0m \x1b[1mstdout\x1b[0m\x1b[1m{\x1b[0m\x1b[3mclient\x1b[0m\x1b[2m=\x1b[0mInnerClientId { ptr: 0x92b2ad90, alive: true }\x1b[1m}\x1b[0m\x1b[2m:\x1b[0m com.system76.CosmicAppletTiling:         Default,
[2m1970-01-01T00:00:44.249999Z[0m [32m INFO[0m [1mcosmic-panel[0m[2m:[0m [2mcosmic_session::notifications[0m[2m:[0m \x1b[2m1970-01-01T00:00:44.032382Z\x1b[0m \x1b[32m INFO\x1b[0m \x1b[1mstdout\x1b[0m\x1b[1m{\x1b[0m\x1b[3mclient\x1b[0m\x1b[2m=\x1b[0mInnerClientId { ptr: 0x92b2ad90, alive: true }\x1b[1m}\x1b[0m\x1b[2m:\x1b[0m com.system76.CosmicAppletTiling:     ),
[2m1970-01-01T00:00:44.249999Z[0m [32m INFO[0m [1mcosmic-panel[0m[2m:[0m [2mcosmic_session::notifications[0m[2m:[0m \x1b[2m1970-01-01T00:00:44.032593Z\x1b[0m \x1b[32m INFO\x1b[0m \x1b[1mstdout\x1b[0m\x1b[1m{\x1b[0m\x1b[3mclient\x1b[0m\x1b[2m=\x1b[0mInnerClientId { ptr: 0x92b2ad90, alive: true }\x1b[1m}\x1b[0m\x1b[2m:\x1b[0m com.system76.CosmicAppletTiling:     parent_window: None,
[2m1970-01-01T00:00:44.249999Z[0m [32m INFO[0m [1mcosmic-panel[0m[2m:[0m [2mcosmic_session::notifications[0m[2m:[0m \x1b[2m1970-01-01T00:00:44.032711Z\x1b[0m \x1b[32m INFO\x1b[0m \x1b[1mstdout\x1b[0m\x1b[1m{\x1b[0m\x1b[3mclient\x1b[0m\x1b[2m=\x1b[0mInnerClientId { ptr: 0x92b2ad90, alive: true }\x1b[1m}\x1b[0m\x1b[2m:\x1b[0m com.system76.CosmicAppletTiling:     fullscreen: None,
[2m1970-01-01T00:00:44.249999Z[0m [32m INFO[0m [1mcosmic-panel[0m[2m:[0m [2mcosmic_session::notifications[0m[2m:[0m \x1b[2m1970-01-01T00:00:44.032851Z\x1b[0m \x1b[32m INFO\x1b[0m \x1b[1mstdout\x1b[0m\x1b[1m{\x1b[0m\x1b[3mclient\x1b[0m\x1b[2m=\x1b[0mInnerClientId { ptr: 0x92b2ad90, alive: true }\x1b[1m}\x1b[0m\x1b[2m:\x1b[0m com.system76.CosmicAppletTiling:     platform: Some(
[2m1970-01-01T00:00:44.249999Z[0m [32m INFO[0m [1mcosmic-panel[0m[2m:[0m [2mcosmic_session::notifications[0m[2m:[0m \x1b[2m1970-01-01T00:00:44.033037Z\x1b[0m \x1b[32m INFO\x1b[0m \x1b[1mstdout\x1b[0m\x1b[1m{\x1b[0m\x1b[3mclient\x1b[0m\x1b[2m=\x1b[0mInnerClientId { ptr: 0x92b2ad90, alive: true }\x1b[1m}\x1b[0m\x1b[2m:\x1b[0m com.system76.CosmicAppletTiling:         WindowAttributesWayland {
[2m1970-01-01T00:00:44.249999Z[0m [32m INFO[0m [1mcosmic-panel[0m[2m:[0m [2mcosmic_session::notifications[0m[2m:[0m \x1b[2m1970-01-01T00:00:44.033322Z\x1b[0m \x1b[32m INFO\x1b[0m \x1b[1mstdout\x1b[0m\x1b[1m{\x1b[0m\x1b[3mclient\x1b[0m\x1b[2m=\x1b[0mInnerClientId { ptr: 0x92b2ad90, alive: true }\x1b[1m}\x1b[0m\x1b[2m:\x1b[0m com.system76.CosmicAppletTiling:             name: Some(
[2m1970-01-01T00:00:44.249999Z[0m [32m INFO[0m [1mcosmic-panel[0m[2m:[0m [2mcosmic_session::notifications[0m[2m:[0m \x1b[2m1970-01-01T00:00:44.033920Z\x1b[0m \x1b[32m INFO\x1b[0m \x1b[1mstdout\x1b[0m\x1b[1m{\x1b[0m\x1b[3mclient\x1b[0m\x1b[2m=\x1b[0mInnerClientId { ptr: 0x92b2ad90, alive: true }\x1b[1m}\x1b[0m\x1b[2m:\x1b[0m com.system76.CosmicAppletTiling:                 ApplicationName {
[2m1970-01-01T00:00:44.249999Z[0m [32m INFO[0m [1mcosmic-panel[0m[2m:[0m [2mcosmic_session::notifications[0m[2m:[0m \x1b[2m1970-01-01T00:00:44.034119Z\x1b[0m \x1b[32m INFO\x1b[0m \x1b[1mstdout\x1b[0m\x1b[1m{\x1b[0m\x1b[3mclient\x1b[0m\x1b[2m=\x1b[0mInnerClientId { ptr: 0x92b2ad90, alive: true }\x1b[1m}\x1b[0m\x1b[2m:\x1b[0m com.system76.CosmicAppletTiling:                     general: "com.system76.CosmicAppletTiling",
[2m1970-01-01T00:00:44.249999Z[0m [32m INFO[0m [1mcosmic-panel[0m[2m:[0m [2mcosmic_session::notifications[0m[2m:[0m \x1b[2m1970-01-01T00:00:44.034241Z\x1b[0m \x1b[32m INFO\x1b[0m \x1b[1mstdout\x1b[0m\x1b[1m{\x1b[0m\x1b[3mclient\x1b[0m\x1b[2m=\x1b[0mInnerClientId { ptr: 0x92b2ad90, alive: true }\x1b[1m}\x1b[0m\x1b[2m:\x1b[0m com.system76.CosmicAppletTiling:                     instance: "com.system76.CosmicAppletTiling",
[2m1970-01-01T00:00:44.249999Z[0m [32m INFO[0m [1mcosmic-panel[0m[2m:[0m [2mcosmic_session::notifications[0m[2m:[0m \x1b[2m1970-01-01T00:00:44.034432Z\x1b[0m \x1b[32m INFO\x1b[0m \x1b[1mstdout\x1b[0m\x1b[1m{\x1b[0m\x1b[3mclient\x1b[0m\x1b[2m=\x1b[0mInnerClientId { ptr: 0x92b2ad90, alive: true }\x1b[1m}\x1b[0m\x1b[2m:\x1b[0m com.system76.CosmicAppletTiling:                 },
[2m1970-01-01T00:00:44.249999Z[0m [32m INFO[0m [1mcosmic-panel[0m[2m:[0m [2mcosmic_session::notifications[0m[2m:[0m \x1b[2m1970-01-01T00:00:44.249999Z\x1b[0m \x1b[32m INFO\x1b[0m \x1b[1mstdout\x1b[0m\x1b[1m{\x1b[0m\x1b[3mclient\x1b[0m\x1b[2m=\x1b[0mInnerClientId { ptr: 0x92b2ad90, alive: true }\x1b[1m}\x1b[0m\x1b[2m:\x1b[0m com.system76.CosmicAppletTiling:             ),
[2m1970-01-01T00:00:44.249999Z[0m [32m INFO[0m [1mcosmic-panel[0m[2m:[0m [2mcosmic_session::notifications[0m[2m:[0m \x1b[2m1970-01-01T00:00:44.249999Z\x1b[0m \x1b[32m INFO\x1b[0m \x1b[1mstdout\x1b[0m\x1b[1m{\x1b[0m\x1b[3mclient\x1b[0m\x1b[2m=\x1b[0mInnerClientId { ptr: 0x92b2ad90, alive: true }\x1b[1m}\x1b[0m\x1b[2m:\x1b[0m com.system76.CosmicAppletTiling:             activation_token: None,
[2m1970-01-01T00:00:44.249999Z[0m [32m INFO[0m [1mcosmic-panel[0m[2m:[0m [2mcosmic_session::notifications[0m[2m:[0m \x1b[2m1970-01-01T00:00:44.249999Z\x1b[0m \x1b[32m INFO\x1b[0m \x1b[1mstdout\x1b[0m\x1b[1m{\x1b[0m\x1b[3mclient\x1b[0m\x1b[2m=\x1b[0mInnerClientId { ptr: 0x92b2ad90, alive: true }\x1b[1m}\x1b[0m\x1b[2m:\x1b[0m com.system76.CosmicAppletTiling:             prefer_csd: false,
[2m1970-01-01T00:00:44.249999Z[0m [32m INFO[0m [1mcosmic-panel[0m[2m:[0m [2mcosmic_session::notifications[0m[2m:[0m \x1b[2m1970-01-01T00:00:44.249999Z\x1b[0m \x1b[32m INFO\x1b[0m \x1b[1mstdout\x1b[0m\x1b[1m{\x1b[0m\x1b[3mclient\x1b[0m\x1b[2m=\x1b[0mInnerClientId { ptr: 0x92b2ad90, alive: true }\x1b[1m}\x1b[0m\x1b[2m:\x1b[0m com.system76.CosmicAppletTiling:         },
[2m1970-01-01T00:00:44.249999Z[0m [32m INFO[0m [1mcosmic-panel[0m[2m:[0m [2mcosmic_session::notifications[0m[2m:[0m \x1b[2m1970-01-01T00:00:44.249999Z\x1b[0m \x1b[32m INFO\x1b[0m \x1b[1mstdout\x1b[0m\x1b[1m{\x1b[0m\x1b[3mclient\x1b[0m\x1b[2m=\x1b[0mInnerClientId { ptr: 0x92b2ad90, alive: true }\x1b[1m}\x1b[0m\x1b[2m:\x1b[0m com.system76.CosmicAppletTiling:     ),
[2m1970-01-01T00:00:44.249999Z[0m [32m INFO[0m [1mcosmic-panel[0m[2m:[0m [2mcosmic_session::notifications[0m[2m:[0m \x1b[2m1970-01-01T00:00:44.249999Z\x1b[0m \x1b[32m INFO\x1b[0m \x1b[1mstdout\x1b[0m\x1b[1m{\x1b[0m\x1b[3mclient\x1b[0m\x1b[2m=\x1b[0mInnerClientId { ptr: 0x92b2ad90, alive: true }\x1b[1m}\x1b[0m\x1b[2m:\x1b[0m com.system76.CosmicAppletTiling: }
[2m1970-01-01T00:00:44.249999Z[0m [32m INFO[0m [1mcosmic-panel[0m[2m:[0m [2mcosmic_session::notifications[0m[2m:[0m \x1b[2m1970-01-01T00:00:44.249999Z\x1b[0m \x1b[32m INFO\x1b[0m \x1b[1mstdout\x1b[0m\x1b[1m{\x1b[0m\x1b[3mclient\x1b[0m\x1b[2m=\x1b[0mInnerClientId { ptr: 0x92b2ad90, alive: true }\x1b[1m}\x1b[0m\x1b[2m:\x1b[0m com.system76.CosmicAppletTiling: \x1b[2m1970-01-01T00:00:43.990327Z\x1b[0m \x1b[33m WARN\x1b[0m \x1b[2mwinit_wayland::window::state\x1b[0m\x1b[2m:\x1b[0m `xdg_toplevel_icon_manager_v1` is not supported
[2m1970-01-01T00:00:44.249999Z[0m [32m INFO[0m [1mcosmic-panel[0m[2m:[0m [2mcosmic_session::notifications[0m[2m:[0m \x1b[2m1970-01-01T00:00:44.249999Z\x1b[0m \x1b[31mERROR\x1b[0m \x1b[1mstderr\x1b[0m\x1b[1m{\x1b[0m\x1b[3mclient\x1b[0m\x1b[2m=\x1b[0mInnerClientId { ptr: 0x93f27560, alive: true }\x1b[1m}\x1b[0m\x1b[2m:\x1b[0m com.system76.CosmicPanelAppButton: xkbcommon: ERROR: couldn't find a Compose file for locale "C" (mapped to "C")
[2m1970-01-01T00:00:44.249999Z[0m [32m INFO[0m [1mcosmic-panel[0m[2m:[0m [2mcosmic_session::notifications[0m[2m:[0m \x1b[2m1970-01-01T00:00:44.249999Z\x1b[0m \x1b[31mERROR\x1b[0m \x1b[1mstderr\x1b[0m\x1b[1m{\x1b[0m\x1b[3mclient\x1b[0m\x1b[2m=\x1b[0mInnerClientId { ptr: 0x93f27560, alive: true }\x1b[1m}\x1b[0m\x1b[2m:\x1b[0m com.system76.CosmicPanelAppButton: xkbcommon: ERROR: couldn't find a Compose file for locale "C" (mapped to "C")
[2m1970-01-01T00:00:44.249999Z[0m [32m INFO[0m [1mcosmic-panel[0m[2m:[0m [2mcosmic_session::notifications[0m[2m:[0m \x1b[2m1970-01-01T00:00:44.249999Z\x1b[0m \x1b[31mERROR\x1b[0m \x1b[1mstderr\x1b[0m\x1b[1m{\x1b[0m\x1b[3mclient\x1b[0m\x1b[2m=\x1b[0mInnerClientId { ptr: 0x93f271a0, alive: false }\x1b[1m}\x1b[0m\x1b[2m:\x1b[0m com.system76.CosmicPanelLauncherButton: xkbcommon: ERROR: couldn't find a Compose file for locale "C" (mapped to "C")
[2m1970-01-01T00:00:44.249999Z[0m [32m INFO[0m [1mcosmic-panel[0m[2m:[0m [2mcosmic_session::notifications[0m[2m:[0m \x1b[2m1970-01-01T00:00:44.249999Z\x1b[0m \x1b[31mERROR\x1b[0m \x1b[1mstderr\x1b[0m\x1b[1m{\x1b[0m\x1b[3mclient\x1b[0m\x1b[2m=\x1b[0mInnerClientId { ptr: 0x93f271a0, alive: false }\x1b[1m}\x1b[0m\x1b[2m:\x1b[0m com.system76.CosmicPanelLauncherButton: xkbcommon: ERROR: couldn't find a Compose file for locale "C" (mapped to "C")
[2m1970-01-01T00:00:44.249999Z[0m [32m INFO[0m [1mcosmic-panel[0m[2m:[0m [2mcosmic_session::notifications[0m[2m:[0m \x1b[2m1970-01-01T00:00:44.249999Z\x1b[0m \x1b[32m INFO\x1b[0m \x1b[1mstdout\x1b[0m\x1b[1m{\x1b[0m\x1b[3mclient\x1b[0m\x1b[2m=\x1b[0mInnerClientId { ptr: 0x97987110, alive: true }\x1b[1m}\x1b[0m\x1b[2m:\x1b[0m com.system76.CosmicAppletMinimize: \x1b[2m1970-01-01T00:00:44.125733Z\x1b[0m \x1b[32m INFO\x1b[0m \x1b[2miced_winit\x1b[0m\x1b[2m:\x1b[0m System theme: None
[2m1970-01-01T00:00:44.249999Z[0m [32m INFO[0m [1mcosmic-panel[0m[2m:[0m [2mcosmic_session::notifications[0m[2m:[0m \x1b[2m1970-01-01T00:00:44.249999Z\x1b[0m \x1b[32m INFO\x1b[0m \x1b[1mstdout\x1b[0m\x1b[1m{\x1b[0m\x1b[3mclient\x1b[0m\x1b[2m=\x1b[0mInnerClientId { ptr: 0x97987110, alive: true }\x1b[1m}\x1b[0m\x1b[2m:\x1b[0m com.system76.CosmicAppletMinimize: \x1b[2m1970-01-01T00:00:44.128548Z\x1b[0m \x1b[32m INFO\x1b[0m \x1b[2miced_winit\x1b[0m\x1b[2m:\x1b[0m Window attributes for id `Id(
[2m1970-01-01T00:00:44.249999Z[0m [32m INFO[0m [1mcosmic-panel[0m[2m:[0m [2mcosmic_session::notifications[0m[2m:[0m \x1b[2m1970-01-01T00:00:44.249999Z\x1b[0m \x1b[32m INFO\x1b[0m \x1b[1mstdout\x1b[0m\x1b[1m{\x1b[0m\x1b[3mclient\x1b[0m\x1b[2m=\x1b[0mInnerClientId { ptr: 0x97987110, alive: true }\x1b[1m}\x1b[0m\x1b[2m:\x1b[0m com.system76.CosmicAppletMinimize:     1,
[2m1970-01-01T00:00:44.249999Z[0m [32m INFO[0m [1mcosmic-panel[0m[2m:[0m [2mcosmic_session::notifications[0m[2m:[0m \x1b[2m1970-01-01T00:00:44.249999Z\x1b[0m \x1b[32m INFO\x1b[0m \x1b[1mstdout\x1b[0m\x1b[1m{\x1b[0m\x1b[3mclient\x1b[0m\x1b[2m=\x1b[0mInnerClientId { ptr: 0x97987110, alive: true }\x1b[1m}\x1b[0m\x1b[2m:\x1b[0m com.system76.CosmicAppletMinimize: )`: WindowAttributes {
[2m1970-01-01T00:00:44.249999Z[0m [32m INFO[0m [1mcosmic-panel[0m[2m:[0m [2mcosmic_session::notifications[0m[2m:[0m \x1b[2m1970-01-01T00:00:44.249999Z\x1b[0m \x1b[32m INFO\x1b[0m \x1b[1mstdout\x1b[0m\x1b[1m{\x1b[0m\x1b[3mclient\x1b[0m\x1b[2m=\x1b[0mInnerClientId { ptr: 0x97987110, alive: true }\x1b[1m}\x1b[0m\x1b[2m:\x1b[0m com.system76.CosmicAppletMinimize:     surface_size: Some(
[2m1970-01-01T00:00:44.249999Z[0m [32m INFO[0m [1mcosmic-panel[0m[2m:[0m [2mcosmic_session::notifications[0m[2m:[0m \x1b[2m1970-01-01T00:00:44.249999Z\x1b[0m \x1b[32m INFO\x1b[0m \x1b[1mstdout\x1b[0m\x1b[1m{\x1b[0m\x1b[3mclient\x1b[0m\x1b[2m=\x1b[0mInnerClientId { ptr: 0x97987110, alive: true }\x1b[1m}\x1b[0m\x1b[2m:\x1b[0m com.system76.CosmicAppletMinimize:         Logical(
[2m1970-01-01T00:00:44.249999Z[0m [32m INFO[0m [1mcosmic-panel[0m[2m:[0m [2mcosmic_session::notifications[0m[2m:[0m \x1b[2m1970-01-01T00:00:44.249999Z\x1b[0m \x1b[32m INFO\x1b[0m \x1b[1mstdout\x1b[0m\x1b[1m{\x1b[0m\x1b[3mclient\x1b[0m\x1b[2m=\x1b[0mInnerClientId { ptr: 0x97987110, alive: true }\x1b[1m}\x1b[0m\x1b[2m:\x1b[0m com.system76.CosmicAppletMinimize:             LogicalSize {
[2m1970-01-01T00:00:44.249999Z[0m [32m INFO[0m [1mcosmic-panel[0m[2m:[0m [2mcosmic_session::notifications[0m[2m:[0m \x1b[2m1970-01-01T00:00:44.249999Z\x1b[0m \x1b[32m INFO\x1b[0m \x1b[1mstdout\x1b[0m\x1b[1m{\x1b[0m\x1b[3mclient\x1b[0m\x1b[2m=\x1b[0mInnerClientId { ptr: 0x97987110, alive: true }\x1b[1m}\x1b[0m\x1b[2m:\x1b[0m com.system76.CosmicAppletMinimize:                 width: 72.0,
[2m1970-01-01T00:00:44.249999Z[0m [32m INFO[0m [1mcosmic-panel[0m[2m:[0m [2mcosmic_session::notifications[0m[2m:[0m \x1b[2m1970-01-01T00:00:44.249999Z\x1b[0m \x1b[32m INFO\x1b[0m \x1b[1mstdout\x1b[0m\x1b[1m{\x1b[0m\x1b[3mclient\x1b[0m\x1b[2m=\x1b[0mInnerClientId { ptr: 0x97987110, alive: true }\x1b[1m}\x1b[0m\x1b[2m:\x1b[0m com.system76.CosmicAppletMinimize:                 height: 64.0,
[2m1970-01-01T00:00:44.249999Z[0m [32m INFO[0m [1mcosmic-panel[0m[2m:[0m [2mcosmic_session::notifications[0m[2m:[0m \x1b[2m1970-01-01T00:00:44.249999Z\x1b[0m \x1b[32m INFO\x1b[0m \x1b[1mstdout\x1b[0m\x1b[1m{\x1b[0m\x1b[3mclient\x1b[0m\x1b[2m=\x1b[0mInnerClientId { ptr: 0x97987110, alive: true }\x1b[1m}\x1b[0m\x1b[2m:\x1b[0m com.system76.CosmicAppletMinimize:             },
[2m1970-01-01T00:00:44.249999Z[0m [32m INFO[0m [1mcosmic-panel[0m[2m:[0m [2mcosmic_session::notifications[0m[2m:[0m \x1b[2m1970-01-01T00:00:44.249999Z\x1b[0m \x1b[32m INFO\x1b[0m \x1b[1mstdout\x1b[0m\x1b[1m{\x1b[0m\x1b[3mclient\x1b[0m\x1b[2m=\x1b[0mInnerClientId { ptr: 0x97987110, alive: true }\x1b[1m}\x1b[0m\x1b[2m:\x1b[0m com.system76.CosmicAppletMinimize:         ),
[2m1970-01-01T00:00:44.249999Z[0m [32m INFO[0m [1mcosmic-panel[0m[2m:[0m [2mcosmic_session::notifications[0m[2m:[0m \x1b[2m1970-01-01T00:00:44.249999Z\x1b[0m \x1b[32m INFO\x1b[0m \x1b[1mstdout\x1b[0m\x1b[1m{\x1b[0m\x1b[3mclient\x1b[0m\x1b[2m=\x1b[0mInnerClientId { ptr: 0x97987110, alive: true }\x1b[1m}\x1b[0m\x1b[2m:\x1b[0m com.system76.CosmicAppletMinimize:     ),
[2m1970-01-01T00:00:44.249999Z[0m [32m INFO[0m [1mcosmic-panel[0m[2m:[0m [2mcosmic_session::notifications[0m[2m:[0m \x1b[2m1970-01-01T00:00:44.249999Z\x1b[0m \x1b[32m INFO\x1b[0m \x1b[1mstdout\x1b[0m\x1b[1m{\x1b[0m\x1b[3mclient\x1b[0m\x1b[2m=\x1b[0mInnerClientId { ptr: 0x97987110, alive: true }\x1b[1m}\x1b[0m\x1b[2m:\x1b[0m com.system76.CosmicAppletMinimize:     min_surface_size: Some(
[2m1970-01-01T00:00:44.249999Z[0m [32m INFO[0m [1mcosmic-panel[0m[2m:[0m [2mcosmic_session::notifications[0m[2m:[0m \x1b[2m1970-01-01T00:00:44.249999Z\x1b[0m \x1b[32m INFO\x1b[0m \x1b[1mstdout\x1b[0m\x1b[1m{\x1b[0m\x1b[3mclient\x1b[0m\x1b[2m=\x1b[0mInnerClientId { ptr: 0x97987110, alive: true }\x1b[1m}\x1b[0m\x1b[2m:\x1b[0m com.system76.CosmicAppletMinimize:         Logical(
[2m1970-01-01T00:00:44.249999Z[0m [32m INFO[0m [1mcosmic-panel[0m[2m:[0m [2mcosmic_session::notifications[0m[2m:[0m \x1b[2m1970-01-01T00:00:44.249999Z\x1b[0m \x1b[32m INFO\x1b[0m \x1b[1mstdout\x1b[0m\x1b[1m{\x1b[0m\x1b[3mclient\x1b[0m\x1b[2m=\x1b[0mInnerClientId { ptr: 0x97987110, alive: true }\x1b[1m}\x1b[0m\x1b[2m:\x1b[0m com.system76.CosmicAppletMinimize:             LogicalSize {
[2m1970-01-01T00:00:44.249999Z[0m [32m INFO[0m [1mcosmic-panel[0m[2m:[0m [2mcosmic_session::notifications[0m[2m:[0m \x1b[2m1970-01-01T00:00:44.249999Z\x1b[0m \x1b[32m INFO\x1b[0m \x1b[1mstdout\x1b[0m\x1b[1m{\x1b[0m\x1b[3mclient\x1b[0m\x1b[2m=\x1b[0mInnerClientId { ptr: 0x97987110, alive: true }\x1b[1m}\x1b[0m\x1b[2m:\x1b[0m com.system76.CosmicAppletMinimize:                 width: 72.0,
[2m1970-01-01T00:00:44.249999Z[0m [32m INFO[0m [1mcosmic-panel[0m[2m:[0m [2mcosmic_session::notifications[0m[2m:[0m \x1b[2m1970-01-01T00:00:44.249999Z\x1b[0m \x1b[32m INFO\x1b[0m \x1b[1mstdout\x1b[0m\x1b[1m{\x1b[0m\x1b[3mclient\x1b[0m\x1b[2m=\x1b[0mInnerClientId { ptr: 0x97987110, alive: true }\x1b[1m}\x1b[0m\x1b[2m:\x1b[0m com.system76.CosmicAppletMinimize:                 height: 64.0,
[2m1970-01-01T00:00:44.249999Z[0m [32m INFO[0m [1mcosmic-panel[0m[2m:[0m [2mcosmic_session::notifications[0m[2m:[0m \x1b[2m1970-01-01T00:00:44.249999Z\x1b[0m \x1b[32m INFO\x1b[0m \x1b[1mstdout\x1b[0m\x1b[1m{\x1b[0m\x1b[3mclient\x1b[0m\x1b[2m=\x1b[0mInnerClientId { ptr: 0x97987110, alive: true }\x1b[1m}\x1b[0m\x1b[2m:\x1b[0m com.system76.CosmicAppletMinimize:             },
[2m1970-01-01T00:00:44.249999Z[0m [32m INFO[0m [1mcosmic-panel[0m[2m:[0m [2mcosmic_session::notifications[0m[2m:[0m \x1b[2m1970-01-01T00:00:44.249999Z\x1b[0m \x1b[32m INFO\x1b[0m \x1b[1mstdout\x1b[0m\x1b[1m{\x1b[0m\x1b[3mclient\x1b[0m\x1b[2m=\x1b[0mInnerClientId { ptr: 0x97987110, alive: true }\x1b[1m}\x1b[0m\x1b[2m:\x1b[0m com.system76.CosmicAppletMinimize:         ),
[2m1970-01-01T00:00:44.249999Z[0m [32m INFO[0m [1mcosmic-panel[0m[2m:[0m [2mcosmic_session::notifications[0m[2m:[0m \x1b[2m1970-01-01T00:00:44.249999Z\x1b[0m \x1b[32m INFO\x1b[0m \x1b[1mstdout\x1b[0m\x1b[1m{\x1b[0m\x1b[3mclient\x1b[0m\x1b[2m=\x1b[0mInnerClientId { ptr: 0x97987110, alive: true }\x1b[1m}\x1b[0m\x1b[2m:\x1b[0m com.system76.CosmicAppletMinimize:     ),
[2m1970-01-01T00:00:44.249999Z[0m [32m INFO[0m [1mcosmic-panel[0m[2m:[0m [2mcosmic_session::notifications[0m[2m:[0m \x1b[2m1970-01-01T00:00:44.249999Z\x1b[0m \x1b[32m INFO\x1b[0m \x1b[1mstdout\x1b[0m\x1b[1m{\x1b[0m\x1b[3mclient\x1b[0m\x1b[2m=\x1b[0mInnerClientId { ptr: 0x97987110, alive: true }\x1b[1m}\x1b[0m\x1b[2m:\x1b[0m com.system76.CosmicAppletMinimize:     max_surface_size: None,
[2m1970-01-01T00:00:44.249999Z[0m [32m INFO[0m [1mcosmic-panel[0m[2m:[0m [2mcosmic_session::notifications[0m[2m:[0m \x1b[2m1970-01-01T00:00:44.249999Z\x1b[0m \x1b[32m INFO\x1b[0m \x1b[1mstdout\x1b[0m\x1b[1m{\x1b[0m\x1b[3mclient\x1b[0m\x1b[2m=\x1b[0mInnerClientId { ptr: 0x97987110, alive: true }\x1b[1m}\x1b[0m\x1b[2m:\x1b[0m com.system76.CosmicAppletMinimize:     surface_resize_increments: None,
[2m1970-01-01T00:00:44.249999Z[0m [32m INFO[0m [1mcosmic-panel[0m[2m:[0m [2mcosmic_session::notifications[0m[2m:[0m \x1b[2m1970-01-01T00:00:44.249999Z\x1b[0m \x1b[32m INFO\x1b[0m \x1b[1mstdout\x1b[0m\x1b[1m{\x1b[0m\x1b[3mclient\x1b[0m\x1b[2m=\x1b[0mInnerClientId { ptr: 0x97987110, alive: true }\x1b[1m}\x1b[0m\x1b[2m:\x1b[0m com.system76.CosmicAppletMinimize:     position: None,
[2m1970-01-01T00:00:44.249999Z[0m [32m INFO[0m [1mcosmic-panel[0m[2m:[0m [2mcosmic_session::notifications[0m[2m:[0m \x1b[2m1970-01-01T00:00:44.249999Z\x1b[0m \x1b[32m INFO\x1b[0m \x1b[1mstdout\x1b[0m\x1b[1m{\x1b[0m\x1b[3mclient\x1b[0m\x1b[2m=\x1b[0mInnerClientId { ptr: 0x97987110, alive: true }\x1b[1m}\x1b[0m\x1b[2m:\x1b[0m com.system76.CosmicAppletMinimize:     resizable: false,
[2m1970-01-01T00:00:44.249999Z[0m [32m INFO[0m [1mcosmic-panel[0m[2m:[0m [2mcosmic_session::notifications[0m[2m:[0m \x1b[2m1970-01-01T00:00:44.249999Z\x1b[0m \x1b[32m INFO\x1b[0m \x1b[1mstdout\x1b[0m\x1b[1m{\x1b[0m\x1b[3mclient\x1b[0m\x1b[2m=\x1b[0mInnerClientId { ptr: 0x97987110, alive: true }\x1b[1m}\x1b[0m\x1b[2m:\x1b[0m com.system76.CosmicAppletMinimize:     enabled_buttons: WindowButtons(
[2m1970-01-01T00:00:44.249999Z[0m [32m INFO[0m [1mcosmic-panel[0m[2m:[0m [2mcosmic_session::notifications[0m[2m:[0m \x1b[2m1970-01-01T00:00:44.249999Z\x1b[0m \x1b[32m INFO\x1b[0m \x1b[1mstdout\x1b[0m\x1b[1m{\x1b[0m\x1b[3mclient\x1b[0m\x1b[2m=\x1b[0mInnerClientId { ptr: 0x97987110, alive: true }\x1b[1m}\x1b[0m\x1b[2m:\x1b[0m com.system76.CosmicAppletMinimize:         CLOSE | MINIMIZE,
[2m1970-01-01T00:00:44.249999Z[0m [32m INFO[0m [1mcosmic-panel[0m[2m:[0m [2mcosmic_session::notifications[0m[2m:[0m \x1b[2m1970-01-01T00:00:44.249999Z\x1b[0m \x1b[32m INFO\x1b[0m \x1b[1mstdout\x1b[0m\x1b[1m{\x1b[0m\x1b[3mclient\x1b[0m\x1b[2m=\x1b[0mInnerClientId { ptr: 0x97987110, alive: true }\x1b[1m}\x1b[0m\x1b[2m:\x1b[0m com.system76.CosmicAppletMinimize:     ),
[2m1970-01-01T00:00:44.249999Z[0m [32m INFO[0m [1mcosmic-panel[0m[2m:[0m [2mcosmic_session::notifications[0m[2m:[0m \x1b[2m1970-01-01T00:00:44.249999Z\x1b[0m \x1b[32m INFO\x1b[0m \x1b[1mstdout\x1b[0m\x1b[1m{\x1b[0m\x1b[3mclient\x1b[0m\x1b[2m=\x1b[0mInnerClientId { ptr: 0x97987110, alive: true }\x1b[1m}\x1b[0m\x1b[2m:\x1b[0m com.system76.CosmicAppletMinimize:     title: "Cosmic - Iced",
[2m1970-01-01T00:00:44.249999Z[0m [32m INFO[0m [1mcosmic-panel[0m[2m:[0m [2mcosmic_session::notifications[0m[2m:[0m \x1b[2m1970-01-01T00:00:44.249999Z\x1b[0m \x1b[32m INFO\x1b[0m \x1b[1mstdout\x1b[0m\x1b[1m{\x1b[0m\x1b[3mclient\x1b[0m\x1b[2m=\x1b[0mInnerClientId { ptr: 0x97987110, alive: true }\x1b[1m}\x1b[0m\x1b[2m:\x1b[0m com.system76.CosmicAppletMinimize:     maximized: false,
[2m1970-01-01T00:00:44.249999Z[0m [32m INFO[0m [1mcosmic-panel[0m[2m:[0m [2mcosmic_session::notifications[0m[2m:[0m \x1b[2m1970-01-01T00:00:44.249999Z\x1b[0m \x1b[32m INFO\x1b[0m \x1b[1mstdout\x1b[0m\x1b[1m{\x1b[0m\x1b[3mclient\x1b[0m\x1b[2m=\x1b[0mInnerClientId { ptr: 0x97987110, alive: true }\x1b[1m}\x1b[0m\x1b[2m:\x1b[0m com.system76.CosmicAppletMinimize:     visible: false,
[2m1970-01-01T00:00:44.249999Z[0m [32m INFO[0m [1mcosmic-panel[0m[2m:[0m [2mcosmic_session::notifications[0m[2m:[0m \x1b[2m1970-01-01T00:00:44.249999Z\x1b[0m \x1b[32m INFO\x1b[0m \x1b[1mstdout\x1b[0m\x1b[1m{\x1b[0m\x1b[3mclient\x1b[0m\x1b[2m=\x1b[0mInnerClientId { ptr: 0x97987110, alive: true }\x1b[1m}\x1b[0m\x1b[2m:\x1b[0m com.system76.CosmicAppletMinimize:     transparent: true,
[2m1970-01-01T00:00:44.249999Z[0m [32m INFO[0m [1mcosmic-panel[0m[2m:[0m [2mcosmic_session::notifications[0m[2m:[0m \x1b[2m1970-01-01T00:00:44.249999Z\x1b[0m \x1b[32m INFO\x1b[0m \x1b[1mstdout\x1b[0m\x1b[1m{\x1b[0m\x1b[3mclient\x1b[0m\x1b[2m=\x1b[0mInnerClientId { ptr: 0x97987110, alive: true }\x1b[1m}\x1b[0m\x1b[2m:\x1b[0m com.system76.CosmicAppletMinimize:     blur: false,
[2m1970-01-01T00:00:44.249999Z[0m [32m INFO[0m [1mcosmic-panel[0m[2m:[0m [2mcosmic_session::notifications[0m[2m:[0m \x1b[2m1970-01-01T00:00:44.249999Z\x1b[0m \x1b[32m INFO\x1b[0m \x1b[1mstdout\x1b[0m\x1b[1m{\x1b[0m\x1b[3mclient\x1b[0m\x1b[2m=\x1b[0mInnerClientId { ptr: 0x97987110, alive: true }\x1b[1m}\x1b[0m\x1b[2m:\x1b[0m com.system76.CosmicAppletMinimize:     decorations: false,
[2m1970-01-01T00:00:44.249999Z[0m [32m INFO[0m [1mcosmic-panel[0m[2m:[0m [2mcosmic_session::notifications[0m[2m:[0m \x1b[2m1970-01-01T00:00:44.249999Z\x1b[0m \x1b[32m INFO\x1b[0m \x1b[1mstdout\x1b[0m\x1b[1m{\x1b[0m\x1b[3mclient\x1b[0m\x1b[2m=\x1b[0mInnerClientId { ptr: 0x97987110, alive: true }\x1b[1m}\x1b[0m\x1b[2m:\x1b[0m com.system76.CosmicAppletMinimize:     window_icon: None,
[2m1970-01-01T00:00:44.249999Z[0m [32m INFO[0m [1mcosmic-panel[0m[2m:[0m [2mcosmic_session::notifications[0m[2m:[0m \x1b[2m1970-01-01T00:00:44.249999Z\x1b[0m \x1b[32m INFO\x1b[0m \x1b[1mstdout\x1b[0m\x1b[1m{\x1b[0m\x1b[3mclient\x1b[0m\x1b[2m=\x1b[0mInnerClientId { ptr: 0x97987110, alive: true }\x1b[1m}\x1b[0m\x1b[2m:\x1b[0m com.system76.CosmicAppletMinimize:     preferred_theme: None,
[2m1970-01-01T00:00:44.249999Z[0m [32m INFO[0m [1mcosmic-panel[0m[2m:[0m [2mcosmic_session::notifications[0m[2m:[0m \x1b[2m1970-01-01T00:00:44.249999Z\x1b[0m \x1b[32m INFO\x1b[0m \x1b[1mstdout\x1b[0m\x1b[1m{\x1b[0m\x1b[3mclient\x1b[0m\x1b[2m=\x1b[0mInnerClientId { ptr: 0x97987110, alive: true }\x1b[1m}\x1b[0m\x1b[2m:\x1b[0m com.system76.CosmicAppletMinimize:     content_protected: false,
[2m1970-01-01T00:00:44.249999Z[0m [32m INFO[0m [1mcosmic-panel[0m[2m:[0m [2mcosmic_session::notifications[0m[2m:[0m \x1b[2m1970-01-01T00:00:44.249999Z\x1b[0m \x1b[32m INFO\x1b[0m \x1b[1mstdout\x1b[0m\x1b[1m{\x1b[0m\x1b[3mclient\x1b[0m\x1b[2m=\x1b[0mInnerClientId { ptr: 0x97987110, alive: true }\x1b[1m}\x1b[0m\x1b[2m:\x1b[0m com.system76.CosmicAppletMinimize:     window_level: Normal,
[2m1970-01-01T00:00:44.249999Z[0m [32m INFO[0m [1mcosmic-panel[0m[2m:[0m [2mcosmic_session::notifications[0m[2m:[0m \x1b[2m1970-01-01T00:00:44.249999Z\x1b[0m \x1b[32m INFO\x1b[0m \x1b[1mstdout\x1b[0m\x1b[1m{\x1b[0m\x1b[3mclient\x1b[0m\x1b[2m=\x1b[0mInnerClientId { ptr: 0x97987110, alive: true }\x1b[1m}\x1b[0m\x1b[2m:\x1b[0m com.system76.CosmicAppletMinimize:     active: true,
[2m1970-01-01T00:00:44.249999Z[0m [32m INFO[0m [1mcosmic-panel[0m[2m:[0m [2mcosmic_session::notifications[0m[2m:[0m \x1b[2m1970-01-01T00:00:44.249999Z\x1b[0m \x1b[32m INFO\x1b[0m \x1b[1mstdout\x1b[0m\x1b[1m{\x1b[0m\x1b[3mclient\x1b[0m\x1b[2m=\x1b[0mInnerClientId { ptr: 0x97987110, alive: true }\x1b[1m}\x1b[0m\x1b[2m:\x1b[0m com.system76.CosmicAppletMinimize:     cursor: Icon(
[2m1970-01-01T00:00:44.249999Z[0m [32m INFO[0m [1mcosmic-panel[0m[2m:[0m [2mcosmic_session::notifications[0m[2m:[0m \x1b[2m1970-01-01T00:00:44.249999Z\x1b[0m \x1b[32m INFO\x1b[0m \x1b[1mstdout\x1b[0m\x1b[1m{\x1b[0m\x1b[3mclient\x1b[0m\x1b[2m=\x1b[0mInnerClientId { ptr: 0x97987110, alive: true }\x1b[1m}\x1b[0m\x1b[2m:\x1b[0m com.system76.CosmicAppletMinimize:         Default,
[2m1970-01-01T00:00:44.249999Z[0m [32m INFO[0m [1mcosmic-panel[0m[2m:[0m [2mcosmic_session::notifications[0m[2m:[0m \x1b[2m1970-01-01T00:00:44.249999Z\x1b[0m \x1b[32m INFO\x1b[0m \x1b[1mstdout\x1b[0m\x1b[1m{\x1b[0m\x1b[3mclient\x1b[0m\x1b[2m=\x1b[0mInnerClientId { ptr: 0x97987110, alive: true }\x1b[1m}\x1b[0m\x1b[2m:\x1b[0m com.system76.CosmicAppletMinimize:     ),
[2m1970-01-01T00:00:44.249999Z[0m [32m INFO[0m [1mcosmic-panel[0m[2m:[0m [2mcosmic_session::notifications[0m[2m:[0m \x1b[2m1970-01-01T00:00:44.249999Z\x1b[0m \x1b[32m INFO\x1b[0m \x1b[1mstdout\x1b[0m\x1b[1m{\x1b[0m\x1b[3mclient\x1b[0m\x1b[2m=\x1b[0mInnerClientId { ptr: 0x97987110, alive: true }\x1b[1m}\x1b[0m\x1b[2m:\x1b[0m com.system76.CosmicAppletMinimize:     parent_window: None,
[2m1970-01-01T00:00:44.249999Z[0m [32m INFO[0m [1mcosmic-panel[0m[2m:[0m [2mcosmic_session::notifications[0m[2m:[0m \x1b[2m1970-01-01T00:00:44.249999Z\x1b[0m \x1b[32m INFO\x1b[0m \x1b[1mstdout\x1b[0m\x1b[1m{\x1b[0m\x1b[3mclient\x1b[0m\x1b[2m=\x1b[0mInnerClientId { ptr: 0x97987110, alive: true }\x1b[1m}\x1b[0m\x1b[2m:\x1b[0m com.system76.CosmicAppletMinimize:     fullscreen: None,
[2m1970-01-01T00:00:44.249999Z[0m [32m INFO[0m [1mcosmic-panel[0m[2m:[0m [2mcosmic_session::notifications[0m[2m:[0m \x1b[2m1970-01-01T00:00:44.249999Z\x1b[0m \x1b[32m INFO\x1b[0m \x1b[1mstdout\x1b[0m\x1b[1m{\x1b[0m\x1b[3mclient\x1b[0m\x1b[2m=\x1b[0mInnerClientId { ptr: 0x97987110, alive: true }\x1b[1m}\x1b[0m\x1b[2m:\x1b[0m com.system76.CosmicAppletMinimize:     platform: Some(
[2m1970-01-01T00:00:44.249999Z[0m [32m INFO[0m [1mcosmic-panel[0m[2m:[0m [2mcosmic_session::notifications[0m[2m:[0m \x1b[2m1970-01-01T00:00:44.249999Z\x1b[0m \x1b[32m INFO\x1b[0m \x1b[1mstdout\x1b[0m\x1b[1m{\x1b[0m\x1b[3mclient\x1b[0m\x1b[2m=\x1b[0mInnerClientId { ptr: 0x97987110, alive: true }\x1b[1m}\x1b[0m\x1b[2m:\x1b[0m com.system76.CosmicAppletMinimize:         WindowAttributesWayland {
[2m1970-01-01T00:00:44.249999Z[0m [32m INFO[0m [1mcosmic-panel[0m[2m:[0m [2mcosmic_session::notifications[0m[2m:[0m \x1b[2m1970-01-01T00:00:44.249999Z\x1b[0m \x1b[32m INFO\x1b[0m \x1b[1mstdout\x1b[0m\x1b[1m{\x1b[0m\x1b[3mclient\x1b[0m\x1b[2m=\x1b[0mInnerClientId { ptr: 0x97987110, alive: true }\x1b[1m}\x1b[0m\x1b[2m:\x1b[0m com.system76.CosmicAppletMinimize:             name: Some(
[2m1970-01-01T00:00:44.249999Z[0m [32m INFO[0m [1mcosmic-panel[0m[2m:[0m [2mcosmic_session::notifications[0m[2m:[0m \x1b[2m1970-01-01T00:00:44.249999Z\x1b[0m \x1b[32m INFO\x1b[0m \x1b[1mstdout\x1b[0m\x1b[1m{\x1b[0m\x1b[3mclient\x1b[0m\x1b[2m=\x1b[0mInnerClientId { ptr: 0x97987110, alive: true }\x1b[1m}\x1b[0m\x1b[2m:\x1b[0m com.system76.CosmicAppletMinimize:                 ApplicationName {
[2m1970-01-01T00:00:44.249999Z[0m [32m INFO[0m [1mcosmic-panel[0m[2m:[0m [2mcosmic_session::notifications[0m[2m:[0m \x1b[2m1970-01-01T00:00:44.249999Z\x1b[0m \x1b[32m INFO\x1b[0m \x1b[1mstdout\x1b[0m\x1b[1m{\x1b[0m\x1b[3mclient\x1b[0m\x1b[2m=\x1b[0mInnerClientId { ptr: 0x97987110, alive: true }\x1b[1m}\x1b[0m\x1b[2m:\x1b[0m com.system76.CosmicAppletMinimize:                     general: "com.system76.CosmicAppletMinimize",
[2m1970-01-01T00:00:44.249999Z[0m [32m INFO[0m [1mcosmic-panel[0m[2m:[0m [2mcosmic_session::notifications[0m[2m:[0m \x1b[2m1970-01-01T00:00:44.249999Z\x1b[0m \x1b[32m INFO\x1b[0m \x1b[1mstdout\x1b[0m\x1b[1m{\x1b[0m\x1b[3mclient\x1b[0m\x1b[2m=\x1b[0mInnerClientId { ptr: 0x97987110, alive: true }\x1b[1m}\x1b[0m\x1b[2m:\x1b[0m com.system76.CosmicAppletMinimize:                     instance: "com.system76.CosmicAppletMinimize",
[2m1970-01-01T00:00:44.249999Z[0m [32m INFO[0m [1mcosmic-panel[0m[2m:[0m [2mcosmic_session::notifications[0m[2m:[0m \x1b[2m1970-01-01T00:00:44.249999Z\x1b[0m \x1b[32m INFO\x1b[0m \x1b[1mstdout\x1b[0m\x1b[1m{\x1b[0m\x1b[3mclient\x1b[0m\x1b[2m=\x1b[0mInnerClientId { ptr: 0x97987110, alive: true }\x1b[1m}\x1b[0m\x1b[2m:\x1b[0m com.system76.CosmicAppletMinimize:                 },
[2m1970-01-01T00:00:44.249999Z[0m [32m INFO[0m [1mcosmic-panel[0m[2m:[0m [2mcosmic_session::notifications[0m[2m:[0m \x1b[2m1970-01-01T00:00:44.249999Z\x1b[0m \x1b[32m INFO\x1b[0m \x1b[1mstdout\x1b[0m\x1b[1m{\x1b[0m\x1b[3mclient\x1b[0m\x1b[2m=\x1b[0mInnerClientId { ptr: 0x97987110, alive: true }\x1b[1m}\x1b[0m\x1b[2m:\x1b[0m com.system76.CosmicAppletMinimize:             ),
[2m1970-01-01T00:00:44.249999Z[0m [32m INFO[0m [1mcosmic-panel[0m[2m:[0m [2mcosmic_session::notifications[0m[2m:[0m \x1b[2m1970-01-01T00:00:44.249999Z\x1b[0m \x1b[32m INFO\x1b[0m \x1b[1mstdout\x1b[0m\x1b[1m{\x1b[0m\x1b[3mclient\x1b[0m\x1b[2m=\x1b[0mInnerClientId { ptr: 0x97987110, alive: true }\x1b[1m}\x1b[0m\x1b[2m:\x1b[0m com.system76.CosmicAppletMinimize:             activation_token: None,
[2m1970-01-01T00:00:44.249999Z[0m [32m INFO[0m [1mcosmic-panel[0m[2m:[0m [2mcosmic_session::notifications[0m[2m:[0m \x1b[2m1970-01-01T00:00:44.249999Z\x1b[0m \x1b[32m INFO\x1b[0m \x1b[1mstdout\x1b[0m\x1b[1m{\x1b[0m\x1b[3mclient\x1b[0m\x1b[2m=\x1b[0mInnerClientId { ptr: 0x97987110, alive: true }\x1b[1m}\x1b[0m\x1b[2m:\x1b[0m com.system76.CosmicAppletMinimize:             prefer_csd: false,
[2m1970-01-01T00:00:44.249999Z[0m [32m INFO[0m [1mcosmic-panel[0m[2m:[0m [2mcosmic_session::notifications[0m[2m:[0m \x1b[2m1970-01-01T00:00:44.249999Z\x1b[0m \x1b[32m INFO\x1b[0m \x1b[1mstdout\x1b[0m\x1b[1m{\x1b[0m\x1b[3mclient\x1b[0m\x1b[2m=\x1b[0mInnerClientId { ptr: 0x97987110, alive: true }\x1b[1m}\x1b[0m\x1b[2m:\x1b[0m com.system76.CosmicAppletMinimize:         },
[2m1970-01-01T00:00:44.249999Z[0m [32m INFO[0m [1mcosmic-panel[0m[2m:[0m [2mcosmic_session::notifications[0m[2m:[0m \x1b[2m1970-01-01T00:00:44.249999Z\x1b[0m \x1b[32m INFO\x1b[0m \x1b[1mstdout\x1b[0m\x1b[1m{\x1b[0m\x1b[3mclient\x1b[0m\x1b[2m=\x1b[0mInnerClientId { ptr: 0x97987110, alive: true }\x1b[1m}\x1b[0m\x1b[2m:\x1b[0m com.system76.CosmicAppletMinimize:     ),
[2m1970-01-01T00:00:44.249999Z[0m [32m INFO[0m [1mcosmic-panel[0m[2m:[0m [2mcosmic_session::notifications[0m[2m:[0m \x1b[2m1970-01-01T00:00:44.249999Z\x1b[0m \x1b[32m INFO\x1b[0m \x1b[1mstdout\x1b[0m\x1b[1m{\x1b[0m\x1b[3mclient\x1b[0m\x1b[2m=\x1b[0mInnerClientId { ptr: 0x97987110, alive: true }\x1b[1m}\x1b[0m\x1b[2m:\x1b[0m com.system76.CosmicAppletMinimize: }
[2m1970-01-01T00:00:44.249999Z[0m [32m INFO[0m [1mcosmic-panel[0m[2m:[0m [2mcosmic_session::notifications[0m[2m:[0m \x1b[2m1970-01-01T00:00:44.249999Z\x1b[0m \x1b[32m INFO\x1b[0m \x1b[1mstdout\x1b[0m\x1b[1m{\x1b[0m\x1b[3mclient\x1b[0m\x1b[2m=\x1b[0mInnerClientId { ptr: 0x97987110, alive: true }\x1b[1m}\x1b[0m\x1b[2m:\x1b[0m com.system76.CosmicAppletMinimize: \x1b[2m1970-01-01T00:00:44.157531Z\x1b[0m \x1b[32m INFO\x1b[0m \x1b[2miced_winit::platform_specific::wayland::event_loop\x1b[0m\x1b[2m:\x1b[0m SCTK setup complete.
[2m1970-01-01T00:00:44.272065Z[0m [32m INFO[0m [1mcosmic-panel[0m[2m:[0m [2mcosmic_session::notifications[0m[2m:[0m \x1b[2m1970-01-01T00:00:44.266346Z\x1b[0m \x1b[32m INFO\x1b[0m \x1b[1mstdout\x1b[0m\x1b[1m{\x1b[0m\x1b[3mclient\x1b[0m\x1b[2m=\x1b[0mInnerClientId { ptr: 0x92b2ad90, alive: true }\x1b[1m}\x1b[0m\x1b[2m:\x1b[0m com.system76.CosmicAppletTiling: \x1b[2m1970-01-01T00:00:44.260353Z\x1b[0m \x1b[32m INFO\x1b[0m \x1b[2miced_winit::platform_specific::wayland::event_loop\x1b[0m\x1b[2m:\x1b[0m SCTK setup complete.
[2m1970-01-01T00:00:44.279367Z[0m [32m INFO[0m [1mcosmic-panel[0m[2m:[0m [2mcosmic_session::notifications[0m[2m:[0m \x1b[2m1970-01-01T00:00:44.276525Z\x1b[0m \x1b[31mERROR\x1b[0m \x1b[1mstderr\x1b[0m\x1b[1m{\x1b[0m\x1b[3mclient\x1b[0m\x1b[2m=\x1b[0mInnerClientId { ptr: 0x97987110, alive: true }\x1b[1m}\x1b[0m\x1b[2m:\x1b[0m com.system76.CosmicAppletMinimize: xkbcommon: ERROR: couldn't find a Compose file for locale "C" (mapped to "C")
[2m1970-01-01T00:00:44.309999Z[0m [32m INFO[0m [1mcosmic-panel[0m[2m:[0m [2mcosmic_session::notifications[0m[2m:[0m \x1b[2m1970-01-01T00:00:44.294607Z\x1b[0m \x1b[31mERROR\x1b[0m \x1b[1mstderr\x1b[0m\x1b[1m{\x1b[0m\x1b[3mclient\x1b[0m\x1b[2m=\x1b[0mInnerClientId { ptr: 0x97987110, alive: true }\x1b[1m}\x1b[0m\x1b[2m:\x1b[0m com.system76.CosmicAppletMinimize: xkbcommon: ERROR: couldn't find a Compose file for locale "C" (mapped to "C")
[2m1970-01-01T00:00:44.321080Z[0m [32m INFO[0m [1mcosmic-panel[0m[2m:[0m [2mcosmic_session::notifications[0m[2m:[0m \x1b[2m1970-01-01T00:00:44.313933Z\x1b[0m \x1b[32m INFO\x1b[0m \x1b[1mstdout\x1b[0m\x1b[1m{\x1b[0m\x1b[3mclient\x1b[0m\x1b[2m=\x1b[0mInnerClientId { ptr: 0x97987110, alive: true }\x1b[1m}\x1b[0m\x1b[2m:\x1b[0m com.system76.CosmicAppletMinimize: \x1b[2m1970-01-01T00:00:44.309999Z\x1b[0m \x1b[33m WARN\x1b[0m \x1b[2mwinit_wayland::window::state\x1b[0m\x1b[2m:\x1b[0m `xdg_toplevel_icon_manager_v1` is not supported
[2m1970-01-01T00:00:44.379999Z[0m [32m INFO[0m [1mcosmic-panel[0m[2m:[0m [2mcosmic_session::notifications[0m[2m:[0m \x1b[2m1970-01-01T00:00:44.378112Z\x1b[0m \x1b[32m INFO\x1b[0m \x1b[1mstdout\x1b[0m\x1b[1m{\x1b[0m\x1b[3mclient\x1b[0m\x1b[2m=\x1b[0mInnerClientId { ptr: 0x92b2a3d0, alive: true }\x1b[1m}\x1b[0m\x1b[2m:\x1b[0m com.system76.CosmicPanelAppButton: \x1b[2m1970-01-01T00:00:44.361697Z\x1b[0m \x1b[32m INFO\x1b[0m \x1b[2miced_winit\x1b[0m\x1b[2m:\x1b[0m Window attributes for id `Id(
[2m1970-01-01T00:00:44.379999Z[0m [32m INFO[0m [1mcosmic-panel[0m[2m:[0m [2mcosmic_session::notifications[0m[2m:[0m \x1b[2m1970-01-01T00:00:44.378293Z\x1b[0m \x1b[32m INFO\x1b[0m \x1b[1mstdout\x1b[0m\x1b[1m{\x1b[0m\x1b[3mclient\x1b[0m\x1b[2m=\x1b[0mInnerClientId { ptr: 0x92b2a3d0, alive: true }\x1b[1m}\x1b[0m\x1b[2m:\x1b[0m com.system76.CosmicPanelAppButton:     1,
[2m1970-01-01T00:00:44.379999Z[0m [32m INFO[0m [1mcosmic-panel[0m[2m:[0m [2mcosmic_session::notifications[0m[2m:[0m \x1b[2m1970-01-01T00:00:44.378390Z\x1b[0m \x1b[32m INFO\x1b[0m \x1b[1mstdout\x1b[0m\x1b[1m{\x1b[0m\x1b[3mclient\x1b[0m\x1b[2m=\x1b[0mInnerClientId { ptr: 0x92b2a3d0, alive: true }\x1b[1m}\x1b[0m\x1b[2m:\x1b[0m com.system76.CosmicPanelAppButton: )`: WindowAttributes {
[2m1970-01-01T00:00:44.379999Z[0m [32m INFO[0m [1mcosmic-panel[0m[2m:[0m [2mcosmic_session::notifications[0m[2m:[0m \x1b[2m1970-01-01T00:00:44.378505Z\x1b[0m \x1b[32m INFO\x1b[0m \x1b[1mstdout\x1b[0m\x1b[1m{\x1b[0m\x1b[3mclient\x1b[0m\x1b[2m=\x1b[0mInnerClientId { ptr: 0x92b2a3d0, alive: true }\x1b[1m}\x1b[0m\x1b[2m:\x1b[0m com.system76.CosmicPanelAppButton:     surface_size: Some(
[2m1970-01-01T00:00:44.380197Z[0m [32m INFO[0m [1mcosmic-panel[0m[2m:[0m [2mcosmic_session::notifications[0m[2m:[0m \x1b[2m1970-01-01T00:00:44.378617Z\x1b[0m \x1b[32m INFO\x1b[0m \x1b[1mstdout\x1b[0m\x1b[1m{\x1b[0m\x1b[3mclient\x1b[0m\x1b[2m=\x1b[0mInnerClientId { ptr: 0x92b2a3d0, alive: true }\x1b[1m}\x1b[0m\x1b[2m:\x1b[0m com.system76.CosmicPanelAppButton:         Logical(
[2m1970-01-01T00:00:44.380745Z[0m [32m INFO[0m [1mcosmic-panel[0m[2m:[0m [2mcosmic_session::notifications[0m[2m:[0m \x1b[2m1970-01-01T00:00:44.378750Z\x1b[0m \x1b[32m INFO\x1b[0m \x1b[1mstdout\x1b[0m\x1b[1m{\x1b[0m\x1b[3mclient\x1b[0m\x1b[2m=\x1b[0mInnerClientId { ptr: 0x92b2a3d0, alive: true }\x1b[1m}\x1b[0m\x1b[2m:\x1b[0m com.system76.CosmicPanelAppButton:             LogicalSize {
[2m1970-01-01T00:00:44.381295Z[0m [32m INFO[0m [1mcosmic-panel[0m[2m:[0m [2mcosmic_session::notifications[0m[2m:[0m \x1b[2m1970-01-01T00:00:44.378854Z\x1b[0m \x1b[32m INFO\x1b[0m \x1b[1mstdout\x1b[0m\x1b[1m{\x1b[0m\x1b[3mclient\x1b[0m\x1b[2m=\x1b[0mInnerClientId { ptr: 0x92b2a3d0, alive: true }\x1b[1m}\x1b[0m\x1b[2m:\x1b[0m com.system76.CosmicPanelAppButton:                 width: 40.0,
[2m1970-01-01T00:00:44.381897Z[0m [32m INFO[0m [1mcosmic-panel[0m[2m:[0m [2mcosmic_session::notifications[0m[2m:[0m \x1b[2m1970-01-01T00:00:44.378977Z\x1b[0m \x1b[32m INFO\x1b[0m \x1b[1mstdout\x1b[0m\x1b[1m{\x1b[0m\x1b[3mclient\x1b[0m\x1b[2m=\x1b[0mInnerClientId { ptr: 0x92b2a3d0, alive: true }\x1b[1m}\x1b[0m\x1b[2m:\x1b[0m com.system76.CosmicPanelAppButton:                 height: 32.0,
[2m1970-01-01T00:00:44.382531Z[0m [32m INFO[0m [1mcosmic-panel[0m[2m:[0m [2mcosmic_session::notifications[0m[2m:[0m \x1b[2m1970-01-01T00:00:44.379081Z\x1b[0m \x1b[32m INFO\x1b[0m \x1b[1mstdout\x1b[0m\x1b[1m{\x1b[0m\x1b[3mclient\x1b[0m\x1b[2m=\x1b[0mInnerClientId { ptr: 0x92b2a3d0, alive: true }\x1b[1m}\x1b[0m\x1b[2m:\x1b[0m com.system76.CosmicPanelAppButton:             },
[2m1970-01-01T00:00:44.383095Z[0m [32m INFO[0m [1mcosmic-panel[0m[2m:[0m [2mcosmic_session::notifications[0m[2m:[0m \x1b[2m1970-01-01T00:00:44.379240Z\x1b[0m \x1b[32m INFO\x1b[0m \x1b[1mstdout\x1b[0m\x1b[1m{\x1b[0m\x1b[3mclient\x1b[0m\x1b[2m=\x1b[0mInnerClientId { ptr: 0x92b2a3d0, alive: true }\x1b[1m}\x1b[0m\x1b[2m:\x1b[0m com.system76.CosmicPanelAppButton:         ),
[2m1970-01-01T00:00:44.383718Z[0m [32m INFO[0m [1mcosmic-panel[0m[2m:[0m [2mcosmic_session::notifications[0m[2m:[0m \x1b[2m1970-01-01T00:00:44.379357Z\x1b[0m \x1b[32m INFO\x1b[0m \x1b[1mstdout\x1b[0m\x1b[1m{\x1b[0m\x1b[3mclient\x1b[0m\x1b[2m=\x1b[0mInnerClientId { ptr: 0x92b2a3d0, alive: true }\x1b[1m}\x1b[0m\x1b[2m:\x1b[0m com.system76.CosmicPanelAppButton:     ),
[2m1970-01-01T00:00:44.384291Z[0m [32m INFO[0m [1mcosmic-panel[0m[2m:[0m [2mcosmic_session::notifications[0m[2m:[0m \x1b[2m1970-01-01T00:00:44.379472Z\x1b[0m \x1b[32m INFO\x1b[0m \x1b[1mstdout\x1b[0m\x1b[1m{\x1b[0m\x1b[3mclient\x1b[0m\x1b[2m=\x1b[0mInnerClientId { ptr: 0x92b2a3d0, alive: true }\x1b[1m}\x1b[0m\x1b[2m:\x1b[0m com.system76.CosmicPanelAppButton:     min_surface_size: Some(
[2m1970-01-01T00:00:44.387610Z[0m [32m INFO[0m [1mcosmic-panel[0m[2m:[0m [2mcosmic_session::notifications[0m[2m:[0m \x1b[2m1970-01-01T00:00:44.379588Z\x1b[0m \x1b[32m INFO\x1b[0m \x1b[1mstdout\x1b[0m\x1b[1m{\x1b[0m\x1b[3mclient\x1b[0m\x1b[2m=\x1b[0mInnerClientId { ptr: 0x92b2a3d0, alive: true }\x1b[1m}\x1b[0m\x1b[2m:\x1b[0m com.system76.CosmicPanelAppButton:         Logical(
[2m1970-01-01T00:00:44.388245Z[0m [32m INFO[0m [1mcosmic-panel[0m[2m:[0m [2mcosmic_session::notifications[0m[2m:[0m \x1b[2m1970-01-01T00:00:44.379729Z\x1b[0m \x1b[32m INFO\x1b[0m \x1b[1mstdout\x1b[0m\x1b[1m{\x1b[0m\x1b[3mclient\x1b[0m\x1b[2m=\x1b[0mInnerClientId { ptr: 0x92b2a3d0, alive: true }\x1b[1m}\x1b[0m\x1b[2m:\x1b[0m com.system76.CosmicPanelAppButton:             LogicalSize {
[2m1970-01-01T00:00:44.388907Z[0m [32m INFO[0m [1mcosmic-panel[0m[2m:[0m [2mcosmic_session::notifications[0m[2m:[0m \x1b[2m1970-01-01T00:00:44.379869Z\x1b[0m \x1b[32m INFO\x1b[0m \x1b[1mstdout\x1b[0m\x1b[1m{\x1b[0m\x1b[3mclient\x1b[0m\x1b[2m=\x1b[0mInnerClientId { ptr: 0x92b2a3d0, alive: true }\x1b[1m}\x1b[0m\x1b[2m:\x1b[0m com.system76.CosmicPanelAppButton:                 width: 40.0,
[2m1970-01-01T00:00:44.405067Z[0m [32m INFO[0m [1mcosmic-panel[0m[2m:[0m [2mcosmic_session::notifications[0m[2m:[0m \x1b[2m1970-01-01T00:00:44.379993Z\x1b[0m \x1b[32m INFO\x1b[0m \x1b[1mstdout\x1b[0m\x1b[1m{\x1b[0m\x1b[3mclient\x1b[0m\x1b[2m=\x1b[0mInnerClientId { ptr: 0x92b2a3d0, alive: true }\x1b[1m}\x1b[0m\x1b[2m:\x1b[0m com.system76.CosmicPanelAppButton:                 height: 32.0,
[2m1970-01-01T00:00:44.405438Z[0m [32m INFO[0m [1mcosmic-panel[0m[2m:[0m [2mcosmic_session::notifications[0m[2m:[0m \x1b[2m1970-01-01T00:00:44.379999Z\x1b[0m \x1b[32m INFO\x1b[0m \x1b[1mstdout\x1b[0m\x1b[1m{\x1b[0m\x1b[3mclient\x1b[0m\x1b[2m=\x1b[0mInnerClientId { ptr: 0x92b2a3d0, alive: true }\x1b[1m}\x1b[0m\x1b[2m:\x1b[0m com.system76.CosmicPanelAppButton:             },
[2m1970-01-01T00:00:44.405822Z[0m [32m INFO[0m [1mcosmic-panel[0m[2m:[0m [2mcosmic_session::notifications[0m[2m:[0m \x1b[2m1970-01-01T00:00:44.379999Z\x1b[0m \x1b[32m INFO\x1b[0m \x1b[1mstdout\x1b[0m\x1b[1m{\x1b[0m\x1b[3mclient\x1b[0m\x1b[2m=\x1b[0mInnerClientId { ptr: 0x92b2a3d0, alive: true }\x1b[1m}\x1b[0m\x1b[2m:\x1b[0m com.system76.CosmicPanelAppButton:         ),
[2m1970-01-01T00:00:44.406862Z[0m [32m INFO[0m [1mcosmic-panel[0m[2m:[0m [2mcosmic_session::notifications[0m[2m:[0m \x1b[2m1970-01-01T00:00:44.379999Z\x1b[0m \x1b[32m INFO\x1b[0m \x1b[1mstdout\x1b[0m\x1b[1m{\x1b[0m\x1b[3mclient\x1b[0m\x1b[2m=\x1b[0mInnerClientId { ptr: 0x92b2a3d0, alive: true }\x1b[1m}\x1b[0m\x1b[2m:\x1b[0m com.system76.CosmicPanelAppButton:     ),
[2m1970-01-01T00:00:44.407214Z[0m [32m INFO[0m [1mcosmic-panel[0m[2m:[0m [2mcosmic_session::notifications[0m[2m:[0m \x1b[2m1970-01-01T00:00:44.379999Z\x1b[0m \x1b[32m INFO\x1b[0m \x1b[1mstdout\x1b[0m\x1b[1m{\x1b[0m\x1b[3mclient\x1b[0m\x1b[2m=\x1b[0mInnerClientId { ptr: 0x92b2a3d0, alive: true }\x1b[1m}\x1b[0m\x1b[2m:\x1b[0m com.system76.CosmicPanelAppButton:     max_surface_size: None,
[2m1970-01-01T00:00:44.407689Z[0m [32m INFO[0m [1mcosmic-panel[0m[2m:[0m [2mcosmic_session::notifications[0m[2m:[0m \x1b[2m1970-01-01T00:00:44.379999Z\x1b[0m \x1b[32m INFO\x1b[0m \x1b[1mstdout\x1b[0m\x1b[1m{\x1b[0m\x1b[3mclient\x1b[0m\x1b[2m=\x1b[0mInnerClientId { ptr: 0x92b2a3d0, alive: true }\x1b[1m}\x1b[0m\x1b[2m:\x1b[0m com.system76.CosmicPanelAppButton:     surface_resize_increments: None,
[2m1970-01-01T00:00:44.408080Z[0m [32m INFO[0m [1mcosmic-panel[0m[2m:[0m [2mcosmic_session::notifications[0m[2m:[0m \x1b[2m1970-01-01T00:00:44.379999Z\x1b[0m \x1b[32m INFO\x1b[0m \x1b[1mstdout\x1b[0m\x1b[1m{\x1b[0m\x1b[3mclient\x1b[0m\x1b[2m=\x1b[0mInnerClientId { ptr: 0x92b2a3d0, alive: true }\x1b[1m}\x1b[0m\x1b[2m:\x1b[0m com.system76.CosmicPanelAppButton:     position: None,
[2m1970-01-01T00:00:44.408455Z[0m [32m INFO[0m [1mcosmic-panel[0m[2m:[0m [2mcosmic_session::notifications[0m[2m:[0m \x1b[2m1970-01-01T00:00:44.379999Z\x1b[0m \x1b[32m INFO\x1b[0m \x1b[1mstdout\x1b[0m\x1b[1m{\x1b[0m\x1b[3mclient\x1b[0m\x1b[2m=\x1b[0mInnerClientId { ptr: 0x92b2a3d0, alive: true }\x1b[1m}\x1b[0m\x1b[2m:\x1b[0m com.system76.CosmicPanelAppButton:     resizable: false,
[2m1970-01-01T00:00:44.408984Z[0m [32m INFO[0m [1mcosmic-panel[0m[2m:[0m [2mcosmic_session::notifications[0m[2m:[0m \x1b[2m1970-01-01T00:00:44.379999Z\x1b[0m \x1b[32m INFO\x1b[0m \x1b[1mstdout\x1b[0m\x1b[1m{\x1b[0m\x1b[3mclient\x1b[0m\x1b[2m=\x1b[0mInnerClientId { ptr: 0x92b2a3d0, alive: true }\x1b[1m}\x1b[0m\x1b[2m:\x1b[0m com.system76.CosmicPanelAppButton:     enabled_buttons: WindowButtons(
[2m1970-01-01T00:00:44.409455Z[0m [32m INFO[0m [1mcosmic-panel[0m[2m:[0m [2mcosmic_session::notifications[0m[2m:[0m \x1b[2m1970-01-01T00:00:44.379999Z\x1b[0m \x1b[32m INFO\x1b[0m \x1b[1mstdout\x1b[0m\x1b[1m{\x1b[0m\x1b[3mclient\x1b[0m\x1b[2m=\x1b[0mInnerClientId { ptr: 0x92b2a3d0, alive: true }\x1b[1m}\x1b[0m\x1b[2m:\x1b[0m com.system76.CosmicPanelAppButton:         CLOSE | MINIMIZE,
[2m1970-01-01T00:00:44.409799Z[0m [32m INFO[0m [1mcosmic-panel[0m[2m:[0m [2mcosmic_session::notifications[0m[2m:[0m \x1b[2m1970-01-01T00:00:44.379999Z\x1b[0m \x1b[32m INFO\x1b[0m \x1b[1mstdout\x1b[0m\x1b[1m{\x1b[0m\x1b[3mclient\x1b[0m\x1b[2m=\x1b[0mInnerClientId { ptr: 0x92b2a3d0, alive: true }\x1b[1m}\x1b[0m\x1b[2m:\x1b[0m com.system76.CosmicPanelAppButton:     ),
[2m1970-01-01T00:00:44.410299Z[0m [32m INFO[0m [1mcosmic-panel[0m[2m:[0m [2mcosmic_session::notifications[0m[2m:[0m \x1b[2m1970-01-01T00:00:44.379999Z\x1b[0m \x1b[32m INFO\x1b[0m \x1b[1mstdout\x1b[0m\x1b[1m{\x1b[0m\x1b[3mclient\x1b[0m\x1b[2m=\x1b[0mInnerClientId { ptr: 0x92b2a3d0, alive: true }\x1b[1m}\x1b[0m\x1b[2m:\x1b[0m com.system76.CosmicPanelAppButton:     title: "Cosmic - Iced",
[2m1970-01-01T00:00:44.410657Z[0m [32m INFO[0m [1mcosmic-panel[0m[2m:[0m [2mcosmic_session::notifications[0m[2m:[0m \x1b[2m1970-01-01T00:00:44.379999Z\x1b[0m \x1b[32m INFO\x1b[0m \x1b[1mstdout\x1b[0m\x1b[1m{\x1b[0m\x1b[3mclient\x1b[0m\x1b[2m=\x1b[0mInnerClientId { ptr: 0x92b2a3d0, alive: true }\x1b[1m}\x1b[0m\x1b[2m:\x1b[0m com.system76.CosmicPanelAppButton:     maximized: false,
[2m1970-01-01T00:00:44.411190Z[0m [32m INFO[0m [1mcosmic-panel[0m[2m:[0m [2mcosmic_session::notifications[0m[2m:[0m \x1b[2m1970-01-01T00:00:44.379999Z\x1b[0m \x1b[32m INFO\x1b[0m \x1b[1mstdout\x1b[0m\x1b[1m{\x1b[0m\x1b[3mclient\x1b[0m\x1b[2m=\x1b[0mInnerClientId { ptr: 0x92b2a3d0, alive: true }\x1b[1m}\x1b[0m\x1b[2m:\x1b[0m com.system76.CosmicPanelAppButton:     visible: false,
[2m1970-01-01T00:00:44.411607Z[0m [32m INFO[0m [1mcosmic-panel[0m[2m:[0m [2mcosmic_session::notifications[0m[2m:[0m \x1b[2m1970-01-01T00:00:44.379999Z\x1b[0m \x1b[32m INFO\x1b[0m \x1b[1mstdout\x1b[0m\x1b[1m{\x1b[0m\x1b[3mclient\x1b[0m\x1b[2m=\x1b[0mInnerClientId { ptr: 0x92b2a3d0, alive: true }\x1b[1m}\x1b[0m\x1b[2m:\x1b[0m com.system76.CosmicPanelAppButton:     transparent: true,
[2m1970-01-01T00:00:44.411936Z[0m [32m INFO[0m [1mcosmic-panel[0m[2m:[0m [2mcosmic_session::notifications[0m[2m:[0m \x1b[2m1970-01-01T00:00:44.379999Z\x1b[0m \x1b[32m INFO\x1b[0m \x1b[1mstdout\x1b[0m\x1b[1m{\x1b[0m\x1b[3mclient\x1b[0m\x1b[2m=\x1b[0mInnerClientId { ptr: 0x92b2a3d0, alive: true }\x1b[1m}\x1b[0m\x1b[2m:\x1b[0m com.system76.CosmicPanelAppButton:     blur: false,
[2m1970-01-01T00:00:44.412238Z[0m [32m INFO[0m [1mcosmic-panel[0m[2m:[0m [2mcosmic_session::notifications[0m[2m:[0m \x1b[2m1970-01-01T00:00:44.379999Z\x1b[0m \x1b[32m INFO\x1b[0m \x1b[1mstdout\x1b[0m\x1b[1m{\x1b[0m\x1b[3mclient\x1b[0m\x1b[2m=\x1b[0mInnerClientId { ptr: 0x92b2a3d0, alive: true }\x1b[1m}\x1b[0m\x1b[2m:\x1b[0m com.system76.CosmicPanelAppButton:     decorations: false,
[2m1970-01-01T00:00:44.412565Z[0m [32m INFO[0m [1mcosmic-panel[0m[2m:[0m [2mcosmic_session::notifications[0m[2m:[0m \x1b[2m1970-01-01T00:00:44.379999Z\x1b[0m \x1b[32m INFO\x1b[0m \x1b[1mstdout\x1b[0m\x1b[1m{\x1b[0m\x1b[3mclient\x1b[0m\x1b[2m=\x1b[0mInnerClientId { ptr: 0x92b2a3d0, alive: true }\x1b[1m}\x1b[0m\x1b[2m:\x1b[0m com.system76.CosmicPanelAppButton:     window_icon: None,
[2m1970-01-01T00:00:44.412921Z[0m [32m INFO[0m [1mcosmic-panel[0m[2m:[0m [2mcosmic_session::notifications[0m[2m:[0m \x1b[2m1970-01-01T00:00:44.379999Z\x1b[0m \x1b[32m INFO\x1b[0m \x1b[1mstdout\x1b[0m\x1b[1m{\x1b[0m\x1b[3mclient\x1b[0m\x1b[2m=\x1b[0mInnerClientId { ptr: 0x92b2a3d0, alive: true }\x1b[1m}\x1b[0m\x1b[2m:\x1b[0m com.system76.CosmicPanelAppButton:     preferred_theme: None,
[2m1970-01-01T00:00:44.413279Z[0m [32m INFO[0m [1mcosmic-panel[0m[2m:[0m [2mcosmic_session::notifications[0m[2m:[0m \x1b[2m1970-01-01T00:00:44.379999Z\x1b[0m \x1b[32m INFO\x1b[0m \x1b[1mstdout\x1b[0m\x1b[1m{\x1b[0m\x1b[3mclient\x1b[0m\x1b[2m=\x1b[0mInnerClientId { ptr: 0x92b2a3d0, alive: true }\x1b[1m}\x1b[0m\x1b[2m:\x1b[0m com.system76.CosmicPanelAppButton:     content_protected: false,
[2m1970-01-01T00:00:44.413646Z[0m [32m INFO[0m [1mcosmic-panel[0m[2m:[0m [2mcosmic_session::notifications[0m[2m:[0m \x1b[2m1970-01-01T00:00:44.379999Z\x1b[0m \x1b[32m INFO\x1b[0m \x1b[1mstdout\x1b[0m\x1b[1m{\x1b[0m\x1b[3mclient\x1b[0m\x1b[2m=\x1b[0mInnerClientId { ptr: 0x92b2a3d0, alive: true }\x1b[1m}\x1b[0m\x1b[2m:\x1b[0m com.system76.CosmicPanelAppButton:     window_level: Normal,
[2m1970-01-01T00:00:44.414724Z[0m [32m INFO[0m [1mcosmic-panel[0m[2m:[0m [2mcosmic_session::notifications[0m[2m:[0m \x1b[2m1970-01-01T00:00:44.379999Z\x1b[0m \x1b[32m INFO\x1b[0m \x1b[1mstdout\x1b[0m\x1b[1m{\x1b[0m\x1b[3mclient\x1b[0m\x1b[2m=\x1b[0mInnerClientId { ptr: 0x92b2a3d0, alive: true }\x1b[1m}\x1b[0m\x1b[2m:\x1b[0m com.system76.CosmicPanelAppButton:     active: true,
[2m1970-01-01T00:00:44.415064Z[0m [32m INFO[0m [1mcosmic-panel[0m[2m:[0m [2mcosmic_session::notifications[0m[2m:[0m \x1b[2m1970-01-01T00:00:44.379999Z\x1b[0m \x1b[32m INFO\x1b[0m \x1b[1mstdout\x1b[0m\x1b[1m{\x1b[0m\x1b[3mclient\x1b[0m\x1b[2m=\x1b[0mInnerClientId { ptr: 0x92b2a3d0, alive: true }\x1b[1m}\x1b[0m\x1b[2m:\x1b[0m com.system76.CosmicPanelAppButton:     cursor: Icon(
[2m1970-01-01T00:00:44.415465Z[0m [32m INFO[0m [1mcosmic-panel[0m[2m:[0m [2mcosmic_session::notifications[0m[2m:[0m \x1b[2m1970-01-01T00:00:44.379999Z\x1b[0m \x1b[32m INFO\x1b[0m \x1b[1mstdout\x1b[0m\x1b[1m{\x1b[0m\x1b[3mclient\x1b[0m\x1b[2m=\x1b[0mInnerClientId { ptr: 0x92b2a3d0, alive: true }\x1b[1m}\x1b[0m\x1b[2m:\x1b[0m com.system76.CosmicPanelAppButton:         Default,
[2m1970-01-01T00:00:44.415801Z[0m [32m INFO[0m [1mcosmic-panel[0m[2m:[0m [2mcosmic_session::notifications[0m[2m:[0m \x1b[2m1970-01-01T00:00:44.379999Z\x1b[0m \x1b[32m INFO\x1b[0m \x1b[1mstdout\x1b[0m\x1b[1m{\x1b[0m\x1b[3mclient\x1b[0m\x1b[2m=\x1b[0mInnerClientId { ptr: 0x92b2a3d0, alive: true }\x1b[1m}\x1b[0m\x1b[2m:\x1b[0m com.system76.CosmicPanelAppButton:     ),
[2m1970-01-01T00:00:44.416185Z[0m [32m INFO[0m [1mcosmic-panel[0m[2m:[0m [2mcosmic_session::notifications[0m[2m:[0m \x1b[2m1970-01-01T00:00:44.379999Z\x1b[0m \x1b[32m INFO\x1b[0m \x1b[1mstdout\x1b[0m\x1b[1m{\x1b[0m\x1b[3mclient\x1b[0m\x1b[2m=\x1b[0mInnerClientId { ptr: 0x92b2a3d0, alive: true }\x1b[1m}\x1b[0m\x1b[2m:\x1b[0m com.system76.CosmicPanelAppButton:     parent_window: None,
[2m1970-01-01T00:00:44.416616Z[0m [32m INFO[0m [1mcosmic-panel[0m[2m:[0m [2mcosmic_session::notifications[0m[2m:[0m \x1b[2m1970-01-01T00:00:44.379999Z\x1b[0m \x1b[32m INFO\x1b[0m \x1b[1mstdout\x1b[0m\x1b[1m{\x1b[0m\x1b[3mclient\x1b[0m\x1b[2m=\x1b[0mInnerClientId { ptr: 0x92b2a3d0, alive: true }\x1b[1m}\x1b[0m\x1b[2m:\x1b[0m com.system76.CosmicPanelAppButton:     fullscreen: None,
[2m1970-01-01T00:00:44.417153Z[0m [32m INFO[0m [1mcosmic-panel[0m[2m:[0m [2mcosmic_session::notifications[0m[2m:[0m \x1b[2m1970-01-01T00:00:44.384061Z\x1b[0m \x1b[32m INFO\x1b[0m \x1b[1mstdout\x1b[0m\x1b[1m{\x1b[0m\x1b[3mclient\x1b[0m\x1b[2m=\x1b[0mInnerClientId { ptr: 0x92b2a3d0, alive: true }\x1b[1m}\x1b[0m\x1b[2m:\x1b[0m com.system76.CosmicPanelAppButton:     platform: Some(
[2m1970-01-01T00:00:44.466919Z[0m [32m INFO[0m [1mcosmic-panel[0m[2m:[0m [2mcosmic_session::notifications[0m[2m:[0m \x1b[2m1970-01-01T00:00:44.384366Z\x1b[0m \x1b[32m INFO\x1b[0m \x1b[1mstdout\x1b[0m\x1b[1m{\x1b[0m\x1b[3mclient\x1b[0m\x1b[2m=\x1b[0mInnerClientId { ptr: 0x92b2a3d0, alive: true }\x1b[1m}\x1b[0m\x1b[2m:\x1b[0m com.system76.CosmicPanelAppButton:         WindowAttributesWayland {
[2m1970-01-01T00:00:44.467502Z[0m [32m INFO[0m [1mcosmic-panel[0m[2m:[0m [2mcosmic_session::notifications[0m[2m:[0m \x1b[2m1970-01-01T00:00:44.384516Z\x1b[0m \x1b[32m INFO\x1b[0m \x1b[1mstdout\x1b[0m\x1b[1m{\x1b[0m\x1b[3mclient\x1b[0m\x1b[2m=\x1b[0mInnerClientId { ptr: 0x92b2a3d0, alive: true }\x1b[1m}\x1b[0m\x1b[2m:\x1b[0m com.system76.CosmicPanelAppButton:             name: Some(
[2m1970-01-01T00:00:44.470401Z[0m [32m INFO[0m [1mcosmic-panel[0m[2m:[0m [2mcosmic_session::notifications[0m[2m:[0m \x1b[2m1970-01-01T00:00:44.384640Z\x1b[0m \x1b[32m INFO\x1b[0m \x1b[1mstdout\x1b[0m\x1b[1m{\x1b[0m\x1b[3mclient\x1b[0m\x1b[2m=\x1b[0mInnerClientId { ptr: 0x92b2a3d0, alive: true }\x1b[1m}\x1b[0m\x1b[2m:\x1b[0m com.system76.CosmicPanelAppButton:                 ApplicationName {
[2m1970-01-01T00:00:44.470868Z[0m [32m INFO[0m [1mcosmic-panel[0m[2m:[0m [2mcosmic_session::notifications[0m[2m:[0m \x1b[2m1970-01-01T00:00:44.384811Z\x1b[0m \x1b[32m INFO\x1b[0m \x1b[1mstdout\x1b[0m\x1b[1m{\x1b[0m\x1b[3mclient\x1b[0m\x1b[2m=\x1b[0mInnerClientId { ptr: 0x92b2a3d0, alive: true }\x1b[1m}\x1b[0m\x1b[2m:\x1b[0m com.system76.CosmicPanelAppButton:                     general: "com.system76.CosmicPanelButton",
[2m1970-01-01T00:00:44.471333Z[0m [32m INFO[0m [1mcosmic-panel[0m[2m:[0m [2mcosmic_session::notifications[0m[2m:[0m \x1b[2m1970-01-01T00:00:44.384900Z\x1b[0m \x1b[32m INFO\x1b[0m \x1b[1mstdout\x1b[0m\x1b[1m{\x1b[0m\x1b[3mclient\x1b[0m\x1b[2m=\x1b[0mInnerClientId { ptr: 0x92b2a3d0, alive: true }\x1b[1m}\x1b[0m\x1b[2m:\x1b[0m com.system76.CosmicPanelAppButton:                     instance: "com.system76.CosmicPanelButton",
[2m1970-01-01T00:00:44.471806Z[0m [32m INFO[0m [1mcosmic-panel[0m[2m:[0m [2mcosmic_session::notifications[0m[2m:[0m \x1b[2m1970-01-01T00:00:44.384990Z\x1b[0m \x1b[32m INFO\x1b[0m \x1b[1mstdout\x1b[0m\x1b[1m{\x1b[0m\x1b[3mclient\x1b[0m\x1b[2m=\x1b[0mInnerClientId { ptr: 0x92b2a3d0, alive: true }\x1b[1m}\x1b[0m\x1b[2m:\x1b[0m com.system76.CosmicPanelAppButton:                 },
[2m1970-01-01T00:00:44.472146Z[0m [32m INFO[0m [1mcosmic-panel[0m[2m:[0m [2mcosmic_session::notifications[0m[2m:[0m \x1b[2m1970-01-01T00:00:44.385065Z\x1b[0m \x1b[32m INFO\x1b[0m \x1b[1mstdout\x1b[0m\x1b[1m{\x1b[0m\x1b[3mclient\x1b[0m\x1b[2m=\x1b[0mInnerClientId { ptr: 0x92b2a3d0, alive: true }\x1b[1m}\x1b[0m\x1b[2m:\x1b[0m com.system76.CosmicPanelAppButton:             ),
[2m1970-01-01T00:00:44.472490Z[0m [32m INFO[0m [1mcosmic-panel[0m[2m:[0m [2mcosmic_session::notifications[0m[2m:[0m \x1b[2m1970-01-01T00:00:44.385145Z\x1b[0m \x1b[32m INFO\x1b[0m \x1b[1mstdout\x1b[0m\x1b[1m{\x1b[0m\x1b[3mclient\x1b[0m\x1b[2m=\x1b[0mInnerClientId { ptr: 0x92b2a3d0, alive: true }\x1b[1m}\x1b[0m\x1b[2m:\x1b[0m com.system76.CosmicPanelAppButton:             activation_token: None,
[2m1970-01-01T00:00:44.472850Z[0m [32m INFO[0m [1mcosmic-panel[0m[2m:[0m [2mcosmic_session::notifications[0m[2m:[0m \x1b[2m1970-01-01T00:00:44.385195Z\x1b[0m \x1b[32m INFO\x1b[0m \x1b[1mstdout\x1b[0m\x1b[1m{\x1b[0m\x1b[3mclient\x1b[0m\x1b[2m=\x1b[0mInnerClientId { ptr: 0x92b2a3d0, alive: true }\x1b[1m}\x1b[0m\x1b[2m:\x1b[0m com.system76.CosmicPanelAppButton:             prefer_csd: false,
[2m1970-01-01T00:00:44.473290Z[0m [32m INFO[0m [1mcosmic-panel[0m[2m:[0m [2mcosmic_session::notifications[0m[2m:[0m \x1b[2m1970-01-01T00:00:44.385300Z\x1b[0m \x1b[32m INFO\x1b[0m \x1b[1mstdout\x1b[0m\x1b[1m{\x1b[0m\x1b[3mclient\x1b[0m\x1b[2m=\x1b[0mInnerClientId { ptr: 0x92b2a3d0, alive: true }\x1b[1m}\x1b[0m\x1b[2m:\x1b[0m com.system76.CosmicPanelAppButton:         },
[2m1970-01-01T00:00:44.473696Z[0m [32m INFO[0m [1mcosmic-panel[0m[2m:[0m [2mcosmic_session::notifications[0m[2m:[0m \x1b[2m1970-01-01T00:00:44.385351Z\x1b[0m \x1b[32m INFO\x1b[0m \x1b[1mstdout\x1b[0m\x1b[1m{\x1b[0m\x1b[3mclient\x1b[0m\x1b[2m=\x1b[0mInnerClientId { ptr: 0x92b2a3d0, alive: true }\x1b[1m}\x1b[0m\x1b[2m:\x1b[0m com.system76.CosmicPanelAppButton:     ),
[2m1970-01-01T00:00:44.474126Z[0m [32m INFO[0m [1mcosmic-panel[0m[2m:[0m [2mcosmic_session::notifications[0m[2m:[0m \x1b[2m1970-01-01T00:00:44.385451Z\x1b[0m \x1b[32m INFO\x1b[0m \x1b[1mstdout\x1b[0m\x1b[1m{\x1b[0m\x1b[3mclient\x1b[0m\x1b[2m=\x1b[0mInnerClientId { ptr: 0x92b2a3d0, alive: true }\x1b[1m}\x1b[0m\x1b[2m:\x1b[0m com.system76.CosmicPanelAppButton: }
[2m1970-01-01T00:00:44.475002Z[0m [32m INFO[0m [1mcosmic-panel[0m[2m:[0m [2mcosmic_session::notifications[0m[2m:[0m \x1b[2m1970-01-01T00:00:44.432549Z\x1b[0m \x1b[31mERROR\x1b[0m \x1b[1mstderr\x1b[0m\x1b[1m{\x1b[0m\x1b[3mclient\x1b[0m\x1b[2m=\x1b[0mInnerClientId { ptr: 0x92b2ad90, alive: true }\x1b[1m}\x1b[0m\x1b[2m:\x1b[0m com.system76.CosmicAppletTiling: xkbcommon: ERROR: couldn't find a Compose file for locale "C" (mapped to "C")
[2m1970-01-01T00:00:44.475503Z[0m [32m INFO[0m [1mcosmic-panel[0m[2m:[0m [2mcosmic_session::notifications[0m[2m:[0m \x1b[2m1970-01-01T00:00:44.432675Z\x1b[0m \x1b[31mERROR\x1b[0m \x1b[1mstderr\x1b[0m\x1b[1m{\x1b[0m\x1b[3mclient\x1b[0m\x1b[2m=\x1b[0mInnerClientId { ptr: 0x92b2ad90, alive: true }\x1b[1m}\x1b[0m\x1b[2m:\x1b[0m com.system76.CosmicAppletTiling: xkbcommon: ERROR: couldn't find a Compose file for locale "C" (mapped to "C")
[2m1970-01-01T00:00:44.608005Z[0m [32m INFO[0m [1mcosmic-panel[0m[2m:[0m [2mcosmic_session::notifications[0m[2m:[0m \x1b[2m1970-01-01T00:00:44.432758Z\x1b[0m \x1b[32m INFO\x1b[0m \x1b[1mstdout\x1b[0m\x1b[1m{\x1b[0m\x1b[3mclient\x1b[0m\x1b[2m=\x1b[0mInnerClientId { ptr: 0x92b2a3d0, alive: true }\x1b[1m}\x1b[0m\x1b[2m:\x1b[0m com.system76.CosmicPanelAppButton: \x1b[2m1970-01-01T00:00:44.391301Z\x1b[0m \x1b[33m WARN\x1b[0m \x1b[2mwinit_wayland::window::state\x1b[0m\x1b[2m:\x1b[0m `xdg_toplevel_icon_manager_v1` is not supported
[2m1970-01-01T00:00:44.609346Z[0m [32m INFO[0m [1mcosmic-panel[0m[2m:[0m [2mcosmic_session::notifications[0m[2m:[0m \x1b[2m1970-01-01T00:00:44.554027Z\x1b[0m \x1b[32m INFO\x1b[0m \x1b[1mstdout\x1b[0m\x1b[1m{\x1b[0m\x1b[3mclient\x1b[0m\x1b[2m=\x1b[0mInnerClientId { ptr: 0x92b2a3d0, alive: true }\x1b[1m}\x1b[0m\x1b[2m:\x1b[0m com.system76.CosmicPanelAppButton: \x1b[2m1970-01-01T00:00:44.550130Z\x1b[0m \x1b[32m INFO\x1b[0m \x1b[2miced_winit::platform_specific::wayland::event_loop\x1b[0m\x1b[2m:\x1b[0m SCTK setup complete.
[2m1970-01-01T00:00:44.610016Z[0m [32m INFO[0m [1mcosmic-panel[0m[2m:[0m [2mcosmic_session::notifications[0m[2m:[0m \x1b[2m1970-01-01T00:00:44.583170Z\x1b[0m \x1b[32m INFO\x1b[0m \x1b[1mstdout\x1b[0m\x1b[1m{\x1b[0m\x1b[3mclient\x1b[0m\x1b[2m=\x1b[0mInnerClientId { ptr: 0x93f27380, alive: true }\x1b[1m}\x1b[0m\x1b[2m:\x1b[0m com.system76.CosmicPanelWorkspacesButton: \x1b[2m1970-01-01T00:00:44.581149Z\x1b[0m \x1b[32m INFO\x1b[0m \x1b[2miced_winit::platform_specific::wayland::event_loop\x1b[0m\x1b[2m:\x1b[0m SCTK setup complete.
[2m1970-01-01T00:00:44.675504Z[0m [32m INFO[0m [1mcosmic-panel[0m[2m:[0m [2mcosmic_session::notifications[0m[2m:[0m \x1b[2m1970-01-01T00:00:44.630659Z\x1b[0m \x1b[31mERROR\x1b[0m \x1b[1mstderr\x1b[0m\x1b[1m{\x1b[0m\x1b[3mclient\x1b[0m\x1b[2m=\x1b[0mInnerClientId { ptr: 0x48261dd0, alive: true }\x1b[1m}\x1b[0m\x1b[2m:\x1b[0m com.system76.CosmicPanelWorkspacesButton: xkbcommon: ERROR: couldn't find a Compose file for locale "C" (mapped to "C")
[2m1970-01-01T00:00:44.676489Z[0m [32m INFO[0m [1mcosmic-panel[0m[2m:[0m [2mcosmic_session::notifications[0m[2m:[0m \x1b[2m1970-01-01T00:00:44.630775Z\x1b[0m \x1b[31mERROR\x1b[0m \x1b[1mstderr\x1b[0m\x1b[1m{\x1b[0m\x1b[3mclient\x1b[0m\x1b[2m=\x1b[0mInnerClientId { ptr: 0x48261dd0, alive: true }\x1b[1m}\x1b[0m\x1b[2m:\x1b[0m com.system76.CosmicPanelWorkspacesButton: xkbcommon: ERROR: couldn't find a Compose file for locale "C" (mapped to "C")
[2m1970-01-01T00:00:44.677534Z[0m [32m INFO[0m [1mcosmic-panel[0m[2m:[0m [2mcosmic_session::notifications[0m[2m:[0m \x1b[2m1970-01-01T00:00:44.655306Z\x1b[0m \x1b[31mERROR\x1b[0m \x1b[1mstderr\x1b[0m\x1b[1m{\x1b[0m\x1b[3mclient\x1b[0m\x1b[2m=\x1b[0mInnerClientId { ptr: 0x92b2a3d0, alive: true }\x1b[1m}\x1b[0m\x1b[2m:\x1b[0m com.system76.CosmicPanelAppButton: xkbcommon: ERROR: couldn't find a Compose file for locale "C" (mapped to "C")
[2m1970-01-01T00:00:44.715922Z[0m [32m INFO[0m [1mcosmic-panel[0m[2m:[0m [2mcosmic_session::notifications[0m[2m:[0m \x1b[2m1970-01-01T00:00:44.707653Z\x1b[0m \x1b[31mERROR\x1b[0m \x1b[1mstderr\x1b[0m\x1b[1m{\x1b[0m\x1b[3mclient\x1b[0m\x1b[2m=\x1b[0mInnerClientId { ptr: 0x92b2a3d0, alive: true }\x1b[1m}\x1b[0m\x1b[2m:\x1b[0m com.system76.CosmicPanelAppButton: xkbcommon: ERROR: couldn't find a Compose file for locale "C" (mapped to "C")
[2m1970-01-01T00:00:44.716647Z[0m [32m INFO[0m [1mcosmic-panel[0m[2m:[0m [2mcosmic_session::notifications[0m[2m:[0m \x1b[2m1970-01-01T00:00:44.707774Z\x1b[0m \x1b[31mERROR\x1b[0m \x1b[1mstderr\x1b[0m\x1b[1m{\x1b[0m\x1b[3mclient\x1b[0m\x1b[2m=\x1b[0mInnerClientId { ptr: 0x93f27380, alive: true }\x1b[1m}\x1b[0m\x1b[2m:\x1b[0m com.system76.CosmicPanelWorkspacesButton: xkbcommon: ERROR: couldn't find a Compose file for locale "C" (mapped to "C")
[2m1970-01-01T00:00:44.717256Z[0m [32m INFO[0m [1mcosmic-panel[0m[2m:[0m [2mcosmic_session::notifications[0m[2m:[0m \x1b[2m1970-01-01T00:00:44.708171Z\x1b[0m \x1b[31mERROR\x1b[0m \x1b[1mstderr\x1b[0m\x1b[1m{\x1b[0m\x1b[3mclient\x1b[0m\x1b[2m=\x1b[0mInnerClientId { ptr: 0x93f27380, alive: true }\x1b[1m}\x1b[0m\x1b[2m:\x1b[0m com.system76.CosmicPanelWorkspacesButton: xkbcommon: ERROR: couldn't find a Compose file for locale "C" (mapped to "C")
[2m1970-01-01T00:00:45.979500Z[0m [32m INFO[0m [1mcosmic-panel[0m[2m:[0m [2mcosmic_session::notifications[0m[2m:[0m \x1b[2m1970-01-01T00:00:45.951326Z\x1b[0m \x1b[32m INFO\x1b[0m Requires relayout: resizing list
[2m1970-01-01T00:00:45.979983Z[0m [32m INFO[0m [1mcosmic-panel[0m[2m:[0m [2mcosmic_session::notifications[0m[2m:[0m 
[2m1970-01-01T00:00:45.979999Z[0m [32m INFO[0m [1mcosmic-panel[0m[2m:[0m [2mcosmic_session::notifications[0m[2m:[0m Stack backtrace:
[2m1970-01-01T00:00:45.979999Z[0m [32m INFO[0m [1mcosmic-panel[0m[2m:[0m [2mcosmic_session::notifications[0m[2m:[0m    0: <unknown>
[2m1970-01-01T00:00:45.980307Z[0m [32m INFO[0m [1mcosmic-panel[0m[2m:[0m [2mcosmic_session::notifications[0m[2m:[0m    1: <unknown>
[2m1970-01-01T00:00:45.980633Z[0m [32m INFO[0m [1mcosmic-panel[0m[2m:[0m [2mcosmic_session::notifications[0m[2m:[0m    2: <unknown>
[2m1970-01-01T00:00:45.980905Z[0m [32m INFO[0m [1mcosmic-panel[0m[2m:[0m [2mcosmic_session::notifications[0m[2m:[0m    3: <unknown>
[2m1970-01-01T00:00:45.981159Z[0m [32m INFO[0m [1mcosmic-panel[0m[2m:[0m [2mcosmic_session::notifications[0m[2m:[0m    4: <unknown>
[2m1970-01-01T00:00:45.981464Z[0m [32m INFO[0m [1mcosmic-panel[0m[2m:[0m [2mcosmic_session::notifications[0m[2m:[0m    5: <unknown>
[2m1970-01-01T00:00:45.981778Z[0m [32m INFO[0m [1mcosmic-panel[0m[2m:[0m [2mcosmic_session::notifications[0m[2m:[0m    6: <unknown>
[2m1970-01-01T00:00:45.982145Z[0m [32m INFO[0m [1mcosmic-panel[0m[2m:[0m [2mcosmic_session::notifications[0m[2m:[0m    7: <unknown>
[2m1970-01-01T00:00:46.015958Z[0m [32m INFO[0m [1mcosmic-panel[0m[2m:[0m [2mcosmic_session::notifications[0m[2m:[0m \x1b[2m1970-01-01T00:00:46.012442Z\x1b[0m \x1b[32m INFO\x1b[0m Cell { value: None }
[2m1970-01-01T00:00:46.030171Z[0m [32m INFO[0m [1mcosmic-panel[0m[2m:[0m [2mcosmic_session::notifications[0m[2m:[0m \x1b[2m1970-01-01T00:00:46.023937Z\x1b[0m \x1b[32m INFO\x1b[0m Requires relayout: resizing list
[2m1970-01-01T00:00:46.030512Z[0m [32m INFO[0m [1mcosmic-panel[0m[2m:[0m [2mcosmic_session::notifications[0m[2m:[0m 
[2m1970-01-01T00:00:46.030727Z[0m [32m INFO[0m [1mcosmic-panel[0m[2m:[0m [2mcosmic_session::notifications[0m[2m:[0m Stack backtrace:
[2m1970-01-01T00:00:46.030995Z[0m [32m INFO[0m [1mcosmic-panel[0m[2m:[0m [2mcosmic_session::notifications[0m[2m:[0m    0: <unknown>
[2m1970-01-01T00:00:46.031229Z[0m [32m INFO[0m [1mcosmic-panel[0m[2m:[0m [2mcosmic_session::notifications[0m[2m:[0m    1: <unknown>
[2m1970-01-01T00:00:46.031495Z[0m [32m INFO[0m [1mcosmic-panel[0m[2m:[0m [2mcosmic_session::notifications[0m[2m:[0m    2: <unknown>
[2m1970-01-01T00:00:46.031704Z[0m [32m INFO[0m [1mcosmic-panel[0m[2m:[0m [2mcosmic_session::notifications[0m[2m:[0m    3: <unknown>
[2m1970-01-01T00:00:46.031963Z[0m [32m INFO[0m [1mcosmic-panel[0m[2m:[0m [2mcosmic_session::notifications[0m[2m:[0m    4: <unknown>
[2m1970-01-01T00:00:46.032192Z[0m [32m INFO[0m [1mcosmic-panel[0m[2m:[0m [2mcosmic_session::notifications[0m[2m:[0m    5: <unknown>
[2m1970-01-01T00:00:46.032413Z[0m [32m INFO[0m [1mcosmic-panel[0m[2m:[0m [2mcosmic_session::notifications[0m[2m:[0m    6: <unknown>
[2m1970-01-01T00:00:46.032627Z[0m [32m INFO[0m [1mcosmic-panel[0m[2m:[0m [2mcosmic_session::notifications[0m[2m:[0m    7: <unknown>
[2m1970-01-01T00:00:46.038981Z[0m [32m INFO[0m [1mcosmic-panel[0m[2m:[0m [2mcosmic_session::notifications[0m[2m:[0m \x1b[2m1970-01-01T00:00:46.034151Z\x1b[0m \x1b[32m INFO\x1b[0m Cell { value: None }
[2m1970-01-01T00:00:46.598016Z[0m [32m INFO[0m [1mcosmic-panel[0m[2m:[0m [2mcosmic_session::notifications[0m[2m:[0m \x1b[2m1970-01-01T00:00:46.594928Z\x1b[0m \x1b[32m INFO\x1b[0m \x1b[1mstdout\x1b[0m\x1b[1m{\x1b[0m\x1b[3mclient\x1b[0m\x1b[2m=\x1b[0mInnerClientId { ptr: 0x93f27560, alive: true }\x1b[1m}\x1b[0m\x1b[2m:\x1b[0m com.system76.CosmicPanelAppButton: \x1b[2m1970-01-01T00:00:46.584659Z\x1b[0m \x1b[31mERROR\x1b[0m \x1b[2mcosmic_config::dbus\x1b[0m\x1b[2m:\x1b[0m error getting config: com.system76.CosmicTheme.Dark failed to get key 'name': No file descriptors available (os error 24)
[2m1970-01-01T00:00:47.682231Z[0m [32m INFO[0m [1mcosmic-panel[0m[2m:[0m [2mcosmic_session::notifications[0m[2m:[0m \x1b[2m1970-01-01T00:00:47.679019Z\x1b[0m \x1b[32m INFO\x1b[0m \x1b[1mstdout\x1b[0m\x1b[1m{\x1b[0m\x1b[3mclient\x1b[0m\x1b[2m=\x1b[0mInnerClientId { ptr: 0x92b2ad90, alive: true }\x1b[1m}\x1b[0m\x1b[2m:\x1b[0m com.system76.CosmicAppletTiling: \x1b[2m1970-01-01T00:00:47.673870Z\x1b[0m \x1b[33m WARN\x1b[0m \x1b[2musvg::parser::filter\x1b[0m\x1b[2m:\x1b[0m Filters on zero-sized shapes are not allowed.
[2m1970-01-01T00:15:30.020593Z[0m [33m WARN[0m [1mcosmic-app-library[0m[2m:[0m [2mcosmic_session[0m[2m:[0m  INFO  iced_winit::platform_specific::wayland::event_loop::state > Failed to find surface for blur action
[2m1970-01-01T00:15:38.253196Z[0m [33m WARN[0m [1mcosmic-app-library[0m[2m:[0m [2mcosmic_session[0m[2m:[0m  INFO  iced_winit::platform_specific::wayland::event_loop::state > Failed to find surface for blur action
[2m1970-01-01T00:15:38.832055Z[0m [33m WARN[0m [1mcosmic-idle[0m[2m:[0m [2mcosmic_session[0m[2m:[0m \x1b[31merror:\x1b[39m command not found: loginctl
[2m1970-01-01T00:15:38.839999Z[0m [33m WARN[0m [1mcosmic-idle[0m[2m:[0m [2mcosmic_session[0m[2m:[0m [1970-01-01T00:15:38Z ERROR cosmic_idle] command 'loginctl lock-session' failed with exit status exit status: 127
[0m[?25l

































































[1;1H[J[39mbrush-0.5# [38;5;14m[38;5;5m[0m[0mps78[?25h
[?2004l[31merror:[39m command not found: ps
[?2004h[0m[?25l[2;1H[J[39mbrush-0.5# [38;5;14m[38;5;5m[0m[0m78[?25h