ArmTrngLib could not be correctly initialized.
Error: Image at 000BFDB6000 start failed: 00000001
Error: Image at 000BFD6D000 start failed: Not Found
Error: Image at 000BFCBA000 start failed: Unsupported
Error: Image at 000BFC3F000 start failed: Not Found
Error: Image at 000BFB65000 start failed: Aborted
Tpm2SubmitCommand - Tcg2 - Not Found
Tpm2GetCapabilityPcrs fail!
Tpm2SubmitCommand - Tcg2 - Not Found
Image type X64 can't be loaded on AARCH64 UEFI system.
[2J[01;01H[=3h[2J[01;01H[2J[01;01H[=3h[2J[01;01HBdsDxe: loading Boot0001 "UEFI Misc Device" from PciRoot(0x0)/Pci(0x1,0x0)
BdsDxe: starting Boot0001 "UEFI Misc Device" from PciRoot(0x0)/Pci(0x1,0x0)
ConvertPages: range BEFCC000 - BEFCDFFF covers multiple entries
ConvertPages: Incompatible memory types, the pages to allocate have been allocated
ConvertPages: Incompatible memory types, the pages to allocate have been allocated
ConvertPages: Incompatible memory types, the pages to allocate have been allocated
[01;01H[01;01H[01;01Hl[01;02Hi[01;03Hm[01;04Hi[01;05Hn[01;06He[01;07H:[01;08H [01;09HL[01;10Ho[01;11Ha[01;12Hd[01;13Hi[01;14Hn[01;15Hg[01;16H [01;17He[01;18Hx[01;19He[01;20Hc[01;21Hu[01;22Ht[01;23Ha[01;24Hb[01;25Hl[01;26He[01;27H [01;28H`[01;29Hb[01;30Ho[01;31Ho[01;32Ht[01;33H([01;34H)[01;35H:[01;36H/[01;37Hk[01;38He[01;39Hr[01;40Hn[01;41He[01;42Hl[01;43H.[01;44He[01;45Hl[01;46Hf[01;47H`[01;48H.[01;49H.[01;50H.[01;51H[01;01H[02;01Hl[02;02Hi[02;03Hm[02;04Hi[02;05Hn[02;06He[02;07H:[02;08H [02;09HP[02;10Hh[02;11Hy[02;12Hs[02;13Hi[02;14Hc[02;15Ha[02;16Hl[02;17H [02;18Hb[02;19Ha[02;20Hs[02;21He[02;22H:[02;23H [02;24H [02;25H [02;26H0[02;27Hx[02;28Hb[02;29H8[02;30H0[02;31H3[02;32H0[02;33H0[02;34H0[02;35H0[02;36H[02;01H[03;01Hl[03;02Hi[03;03Hm[03;04Hi[03;05Hn[03;06He[03;07H:[03;08H [03;09HV[03;10Hi[03;11Hr[03;12Ht[03;13Hu[03;14Ha[03;15Hl[03;16H [03;17Hb[03;18Ha[03;19Hs[03;20He[03;21H:[03;22H [03;23H [03;24H [03;25H [03;26H0[03;27Hx[03;28Hf[03;29Hf[03;30Hf[03;31Hf[03;32Hf[03;33Hf[03;34Hf[03;35Hf[03;36Hc[03;37H0[03;38H0[03;39H8[03;40H0[03;41H0[03;42H0[03;43H0[03;44H[03;01H[04;01Hl[04;02Hi[04;03Hm[04;04Hi[04;05Hn[04;06He[04;07H:[04;08H [04;09HS[04;10Hl[04;11Hi[04;12Hd[04;13He[04;14H:[04;15H [04;16H [04;17H [04;18H [04;19H [04;20H [04;21H [04;22H [04;23H [04;24H [04;25H [04;26H0[04;27Hx[04;28H0[04;29H[04;01H[05;01Hl[05;02Hi[05;03Hm[05;04Hi[05;05Hn[05;06He[05;07H:[05;08H [05;09HE[05;10HL[05;11HF[05;12H [05;13He[05;14Hn[05;15Ht[05;16Hr[05;17Hy[05;18H [05;19Hp[05;20Ho[05;21Hi[05;22Hn[05;23Ht[05;24H:[05;25H [05;26H0[05;27Hx[05;28Hf[05;29Hf[05;30Hf[05;31Hf[05;32Hf[05;33Hf[05;34Hf[05;35Hf[05;36Hc[05;37H0[05;38H0[05;39H8[05;40H0[05;41H0[05;42H0[05;43H0[05;44H[05;01H[06;01Hl[06;02Hi[06;03Hm[06;04Hi[06;05Hn[06;06He[06;07H:[06;08H [06;09HB[06;10Ha[06;11Hs[06;12He[06;13H [06;14Hr[06;15He[06;16Hv[06;17Hi[06;18Hs[06;19Hi[06;20Ho[06;21Hn[06;22H:[06;23H [06;24H [06;25H [06;26H6[06;27H[06;01H[07;01Hl[07;02Hi[07;03Hm[07;04Hi[07;05Hn[07;06He[07;07H:[07;08H [07;09HR[07;10He[07;11Hq[07;12Hu[07;13He[07;14Hs[07;15Ht[07;16Hs[07;17H [07;18Hc[07;19Ho[07;20Hu[07;21Hn[07;22Ht[07;23H:[07;24H [07;25H [07;26H7[07;27H[07;01H[08;01Hl[08;02Hi[08;03Hm[08;04Hi[08;05Hn[08;06He[08;07H:[08;08H [08;09HT[08;10Ho[08;11Hp[08;12H [08;13Ho[08;14Hf[08;15H [08;16HH[08;17HH[08;18HD[08;19HM[08;20H:[08;21H [08;22H [08;23H [08;24H [08;25H [08;26H0[08;27Hx[08;28Hc[08;29H0[08;30H0[08;31H0[08;32H0[08;33H0[08;34H0[08;35H0[08;36H[08;01H[09;01Ha[09;02Hc[09;03Hp[09;04Hi[09;05H:[09;06H [09;07HF[09;08Ho[09;09Hu[09;10Hn[09;11Hd[09;12H [09;13HX[09;14HS[09;15HD[09;16HP[09;17H [09;18Ha[09;19Ht[09;20H [09;21H0[09;22Hx[09;23Hb[09;24Hc[09;25Hb[09;26H4[09;27H3[09;28H0[09;29H1[09;30H8[09;31H[09;01H[10;01Hl[10;02Hi[10;03Hm[10;04Hi[10;05Hn[10;06He[10;07H:[10;08H [10;09HL[10;10Ho[10;11Ha[10;12Hd[10;13Hi[10;14Hn[10;15Hg[10;16H [10;17Hm[10;18Ho[10;19Hd[10;20Hu[10;21Hl[10;22He[10;23H [10;24H`[10;25Hb[10;26Ho[10;27Ho[10;28Ht[10;29H([10;30H)[10;31H:[10;32H/[10;33Hi[10;34Hn[10;35Hi[10;36Ht[10;37Hr[10;38Hd[10;39H.[10;40Hg[10;41Hz[10;42H`[10;43H.[10;44H.[10;45H.[10;46H[10;01H[11;01H[ARCH] MAIR_EL1 before=0x00000000000000ff after=0x00000000004400ff
[MAIN] DTB not found via Limine, searching in RAM...
[MAIN] DTB search failed.
[MAIN] ECAM found via ACPI MCFG at 0x0x0000004010000000
[MAIN] Architecture initialized.
[MAIN] Limine boot info parsed. Memmap len: 0x000000000000001C HHDM: 0xFFFF000000000000
[MAIN] UART base: 0x0000000009000000 PCI ECAM: 0x0000004010000000
[MAIN] Initializing PCI ECAM at 0x0000004010000000
[MAIN] Architecture initialized.
[MAIN] Limine boot info parsed. Memmap len: 0x000000000000001C HHDM: 0xFFFF000000000000
[MAIN] UART base: 0x0000000009000000 PCI ECAM: 0x0000004010000000
[MM] Initializing memory management with HHDM offset: 0xFFFF000000000000
[MAIN] No bootloader framebuffer; trying VirtIO GPU...
[PCI] Scanning bus...
[PCI] Found dev 0x00001B36:0x00000008
  BAR0x00000000=0x00000000
  BAR0x00000001=0x00000000
  BAR0x00000002=0x00000000
  BAR0x00000003=0x00000000
  BAR0x00000004=0x00000000
  BAR0x00000005=0x00000000
[PCI] Found dev 0x00001AF4:0x00001042
  BAR0x00000000=0x00000000
  BAR0x00000001=0x10047000
  BAR0x00000002=0x00000000
  BAR0x00000003=0x00000000
  BAR0x00000004=0x0000000C
[PCI] Found dev 0x00001AF4:0x00001042
  BAR0x00000000=0x00000000
  BAR0x00000001=0x10046000
  BAR0x00000002=0x00000000
  BAR0x00000003=0x00000000
  BAR0x00000004=0x0000400C
[PCI] Found dev 0x00001AF4:0x00001042
  BAR0x00000000=0x00000000
  BAR0x00000001=0x10045000
  BAR0x00000002=0x00000000
  BAR0x00000003=0x00000000
  BAR0x00000004=0x0000800C
[PCI] Found dev 0x00001AF4:0x00001050
  BAR0x00000000=0x00000000
  BAR0x00000001=0x10044000
  BAR0x00000002=0x00000000
  BAR0x00000003=0x00000000
  BAR0x00000004=0x0000C00C
[PCI] Found dev 0x00001AF4:0x00001052
  BAR0x00000000=0x00000000
  BAR0x00000001=0x10043000
  BAR0x00000002=0x00000000
  BAR0x00000003=0x00000000
  BAR0x00000004=0x0001000C
[PCI] Found dev 0x00001AF4:0x00001052
  BAR0x00000000=0x00000000
  BAR0x00000001=0x10042000
  BAR0x00000002=0x00000000
  BAR0x00000003=0x00000000
  BAR0x00000004=0x0001400C
[PCI] Found dev 0x00001AF4:0x00001059
  BAR0x00000000=0x00000000
  BAR0x00000001=0x10041000
  BAR0x00000002=0x00000000
  BAR0x00000003=0x00000000
  BAR0x00000004=0x0001800C
[PCI] Found dev 0x00001AF4:0x00001041
  BAR0x00000000=0x00000000
  BAR0x00000001=0x10040000
  BAR0x00000002=0x00000000
  BAR0x00000003=0x00000000
  BAR0x00000004=0x0001C00C
[GPU] device features hi=0x00000101 lo=0x30000002
[GPU] *** host does NOT offer VIRTIO_GPU_F_VIRGL -- 3D/Venus unavailable ***
[GPU] *** host does NOT offer VIRTIO_GPU_F_RESOURCE_BLOB -- 3D/Venus unavailable ***
[GPU] *** host does NOT offer VIRTIO_GPU_F_CONTEXT_INIT -- 3D/Venus unavailable ***
[GPU] acked features hi=0x00000001 lo=0x00000002
[MAIN] VirtIO GPU framebuffer at phys=0x00000000BE000000 virt=0xFFFF0000BE000000 1280x800
[MAIN] VirtIO GPU framebuffer console initialized.

[LEANDROS] Kernel starting...
[TRACE] boot_info_addr: 0x0000000000000000
[INIT] Kernel init task starting
[INIT] VFS server port: 1
[INIT] evdev server port: 2
[INPUT] virtio-input functions found=0x00000002
[INPUT] Found VirtIO Input device
[INPUT] -> keyboard (event0)
[KBD] VirtIO Input device initialized
[INPUT] Found VirtIO Input device
[INPUT] -> tablet (event1)
[KBD] VirtIO Input device initialized
[INPUT] bound=0x00000002
[INIT] DRM server port: 3
[INIT] PipeWire server port: 4
[NET] VirtIO Net device initialized successfully
[NET] Loopback interface 127.0.0.1/8 up
[NET] Interface configured, net server initialized successfully
[INIT] Loading userspace init ELF binary from initrd
[INIT] Found initrd at physical 0x00000000BFA59000 size 0x0000000000004A00
[CPIO] Found file in initrd
[INIT] Successfully extracted init binary from initrd
[INIT] Framebuffer debug info:
[INIT]   Physical base: 0x0000000000000000
[INIT]   Resolution: 0x0
[INIT]   Pitch: 0
[INIT]   Virtual address: 0xFFFF000000000000
[INIT]   Virtual address is in kernel space - OK
[INIT] Framebuffer console resolution: 0x0 pitch=0
[SCHED] spawn_user: entry=00000000002109AC sp=000000000FFFFFC0
[SCHED] Allocating kernel stack...
[SCHED] Creating task struct for PID 2
Task::new_userspace: creating userspace task
Task::new_userspace: userspace task created successfully
[INIT] load_and_spawn_elf: entry=0x00000000002109AC sp=0x000000000FFFFFC0
[INIT] Userspace init spawned with PID: 2
[INIT] Starting scheduler loop...
[SCHED] scheduler_run_loop started...
[SCHED] CPU ID: 0[SCHED] scheduler_run_loop started...
[SCHED] CPU ID: 2
[SCHED] scheduler_run_loop started...
[SCHED] CPU ID: 3LeandrOS Init (PID 1) starting...

Init PID: [SCHED] scheduler_run_loop started...
2

[SCHED] CPU ID: 1Mounting F2FS disk /dev/vdb to /mnt...

F2FS mounted successfully at /mnt!
Pivoting root to /mnt (old root at /mnt/old_root)...
pivot_root successful! Root is now F2FS.
Mounting /dev/vdc at /data (f2fs)...
Starting getty loop...

LeandrOS

login: root
Password: 
[?2004h[0m[?25l[48;1H[J[39mbrush-0.5# [38;5;14m[38;5;5m[0m[0m78[?25h[0m[?25l[48;1H[J[39mbrush-0.5# [38;5;14m[38;5;5m[0m[0mexport X78[?25h[0m[?25l[48;1H[J[39mbrush-0.5# [38;5;14m[38;5;5m[0m[0mexport XDG_RUNTI78[?25h[0m[?25l[48;1H[J[39mbrush-0.5# [38;5;14m[38;5;5m[0m[0mexport XDG_RUNTIME_DIR=/78[?25h[0m[?25l[48;1H[J[39mbrush-0.5# [38;5;14m[38;5;5m[0m[0mexport XDG_RUNTIME_DIR=/run/user78[?25h[0m[?25l[48;1H[J[39mbrush-0.5# [38;5;14m[38;5;5m[0m[0mexport XDG_RUNTIME_DIR=/run/user/078[?25h
[?2004l[?2004h[0m[?25l[49;1H[J[39mbrush-0.5# [38;5;14m[38;5;5m[0m[0m78[?25h[0m[?25l[49;1H[J[39mbrush-0.5# [38;5;14m[38;5;5m[0m[0msh /bin/78[?25h[0m[?25l[49;1H[J[39mbrush-0.5# [38;5;14m[38;5;5m[0m[0msh /bin/start-c78[?25h[0m[?25l[49;1H[J[39mbrush-0.5# [38;5;14m[38;5;5m[0m[0msh /bin/start-co78[?25h[0m[?25l[49;1H[J[39mbrush-0.5# [38;5;14m[38;5;5m[0m[0msh /bin/start-cosmic-lea78[?25h[0m[?25l[49;1H[J[39mbrush-0.5# [38;5;14m[38;5;5m[0m[0msh /bin/start-cosmic-leandros &78[?25h
[?2004l[1]+	<pid unknown>
[?2004h[0m[?25l[43;1H[J[39mbrush-0.5# [38;5;14m[38;5;5m[0m[0m78[?25h[2m1970-01-01T00:00:05.286839Z[0m [32m INFO[0m [2mbusd[0m[2m:[0m reading configuration file /usr/share/dbus-1/session.conf ...
[2m1970-01-01T00:00:05.287948Z[0m [32m INFO[0m [2mbusd::bus[0m[2m:[0m Listening on UNIX socket file `/run/user/0/bus`.
[2m1970-01-01T00:00:05.299695Z[0m [33m WARN[0m [2mcosmic_session[0m[2m:[0m failed to connect to journald
[NET] connect pid=14 fd=259 conn=5 sid=2 path
[NET] accept pid=11 sid=2 conn=5 -> fd=260
[NET] accept pid=11 sid=2 EAGAIN
[2m1970-01-01T00:00:05.304242Z[0m [32m INFO[0m [2mcosmic_session[0m[2m:[0m Starting cosmic-session
[2m1970-01-01T00:00:05.304934Z[0m [32m INFO[0m [2mlaunch_pad[0m[2m:[0m starting process ' COSMIC_SESSION_SOCK=261 /bin/cosmic-comp  --no-xwayland'
[NET] connect pid=16 fd=257 conn=7 sid=2 path
[NET] accept pid=11 sid=2 conn=7 -> fd=261
[NET] accept pid=11 sid=2 EAGAIN
[NET] connect pid=16 fd=258 conn=8 [sidN=ET] ac2 ceppat th
pid=11 sid=2 conn=8 -> fd=262
[NET] accept pid=11 sid=2 EAGAIN
[2m1970-01-01T00:00:10.305200Z[0m [33m WARN[0m [2mcosmic_session[0m[2m:[0m cosmic-comp env handshake did not complete; falling back to WAYLAND_DISPLAY=wayland-1
[2m1970-01-01T00:00:10.307368Z[0m [32m INFO[0m [2mcosmic_session[0m[2m:[0m got environmental variables from cosmic-comp: [("WAYLAND_DISPLAY", "wayland-1")]
[2m1970-01-01T00:00:10.311030Z[0m [33m WARN[0m [2mcosmic_session::systemd[0m[2m:[0m unable to start systemctl --user set-environment XDG_SESSION_TYPE=wayland: No such file or directory (os error 2)
[2m1970-01-01T00:00:10.318311Z[0m [32m INFO[0m [2mlaunch_pad[0m[2m:[0m starting process ' WAYLAND_DISPLAY=wayland-1 XDG_SESSION_TYPE=wayland cosmic-settings-daemon '
[2m1970-01-01T00:00:10.331178Z[0m [33m WARN[0m [2mcosmic_session::systemd[0m[2m:[0m unable to start systemctl --user start --no-block cosmic-session.target: No such file or directory (os error 2)
[[NET2m] 19c7o0n-n0e1c-t0 p1id=14T0 0fd:00:1=260.4 c3on3n=1307 si0d=92Z path
[0m [32m INFO[0m [2mlaunch_[pNaETd] a[cc0em[p2tm :pid=11 [0smi ds=t2a crtiongnn=1 0p -ro>ces sf 'd W=A2Y6L3
AND_[DINSEPTL]A Ya=cwceayptl piad=n1d1 s-i1 d=XD2 EAGGAIN_SES
SION_TYPE=wayland DAEMON_NOTIFICATIONS_FD=263 cosmic-notifications '
[2m1970-01-01T00:00:10.352610Z[0m [32m INFO[0m [2mlaunch_pad[0m[2m:[0m starting process ' WAYLAND_DISPLAY=wayland-1 XDG_SESSION_TYPE=wayland PANEL_NOTIFICATIONS_FD=262 cosmic-panel '
[NET] connect pid=25 fd=259 conn=13 sid=2 path
[NET] accept pid=11 sid=2 conn=13 -> fd=264
[NET] accept pid=11 sid=2 EAGAIN
[2m1970-01-01T00:00:10.367047Z[0m [32m INFO[0m [2mlaunch_pad[0m[2m:[0m starting process ' WAYLAND_DISPLAY=wayland-1 XDG_SESSION_TYPE=wayland cosmic-app-library '
[NET] connect pid=25 fd=262 conn=14 sid=2 path
[NET] accept pid=11 sid=2 conn=14 -> fd=265
[NET] accept pid=11 sid=2 EAGAIN
[NET] connect pid=25 fd=263 conn=15 sid=3 path
[NET] connect pid=25 fd=264 conn=16 sid=2 path
[NET] accept pid=11 sid=2 conn=16 -> fd=266
[NET] accept pid=11 sid=2 EAGAIN
[NET] connect pid=25 fd=267 conn=18 sid=2 path
[NET] accept pid=11 sid=2 conn=18 -> fd=267
[NET] accept pid=11 sid=2 EAGAIN
[NET] [cNEoTnn]e ct fpiord=k25 25 fd=2-68 c>onn3=179  pesid=2 pndatihng
 fd=263 conn=15 CO[PINED
[ET]N ETac] focrk 25e-p>t3 7p id=p1end1 ingsi d=fd2= 2con6n8=1 co9n n-=19 >COPI fED
d=268
[NET] accept pid=11 sid=2 EAGAIN
[NET] fork 25->38 pending fd=263 conn=15 COPIED
[2m1970-01-01T00:00:10.566870Z[0m [33m WARN[0m [2mbusd::peers[0m[2m:[0m unknown destination: org.freedesktop.locale1
[2m1970-01-01T00:00:10.569178Z[0m [32m INFO[0m [2mlaunch_pad[0m[2m:[0m starting process ' WAYLAND_DISPLAY=wayland-1 XDG_SESSION_TYPE=wayland cosmic-launcher '
[2m1970-01-01T00:00:10.591457Z[0m [33m WARN[0m [1mcosmic-settings-daemon[0m[2m:[0m [2mcosmic_session[0m[2m:[0m   \x1b[33m WARN\x1b[0m  \x1b[33mFailed to populate properties cache via GetAll: org.freedesktop.DBus.Error.ServiceUnknown: The name org.freedesktop.locale1 was not provided by any .service files. Property change streams will not produce values.\x1b[0m
[2m1970-01-01T00:00:10.594832Z[0m [33m WARN[0m [1mcosmic-settings-daemon[0m[2m:[0m [2mcosmic_session[0m[2m:[0m     \x1b[2;3mat\x1b[0m /Users/forain/.cargo/registry/src/index.crates.io-1949cf8c6b5b557f/zbus-5.16.0/src/proxy/mod.rs:301 \x1b[2;3mon\x1b[0m main
[2m1970-01-01T00:00:10.596986Z[0m [33m WARN[0m [1mcosmic-settings-daemon[0m[2m:[0m [2mcosmic_session[0m[2m:[0m     \x1b[2;3min\x1b[0m \x1b[1m{}\x1b[0m \x1b[2;3mwith\x1b[0m \x1b[3mtask_name\x1b[0m\x1b[2m=\x1b[0m"org.freedesktop.locale1 proxy caching"
[2m1970-01-01T00:00:10.609999Z[0m [33m WARN[0m [1mcosmic-settings-daemon[0m[2m:[0m [2mcosmic_session[0m[2m:[0m 
[2m1970-01-01T00:00:10.611320Z[0m [32m INFO[0m [1mcosmic-notifications[0m[2m:[0m [2mcosmic_session::notifications[0m[2m:[0m \x1b[2m1970-01-01T00:00:10.375972Z\x1b[0m \x1b[33m WARN\x1b[0m \x1b[2mcosmic_notifications\x1b[0m\x1b[2m:\x1b[0m Failed to connect to journald
[2m1970-01-01T00:00:10.613007Z[0m [32m INFO[0m [1mcosmic-notifications[0m[2m:[0m [2mcosmic_session::notifications[0m[2m:[0m \x1b[2m1970-01-01T00:00:10.376933Z\x1b[0m \x1b[32m INFO\x1b[0m \x1b[2mcosmic_notifications\x1b[0m\x1b[2m:\x1b[0m cosmic-notifications (com.system76.CosmicNotifications)
[2m1970-01-01T00:00:10.614976Z[0m [32m INFO[0m [1mcosmic-notifications[0m[2m:[0m [2mcosmic_session::notifications[0m[2m:[0m \x1b[2m1970-01-01T00:00:10.377655Z\x1b[0m \x1b[32m INFO\x1b[0m \x1b[2mcosmic_notifications\x1b[0m\x1b[2m:\x1b[0m Version: 0.1.0 (release)
[2m1970-01-01T00:00:10.619334Z[0m [33m WARN[0m [1mcosmic-app-library[0m[2m:[0m [2mcosmic_session[0m[2m:[0m  INFO  cosmic_app_library > Cosmic App Library (com.system76.CosmicAppLibrary)
[2m1970-01-01T00:00:10.630617Z[0m [33m WARN[0m [1mcosmic-app-library[0m[2m:[0m [2mcosmic_session[0m[2m:[0m  INFO  cosmic_app_library > Version: 0.1.0
[2m1970-01-01T00:00:10.632244Z[0m [33m WARN[0m [1mcosmic-app-library[0m[2m:[0m [2mcosmic_session[0m[2m:[0m  INFO  i18n_embed::requester > Current Locale: []
[2m1970-01-01T00:00:10.633504Z[0m [33m WARN[0m [1mcosmic-app-library[0m[2m:[0m [2mcosmic_session[0m[2m:[0m  INFO  i18n_embed            > Selecting translations for domain "cosmic_app_library"
[2m1970-01-01T00:00:10.635244Z[0m [32m INFO[0m [2mlaunch_pad[0m[2m:[0m starting process ' WAYLAND_DISPLAY=wayland-1 XDG_SESSION_TYPE=wayland cosmic-workspaces '
[NET] connect pid=27 fd=256 conn=20 sid=3 path
[2m1970-01-01T00:00:10.660169Z[0m [32m INFO[0m [1mcosmic-notifications[0m[2m:[0m [2mcosmic_session::notifications[0m[2m:[0m \x1b[2m1970-01-01T00:00:10.588105Z\x1b[0m \x1b[33m WARN\x1b[0m \x1b[2mcosmic_text::font::system\x1b[0m\x1b[2m:\x1b[0m failed to get system locale, falling back to en-US
[2m1970-01-01T00:00:10.662924Z[0m [32m INFO[0m [1mcosmic-notifications[0m[2m:[0m [2mcosmic_session::notifications[0m[2m:[0m \x1b[2m1970-01-01T00:00:10.602192Z\x1b[0m \x1b[33m WARN\x1b[0m \x1b[2mfontdb\x1b[0m\x1b[2m:\x1b[0m Fallback to loading from known font dir paths.
[2m1970-01-01T00:00:10.667648Z[0m [32m INFO[0m [1mcosmic-panel[0m[2m:[0m [2mcosmic_session::notifications[0m[2m:[0m \x1b[2m1970-01-01T00:00:10.589999Z\x1b[0m \x1b[31mERROR\x1b[0m Panel Entry Error: GetKey("padding_overlap", Os { code: 2, kind: NotFound, message: "No such file or directory" })
[2m1970-01-01T00:00:10.670009Z[0m [32m INFO[0m [1mcosmic-panel[0m[2m:[0m [2mcosmic_session::notifications[0m[2m:[0m \x1b[2m1970-01-01T00:00:10.591129Z\x1b[0m \x1b[31mERROR\x1b[0m Panel Entry Error: GetKey("keep_style_on_maximize", Os { code: 2, kind: NotFound, message: "No such file or directory" })
[2m1970-01-01T00:00:10.672503Z[0m [32m INFO[0m [1mcosmic-panel[0m[2m:[0m [2mcosmic_session::notifications[0m[2m:[0m \x1b[2m1970-01-01T00:00:10.591138Z\x1b[0m \x1b[31mERROR\x1b[0m Panel Entry Error: GetKey("padding_overlap", Os { code: 2, kind: NotFound, message: "No such file or directory" })
[2m1970-01-01T00:00:10.675119Z[0m [32m INFO[0m [1mcosmic-panel[0m[2m:[0m [2mcosmic_session::notifications[0m[2m:[0m \x1b[2m1970-01-01T00:00:10.591144Z\x1b[0m \x1b[31mERROR\x1b[0m Panel Entry Error: GetKey("keep_style_on_maximize", Os { code: 2, kind: NotFound, message: "No such file or directory" })
[2m1970-01-01T00:00:10.679805Z[0m [32m INFO[0m [2mlaunch_pad[0m[2m:[0m starting process ' WAYLAND_DISPLAY=wayland-1 XDG_SESSION_TYPE=wayland cosmic-osd '
[2m1970-01-01T00:00:10.693076Z[0m [32m INFO[0m [1mcosmic-launcher[0m[2m:[0m [2mcosmic_session[0m[2m:[0m 1970-01-01T00:00:10.636361Z  INFO cosmic-launcher (com.system76.CosmicLauncher)
[2m1970-01-01T00:00:10.694806Z[0m [32m INFO[0m [1mcosmic-launcher[0m[2m:[0m [2mcosmic_session[0m[2m:[0m 1970-01-01T00:00:10.640445Z  INFO Version: 1.0.12 (release)
[2m1970-01-01T00:00:10.696451Z[0m [32m INFO[0m [2mlaunch_pad[0m[2m:[0m starting process ' WAYLAND_DISPLAY=wayland-1 XDG_SESSION_TYPE=wayland cosmic-bg '
[NET] connect pid=32 fd=259 conn=22 sid=2 path
[NET] accept pid=11 sid=2 conn=22 -> fd=269
[NET] accept pid=11 sid=2 EAGAIN
[2m1970-01-01T00:00:10.720227Z[0m [32m INFO[0m [2mlaunch_pad[0m[2m:[0m starting process ' WAYLAND_DISPLAY=wayland-1 XDG_SESSION_TYPE=wayland cosmic-greeter '
[2m1970-01-01T00:00:10.728088Z[0m [33m WARN[0m [1mcosmic-app-library[0m[2m:[0m [2mcosmic_session[0m[2m:[0m  INFO  zbus::connection::handshake::common > write_command; command=Auth(Some(External), Some([48]))
[2m1970-01-01T00:00:10.731699Z[0m [33m WARN[0m [1mcosmic-app-library[0m[2m:[0m [2mcosmic_session[0m[2m:[0m  INFO  zbus::connection::handshake::common > write_commands; commands=[Auth(Some(External), Some([48]))] extra_bytes=None
[2m1970-01-01T00:00:10.733696Z[0m [33m WARN[0m [1mcosmic-app-library[0m[2m:[0m [2mcosmic_session[0m[2m:[0m  INFO  tracing::span                       > read_command;
[2m1970-01-01T00:00:10.735247Z[0m [33m WARN[0m [1mcosmic-app-library[0m[2m:[0m [2mcosmic_session[0m[2m:[0m  INFO  zbus::connection::handshake::common > read_commands; n_commands=1
[NET] connect pid=44 fd=256 conn=21 sid=3 path
[2m1970-01-01T00:00:10.746043Z[0m [33m WARN[0m [1mcosmic-workspaces[0m[2m:[0m [2mcosmic_session[0m[2m:[0m [1970-01-01T00:00:10Z INFO  i18n_embed::requester] Current Locale: []
[2m1970-01-01T00:00:10.747700Z[0m [33m WARN[0m [1mcosmic-workspaces[0m[2m:[0m [2mcosmic_session[0m[2m:[0m [1970-01-01T00:00:10Z INFO  i18n_embed] Selecting translations for domain "cosmic_workspaces"
[2m1970-01-01T00:00:10.749562Z[0m [31mERROR[0m [1mcosmic-greeter[0m[2m:[0m [2mcosmic_session[0m[2m:[0m failed to start cosmic-greeter: failed to start process: No such file or directory (os error 2)
[2m1970-01-01T00:00:10.749640Z[0m [33m WARN[0m [2mbusd::peers[0m[2m:[0m unknown destination: com.system76.CosmicAppLibrary
[2m1970-01-01T00:00:10.749999Z[0m [32m INFO[0m [2mlaunch_pad[0m[2m:[0m starting process ' WAYLAND_DISPLAY=wayland-1 XDG_SESSION_TYPE=wayland cosmic-files-applet '
[2m1970-01-01T00:00:10.770413Z[0m [33m WARN[0m [1mcosmic-app-library[0m[2m:[0m [2mcosmic_session[0m[2m:[0m  INFO  zbus::connection::handshake::common > write_commands; commands=[NegotiateUnixFD, Begin] extra_bytes=Some([108, 1, 0, 1, 0, 0, 0, 0, 1, 0, 0, 0, 109, 0, 0, 0, 1, 1, 111, 0, 21, 0, 0, 0, 47, 111, 114, 103, 47, 102, 114, 101, 101, 100, 101, 115, 107, 116, 111, 112, 47, 68, 66, 117, 115, 0, 0, 0, 2, 1, 115, 0, 20, 0, 0, 0, 111, 114, 103, 46, 102, 114, 101, 101, 100, 101, 115, 107, 116, 111, 112, 46, 68, 66, 117, 115, 0, 0, 0, 0, 3, 1, 115, 0, 5, 0, 0, 0, 72, 101, 108, 108, 111, 0, 0, 0, 6, 1, 115, 0, 20, 0, 0, 0, 111, 114, 103, 46, 102, 114, 101, 101, 100, 101, 115, 107, 116, 111, 112, 46, 68, 66, 117, 115, 0, 0, 0, 0])
[2m1970-01-01T00:00:10.779308Z[0m [33m WARN[0m [1mcosmic-app-library[0m[2m:[0m [2mcosmic_session[0m[2m:[0m  INFO  zbus::connection::handshake::common > read_commands; n_commands=1
[2m1970-01-01T00:00:10.780597Z[0m [33m WARN[0m [2mbusd::peers[0m[2m:[0m unknown destination: org.a11y.Bus
[2m1970-01-01T00:00:10.800023Z[0m [33m WARN[0m [1mcosmic-app-library[0m[2m:[0m [2mcosmic_session[0m[2m:[0m  WARN  cosmic::app                         > Failed to activate another instance err=MethodError(OwnedErrorName("org.freedesktop.DBus.Error.ServiceUnknown"), Some("The name com.system76.CosmicAppLibrary was not provided by any .service files"), Msg { type: Error, serial: 57, sender: UniqueName("org.freedesktop.DBus"), reply-serial: 2, body: Str, fds: [] })
[2m1970-01-01T00:00:10.804040Z[0m [32m INFO[0m [2mlaunch_pad[0m[2m:[0m starting process ' WAYLAND_DISPLAY=wayland-1 XDG_SESSION_TYPE=wayland cosmic-idle '
[NET] connect pid=46 fd=256 conn=24 sid=2 path
[NET] accept pid=11 sid=2 conn=24 -> fd=270
[NET] accept pid=11 sid=2 EAGAIN
[2m1970-01-01T00:00:10.836059Z[0m [33m WARN[0m [1mcosmic-app-library[0m[2m:[0m [2mcosmic_session[0m[2m:[0m  WARN  cosmic_text::font::system           > failed to get system locale, falling back to en-US
[2m1970-01-01T00:00:10.840438Z[0m [33m WARN[0m [1mcosmic-app-library[0m[2m:[0m [2mcosmic_session[0m[2m:[0m  WARN  fontdb                              > Fallback to loading from known font dir paths.
[NET] connect pid=47 fd=256 conn=23 sid=3 path
[NET] connect pid=32 fd=260 conn=25 sid=3 path
[2m1970-01-01T00:00:10.890832Z[0m [33m WARN[0m [1mcosmic-files-applet[0m[2m:[0m [2mcosmic_session[0m[2m:[0m   \x1b[32m INFO\x1b[0m  \x1b[32mCurrent Locale: []\x1b[0m
[2m1970-01-01T00:00:10.892191Z[0m [33m WARN[0m [1mcosmic-files-applet[0m[2m:[0m [2mcosmic_session[0m[2m:[0m     \x1b[2;3mat\x1b[0m /Users/forain/.cargo/registry/src/index.crates.io-1949cf8c6b5b557f/i18n-embed-0.16.0/src/requester.rs:299 \x1b[2;3mon\x1b[0m main
[2m1970-01-01T00:00:10.894948Z[0m [33m WARN[0m [1mcosmic-files-applet[0m[2m:[0m [2mcosmic_session[0m[2m:[0m 
[2m1970-01-01T00:00:10.896022Z[0m [33m WARN[0m [1mcosmic-files-applet[0m[2m:[0m [2mcosmic_session[0m[2m:[0m   \x1b[32m INFO\x1b[0m  \x1b[32mSelecting translations for domain "cosmic_files"\x1b[0m
[2m1970-01-01T00:00:10.897789Z[0m [33m WARN[0m [1mcosmic-files-applet[0m[2m:[0m [2mcosmic_session[0m[2m:[0m     \x1b[2;3mat\x1b[0m /Users/forain/.cargo/registry/src/index.crates.io-1949cf8c6b5b557f/i18n-embed-0.16.0/src/lib.rs:602 \x1b[2;3mon\x1b[0m main
[2m1970-01-01T00:00:10.907935Z[0m [33m WARN[0m [1mcosmic-files-applet[0m[2m:[0m [2mcosmic_session[0m[2m:[0m 
[NET] connect pid=39 fd=259 conn=27 sid=2 path
[NET] accept pid=11 sid=2 conn=27 -> fd=271
[NET] accept pid=11 sid=2 EAGAIN
[2m1970-01-01T00:00:11.028073Z[0m [33m WARN[0m [2mbusd::peers[0m[2m:[0m unknown destination: com.system76.CosmicLauncher
[2m1970-01-01T00:00:11.030008Z[0m [32m INFO[0m [1mcosmic-launcher[0m[2m:[0m [2mcosmic_session[0m[2m:[0m 1970-01-01T00:00:11.029079Z  WARN Failed to activate another instance err=MethodError(OwnedErrorName("org.freedesktop.DBus.Error.ServiceUnknown"), Some("The name com.system76.CosmicLauncher was not provided by any .service files"), Msg { type: Error, serial: 74, sender: UniqueName("org.freedesktop.DBus"), reply-serial: 2, body: Str, fds: [] })
[NET] connect pid=40 fd=259 conn=29 sid=2 path
[NET] accept pid=11 sid=2 conn=29 -> fd=272
[NET] accept pid=11 sid=2 EAGAIN
[2m1970-01-01T00:00:11.100537Z[0m [33m WARN[0m [1mcosmic-workspaces[0m[2m:[0m [2mcosmic_session[0m[2m:[0m [1970-01-01T00:00:11Z INFO  zbus::connection::handshake::common] write_command; command=Auth(Some(External), Some([48]))
[2m1970-01-01T00:00:11.105007Z[0m [33m WARN[0m [1mcosmic-workspaces[0m[2m:[0m [2mcosmic_session[0m[2m:[0m [1970-01-01T00:00:11Z INFO  zbus::connection::handshake::common] write_commands; commands=[Auth(Some(External), Some([48]))] extra_bytes=None
[2m1970-01-01T00:00:11.110438Z[0m [33m WARN[0m [1mcosmic-workspaces[0m[2m:[0m [2mcosmic_session[0m[2m:[0m [1970-01-01T00:00:11Z INFO  tracing::span] read_command;
[2m1970-01-01T00:00:11.111796Z[0m [33m WARN[0m [1mcosmic-workspaces[0m[2m:[0m [2mcosmic_session[0m[2m:[0m [1970-01-01T00:00:11Z INFO  zbus::connection::handshake::common] read_commands; n_commands=1
[2m1970-01-01T00:00:11.115079Z[0m [33m WARN[0m [1mcosmic-workspaces[0m[2m:[0m [2mcosmic_session[0m[2m:[0m [1970-01-01T00:00:11Z INFO  zbus::connection::handshake::common] write_commands; commands=[NegotiateUnixFD, Begin] extra_bytes=Some([108, 1, 0, 1, 0, 0, 0, 0, 1, 0, 0, 0, 109, 0, 0, 0, 1, 1, 111, 0, 21, 0, 0, 0, 47, 111, 114, 103, 47, 102, 114, 101, 101, 100, 101, 115, 107, 116, 111, 112, 47, 68, 66, 117, 115, 0, 0, 0, 2, 1, 115, 0, 20, 0, 0, 0, 111, 114, 103, 46, 102, 114, 101, 101, 100, 101, 115, 107, 116, 111, 112, 46, 68, 66, 117, 115, 0, 0, 0, 0, 3, 1, 115, 0, 5, 0, 0, 0, 72, 101, 108, 108, 111, 0, 0, 0, 6, 1, 115, 0, 20, 0, 0, 0, 111, 114, 103, 46, 102, 114, 101, 101, 100, 101, 115, 107, 116, 111, 112, 46, 68, 66, 117, 115, 0, 0, 0, 0])
[2m1970-01-01T00:00:11.128756Z[0m [33m WARN[0m [2mbusd::peers[0m[2m:[0m unknown destination: com.system76.CosmicWorkspaces
[2m1970-01-01T00:00:11.130221Z[0m [33m WARN[0m [1mcosmic-workspaces[0m[2m:[0m [2mcosmic_session[0m[2m:[0m [1970-01-01T00:00:11Z INFO  zbus::connection::handshake::common] read_commands; n_commands=1
[2m1970-01-01T00:00:11.134311Z[0m [33m WARN[0m [1mcosmic-workspaces[0m[2m:[0m [2mcosmic_session[0m[2m:[0m [1970-01-01T00:00:11Z WARN  cosmic::app] Failed to activate another instance err=MethodError(OwnedErrorName("org.freedesktop.DBus.Error.ServiceUnknown"), Some("The name com.system76.CosmicWorkspaces was not provided by any .service files"), Msg { type: Error, serial: 78, sender: UniqueName("org.freedesktop.DBus"), reply-serial: 2, body: Str, fds: [] })
[2m1970-01-01T00:00:11.140624Z[0m [33m WARN[0m [1mcosmic-workspaces[0m[2m:[0m [2mcosmic_session[0m[2m:[0m [1970-01-01T00:00:11Z WARN  cosmic_text::font::system] failed to get system locale, falling back to en-US
[2m1970-01-01T00:00:11.142442Z[0m [33m WARN[0m [1mcosmic-workspaces[0m[2m:[0m [2mcosmic_session[0m[2m:[0m [1970-01-01T00:00:11Z WARN  fontdb] Fallback to loading from known font dir paths.
[NET] connect pid=41 fd=259 conn=31 sid=2 path
[NET] accept pid=11 sid=2 conn=31 -> fd=273
[NET] accept pid=11 sid=2 EAGAIN
[NET] connect pid=39 fd=260 conn=32 sid=3 path
[2m1970-01-01T00:00:11.177030Z[0m [33m WARN[0m [1mcosmic-osd[0m[2m:[0m [2mcosmic_session[0m[2m:[0m [1970-01-01T00:00:11Z INFO  zbus::connection::handshake::common] write_command; command=Auth(Some(External), Some([48]))
[2m1970-01-01T00:00:11.179048Z[0m [33m WARN[0m [1mcosmic-osd[0m[2m:[0m [2mcosmic_session[0m[2m:[0m [1970-01-01T00:00:11Z INFO  zbus::connection::handshake::common] write_commands; commands=[Auth(Some(External), Some([48]))] extra_bytes=None
[2m1970-01-01T00:00:11.181300Z[0m [33m WARN[0m [1mcosmic-osd[0m[2m:[0m [2mcosmic_session[0m[2m:[0m [1970-01-01T00:00:11Z INFO  tracing::span] read_command;
[2m1970-01-01T00:00:11.184782Z[0m [33m WARN[0m [1mcosmic-osd[0m[2m:[0m [2mcosmic_session[0m[2m:[0m [1970-01-01T00:00:11Z INFO  zbus::connection::handshake::common] read_commands; n_commands=1
[2m1970-01-01T00:00:11.186969Z[0m [33m WARN[0m [1mcosmic-osd[0m[2m:[0m [2mcosmic_session[0m[2m:[0m [1970-01-01T00:00:11Z INFO  zbus::connection::handshake::common] write_commands; commands=[NegotiateUnixFD, Begin] extra_bytes=Some([108, 1, 0, 1, 0, 0, 0, 0, 1, 0, 0, 0, 109, 0, 0, 0, 1, 1, 111, 0, 21, 0, 0, 0, 47, 111, 114, 103, 47, 102, 114, 101, 101, 100, 101, 115, 107, 116, 111, 112, 47, 68, 66, 117, 115, 0, 0, 0, 2, 1, 115, 0, 20, 0, 0, 0, 111, 114, 103, 46, 102, 114, 101, 101, 100, 101, 115, 107, 116, 111, 112, 46, 68, 66, 117, 115, 0, 0, 0, 0, 3, 1, 115, 0, 5, 0, 0, 0, 72, 101, 108, 108, 111, 0, 0, 0, 6, 1, 115, 0, 20, 0, 0, 0, 111, 114, 103, 46, 102, 114, 101, 101, 100, 101, 115, 107, 116, 111, 112, 46, 68, 66, 117, 115, 0, 0, 0, 0])
[2m1970-01-01T00:00:11.193068Z[0m [33m WARN[0m [1mcosmic-osd[0m[2m:[0m [2mcosmic_session[0m[2m:[0m [1970-01-01T00:00:11Z INFO  zbus::connection::handshake::common] read_commands; n_commands=1
[2m1970-01-01T00:00:11.197384Z[0m [33m WARN[0m [2mbusd::peers[0m[2m:[0m unknown destination: com.system76.CosmicOnScreenDisplay
[2m1970-01-01T00:00:11.210029Z[0m [33m WARN[0m [1mcosmic-osd[0m[2m:[0m [2mcosmic_session[0m[2m:[0m [1970-01-01T00:00:11Z WARN  cosmic::app] Failed to activate another instance err=MethodError(OwnedErrorName("org.freedesktop.DBus.Error.ServiceUnknown"), Some("The name com.system76.CosmicOnScreenDisplay was not provided by any .service files"), Msg { type: Error, serial: 82, sender: UniqueName("org.freedesktop.DBus"), reply-serial: 2, body: Str, fds: [] })
[2m1970-01-01T00:00:11.214704Z[0m [33m WARN[0m [1mcosmic-osd[0m[2m:[0m [2mcosmic_session[0m[2m:[0m [1970-01-01T00:00:11Z WARN  cosmic_text::font::system] failed to get system locale, falling back to en-US
[2m1970-01-01T00:00:11.216516Z[0m [33m WARN[0m [1mcosmic-osd[0m[2m:[0m [2mcosmic_session[0m[2m:[0m [1970-01-01T00:00:11Z WARN  fontdb] Fallback to loading from known font dir paths.
[NET] connect pid=40 fd=260 conn=33 sid=3 path
[NET] connect pid=41 fd=260 conn=34 sid=3 path
[2m1970-01-01T00:00:11.374188Z[0m [33m WARN[0m [1mcosmic-files-applet[0m[2m:[0m [2mcosmic_session[0m[2m:[0m   \x1b[33m WARN\x1b[0m  \x1b[33mfailed to locate desktop directory, falling back to /root/Desktop\x1b[0m
[2m1970-01-01T00:00:11.377629Z[0m [33m WARN[0m [1mcosmic-files-applet[0m[2m:[0m [2mcosmic_session[0m[2m:[0m     \x1b[2;3mat\x1b[0m src/lib.rs:50 \x1b[2;3mon\x1b[0m main
[2m1970-01-01T00:00:11.379277Z[0m [33m WARN[0m [1mcosmic-files-applet[0m[2m:[0m [2mcosmic_session[0m[2m:[0m 
[2m1970-01-01T00:00:11.380356Z[0m [33m WARN[0m [1mcosmic-files-applet[0m[2m:[0m [2mcosmic_session[0m[2m:[0m   \x1b[33m WARN\x1b[0m  \x1b[33mfailed to get system locale, falling back to en-US\x1b[0m
[2m1970-01-01T00:00:11.382272Z[0m [33m WARN[0m [1mcosmic-files-applet[0m[2m:[0m [2mcosmic_session[0m[2m:[0m     \x1b[2;3mat\x1b[0m /Users/forain/.cargo/registry/src/index.crates.io-1949cf8c6b5b557f/cosmic-text-0.19.0/src/font/system.rs:423 \x1b[2;3mon\x1b[0m main
[2m1970-01-01T00:00:11.384317Z[0m [33m WARN[0m [1mcosmic-files-applet[0m[2m:[0m [2mcosmic_session[0m[2m:[0m 
[2m1970-01-01T00:00:11.385158Z[0m [33m WARN[0m [1mcosmic-files-applet[0m[2m:[0m [2mcosmic_session[0m[2m:[0m   \x1b[33m WARN\x1b[0m  \x1b[33mFallback to loading from known font dir paths.\x1b[0m
[2m1970-01-01T00:00:11.388954Z[0m [33m WARN[0m [1mcosmic-files-applet[0m[2m:[0m [2mcosmic_session[0m[2m:[0m     \x1b[2;3mat\x1b[0m /Users/forain/.cargo/registry/src/index.crates.io-1949cf8c6b5b557f/fontdb-0.23.0/src/lib.rs:466 \x1b[2;3mon\x1b[0m main
[2m1970-01-01T00:00:11.390025Z[0m [33m WARN[0m [1mcosmic-files-applet[0m[2m:[0m [2mcosmic_session[0m[2m:[0m 
[NET] connect pid=46 fd=257 conn=37 sid=3 path
[NET] connect pid=28 fd=259 conn=39 sid=2 path
[NET] accept pid=11 sid=2 conn=39 -> fd=274
[NET] accept pid=11 sid=2 EAGAIN
[2m1970-01-01T00:00:11.549028Z[0m [32m INFO[0m [1mcosmic-panel[0m[2m:[0m [2mcosmic_session::notifications[0m[2m:[0m \x1b[2m1970-01-01T00:00:11.548608Z\x1b[0m \x1b[32m INFO\x1b[0m Watching panel config entries for changes Config { system_path: Some("/usr/share/cosmic/com.system76.CosmicPanel/v1"), user_path: Some("/root/.config/cosmic/com.system76.CosmicPanel/v1"), previous: None }
[2m1970-01-01T00:00:11.566078Z[0m [32m INFO[0m [1mcosmic-panel[0m[2m:[0m [2mcosmic_session::notifications[0m[2m:[0m \x1b[2m1970-01-01T00:00:11.565745Z\x1b[0m \x1b[32m INFO\x1b[0m Watching panel config entry: Config { system_path: Some("/usr/share/cosmic/com.system76.CosmicPanel.Panel/v1"), user_path: Some("/root/.config/cosmic/com.system76.CosmicPanel.Panel/v1"), previous: None }
[2m1970-01-01T00:00:11.578903Z[0m [32m INFO[0m [1mcosmic-panel[0m[2m:[0m [2mcosmic_session::notifications[0m[2m:[0m \x1b[2m1970-01-01T00:00:11.578411Z\x1b[0m \x1b[32m INFO\x1b[0m Watching panel config entry: Config { system_path: Some("/usr/share/cosmic/com.system76.CosmicPanel.Dock/v1"), user_path: Some("/root/.config/cosmic/com.system76.CosmicPanel.Dock/v1"), previous: None }
[2m1970-01-01T00:00:11.589355Z[0m [32m INFO[0m [1mcosmic-panel[0m[2m:[0m [2mcosmic_session::notifications[0m[2m:[0m \x1b[2m1970-01-01T00:00:11.588905Z\x1b[0m \x1b[32m INFO\x1b[0m Watching panel config successful
[2m1970-01-01T00:00:11.600044Z[0m [32m INFO[0m [1mcosmic-panel[0m[2m:[0m [2mcosmic_session::notifications[0m[2m:[0m \x1b[2m1970-01-01T00:00:11.599301Z\x1b[0m \x1b[32m INFO\x1b[0m Connecting to notifications daemon
[NET] connect pid=28 fd=263 conn=40 sid=3 path
[DRM] unimplemented ioctl cmd=0xC00864BF nr=0x000000BF type=0x00000064 size=0x00000008 (reported once per boot)
[DRM-SRV] mmap token=0x00000000AA000000 map_info=0x01 -> writeback
[DRM-SRV] mmap token=0x00000000AA800000 map_info=0x01 -> writeback
[2m1970-01-01T00:00:12.089999Z[0m [31mERROR[0m [2mpanic[0m[2m:[0m thread 'main' panicked at 'called `Result::unwrap()` on an `Err` value: {"WAYLAND_DISPLAY": "wayland-1"}': src/comp.rs:37
   0: <log_panics::Config>::install_panic_hook::{closure#0}
   1: std::panicking::panic_with_hook
   2: std::panicking::panic_handler::{closure#0}
   3: std::sys::backtrace::__rust_end_short_backtrace::<std::panicking::panic_handler::{closure#0}, !>
   4: __rustc::rust_begin_unwind
   5: core::panicking::panic_fmt
   6: core::result::unwrap_failed
   7: cosmic_session::comp::parse_and_handle_ipc
   8: <core::future::poll_fn::PollFn<cosmic_session::comp::run_compositor::{closure#0}::{closure#1}> as core::future::future::Future>::poll
   9: cosmic_session::comp::run_compositor::{closure#0}
  10: <tokio::runtime::task::core::Core<cosmic_session::comp::run_compositor::{closure#0}, alloc::sync::Arc<tokio::runtime::scheduler::current_thread::Handle>>>::poll
  11: <tokio::runtime::task::harness::Harness<cosmic_session::comp::run_compositor::{closure#0}, alloc::sync::Arc<tokio::runtime::scheduler::current_thread::Handle>>>::poll
  12: <tokio::runtime::scheduler::current_thread::Context>::enter::<(), <tokio::runtime::scheduler::current_thread::Context>::run_task<(), <tokio::runtime::scheduler::current_thread::CoreGuard>::block_on<core::pin::Pin<&mut cosmic_session::main::{closure#0}>>::{closure#0}::{closure#1}>::{closure#0}>
  13: <tokio::runtime::context::scoped::Scoped<tokio::runtime::scheduler::Context>>::set::<<tokio::runtime::scheduler::current_thread::CoreGuard>::enter<<tokio::runtime::scheduler::current_thread::CoreGuard>::block_on<core::pin::Pin<&mut cosmic_session::main::{closure#0}>>::{closure#0}, core::option::Option<core::result::Result<(), eyre::Report>>>::{closure#0}, (alloc::boxed::Box<tokio::runtime::scheduler::current_thread::Core>, core::option::Option<core::result::Result<(), eyre::Report>>)>
  14: <tokio::runtime::scheduler::current_thread::CoreGuard>::block_on::<core::pin::Pin<&mut cosmic_session::main::{closure#0}>>
  15: tokio::runtime::context::runtime::enter_runtime::<<tokio::runtime::scheduler::current_thread::CurrentThread>::block_on<cosmic_session::main::{closure#0}>::{closure#0}, core::result::Result<(), eyre::Report>>
  16: <tokio::runtime::runtime::Runtime>::block_on::<cosmic_session::main::{closure#0}>
  17: cosmic_session::main
  18: std::sys::backtrace::__rust_begin_short_backtrace::<fn() -> core::result::Result<(), eyre::Report>, core::result::Result<(), eyre::Report>>
  19: std::rt::lang_start::<core::result::Result<(), eyre::Report>>::{closure#0}
  20: std::rt::lang_start_internal
  21: main

[NET] accept pid=16 sid=3 conn=15 -> fd=264
[NET] accept pid=16 sid=3 conn=20 -> fd=265
[NET] accept pid=16 sid=3 conn=40 -> fd=266
[NET] accept pid=16 sid=3 conn=25 -> fd=267
[NET] accept pid=16 sid=3 conn=32 -> fd=268
[NET] accept pid=16 sid=3 conn=33 -> fd=269
[NET] accept pid=16 sid=3 conn=34 -> fd=270
[NET] accept pid=16 sid=3 conn=21 -> fd=271
[NET] accept pid=16 sid=3 conn=37 -> fd=272
[NET] accept pid=16 sid=3 conn=23 -> fd=273
[NET] accept pid=16 sid=3 EAGAIN
[2m1970-01-01T00:00:12.195984Z[0m [33m WARN[0m [2mbusd::peers[0m[2m:[0m unknown destination: com.system76.PowerDaemon
[2m1970-01-01T00:00:12.385010Z[0m [33m WARN[0m [1mcosmic-notifications[0m[2m:[0m [2mcosmic_session::notifications[0m[2m:[0m xkbcommon: ERROR: couldn't find a Compose file for locale "C" (mapped to "C")
[2m1970-01-01T00:00:12.385514Z[0m [32m INFO[0m [1mcosmic-panel[0m[2m:[0m [2mcosmic_session::notifications[0m[2m:[0m \x1b[2m1970-01-01T00:00:12.365002Z\x1b[0m \x1b[32m INFO\x1b[0m \x1b[1minput_seat\x1b[0m\x1b[1m{\x1b[0m\x1b[3mname\x1b[0m\x1b[2m=\x1b[0m"seat-0"\x1b[1m}\x1b[0m\x1b[2m:\x1b[0m\x1b[1madd_keyboard_with_context_flags\x1b[0m\x1b[1m{\x1b[0m\x1b[3mxkb_config\x1b[0m\x1b[2m=\x1b[0mXkbConfig { rules: "", model: "", layout: "", variant: "", options: None } \x1b[3mrepeat_delay\x1b[0m\x1b[2m=\x1b[0m200 \x1b[3mrepeat_rate\x1b[0m\x1b[2m=\x1b[0m20 \x1b[3mcontext_flags\x1b[0m\x1b[2m=\x1b[0m0\x1b[1m}\x1b[0m\x1b[2m:\x1b[0m\x1b[1minput_keyboard\x1b[0m\x1b[2m:\x1b[0m Initializing a xkbcommon handler with keymap query
[2m1970-01-01T00:00:12.387227Z[0m [33m WARN[0m [1mcosmic-app-library[0m[2m:[0m [2mcosmic_session[0m[2m:[0m xkbcommon: ERROR: couldn't find a Compose file for locale "C" (mapped to "C")
[2m1970-01-01T00:00:12.387614Z[0m [33m WARN[0m [1mcosmic-launcher[0m[2m:[0m [2mcosmic_session[0m[2m:[0m xkbcommon: ERROR: couldn't find a Compose file for locale "C" (mapped to "C")
[2m1970-01-01T00:00:12.390659Z[0m [33m WARN[0m [1mcosmic-osd[0m[2m:[0m [2mcosmic_session[0m[2m:[0m xkbcommon: ERROR: couldn't find a Compose file for locale "C" (mapped to "C")
[2m1970-01-01T00:00:12.422863Z[0m [33m WARN[0m [1mcosmic-workspaces[0m[2m:[0m [2mcosmic_session[0m[2m:[0m xkbcommon: ERROR: couldn't find a Compose file for locale "C" (mapped to "C")
[2m1970-01-01T00:00:12.423369Z[0m [33m WARN[0m [1mcosmic-idle[0m[2m:[0m [2mcosmic_session[0m[2m:[0m [1970-01-01T00:00:12Z WARN  cosmic_settings_config::shortcuts] Skipping over invalid SystemAction (
[2m1970-01-01T00:00:12.423871Z[0m [33m WARN[0m [1mcosmic-idle[0m[2m:[0m [2mcosmic_session[0m[2m:[0m         /// Toggles the screen reader
[2m1970-01-01T00:00:12.424203Z[0m [33m WARN[0m [1mcosmic-idle[0m[2m:[0m [2mcosmic_session[0m[2m:[0m         ScreenReader): 3:5-3:17: Unexpected variant named `ScreenReader` in enum `System`, expected one of `AppLibrary`, `BrightnessDown`, `BrightnessUp`, `DisplayToggle`, `HomeFolder`, `InputSourceSwitch`, `KeyboardBrightnessDown`, `KeyboardBrightnessUp`, `Launcher`, `LockScreen`, `LogOut`, `Mute`, `MuteMic`, `PlayPause`, `PlayNext`, `PlayPrev`, `PowerOff`, `Screenshot`, `Suspend`, `Terminal`, `TouchpadToggle`, `VolumeLower`, `VolumeRaise`, `WebBrowser`, `WindowSwitcher`, `WindowSwitcherPrevious`, or `WorkspaceOverview` instead
[2m1970-01-01T00:00:12.425676Z[0m [33m WARN[0m [1mcosmic-idle[0m[2m:[0m [2mcosmic_session[0m[2m:[0m [1970-01-01T00:00:12Z WARN  cosmic_settings_config::shortcuts] Skipping over invalid SystemAction (
[2m1970-01-01T00:00:12.426139Z[0m [33m WARN[0m [1mcosmic-idle[0m[2m:[0m [2mcosmic_session[0m[2m:[0m         /// Toggles the screen reader
[2m1970-01-01T00:00:12.426470Z[0m [33m WARN[0m [1mcosmic-idle[0m[2m:[0m [2mcosmic_session[0m[2m:[0m         ScreenReader): 3:5-3:17: Unexpected variant named `ScreenReader` in enum `System`, expected one of `AppLibrary`, `BrightnessDown`, `BrightnessUp`, `DisplayToggle`, `HomeFolder`, `InputSourceSwitch`, `KeyboardBrightnessDown`, `KeyboardBrightnessUp`, `Launcher`, `LockScreen`, `LogOut`, `Mute`, `MuteMic`, `PlayPause`, `PlayNext`, `PlayPrev`, `PowerOff`, `Screenshot`, `Suspend`, `Terminal`, `TouchpadToggle`, `VolumeLower`, `VolumeRaise`, `WebBrowser`, `WindowSwitcher`, `WindowSwitcherPrevious`, or `WorkspaceOverview` instead
[2m1970-01-01T00:00:12.459999Z[0m [33m WARN[0m [1mcosmic-files-applet[0m[2m:[0m [2mcosmic_session[0m[2m:[0m xkbcommon: ERROR: couldn't find a Compose file for locale "C" (mapped to "C")
[NET] connect pid=32 fd=263 conn=42 sid=2 path
[NET] connect pid=39 fd=263 co[NEnTn] =43 accseipdt= 2p ipd=at1h1 
sid=2 conn=42 -> fd=275
[NET] accept pid=11 sid=2 conn=43 -> fd=276
[NET] accept pid=11 sid=2 EAGAIN
[2m1970-01-01T00:00:12.483586Z[0m [33m WARN[0m [1mcosmic-app-library[0m[2m:[0m [2mcosmic_session[0m[2m:[0m  INFO  zbus::connection::handshake::common > write_command; command=Auth(Some(External), Some([48]))
[2m1970-01-01T00:00:12.484129Z[0m [33m WARN[0m [1mcosmic-app-library[0m[2m:[0m [2mcosmic_session[0m[2m:[0m  INFO  zbus::connection::handshake::common > write_commands; commands=[Auth(Some(External), Some([48]))] extra_bytes=None
[2m1970-01-01T00:00:12.510887Z[0m [33m WARN[0m [1mcosmic-app-library[0m[2m:[0m [2mcosmic_session[0m[2m:[0m  INFO  tracing::span                       > read_command;
[2m1970-01-01T00:00:12.511306Z[0m [33m WARN[0m [1mcosmic-app-library[0m[2m:[0m [2mcosmic_session[0m[2m:[0m  INFO  zbus::connection::handshake::common > read_commands; n_commands=1
[2m1970-01-01T00:00:12.515355Z[0m [33m WARN[0m [1mcosmic-app-library[0m[2m:[0m [2mcosmic_session[0m[2m:[0m  INFO  zbus::connection::handshake::common > write_commands; commands=[NegotiateUnixFD, Begin] extra_bytes=Some([108, 1, 0, 1, 0, 0, 0, 0, 3, 0, 0, 0, 109, 0, 0, 0, 1, 1, 111, 0, 21, 0, 0, 0, 47, 111, 114, 103, 47, 102, 114, 101, 101, 100, 101, 115, 107, 116, 111, 112, 47, 68, 66, 117, 115, 0, 0, 0, 2, 1, 115, 0, 20, 0, 0, 0, 111, 114, 103, 46, 102, 114, 101, 101, 100, 101, 115, 107, 116, 111, 112, 46, 68, 66, 117, 115, 0, 0, 0, 0, 3, 1, 115, 0, 5, 0, 0, 0, 72, 101, 108, 108, 111, 0, 0, 0, 6, 1, 115, 0, 20, 0, 0, 0, 111, 114, 103, 46, 102, 114, 101, 101, 100, 101, 115, 107, 116, 111, 112, 46, 68, 66, 117, 115, 0, 0, 0, 0])
[2m1970-01-01T00:00:12.517125Z[0m [33m WARN[0m [1mcosmic-app-library[0m[2m:[0m [2mcosmic_session[0m[2m:[0m  INFO  zbus::connection::handshake::common > read_commands; n_commands=1
[NET] connect pid=41 fd=263 conn=45 sid=2 path
[2m1970-01-01T00:00:12.537367Z[0m [33m WARN[0m [1mcosmic-osd[0m[2m:[0m [2mcosmic_session[0m[2m:[0m [1970-01-01T00:00:12Z INFO  zbus::connection::handshake::common] write_command; command=Auth(Some(External), Some([48]))
[2m1970-01-01T00:00:12.537894Z[0m [33m WARN[0m [1mcosmic-osd[0m[2m:[0m [2mcosmic_session[0m[2m:[0m [1970-01-01T00:00:12Z INFO  zbus::connection::handshake::common] write_commands; commands=[Auth(Some(External), Some([48]))] extra_bytes=None
[2m1970-01-01T00:00:12.539105Z[0m [33m WARN[0m [1mcosmic-osd[0m[2m:[0m [2mcosmic_session[0m[2m:[0m [1970-01-01T00:00:12Z INFO  tracing::span] read_command;
[2m1970-01-01T00:00:12.539430Z[0m [33m WARN[0m [1mcosmic-osd[0m[2m:[0m [2mcosmic_session[0m[2m:[0m [1970-01-01T00:00:12Z INFO  zbus::connection::handshake::common] read_commands; n_commands=1
[NET] accept pid=11 sid=2 conn=45 -> fd=277
[NET] accept pid=11 sid=2 EAGAIN
[2m1970-01-01T00:00:12.549706Z[0m [33m WARN[0m [1mcosmic-osd[0m[2m:[0m [2mcosmic_session[0m[2m:[0m [1970-01-01T00:00:12Z INFO  zbus::connection::handshake::common] write_commands; commands=[NegotiateUnixFD, Begin] extra_bytes=Some([108, 1, 0, 1, 0, 0, 0, 0, 3, 0, 0, 0, 109, 0, 0, 0, 1, 1, 111, 0, 21, 0, 0, 0, 47, 111, 114, 103, 47, 102, 114, 101, 101, 100, 101, 115, 107, 116, 111, 112, 47, 68, 66, 117, 115, 0, 0, 0, 2, 1, 115, 0, 20, 0, 0, 0, 111, 114, 103, 46, 102, 114, 101, 101, 100, 101, 115, 107, 116, 111, 112, 46, 68, 66, 117, 115, 0, 0, 0, 0, 3, 1, 115, 0, 5, 0, 0, 0, 72, 101, 108, 108, 111, 0, 0, 0, 6, 1, 115, 0, 20, 0, 0, 0, 111, 114, 103, 46, 102, 114, 101, 101, 100, 101, 115, 107, 116, 111, 112, 46, 68, 66, 117, 115, 0, 0, 0, 0])
[2m1970-01-01T00:00:12.549999Z[0m [33m WARN[0m [1mcosmic-osd[0m[2m:[0m [2mcosmic_session[0m[2m:[0m [1970-01-01T00:00:12Z INFO  zbus::connection::handshake::common] read_commands; n_commands=1
[2m1970-01-01T00:00:12.599999Z[0m [32m INFO[0m [1mcosmic-panel[0m[2m:[0m [2mcosmic_session::notifications[0m[2m:[0m \x1b[2m1970-01-01T00:00:12.599999Z\x1b[0m \x1b[32m INFO\x1b[0m \x1b[1minput_seat\x1b[0m\x1b[1m{\x1b[0m\x1b[3mname\x1b[0m\x1b[2m=\x1b[0m"seat-0"\x1b[1m}\x1b[0m\x1b[2m:\x1b[0m\x1b[1madd_keyboard_with_context_flags\x1b[0m\x1b[1m{\x1b[0m\x1b[3mxkb_config\x1b[0m\x1b[2m=\x1b[0mXkbConfig { rules: "", model: "", layout: "", variant: "", options: None } \x1b[3mrepeat_delay\x1b[0m\x1b[2m=\x1b[0m200 \x1b[3mrepeat_rate\x1b[0m\x1b[2m=\x1b[0m20 \x1b[3mcontext_flags\x1b[0m\x1b[2m=\x1b[0m0\x1b[1m}\x1b[0m\x1b[2m:\x1b[0m\x1b[1minput_keyboard\x1b[0m\x1b[2m:\x1b[0m Loaded Keymap \x1b[3mname\x1b[0m\x1b[2m=\x1b[0m"English (US)"
[NET] connect pid=47 fd=257 conn=46 sid=2 path
[NET] accept pid=11 sid=2 conn=46 -> fd=278
[NET] accept pid=11 sid=2 EAGAIN
[NET] connect pid=47 fd=258 conn=47 sid=2 path
[NET] accept pid=11 sid=2 conn=47 -> fd=279
[NET] accept pid=11 sid=2 EAGAIN
[NET] connect pid=27 fd=260 conn=48 sid=2 path
[NET] accept pid=11 sid=2 conn=48 -> fd=280
[NET] accept pid=11 sid=2 EAGAIN
[2m1970-01-01T00:00:12.730625Z[0m [32m INFO[0m [1mcosmic-launcher[0m[2m:[0m [2mcosmic_session[0m[2m:[0m 1970-01-01T00:00:12.681699Z  INFO starting pop-launcher service
[2m1970-01-01T00:00:12.731747Z[0m [33m WARN[0m [1mcosmic-idle[0m[2m:[0m [2mcosmic_session[0m[2m:[0m [1970-01-01T00:00:12Z INFO  tracing::span] perform;
[2m1970-01-01T00:00:12.733221Z[0m [33m WARN[0m [1mcosmic-idle[0m[2m:[0m [2mcosmic_session[0m[2m:[0m [1970-01-01T00:00:12Z INFO  tracing::span] authenticate;
[2m1970-01-01T00:00:12.733694Z[0m [33m WARN[0m [1mcosmic-idle[0m[2m:[0m [2mcosmic_session[0m[2m:[0m [1970-01-01T00:00:12Z INFO  zbus::connection::handshake::common] write_command; command=Auth(Some(External), Some([48]))
[2m1970-01-01T00:00:12.734217Z[0m [33m WARN[0m [1mcosmic-idle[0m[2m:[0m [2mcosmic_session[0m[2m:[0m [1970-01-01T00:00:12Z INFO  zbus::connection::handshake::common] write_commands; commands=[Auth(Some(External), Some([48]))] extra_bytes=None
[2m1970-01-01T00:00:12.760743Z[0m [33m WARN[0m [1mcosmic-panel[0m[2m:[0m [2mcosmic_session::notifications[0m[2m:[0m xkbcommon: ERROR: couldn't find a Compose file for locale "C" (mapped to "C")
[2m1970-01-01T00:00:12.774158Z[0m [33m WARN[0m [1mcosmic-workspaces[0m[2m:[0m [2mcosmic_session[0m[2m:[0m [1970-01-01T00:00:12Z INFO  iced_winit] System theme: None
[NET] connect pid=39 fd=264 conn=49 sid=2 path
[NET] connect pid=39 fd=265 conn=50 sid=2 path
[2m1970-01-01T00:00:12.787087Z[0m [33m WARN[0m [1mcosmic-workspaces[0m[2m:[0m [2mcosmic_session[0m[2m:[0m [1970-01-01T00:00:12Z INFO  iced_winit::platform_specific::wayland::event_loop] SCTK setup complete.
[2m1970-01-01T00:00:12.790655Z[0m [33m WARN[0m [1mcosmic-workspaces[0m[2m:[0m [2mcosmic_session[0m[2m:[0m xkbcommon: ERROR: couldn't find a Compose file for locale "C" (mapped to "C")
[2m1970-01-01T00:00:12.791211Z[0m [33m WARN[0m [1mcosmic-workspaces[0m[2m:[0m [2mcosmic_session[0m[2m:[0m xkbcommon: ERROR: couldn't find a Compose file for locale "C" (mapped to "C")
[2m1970-01-01T00:00:12.796616Z[0m [33m WARN[0m [1mcosmic-launcher[0m[2m:[0m [2mcosmic_session[0m[2m:[0m xkbcommon: ERROR: couldn't find a Compose file for locale "C" (mapped to "C")
[2m1970-01-01T00:00:12.797506Z[0m [33m WARN[0m [1mcosmic-launcher[0m[2m:[0m [2mcosmic_session[0m[2m:[0m xkbcommon: ERROR: couldn't find a Compose file for locale "C" (mapped to "C")
[NET] connect pid=41 fd=264 conn=51 sid=2 path
[NET] connect pid=41 fd=265 conn=52 sid=4 path
[[NE2mT] a1cc97e0-p0t1 -0p1iTd=020:50 0:s1i2.81d=[14NE 5con6T9nZ=5[2] - >0co fnnm d=[26e9c3t
3m  WpAiRd[N=N41 E[0Tmf]d =2[ 1a6mc6c cceoosmpnnt =ipic5d3= 2-5os ds[s0iiddm=2= 4[ pE2AamG:AthI[N
0m 
[2mcosmic_session[0m[2m:[0m [1970-01-01T00:00:12Z INFO  iced_winit] Sy[NstETem] a cthemceept: N onpei
[2md1=91701 -0s1-0id1T0=02 :co0n0n:12=.8419 3-4> 4fd=289Z1[
0m[[N [E3NTE3]T ]fmo  rka Wcc3AepRN9-[t0m>  p[i914m dpceo=sn1dmici1n -og sfidds==d22 6co[nn5=0 co5mn0 [-n>2m :f=[5d0m 0= 28[C2O2mPcIoE
Dsmic
_s[eNssEiTon] [ac0mce[p2mt p:[id=011 m [1si970d=2- c0o1-nn=5011 T-00>:0 fd=0:122Z8 E3R
ROR c[oNETs] micacce_setptit pingds=_a11 irplsaine_dm=2o dceo_nsnu=bs53cri p-> ftiodn=]28 4
Failed[N to moET]n iatoccr erfkilplt:  Nop suidc=h1 1 sifd=2il eEAG AoINr d
irectory (os error 2)
[2m1970-01-01T00:00:12.817375Z[0m [32m INFO[0m [1mcosmic-launcher[0m[2m:[0m [2mcosmic_session[0m[2m:[0m 1970-01-01T00:00:12.817281Z ERROR pop-launcher failed to start: No such file or directory (os error 2)
[2[NEm19T]70-0 1c-0onn1Te0ct0: p0i0d=:1241.8 f19d=29996Z7 [c0omn n=[5433 msi d=W2 paAthRN
[0m [1mcosmic-app-library[0m[2m:[0m [2mcosmic_session[0m[2m:[0m  INFO  iced_winit                          > System theme: None
[NET] accept pid=11 sid=2 conn=54 -> fd=285
[NET] accept pid=11 sid=2 EAGAIN
[2m1970-01-01T00:00:12.830970Z[0m [32m INFO[0m [1mcosmic-panel[0m[2m:[0m [2mcosmic_session::notifications[0m[2m:[0m \x1b[2m1970-01-01T00:00:12.822877Z\x1b[0m \x1b[32m INFO\x1b[0m \x1b[1mnew\x1b[0m\x1b[1m{\x1b[0m\x1b[3mname\x1b[0m\x1b[2m=\x1b[0m"HDMI-A-1" \x1b[3mphysical\x1b[0m\x1b[2m=\x1b[0mPhysicalProperties { size: Size<smithay::utils::geometry::Raw> { w: 320, h: 200 }, subpixel: Unknown, make: "Unknown", model: "Unknown", serial_number: "Unknown" }\x1b[1m}\x1b[0m\x1b[2m:\x1b[0m Creating new Output \x1b[3mname\x1b[0m\x1b[2m=\x1b[0m"HDMI-A-1"
[2m1970-01-01T00:00:12.835775Z[0m [32m INFO[0m [1mcosmic-panel[0m[2m:[0m [2mcosmic_session::notifications[0m[2m:[0m \x1b[2m1970-01-01T00:00:12.823615Z\x1b[0m \x1b[32m INFO\x1b[0m Creating new wl_output \x1b[3moutput\x1b[0m\x1b[2m=\x1b[0m"HDMI-A-1"
[2m1970-01-01T00:00:12.838125Z[0m [32m INFO[0m [1mcosmic-panel[0m[2m:[0m [2mcosmic_session::notifications[0m[2m:[0m \x1b[2m1970-01-01T00:00:12.825406Z\x1b[0m \x1b[32m INFO\x1b[0m Spawning applets
[2m1970-01-01T00:00:12.839926Z[0m [33m WARN[0m [1mcosmic-osd[0m[2m:[0m [2mcosmic_session[0m[2m:[0m [1970-01-01T00:00:12Z INFO  zbus::connection::handshake::common] write_command; command=Auth(Some(External), Some([48]))
[NET] connect pid=28 fd=305 conn=68 sid=5 abstract
[NET] connect pid=39 fd=267 conn=74 sid=2 path
[NET] accept pid=11 sid=2 conn=74 -> fd=286
[NET] accept pid=11 sid=2 EAGAIN
[2m1970-01-01T00:00:12.872197Z[0m [33m WARN[0m [1mcosmic-osd[0m[2m:[0m [2mcosmic_session[0m[2m:[0m [1970-01-01T00:00:12Z INFO  zbus::connection::handshake::common] write_commands; commands=[Auth(Some(External), Some([48]))] extra_bytes=None
[2m1970-01-01T00:00:12.872937Z[0m [33m WARN[0m [1mcosmic-osd[0m[2m:[0m [2mcosmic_session[0m[2m:[0m [1970-01-01T00:00:12Z INFO  zbus::connection::handshake::common] write_command; command=Auth(Some(External), Some([48]))
[2m1970-01-01T00:00:12.873576Z[0m [33m WARN[0m [1mcosmic-osd[0m[2m:[0m [2mcosmic_session[0m[2m:[0m [1970-01-01T00:00:12Z INFO  zbus::connection::handshake::common] write_commands; commands=[Auth(Some(External), Some([48]))] extra_bytes=None
[2m1970-01-01T00:00:12.874955Z[0m [33m WARN[0m [1mcosmic-osd[0m[2m:[0m [2mcosmic_session[0m[2m:[0m [1970-01-01T00:00:12Z INFO  tracing::span] read_command;
[2m1970-01-01T00:00:12.875806Z[0m [33m WARN[0m [1mcosmic-osd[0m[2m:[0m [2mcosmic_session[0m[2m:[0m [1970-01-01T00:00:12Z INFO  zbus::connection::handshake::common] read_commands; n_commands=1
[2m1970-01-01T00:00:12.876644Z[0m [33m WARN[0m [1mcosmic-osd[0m[2m:[0m [2mcosmic_session[0m[2m:[0m [1970-01-01T00:00:12Z INFO  tracing::span] read_command;
[2m1970-01-01T00:00:12.877713Z[0m [33m WARN[0m [1mcosmic-osd[0m[2m:[0m [2mcosmic_session[0m[2m:[0m [1970-01-01T00:00:12Z INFO  zbus::connection::handshake::common] read_commands; n_commands=1
[2m1970-01-01T00:00:12.879014Z[0m [33m WARN[0m [1mcosmic-osd[0m[2m:[0m [2mcosmic_session[0m[2m:[0m [1970-01-01T00:00:12Z INFO  zbus::connection::handshake::common] write_command; command=Auth(Some(External), Some([48]))
[NET] connect pid=25 fd=270 conn=75 sid=2 path
[NET] accept pid=11 sid=2 conn=75 -> fd=287
[NET] accept pid=11 sid=2 EAGAIN
[2m1970-01-01T00:00:12.921302Z[0m [33m WARN[0m [1mcosmic-osd[0m[2m:[0m [2mcosmic_session[0m[2m:[0m [1970-01-01T00:00:12Z INFO  zbus::connection::handshake::common] write_commands; commands=[Auth(Some(External), Some([48]))] extra_bytes=None
[2m1970-01-01T00:00:12.923842Z[0m [33m WARN[0m [1mcosmic-osd[0m[2m:[0m [2mcosmic_session[0m[2m:[0m [1970-01-01T00:00:12Z INFO  tracing::span] read_command;
[2m1970-01-01T00:00:12.924928Z[0m [33m WARN[0m [1mcosmic-osd[0m[2m:[0m [2mcosmic_session[0m[2m:[0m [1970-01-01T00:00:12Z INFO  zbus::connection::handshake::common] read_commands; n_commands=1
[2m1970-01-01T00:00:12.926261Z[0m [33m WARN[0m [1mcosmic-osd[0m[2m:[0m [2mcosmic_session[0m[2m:[0m [1970-01-01T00:00:12Z INFO  iced_winit::platform_specific::wayland::event_loop] SCTK setup complete.
[2m1970-01-01T00:00:12.927837Z[0m [32m INFO[0m [1mcosmic-panel[0m[2m:[0m [2mcosmic_session::notifications[0m[2m:[0m \x1b[2m1970-01-01T00:00:12.828565Z\x1b[0m \x1b[32m INFO\x1b[0m [(PanelClient { name: "com.syst[NemE7T]6. coConnsmice[cNtEPT ]pi da=nco3e2l Wnfndecto=r p2idk=6sp432ac f eds=cBu2o65tt connonn"=,7 6n ps=a7itdh7= sid:2 = No2p panthea,t
 hclient
: Some(Client { id: InnerClientId { ptr: 0x5db84ec0, alive: true }, data: ClientData { .. } }), stream: Some(UnixStream { fd: FileDesc(OwnedFd { fd: 265 }) }), security_ctx: None, exec: None, minimize_priority: None, requests_wayland_display: None, is_notification_applet: None, shrink_priority: None, shrink_min_size: None, padding_shrinkable: false, auto_popup_hover_press: None }, Mutex { data: "<locked>", poisoned: false, .. }, WingStart), (PanelClient { name: "com.system76.CosmicPanelAppButton", path: None, client: Some(Client { id: InnerClientId { ptr: 0x907d4bf0, alive: true }, data: ClientData { .. } }), stream: Some(UnixStream { fd: FileDesc(OwnedFd { fd: 268 }) }), security_ctx: None, exec: None, minimize_priority: None, requests_wayland_display: None, is_notification_applet: None, shrink_priority: None, shrink_min_size: None, padding_shrinkable: false, auto_popup_hover_press: None }, Mutex { data: "<locked>", poisoned: false, .. }, WingStart), (PanelClient { name: "com.system76.CosmicAppletTime", path: None, client: Some(Client { id: InnerClientId { ptr: 0x907d4dd0, alive: true }, data: ClientData { .. } }), stream: Some(Unix[NET]St cornneeacmt  { fdp:id= F28ile Desfdc=(3O22wned cFd o{nn=7 8 sifdd=6 a: b27s1 tr})a c})t, 
security_ctx: None, exec: None, minimize_priority: None, requests_wayland_display: None, is_notification_applet: None, shrink_priority: None, shrink_min_size: None, padding_shrinkable: false, auto_popup_hover_press: None }, Mutex { data: "<locked>", poisoned: false, .. }, Center), (PanelClient { name: "com.system76.CosmicAppletInputSources", path: None, client: Some(Client { id: InnerClientId { ptr: 0x907d4ec0, alive: true }, data: ClientData { .. } }), stream: Some(UnixStream { fd: FileDesc(OwnedFd { fd: 274 }) }), security_ctx: None, exec: None, minimize_priority: None, requests_wayland_display: None, is_notification_applet: None, shrink_priority: None, shrink_min_size: None, padding_shrinkable: false, auto_popup_hover_press: None }, Mutex { data: "<locked>", poisoned: false, .. }, WingEnd), (PanelClient { name: "com.system76.CosmicAppletA11y", path: None, client: Some(Client { id: InnerClientId { ptr: 0x9122ebf0, alive: true }, data: ClientData { .. } }), stream: Some(UnixStream { fd: FileDesc(OwnedFd { fd: 277 }) }), security_ctx: None, exec: None, minimize_priority: None, requests_wayland_di[NsplEaT]y:  Nonae,cce pit pisd_n=ot11i fsiicd=a2 tconion=n76_a ->pp fdl=2et8:8
 No[nNe,E Ts]hr iankc_pricoerpitt yp:id N=o11n esi,d= sh2 cornn=77i -n> fkd_=m2in8_9si
ze: N[NET]o nea,cc eppta pdiddi=n1g1 s_sihrd=ink2 aEAbGlAe: IfNa
lse, auto_popup_hover_press: None }, Mutex { data: "<locked>", poisoned: false, .. }, WingEnd), (PanelClient { name: "com.system76.CosmicAppletStatusArea", path: None, client: Some(Client { id: InnerClientId { ptr: 0x9122ece0, alive: true }, data: ClientData { .. } }), stream: Some(UnixStream { fd: FileDesc(OwnedFd { fd: 280 }) }), security_ctx: None, exec: None, minimize_priority: None, requests_wayland_display: None, is_notification_applet: None, shrink_priority: None, shrink_min_size: None, padding_shrinkable: false, auto_popup_hover_press: None }, Mutex { data: "<locked>", poisoned: false, .. }, WingEnd), (PanelClient { name: "com.system76.CosmicAppletTiling", path: None, client: Some(Client { id: InnerClientId { ptr: 0x9122edd0, alive: true }, data: ClientData { .. } }), stream: Some(UnixStream { fd: FileDesc(OwnedFd { fd: 283 }) }), security_ctx: None, exec: None, minimize_priority: None, requests_wayland_display: None, is_notification_applet: None, shrink_priority: None, shrink_min_size: None, padding_shrinkable: false, auto_popup_hover_press: None }, Mutex { data: "<locked>", poisoned: false, .. }, WingEnd), (PanelClient { name: "com.system76.CosmicAppletAudio", path: None, client: Some(Client { id: InnerClientId { ptr: 0x9122eec0, alive: true }, data: ClientData { .. } }), stream: Some(UnixStream { fd: FileDesc(OwnedFd { fd: 286 }) }), security_ctx: None, exec: None, minimize_priority: None, requests_wayland_display: None, is_notification_applet: None, shrink_priority: None, shrink_min_size: None, padding_shrinkable: false, auto_popup_hover_press: None }, Mutex { data: "<locked>", poisoned: false, .. }, WingEnd), (PanelClient { name: "com.system76.CosmicAppletBluetooth", path: None, client: Some(Client { id: InnerClientId { ptr: 0x91237410, alive: true }, data: ClientData { .. } }), stream: Some(UnixStream { fd: FileDesc(OwnedFd { fd: 289 }) }), security_ctx: None, exec: None, minimize_priority: None, requests_wayland_display: None, is_notification_applet: None, shrink_priority: None, shrink_min_size: None, padding_shrinkable: false, auto_popup_hover_press: None }, Mutex { data: "<locked>", poisoned: false, .. }, WingEnd), (PanelClient { name: "com.system76.CosmicAppletNetwork", path: None, client: Some(Client { id: InnerClientId { ptr: 0x91237500, alive: true }, data: ClientData { .. } }), stream: Some(UnixStream { fd: FileDesc(OwnedFd { fd: 292 }) }), security_ctx: None, exec: None, minimize_priority: None, requests_wayland_display: None, is_notification_applet: None, shrink_priority: None, shrink_min_size: None, padding_shrinkable: false, auto_popup_hover_press: None }, Mutex { data: "<locked>", poisoned: false, .. }, WingEnd), (PanelClient { name: "com.system76.CosmicAppletBattery", path: None, client: Some(Client { id: InnerClientId { ptr: 0x912375f0, alive: true }, data: ClientData { .. } }), stream: Some(UnixStream { fd: FileDesc(OwnedFd { fd: 295 }) }), security_ctx: None, exec: None, minimize_priority: None, requests_wayland_display: None, is_notification_applet: None, shrink_priority: None, shrink_min_size: None, padding_shrinkable: false, auto_popup_hover_press: None }, Mutex { data: "<locked>", poisoned: false, .. }, WingEnd), (PanelClient { name: "com.system76.CosmicAppletNotifications", path: None, client: Some(Client { id: InnerClientId { ptr: 0x912376e0, alive: true }, data: ClientData { .. } }), stream: Some(UnixStream { fd: FileDesc(OwnedFd { fd: 298 }) }), security_ctx: None, exec: None, minimize_priority: None, requests_wayland_display: None, is_notification_applet: None, shrink_priority: None, shrink_min_size: Non[Ne, EpaT]d dacciengpt_s hpirdi=nk16a bslied:= 5 fcaolsnn=e68,  ->a uftdo_p=2op75up
_hover_pre[sNs:ET ]Non aec c},e Muptetx  pi{d= 16da staid: ="5<lo cEAkGAeIN
d>", poiso[NnET]ed: a fcaclespet,  .p. }id, W=1i6ng sEnid=d)6, c (Ponann=e78l C-li>en tf d{= 26n1a
me: "com.system76.CosmicAppletPower", path: Non[e, NclET]i enatcc:ept p idSom=1e6( Cslid=ien6t  E{ AiGd:AI N
InnerClientId { ptr: 0x93fb1020, alive: true }, data: ClientData { .. } }), stream: Some(UnixStream { fd: FileDesc(OwnedFd { fd: 301 }) }), security_ctx: None, exec: None, minimize_priority: None, requests_wayland_display: None, is_notification_applet: None, shrink_priority: None, shrink_min_size: None, padding_shrinkable: false, auto_popup_hover_press: None }, Mutex { data: "<locked>", poisoned: false, .. }, WingEnd)]
[NET] connect pid=32 fd=267 conn=79 sid=2 path
[NET] accept pid=11 sid=2 conn=79 -> fd=290
[NET] accept pid=11 sid=2 EAGAIN
[2m1970-01-01T00:00:13.004882Z[0m [33m WARN[0m [2mbusd::peers[0m[2m:[0m unknown destination: org.freedesktop.UPower
[NET] con[Nnect pid=2ET5] ac fced=pt271 con pn=i53d= 1s1 sidid==2 p2ath conn
=53 -> fd=284
[NET] connect pid=41 fd=266 conn=80 sid=2 path
[NET] accept pid=11 sid=2 conn=80 -> fd=291
[NET] accept pid=11 sid=2 EAGAIN
[NET] connect pid=27 fd=264 conn=81 sid=2 path
[NET] accept pid=11 sid=2 conn=81 -> fd=292
[NET] accept pid=11 sid=2 EAGAIN
[2m1970-01-01T00:00:13.130333Z[0m [32m INFO[0m [1mcosmic-panel[0m[2m:[0m [2mcosmic_session::notifications[0m[2m:[0m \x1b[2m1970-01-01T00:00:12.839546Z\x1b[0m \x1b[32m INFO\x1b[0m \x1b[3mpanel_client.name\x1b[0m\x1b[2m=\x1b[0m"com.system76.CosmicAppletTiling"
[2m1970-01-01T00:00:13.130966Z[0m [32m INFO[0m [1mcosmic-panel[0m[2m:[0m [2mcosmic_session::notifications[0m[2m:[0m \x1b[2m1970-01-01T00:00:12.841960Z\x1b[0m \x1b[32m INFO\x1b[0m \x1b[3mpanel_client.name\x1b[0m\x1b[2m=\x1b[0m"com.system76.CosmicAppletTime"
[2m1970-01-01T00:00:13.131563Z[0m [32m INFO[0m [1mcosmic-panel[0m[2m:[0m [2mcosmic_session::notifications[0m[2m:[0m \x1b[2m1970-01-01T00:00:12.843681Z\x1b[0m \x1b[32m INFO\x1b[0m \x1b[3mpanel_client.name\x1b[0m\x1b[2m=\x1b[0m"com.system76.CosmicPanelAppButton"
[2m1970-01-01T00:00:13.132162Z[0m [32m INFO[0m [1mcosmic-panel[0m[2m:[0m [2mcosmic_session::notifications[0m[2m:[0m \x1b[2m1970-01-01T00:00:12.845537Z\x1b[0m \x1b[32m INFO\x1b[0m \x1b[3mpanel_client.name\x1b[0m\x1b[2m=\x1b[0m"com.system76.CosmicPanelWorkspacesButton"
[2m1970-01-01T00:00:13.132859Z[0m [32m INFO[0m [1mcosmic-panel[0m[2m:[0m [2mcosmic_session::notifications[0m[2m:[0m \x1b[2m1970-01-01T00:00:12.847653Z\x1b[0m \x1b[32m INFO\x1b[0m Starting: cosmic-applet-tiling
[2m1970-01-01T00:00:13.135262Z[0m [32m INFO[0m [1mcosmic-panel[0m[2m:[0m [2mcosmic_session::notifications[0m[2m:[0m \x1b[2m1970-01-01T00:00:12.847669Z\x1b[0m \x1b[32m INFO\x1b[0m Starting: /bin/leandros-applet
[2m1970-01-01T00:00:13.137268Z[0m [32m INFO[0m [1mcosmic-panel[0m[2m:[0m [2mcosmic_session::notifications[0m[2m:[0m \x1b[2m1970-01-01T00:00:12.847835Z\x1b[0m \x1b[32m INFO\x1b[0m Starting: cosmic-panel-button
[2m1970-01-01T00:00:13.138799Z[0m [32m INFO[0m [1mcosmic-panel[0m[2m:[0m [2mcosmic_session::notifications[0m[2m:[0m \x1b[2m1970-01-01T00:00:12.847858Z\x1b[0m \x1b[32m INFO\x1b[0m Starting: cosmic-panel-button
[2m1970-01-01T00:00:13.148403Z[0m [33m WARN[0m [1mcosmic-app-library[0m[2m:[0m [2mcosmic_session[0m[2m:[0m  INFO  iced_winit::platform_specific::wayland::event_loop > SCTK setup complete.
[2m1970-01-01T00:00:13.148878Z[0m [33m WARN[0m [1mcosmic-osd[0m[2m:[0m [2mcosmic_session[0m[2m:[0m xkbcommon: ERROR: couldn't find a Compose file for locale "C" (mapped to "C")
[2m1970-01-01T00:00:13.149311Z[0m [33m WARN[0m [1mcosmic-osd[0m[2m:[0m [2mcosmic_session[0m[2m:[0m xkbcommon: ERROR: couldn't find a Compose file for locale "C" (mapped to "C")
[2m1970-01-01T00:00:13.149748Z[0m [33m WARN[0m [1mcosmic-osd[0m[2m:[0m [2mcosmic_session[0m[2m:[0m [1970-01-01T00:00:12Z INFO  zbus::connection::handshake::common] write_commands; commands=[NegotiateUnixFD, Begin] extra_bytes=Some([108, 1, 0, 1, 0, 0, 0, 0, 7, 0, 0, 0, 109, 0, 0, 0, 1, 1, 111, 0, 21, 0, 0, 0, 47, 111, 114, 103, 47, 102, 114, 101, 101, 100, 101, 115, 107, 116, 111, 112, 47, 68, 66, 117, 115, 0, 0, 0, 2, 1, 115, 0, 20, 0, 0, 0, 111, 114, 103, 46, 102, 114, 101, 101, 100, 101, 115, 107, 116, 111, 112, 46, 68, 66, 117, 115, 0, 0, 0, 0, 3, 1, 115, 0, 5, 0, 0, 0, 72, 101, 108, 108, 111, 0, 0, 0, 6, 1, 115, 0, 20, 0, 0, 0, 111, 114, 103, 46, 102, 114, 101, 101, 100, 101, 115, 107, 116, 111, 112, 46, 68, 66, 117, 115, 0, 0, 0, 0])
[2m1970-01-01T00:00:13.154453Z[0m [33m WARN[0m [1mcosmic-osd[0m[2m:[0m [2mcosmic_session[0m[2m:[0m [1970-01-01T00:00:12Z INFO  zbus::connection::handshake::common] read_commands; n_commands=1
[2m1970-01-01T00:00:13.155740Z[0m [33m WARN[0m [1mcosmic-osd[0m[2m:[0m [2mcosmic_session[0m[2m:[0m [1970-01-01T00:00:12Z INFO  zbus::connection::handshake::common] write_commands; commands=[NegotiateUnixFD, Begin] extra_bytes=Some([108, 1, 0, 1, 0, 0, 0, 0, 8, 0, 0, 0, 109, 0, 0, 0, 1, 1, 111, 0, 21, 0, 0, 0, 47, 111, 114, 103, 47, 102, 114, 101, 101, 100, 101, 115, 107, 116, 111, 112, 47, 68, 66, 117, 115, 0, 0, 0, 2, 1, 115, 0, 20, 0, 0, 0, 111, 114, 103, 46, 102, 114, 101, 101, 100, 101, 115, 107, 116, 111, 112, 46, 68, 66, 117, 115, 0, 0, 0, 0, 3, 1, 115, 0, 5, 0, 0, 0, 72, 101, 108, 108, 111, 0, 0, 0, 6, 1, 115, 0, 20, 0, 0, 0, 111, 114, 103, 46, 102, 114, 101, 101, 100, 101, 115, 107, 116, 111, 112, 46, 68, 66, 117, 115, 0, 0, 0, 0])
[2m1970-01-01T00:00:13.160801Z[0m [33m WARN[0m [1mcosmic-osd[0m[2m:[0m [2mcosmic_session[0m[2m:[0m [1970-01-01T00:00:12Z INFO  zbus::connection::handshake::common] read_commands; n_commands=1
[2m1970-01-01T00:00:13.162532Z[0m [33m WARN[0m [1mcosmic-osd[0m[2m:[0m [2mcosmic_session[0m[2m:[0m [1970-01-01T00:00:12Z INFO  zbus::connection::handshake::common] write_commands; commands=[NegotiateUnixFD, Begin] extra_bytes=Some([108, 1, 0, 1, 0, 0, 0, 0, 9, 0, 0, 0, 109, 0, 0, 0, 1, 1, 111, 0, 21, 0, 0, 0, 47, 111, 114, 103, 47, 102, 114, 101, 101, 100, 101, 115, 107, 116, 111, 112, 47, 68, 66, 117, 115, 0, 0, 0, 2, 1, 115, 0, 20, 0, 0, 0, 111, 114, 103, 46, 102, 114, 101, 101, 100, 101, 115, 107, 116, 111, 112, 46, 68, 66, 117, 115, 0, 0, 0, 0, 3, 1, 115, 0, 5, 0, 0, 0, 72, 101, 108, 108, 111, 0, 0, 0, 6, 1, 115, 0, 20, 0, 0, 0, 111, 114, 103, 46, 102, 114, 101, 101, 100, 101, 115, 107, 116, 111, 112, 46, 68, 66, 117, 115, 0, 0, 0, 0])
[2m1970-01-01T00:00:13.181864Z[0m [33m WARN[0m [2mbusd::peers[0m[2m:[0m unknown destination: org.a11y.Bus
[2m1970-01-01T00:00:13.190378Z[0m [33m WARN[0m [1mcosmic-osd[0m[2m:[0m [2mcosmic_session[0m[2m:[0m [1970-01-01T00:00:12Z INFO  zbus::connection::handshake::common] read_commands; n_commands=1
[2m1970-01-01T00:00:13.192405Z[0m [33m WARN[0m [1mcosmic-idle[0m[2m:[0m [2mcosmic_session[0m[2m:[0m [1970-01-01T00:00:12Z INFO  tracing::span] read_command;
[2m1970-01-01T00:00:13.193946Z[0m [33m WARN[0m [1mcosmic-idle[0m[2m:[0m [2mcosmic_session[0m[2m:[0m [1970-01-01T00:00:12Z INFO  zbus::connection::handshake::common] read_commands; n_commands=1
[2m1970-01-01T00:00:13.195822Z[0m [33m WARN[0m [1mcosmic-idle[0m[2m:[0m [2mcosmic_session[0m[2m:[0m [1970-01-01T00:00:12Z INFO  tracing::span] perform;
[2m1970-01-01T00:00:13.197357Z[0m [33m WARN[0m [1mcosmic-idle[0m[2m:[0m [2mcosmic_session[0m[2m:[0m [1970-01-01T00:00:12Z INFO  tracing::span] authenticate;
[2m1970-01-01T00:00:13.198905Z[0m [33m WARN[0m [1mcosmic-idle[0m[2m:[0m [2mcosmic_session[0m[2m:[0m [1970-01-01T00:00:12Z INFO  zbus::connection::handshake::common] write_command; command=Auth(Some(External), Some([48]))
[2m1970-01-01T00:00:13.200740Z[0m [33m WARN[0m [1mcosmic-idle[0m[2m:[0m [2mcosmic_session[0m[2m:[0m [1970-01-01T00:00:12Z INFO  zbus::connection::handshake::common] write_commands; commands=[Auth(Some(External), Some([48]))] extra_bytes=None
[2m1970-01-01T00:00:13.201791Z[0m [33m WARN[0m [1mcosmic-idle[0m[2m:[0m [2mcosmic_session[0m[2m:[0m [1970-01-01T00:00:12Z INFO  tracing::span] read_command;
[2m1970-01-01T00:00:13.202299Z[0m [33m WARN[0m [1mcosmic-idle[0m[2m:[0m [2mcosmic_session[0m[2m:[0m [1970-01-01T00:00:12Z INFO  zbus::connection::handshake::common] read_commands; n_commands=1
[2m1970-01-01T00:00:13.202777Z[0m [33m WARN[0m [1mcosmic-idle[0m[2m:[0m [2mcosmic_session[0m[2m:[0m [1970-01-01T00:00:12Z INFO  tracing::span] send_secondary_commands;
[2m1970-01-01T00:00:13.203195Z[0m [33m WARN[0m [1mcosmic-idle[0m[2m:[0m [2mcosmic_session[0m[2m:[0m [1970-01-01T00:00:12Z INFO  zbus::connection::handshake::common] write_commands; commands=[NegotiateUnixFD, Begin] extra_bytes=Some([108, 1, 0, 1, 0, 0, 0, 0, 1, 0, 0, 0, 109, 0, 0, 0, 1, 1, 111, 0, 21, 0, 0, 0, 47, 111, 114, 103, 47, 102, 114, 101, 101, 100, 101, 115, 107, 116, 111, 112, 47, 68, 66, 117, 115, 0, 0, 0, 2, 1, 115, 0, 20, 0, 0, 0, 111, 114, 103, 46, 102, 114, 101, 101, 100, 101, 115, 107, 116, 111, 112, 46, 68, 66, 117, 115, 0, 0, 0, 0, 3, 1, 115, 0, 5, 0, 0, 0, 72, 101, 108, 108, 111, 0, 0, 0, 6, 1, 115, 0, 20, 0, 0, 0, 111, 114, 103, 46, 102, 114, 101, 101, 100, 101, 115, 107, 116, 111, 112, 46, 68, 66, 117, 115, 0, 0, 0, 0])
[2m1970-01-01T00:00:13.205060Z[0m [33m WARN[0m [1mcosmic-idle[0m[2m:[0m [2mcosmic_session[0m[2m:[0m [1970-01-01T00:00:12Z INFO  zbus::connection::handshake::client] receive_secondary_responses; expected_n_responses=1
[2m1970-01-01T00:00:13.205233Z[0m [33m WARN[0m [2mbusd::peers[0m[2m:[0m unknown destination: org.a11y.Bus
[2m1970-01-01T00:00:13.205571Z[0m [33m WARN[0m [1mcosmic-idle[0m[2m:[0m [2mcosmic_session[0m[2m:[0m [1970-01-01T00:00:12Z INFO  zbus::connection::handshake::common] read_commands; n_commands=1
[2m1970-01-01T00:00:13.206293Z[0m [33m WARN[0m [1mcosmic-idle[0m[2m:[0m [2mcosmic_session[0m[2m:[0m [1970-01-01T00:00:12Z INFO  tracing::span] send_secondary_commands;
[2m1970-01-01T00:00:13.206703Z[0m [33m WARN[0m [1mcosmic-idle[0m[2m:[0m [2mcosmic_session[0m[2m:[0m [1970-01-01T00:00:12Z INFO  zbus::connection::handshake::common] write_commands; commands=[NegotiateUnixFD, Begin] extra_bytes=Some([108, 1, 0, 1, 0, 0, 0, 0, 2, 0, 0, 0, 109, 0, 0, 0, 1, 1, 111, 0, 21, 0, 0, 0, 47, 111, 114, 103, 47, 102, 114, 101, 101, 100, 101, 115, 107, 116, 111, 112, 47, 68, 66, 117, 115, 0, 0, 0, 2, 1, 115, 0, 20, 0, 0, 0, 111, 114, 103, 46, 102, 114, 101, 101, 100, 101, 115, 107, 116, 111, 112, 46, 68, 66, 117, 115, 0, 0, 0, 0, 3, 1, 115, 0, 5, 0, 0, 0, 72, 101, 108, 108, 111, 0, 0, 0, 6, 1, 115, 0, 20, 0, 0, 0, 111, 114, 103, 46, 102, 114, 101, 101, 100, 101, 115, 107, 116, 111, 112, 46, 68, 66, 117, 115, 0, 0, 0, 0])
[2m1970-01-01T00:00:13.209042Z[0m [33m WARN[0m [2mbusd::peers[0m[2m:[0m unknown destination: org.freedesktop.portal.Desktop
[2m1970-01-01T00:00:13.211928Z[0m [33m WARN[0m [2mbusd::peers[0m[2m:[0m unknown destination: org.freedesktop.portal.Desktop
[2m1970-01-01T00:00:13.213926Z[N[0mET] c o[n33necmt  WpAiRNd=2[5 0mfd [=22m72bu csond:n:=8pe3 ersisd[=02m [2patm:h[0
m unknown destination: org.freedesktop.UPower
[NET] accept pid=11 sid=2 conn=83 -> fd=293
[NET] accept pid=11 sid=2 EAGAIN
[NET] connect pid=25 fd=273 conn=84 sid=2 path
[NET] accept pid=11 sid=2 conn=84 -> fd=294
[NET] accept pid=11 sid=2 EAGAIN
[2m1970-01-01T00:00:13.223134Z[0m [33m WARN[0m [2mbusd::peers[0m[2m:[0m unknown destination: org.freedesktop.portal.Desktop
[2m1970-01-01T00:00:13.224236Z[0m [33m WARN[0m [2mbusd::peers[0m[2m:[0m unknown destination: org.freedesktop.login1
[2m1970-01-01T00:00:13.244577Z[0m [33m WARN[0m [2mbusd::peers[0m[2m:[0m unknown destination: org.freedesktop.portal.Desktop
[2m1970-01-01T00:00:13.249019Z[0m [33m WARN[0m [2mbusd::peers[0m[2m:[0m unknown destination: org.freedesktop.portal.Desktop
[NET] connect pid=25 fd=274 conn=85 sid=2 path
[NET] accept pid=11 sid=2 conn=85 -> fd=295
[NET] accept pid=11 sid=2 EAGAIN
[2m1970-01-01T00:00:13.266756Z[0m [33m WARN[0m [1mcosmic-idle[0m[2m:[0m [2mcosmic_session[0m[2m:[0m [1970-01-01T00:00:12Z INFO  zbus::connection::handshake::client] receive_secondary_responses; expected_n_responses=1
[2m1970-01-01T00:00:13.269124Z[0m [33m WARN[0m [1mcosmic-idle[0m[2m:[0m [2mcosmic_session[0m[2m:[0m [1970-01-01T00:00:12Z INFO  zbus::connection::handshake::common] read_commands; n_commands=1
[2m1970-01-01T00:00:13.269999Z[0m [33m WARN[0m [2mbusd::peers[0m[2m:[0m unknown destination: org.freedesktop.portal.Desktop
[2m1970-01-01T00:00:13.292236Z[0m [32m INFO[0m [1mcosmic-notifications[0m[2m:[0m [2mcosmic_session::notifications[0m[2m:[0m \x1b[2m1970-01-01T00:00:13.015133Z\x1b[0m \x1b[32m INFO\x1b[0m \x1b[2miced_winit\x1b[0m\x1b[2m:\x1b[0m System theme: None
[2m1970-01-01T00:00:13.294546Z[0m [32m INFO[0m [1mcosmic-notifications[0m[2m:[0m [2mcosmic_session::notifications[0m[2m:[0m \x1b[2m1970-01-01T00:00:13.021633Z\x1b[0m \x1b[32m INFO\x1b[0m \x1b[2mcosmic_notifications::subscriptions::applet\x1b[0m\x1b[2m:\x1b[0m Connecting to daemon on fd 263
[2m1970-01-01T00:00:13.298848Z[0m [32m INFO[0m [1mcosmic-notifications[0m[2m:[0m [2mcosmic_session::notifications[0m[2m:[0m \x1b[2m1970-01-01T00:00:13.105013Z\x1b[0m \x1b[32m INFO\x1b[0m \x1b[2miced_winit::platform_specific::wayland::event_loop\x1b[0m\x1b[2m:\x1b[0m SCTK setup complete.
[2m1970-01-01T00:00:13.301256Z[0m [33m WARN[0m [1mcosmic-notifications[0m[2m:[0m [2mcosmic_session::notifications[0m[[N2ET]m: co[[N0nEnemcTt ]x p kbacocidm=moc2en5: EptR f Rd=O2Rpi7: 5co ucld=dnon1't fn=18 6sini dsi=dd2= 2 ac  Cpoaotmhnpos
n=e8 f6i l-e f>o r fldo=2ca9l6e "C"
 (ma[pNpeET] da toc "cC"ep)t p
i[d=121m1 97si0d=2- 0E1-AGA0I1TN0
0:00:13.303109Z[0m [33m WARN[0m [1mcosmic-notifications[0m[2m:[0m [2mcosmic_session::notifications[0m[2m:[0m xkbcommon: ERROR: couldn't find a Compose file for locale "C" (mapped to "C")
[2m1970-01-01T00:00:13.304745Z[0m [32m INFO[0m [1mcosmic-panel[0m[2m:[0m [2mcosmic_session::notifications[0m[2m:[0m \x1b[2m1970-01-01T00:00:12.847873Z\x1b[0m \x1b[32m INFO\x1b[0m Done spawning applets
[2m1970-01-01T00:00:13.306126Z[0m [32m INFO[0m [1mcosmic-panel[0m[2m:[0m [2mcosmic_session::notifications[0m[2m:[0m \x1b[2m1970-01-01T00:00:12.847920Z\x1b[0m \x1b[32m INFO\x1b[0m Spawning applets
[2m1970-01-01T00:00:13.307612Z[0m [32m INFO[0m [1mcosmic-panel[0m[2m:[0m [2mcosmic_session::notifications[0m[2m:[0m \x1b[2m1970-01-01T00:00:12.848134Z\x1b[0m \x1b[32m INFO\x1b[0m [(PanelClient { name: "com.system76.CosmicPanelLauncherButton", path: None, client: Some(Client { id: InnerClientId { ptr: 0x93fb1200, alive: true }, data: ClientData { .. } }), stream: Some(UnixStream { fd: FileDesc(OwnedFd { fd: 306 }) }), security_ctx: None, exec: None, minimize_priority: None, requests_wayland_display: None, is_notification_applet: None, shrink_priority: None, shrink_min_size: None, padding_shrinkable: false, auto_popup_hover_press: None }, Mutex { data: "<locked>", poisoned: false, .. }, Center), (PanelClient { name: "com.system76.CosmicPanelWorkspacesButton", path: None, client: Some(Client { id: InnerClientId { ptr: 0x93fb13e0, alive: true }, data: ClientData { .. } }), stream: Some(UnixStream { fd: FileDesc(OwnedFd { fd: 309 }) }), security_ctx: None, exec: None, minimize_priority: None, requests_wayland_display: None, is_notification_applet: None, shrink_priority: None, shrink_min_size: None, padding_shrinkable: false, auto_popup_hover_press: None }, Mutex { data: "<locked>", poisoned: false, .. }, Center), (PanelClient { name: "com.system76.CosmicPanelAppButton", path: None, client: Some(Client { id: InnerClientId { ptr: 0x93fb15c0, alive: true }, data: ClientData { .. } }), stream: Some(UnixStream { fd: FileDesc(OwnedFd { fd: 312 }) }), security_ctx: None, exec: None, minimize_priority: None, requests_wayland_display: None, is_notification_applet: None, shrink_priority: None, shrink_min_size: None, padding_shrinkable: false, auto_popup_hover_press: None }, Mutex { data: "<locked>", poisoned: false, .. }, Center), (PanelClient { name: "com.system76.CosmicAppList", path: None, client: Some(Client { id: InnerClientId { ptr: 0x93fb2000, alive: true }, data: ClientData { .. } }), stream: Some(UnixStream { fd: FileDesc(OwnedFd { fd: 315 }) }), security_ctx: None, exec: None, minimize_priority: None, requests_wayland_display: None, is_notification_applet: None, shrink_priority: None, shrink_min_size: None, padding_shrinkable: false, auto_popup_hover_press: None }, Mutex { data: "<locked>", poisoned: false, .. }, Center), (PanelClient { name: "com.system76.CosmicAppletMinimize", path: None, client: Some(Client { id: InnerClientId { ptr: 0x93fb20f0, alive: true }, data: ClientData { .. } }), stream: Some(UnixStream { fd: FileDesc(OwnedFd { fd: 318 }) }), security_ctx: None, exec: None, minimize_priority: None, requests_wayland_display: None, is_notification_applet: None, shrink_priority: None, shrink_min_size: None, padding_shrinkable: false, auto_popup_hover_press: None }, Mutex { data: "<locked>", poisoned: false, .. }, Cente[Nr)E]
T] connect pid=25 fd=276 conn=87 sid=2 path
[NET] accept pid=11 sid=2 conn=87 -> fd=297
[NET] accept pid=11 sid=2 EAGAIN
[2m1970-01-01T00:00:13.425731Z[0m [32m INFO[0m [1mcosmic-panel[0m[2m:[0m [2mcosmic_session::notifications[0m[2m:[0m \x1b[2m1970-01-01T00:00:12.851443Z\x1b[0m \x1b[32m INFO\x1b[0m \x1b[3mpanel_client.name\x1b[0m\x1b[2m=\x1b[0m"com.system76.CosmicAppletMinimize"
[2m1970-01-01T00:00:13.428450Z[0m [32m INFO[0m [1mcosmic-panel[0m[2m:[0m [2mcosmic_session::notifications[0m[2m:[0m \x1b[2m1970-01-01T00:00:12.856100Z\x1b[0m \x1b[32m INFO\x1b[0m \x1b[3mpanel_client.name\x1b[0m\x1b[2m=\x1b[0m"com.system76.CosmicPanelAppButton"
[NET] connect pid=40 fd=263 conn=88 sid=2 path
[NET] accept pid=11 sid=2 conn=88 -> fd=298
[NET] accept pid=11 sid=2 EAGAIN
[2m1970-01-01T00:00:13.456296Z[0m [32m INFO[0m [1mcosmic-panel[0m[2m:[0m [2mcosmic_session::notifications[0m[2m:[0m \x1b[2m1970-01-01T00:00:12.857733Z\x1b[0m \x1b[32m INFO\x1b[0m \x1b[3mpanel_client.name\x1b[0m\x1b[2m=\x1b[0m"com.system76.CosmicPanelLauncherButton"
[2m1970-01-01T00:00:13.459312Z[0m [32m INFO[0m [1mcosmic-panel[0m[2m:[0m [2mcosmic_session::notifications[0m[2m:[0m \x1b[2m1970-01-01T00:00:12.859035Z\x1b[0m \x1b[32m INFO\x1b[0m \x1b[3mpanel_client.name\x1b[0m\x1b[2m=\x1b[0m"com.system76.CosmicPanelWorkspacesButton"
[2m1970-01-01T00:00:13.461766Z[0m [32m INFO[0m [1mcosmic-panel[0m[2m:[0m [2mcosmic_session::notifications[0m[2m:[0m \x1b[2m1970-01-01T00:00:12.937857Z\x1b[0m \x1b[32m INFO\x1b[0m Starting: cosmic-applet-minimize
[2m1970-01-01T00:00:13.463700Z[0m [32m INFO[0m [1mcosmic-panel[0m[2m:[0m [2mcosmic_session::notifications[0m[2m:[0m \x1b[2m1970-01-01T00:00:12.937874Z\x1b[0m \x1b[32m INFO\x1b[0m Starting: cosmic-panel-button
[2m1970-01-01T00:00:13.465818Z[0m [32m INFO[0m [1mcosmic-panel[0m[2m:[0m [2mcosmic_session::notifications[0m[2m:[0m \x1b[2m1970-01-01T00:00:12.937893Z\x1b[0m \x1b[32m INFO\x1b[0m Starting: cosmic-panel-button
[2m1970-01-01T00:00:13.467333Z[0m [32m INFO[0m [1mcosmic-panel[0m[2m:[0m [2mcosmic_session::notifications[0m[2m:[0m \x1b[2m1970-01-01T00:00:12.937907Z\x1b[0m \x1b[32m INFO\x1b[0m Starting: cosmic-panel-button
[2m1970-01-01T00:00:13.489476Z[0m [32m INFO[0m [1mcosmic-panel[0m[2m:[0m [2mcosmic_session::notifications[0m[2m:[0m \x1b[2m1970-01-01T00:00:12.937914Z\x1b[0m \x1b[32m INFO\x1b[0m Done spawning applets
[2m1970-01-01T00:00:13.490903Z[0m [32m INFO[0m [1mcosmic-panel[0m[2m:[0m [2mcosmic_session::notifications[0m[2m:[0m \x1b[2m1970-01-01T00:00:12.941988Z\x1b[0m \x1b[32m INFO\x1b[0m Waiting for configure event
[2m1970-01-01T00:00:13.491611Z[0m [32m INFO[0m [1mcosmic-panel[0m[2m:[0m [2mcosmic_session::notifications[0m[2m:[0m \x1b[2m1970-01-01T00:00:12.941999Z\x1b[0m \x1b[32m INFO\x1b[0m Waiting for configure event
[2m1970-01-01T00:00:13.492198Z[0m [32m INFO[0m [1mcosmic-panel[0m[2m:[0m [2mcosmic_session::notifications[0m[2m:[0m \x1b[2m1970-01-01T00:00:12.942109Z\x1b[0m \x1b[32m INFO\x1b[0m Waiting for configure event
[2m1970-01-01T00:00:13.492783Z[0m [32m INFO[0m [1mcosmic-panel[0m[2m:[0m [2mcosmic_session::notifications[0m[2m:[0m \x1b[2m1970-01-01T00:00:12.942116Z\x1b[0m \x1b[32m INFO\x1b[0m Waiting for configure event
[2m1970-01-01T00:00:13.494098Z[0m [32m INFO[0m [1mcosmic-panel[0m[2m:[0m [2mcosmic_session::notifications[0m[2m:[0m \x1b[2m1970-01-01T00:00:12.988234Z\x1b[0m \x1b[32m INFO\x1b[0m Scale factor changed 1 for as surface in space "Panel" on HDMI-A-1
[2m1970-01-01T00:00:13.495754Z[0m [33m WARN[0m [1mcosmic-app-library[0m[2m:[0m [2mcosmic_session[0m[2m:[0m xkbcommon: ERROR: couldn't find a Compose file for locale "C" (mapped to "C")
[2m1970-01-01T00:00:13.497079Z[0m [33m WARN[0m [1mcosmic-app-library[0m[2m:[0m [2mcosmic_session[0m[2m:[0m xkbcommon: ERROR: couldn't find a Compose file for locale "C" (mapped to "C")
[2m1970-01-01T00:00:13.498351Z[0m [33m WARN[0m [1mcosmic-app-library[0m[2m:[0m [2mcosmic_session[0m[2m:[0m  INFO  iced_winit::platform_specific::wayland::event_loop::state > Failed to find surface for blur action
[2m1970-01-01T00:00:13.530224Z[0m [33m WARN[0m [1mcosmic-app-library[0m[2m:[0m [2mcosmic_session[0m[2m:[0m  INFO  zbus::connection::handshake::common                       > write_command; command=Auth(Some(External), Some([48]))
[2m1970-01-01T00:00:13.532046Z[0m [33m WARN[0m [1mcosmic-app-library[0m[2m:[0m [2mcosmic_session[0m[2m:[0m  INFO  zbus::connection::handshake::common                       > write_commands; commands=[Auth(Some(External), Some([48]))] extra_bytes=None
[2m1970-01-01T00:00:13.533821Z[0m [33m WARN[0m [1mcosmic-app-library[0m[2m:[0m [2mcosmic_session[0m[2m:[0m  INFO  zbus::connection::handshake::common                       > write_command; command=Auth(Some(External), Some([48]))
[2m1970-01-01T00:00:13.534838Z[0m [33m WARN[0m [1mcosmic-app-library[0m[2m:[0m [2mcosmic_session[0m[2m:[0m  INFO  zbus::connection::handshake::common                       > write_commands; commands=[Auth(Some(External), Some([48]))] extra_bytes=None
[2m1970-01-01T00:00:13.535570Z[0m [33m WARN[0m [1mcosmic-app-library[0m[2m:[0m [2mcosmic_session[0m[2m:[0m  INFO  tracing::span                                             > read_command;
[2m1970-01-01T00:00:13.536108Z[0m [33m WARN[0m [1mcosmic-app-library[0m[2m:[0m [2mcosmic_session[0m[2m:[0m  INFO  zbus::connection::handshake::common                       > read_commands; n_commands=1
[2m1970-01-01T00:00:13.537480Z[0m [33m WARN[0m [1mcosmic-app-library[0m[2m:[0m [2mcosmic_session[0m[2m:[0m  INFO  tracing::span                                             > read_command;
[2m1970-01-01T00:00:13.539355Z[0m [33m WARN[0m [1mcosmic-app-library[0m[2m:[0m [2mcosmic_session[0m[2m:[0m  INFO  zbus::connection::handshake::common                       > read_commands; n_commands=1
[2m1970-01-01T00:00:13.619474Z[0m [33m WARN[0m [1mcosmic-app-library[0m[2m:[0m [2mcosmic_session[0m[2m:[0m  INFO  zbus::connection::handshake::common                       > write_command; command=Auth(Some(External), Some([48]))
[2m1970-01-01T00:00:13.621693Z[0m [33m WARN[0m [1mcosmic-app-library[0m[2m:[0m [2mcosmic_session[0m[2m:[0m  INFO  zbus::connection::handshake::common                       > write_commands; commands=[Auth(Some(External), Some([48]))] extra_bytes=None
[2m1970-01-01T00:00:13.624251Z[0m [33m WARN[0m [1mcosmic-app-library[0m[2m:[0m [2mcosmic_session[0m[2m:[0m  INFO  tracing::span                                             > read_command;
[2m1970-01-01T00:00:13.625915Z[0m [33m WARN[0m [1mcosmic-app-library[0m[2m:[0m [2mcosmic_session[0m[2m:[0m  INFO  zbus::connection::handshake::common                       > read_commands; n_commands=1
[2m1970-01-01T00:00:13.627742Z[0m [33m WARN[0m [1mcosmic-app-library[0m[2m:[0m [2mcosmic_session[0m[2m:[0m  INFO  zbus::connection::handshake::common                       > write_commands; commands=[NegotiateUnixFD, Begin] extra_bytes=Some([108, 1, 0, 1, 0, 0, 0, 0, 8, 0, 0, 0, 109, 0, 0, 0, 1, 1, 111, 0, 21, 0, 0, 0, 47, 111, 114, 103, 47, 102, 114, 101, 101, 100, 101, 115, 107, 116, 111, 112, 47, 68, 66, 117, 115, 0, 0, 0, 2, 1, 115, 0, 20, 0, 0, 0, 111, 114, 103, 46, 102, 114, 101, 101, 100, 101, 115, 107, 116, 111, 112, 46, 68, 66, 117, 115, 0, 0, 0, 0, 3, 1, 115, 0, 5, 0, 0, 0, 72, 101, 108, 108, 111, 0, 0, 0, 6, 1, 115, 0, 20, 0, 0, 0, 111, 114, 103, 46, 102, 114, 101, 101, 100, 101, 115, 107, 116, 111, 112, 46, 68, 66, 117, 115, 0, 0, 0, 0])
[2m1970-01-01T00:00:13.687211Z[0m [33m WARN[0m [1mcosmic-app-library[0m[2m:[0m [2mcosmic_session[0m[2m:[0m  INFO  zbus::connection::handshake::common                       > read_commands; n_commands=1
[2m1970-01-01T00:00:13.689207Z[0m [33m WARN[0m [1mcosmic-app-library[0m[2m:[0m [2mcosmic_session[0m[2m:[0m  INFO  zbus::connection::handshake::common                       > write_commands; commands=[NegotiateUnixFD, Begin] extra_bytes=Some([108, 1, 0, 1, 0, 0, 0, 0, 9, 0, 0, 0, 109, 0, 0, 0, 1, 1, 111, 0, 21, 0, 0, 0, 47, 111, 114, 103, 47, 102, 114, 101, 101, 100, 101, 115, 107, 116, 111, 112, 47, 68, 66, 117, 115, 0, 0, 0, 2, 1, 115, 0, 20, 0, 0, 0, 111, 114, 103, 46, 102, 114, 101, 101, 100, 101, 115, 107, 116, 111, 112, 46, 68, 66, 117, 115, 0, 0, 0, 0, 3, 1, 115, 0, 5, 0, 0, 0, 72, 101, 108, 108, 111, 0, 0, 0, 6, 1, 115, 0, 20, 0, 0, 0, 111, 114, 103, 46, 102, 114, 101, 101, 100, 101, 115, 107, 116, 111, 112, 46, 68, 66, 117, 115, 0, 0, 0, 0])
[2m1970-01-01T00:00:13.694441Z[0m [33m WARN[0m [1mcosmic-app-library[0m[2m:[0m [2mcosmic_session[0m[2m:[0m  INFO  zbus::connection::handshake::common                       > read_commands; n_commands=1
[2m1970-01-01T00:00:13.696128Z[0m [33m WARN[0m [1mcosmic-app-library[0m[2m:[0m [2mcosmic_session[0m[2m:[0m  INFO  zbus::connection::handshake::common                       > write_commands; commands=[NegotiateUnixFD, Begin] extra_bytes=Some([108, 1, 0, 1, 0, 0, 0, 0, 10, 0, 0, 0, 109, 0, 0, 0, 1, 1, 111, 0, 21, 0, 0, 0, 47, 111, 114, 103, 47, 102, 114, 101, 101, 100, 101, 115, 107, 116, 111, 112, 47, 68, 66, 117, 115, 0, 0, 0, 2, 1, 115, 0, 20, 0, 0, 0, 111, 114, 103, 46, 102, 114, 101, 101, 100, 101, 115, 107, 116, 111, 112, 46, 68, 66, 117, 115, 0, 0, 0, 0, 3, 1, 115, 0, 5, 0, 0, 0, 72, 101, 108, 108, 111, 0, 0, 0, 6, 1, 115, 0, 20, 0, 0, 0, 111, 114, 103, 46, 102, 114, 101, 101, 100, 101, 115, 107, 116, 111, 112, 46, 68, 66, 117, 115, 0, 0, 0, 0])
[2m1970-01-01T00:00:13.794086Z[0m [33m WARN[0m [1mcosmic-app-library[0m[2m:[0m [2mcosmic_session[0m[2m:[0m  INFO  zbus::connection::handshake::common                       > read_commands; n_commands=1
[2m1970-01-01T00:00:13.796194Z[0m [33m WARN[0m [1mcosmic-app-library[0m[2m:[0m [2mcosmic_session[0m[2m:[0m  INFO  zbus::proxy                                               > {}; task_name="org.a11y.Status proxy caching"
[2m1970-01-01T00:00:13.798464Z[0m [33m WARN[0m [1mcosmic-app-library[0m[2m:[0m [2mcosmic_session[0m[2m:[0m  INFO  zbus::connection                                          > start_object_server; started_event=None
[2m1970-01-01T00:00:13.800028Z[0m [32m INFO[0m [1mcosmic-launcher[0m[2m:[0m [2mcosmic_session[0m[2m:[0m 1970-01-01T00:00:13.182082Z  WARN {}{task_name="org.a11y.Status proxy caching"}: Failed to populate properties cache via GetAll: org.freedesktop.DBus.Error.ServiceUnknown: The name org.a11y.Bus was not provided by any .service files. Property change streams will not produce values.
[2m1970-01-01T00:00:13.830526Z[0m [32m INFO[0m [1mcosmic-launcher[0m[2m:[0m [2mcosmic_session[0m[2m:[0m 1970-01-01T00:00:13.247215Z  WARN {}{task_name="org.freedesktop.portal.Settings proxy caching"}: Failed to populate properties cache via GetAll: org.freedesktop.DBus.Error.ServiceUnknown: The name org.freedesktop.portal.Desktop was not provided by any .service files. Property change streams will not produce values.
[2m1970-01-01T00:00:13.834721Z[0m [32m INFO[0m [1mcosmic-launcher[0m[2m:[0m [2mcosmic_session[0m[2m:[0m 1970-01-01T00:00:13.251386Z ERROR Failed to get the color scheme Portal(ZBus(MethodError(OwnedErrorName("org.freedesktop.DBus.Error.ServiceUnknown"), Some("The name org.freedesktop.portal.Desktop was not provided by any .service files"), Msg { type: Error, serial: 271, sender: UniqueName("org.freedesktop.DBus"), reply-serial: 28, body: Str, fds: [] })))
[2m1970-01-01T00:00:13.838969Z[0m [33m WARN[0m [1mcosmic-osd[0m[2m:[0m [2mcosmic_session[0m[2m:[0m [1970-01-01T00:00:13Z INFO  zbus::connection] start_object_server; started_event=None
[2m1970-01-01T00:00:13.863679Z[0m [33m WARN[0m [1mcosmic-osd[0m[2m:[0m [2mcosmic_session[0m[2m:[0m [1970-01-01T00:00:13Z INFO  tracing::span] obj_server_task;
[2m1970-01-01T00:00:13.865573Z[0m [33m WARN[0m [1mcosmic-osd[0m[2m:[0m [2mcosmic_session[0m[2m:[0m [1970-01-01T00:00:13Z WARN  zbus::connection] Requesting name `com.system76.CosmicOsd` before setting up the object server. Method calls arriving before interfaces are registered may be lost. Consider using `connection::Builder::serve_at()` and `::name()` instead.
[2m1970-01-01T00:00:13.868760Z[0m [33m WARN[0m [1mcosmic-osd[0m[2m:[0m [2mcosmic_session[0m[2m:[0m [1970-01-01T00:00:13Z ERROR cosmic_settings_upower_subscription::kbdbacklight] Error listening to KbdBacklight: org.freedesktop.DBus.Error.ServiceUnknown: The name org.freedesktop.UPower was not provided by any .service files
[2m1970-01-01T00:00:13.901747Z[0m [33m WARN[0m [1mcosmic-osd[0m[2m:[0m [2mcosmic_session[0m[2m:[0m [1970-01-01T00:00:13Z INFO  zbus::connection] monitor_name_lost; name=com.system76.CosmicOnScreenDisplay
[2m1970-01-01T00:00:13.903760Z[0m [33m WARN[0m [1mcosmic-osd[0m[2m:[0m [2mcosmic_session[0m[2m:[0m [1970-01-01T00:00:13Z INFO  zbus::connection] monitor_name_lost; name=com.system76.CosmicOsd
[2m1970-01-01T00:00:13.905741Z[0m [33m WARN[0m [1mcosmic-osd[0m[2m:[0m [2mcosmic_session[0m[2m:[0m [1970-01-01T00:00:13Z INFO  zbus::connection::handshake::common] write_command; command=Auth(Some(External), Some([48]))
[2m1970-01-01T00:00:13.907965Z[0m [33m WARN[0m [1mcosmic-osd[0m[2m:[0m [2mcosmic_session[0m[2m:[0m [1970-01-01T00:00:13Z INFO  zbus::connection::handshake::common] write_commands; commands=[Auth(Some(External), Some([48]))] extra_bytes=None
[2m1970-01-01T00:00:13.910099Z[0m [33m WARN[0m [1mcosmic-osd[0m[2m:[0m [2mcosmic_session[0m[2m:[0m [1970-01-01T00:00:13Z INFO  tracing::span] read_command;
[2m1970-01-01T00:00:13.973343Z[0m [33m WARN[0m [1mcosmic-osd[0m[2m:[0m [2mcosmic_session[0m[2m:[0m [1970-01-01T00:00:13Z INFO  zbus::connection::handshake::common] read_commands; n_commands=1
[2m1970-01-01T00:00:13.975346Z[0m [33m WARN[0m [1mcosmic-osd[0m[2m:[0m [2mcosmic_session[0m[2m:[0m [1970-01-01T00:00:13Z INFO  zbus::connection::handshake::common] write_commands; commands=[NegotiateUnixFD, Begin] extra_bytes=Some([108, 1, 0, 1, 0, 0, 0, 0, 19, 0, 0, 0, 109, 0, 0, 0, 1, 1, 111, 0, 21, 0, 0, 0, 47, 111, 114, 103, 47, 102, 114, 101, 101, 100, 101, 115, 107, 116, 111, 112, 47, 68, 66, 117, 115, 0, 0, 0, 2, 1, 115, 0, 20, 0, 0, 0, 111, 114, 103, 46, 102, 114, 101, 101, 100, 101, 115, 107, 116, 111, 112, 46, 68, 66, 117, 115, 0, 0, 0, 0, 3, 1, 115, 0, 5, 0, 0, 0, 72, 101, 108, 108, 111, 0, 0, 0, 6, 1, 115, 0, 20, 0, 0, 0, 111, 114, 103, 46, 102, 114, 101, 101, 100, 101, 115, 107, 116, 111, 112, 46, 68, 66, 117, 115, 0, 0, 0, 0])
[2m1970-01-01T00:00:13.981841Z[0m [33m WARN[0m [1mcosmic-osd[0m[2m:[0m [2mcosmic_session[0m[2m:[0m [1970-01-01T00:00:13Z INFO  zbus::connection::handshake::common] read_commands; n_commands=1
[2m1970-01-01T00:00:13.982914Z[0m [33m WARN[0m [1mcosmic-osd[0m[2m:[0m [2mcosmic_session[0m[2m:[0m [1970-01-01T00:00:13Z INFO  zbus::proxy] {}; task_name="com.system76.CosmicSettingsDaemon proxy caching"
[2m1970-01-01T00:00:14.014950Z[0m [33m WARN[0m [1mcosmic-osd[0m[2m:[0m [2mcosmic_session[0m[2m:[0m [1970-01-01T00:00:13Z INFO  zbus::connection] start_object_server; started_event=None
[2m1970-01-01T00:00:14.016734Z[0m [33m WARN[0m [1mcosmic-osd[0m[2m:[0m [2mcosmic_session[0m[2m:[0m [1970-01-01T00:00:13Z INFO  tracing::span] obj_server_task;
[2m1970-01-01T00:00:14.018577Z[0m [33m WARN[0m [1mcosmic-osd[0m[2m:[0m [2mcosmic_session[0m[2m:[0m [1970-01-01T00:00:13Z INFO  zbus::proxy] {}; task_name="org.freedesktop.login1.Session proxy caching"
[2m1970-01-01T00:00:14.019999Z[0m [33m WARN[0m [1mcosmic-osd[0m[2m:[0m [2mcosmic_session[0m[2m:[0m [1970-01-01T00:00:13Z WARN  zbus::proxy] Failed to populate properties cache via GetAll: org.freedesktop.DBus.Error.ServiceUnknown: The name org.freedesktop.login1 was not provided by any .service files. Property change streams will not produce values.
[2m1970-01-01T00:00:14.022257Z[0m [33m WARN[0m [1mcosmic-osd[0m[2m:[0m [2mcosmic_session[0m[2m:[0m [1970-01-01T00:00:13Z WARN  cosmic_osd::subscriptions::polkit_agent] Failed to register PolicyKit agent: org.freedesktop.DBus.Error.ServiceUnknown: The name org.freedesktop.login1 was not provided by any .service files. This is normal if an agent is already registered.
[2m1970-01-01T00:00:14.040025Z[0m [33m WARN[0m [1mcosmic-idle[0m[2m:[0m [2mcosmic_session[0m[2m:[0m [1970-01-01T00:00:13Z INFO  tracing::span] new;
[2m1970-01-01T00:00:14.041529Z[0m [33m WARN[0m [1mcosmic-idle[0m[2m:[0m [2mcosmic_session[0m[2m:[0m [1970-01-01T00:00:13Z INFO  zbus::proxy] {}; task_name="org.freedesktop.UPower proxy caching"
[2m1970-01-01T00:00:14.043347Z[0m [33m WARN[0m [1mcosmic-idle[0m[2m:[0m [2mcosmic_session[0m[2m:[0m [1970-01-01T00:00:13Z INFO  zbus::connection] start_object_server; started_event=Some(Event { listeners_notified: 0, listeners_total: 1 })
[2m1970-01-01T00:00:14.045478Z[0m [33m WARN[0m [1mcosmic-idle[0m[2m:[0m [2mcosmic_session[0m[2m:[0m [1970-01-01T00:00:13Z INFO  tracing::span] obj_server_task;
[2m1970-01-01T00:00:14.046639Z[0m [33m WARN[0m [1mcosmic-idle[0m[2m:[0m [2mcosmic_session[0m[2m:[0m [1970-01-01T00:00:13Z INFO  tracing::span] socket reader;
[2m1970-01-01T00:00:14.047789Z[0m [33m WARN[0m [1mcosmic-idle[0m[2m:[0m [2mcosmic_session[0m[2m:[0m [1970-01-01T00:00:13Z INFO  tracing::span] read_socket;
[2m1970-01-01T00:00:14.048854Z[0m [33m WARN[0m [1mcosmic-idle[0m[2m:[0m [2mcosmic_session[0m[2m:[0m [1970-01-01T00:00:13Z INFO  tracing::span] read_socket;
[2m1970-01-01T00:00:14.049950Z[0m [33m WARN[0m [1mcosmic-idle[0m[2m:[0m [2mcosmic_session[0m[2m:[0m [1970-01-01T00:00:13Z INFO  tracing::span] socket reader;
[2m1970-01-01T00:00:14.083259Z[0m [33m WARN[0m [1mcosmic-idle[0m[2m:[0m [2mcosmic_session[0m[2m:[0m [1970-01-01T00:00:13Z INFO  tracing::span] read_socket;
[2m1970-01-01T00:00:14.084591Z[0m [33m WARN[0m [1mcosmic-idle[0m[2m:[0m [2mcosmic_session[0m[2m:[0m [1970-01-01T00:00:13Z INFO  tracing::span] read_socket;
[2m1970-01-01T00:00:14.085896Z[0m [33m WARN[0m [1mcosmic-idle[0m[2m:[0m [2mcosmic_session[0m[2m:[0m [1970-01-01T00:00:13Z INFO  tracing::span] read_socket;
[2m1970-01-01T00:00:14.087035Z[0m [33m WARN[0m [1mcosmic-idle[0m[2m:[0m [2mcosmic_session[0m[2m:[0m [1970-01-01T00:00:13Z INFO  tracing::span] read_socket;
[2m1970-01-01T00:00:14.088164Z[0m [33m WARN[0m [1mcosmic-idle[0m[2m:[0m [2mcosmic_session[0m[2m:[0m [1970-01-01T00:00:13Z INFO  tracing::span] read_socket;
[2m1970-01-01T00:00:14.089426Z[0m [33m WARN[0m [1mcosmic-idle[0m[2m:[0m [2mcosmic_session[0m[2m:[0m [1970-01-01T00:00:13Z INFO  tracing::span] read_socket;
[2m1970-01-01T00:00:14.090564Z[0m [33m WARN[0m [1mcosmic-idle[0m[2m:[0m [2mcosmic_session[0m[2m:[0m [1970-01-01T00:00:13Z INFO  tracing::span] read_socket;
[2m1970-01-01T00:00:14.091676Z[0m [33m WARN[0m [1mcosmic-idle[0m[2m:[0m [2mcosmic_session[0m[2m:[0m [1970-01-01T00:00:13Z INFO  tracing::span] read_socket;
[2m1970-01-01T00:00:14.092799Z[0m [33m WARN[0m [1mcosmic-idle[0m[2m:[0m [2mcosmic_session[0m[2m:[0m [1970-01-01T00:00:13Z INFO  tracing::span] read_socket;
[2m1970-01-01T00:00:14.145747Z[0m [33m WARN[0m [1mcosmic-idle[0m[2m:[0m [2mcosmic_session[0m[2m:[0m [1970-01-01T00:00:13Z INFO  tracing::span] read_socket;
[2m1970-01-01T00:00:14.147582Z[0m [33m WARN[0m [1mcosmic-idle[0m[2m:[0m [2mcosmic_session[0m[2m:[0m [1970-01-01T00:00:13Z INFO  zbus::connection] monitor_name_lost; name=org.freedesktop.ScreenSaver
[2m1970-01-01T00:00:14.149104Z[0m [33m WARN[0m [1mcosmic-idle[0m[2m:[0m [2mcosmic_session[0m[2m:[0m [1970-01-01T00:00:13Z INFO  tracing::span] read_socket;
[2m1970-01-01T00:00:14.149999Z[0m [33m WARN[0m [1mcosmic-idle[0m[2m:[0m [2mcosmic_session[0m[2m:[0m [1970-01-01T00:00:13Z INFO  tracing::span] read_socket;
[2m1970-01-01T00:00:14.149999Z[0m [33m WARN[0m [1mcosmic-idle[0m[2m:[0m [2mcosmic_session[0m[2m:[0m [1970-01-01T00:00:13Z INFO  tracing::span] read_socket;
[2m1970-01-01T00:00:14.149999Z[0m [33m WARN[0m [1mcosmic-idle[0m[2m:[0m [2mcosmic_session[0m[2m:[0m [1970-01-01T00:00:13Z INFO  tracing::span] read_socket;
[2m1970-01-01T00:00:14.150736Z[0m [33m WARN[0m [1mcosmic-idle[0m[2m:[0m [2mcosmic_session[0m[2m:[0m [1970-01-01T00:00:13Z INFO  tracing::span] read_socket;
[2m1970-01-01T00:00:14.181826Z[0m [33m WARN[0m [1mcosmic-idle[0m[2m:[0m [2mcosmic_session[0m[2m:[0m [1970-01-01T00:00:13Z INFO  tracing::span] read_socket;
[2m1970-01-01T00:00:14.183441Z[0m [33m WARN[0m [1mcosmic-idle[0m[2m:[0m [2mcosmic_session[0m[2m:[0m [1970-01-01T00:00:13Z INFO  tracing::span] read_socket;
[2m1970-01-01T00:00:14.185087Z[0m [33m WARN[0m [1mcosmic-idle[0m[2m:[0m [2mcosmic_session[0m[2m:[0m [1970-01-01T00:00:13Z INFO  tracing::span] read_socket;
[2m1970-01-01T00:00:14.186791Z[0m [33m WARN[0m [1mcosmic-idle[0m[2m:[0m [2mcosmic_session[0m[2m:[0m [1970-01-01T00:00:13Z INFO  tracing::span] read_socket;
[2m1970-01-01T00:00:14.188469Z[0m [32m INFO[0m [1mcosmic-panel[0m[2m:[0m [2mcosmic_session::notifications[0m[2m:[0m \x1b[2m1970-01-01T00:00:13.113566Z\x1b[0m \x1b[32m INFO\x1b[0m Made socket connection
[2m1970-01-01T00:00:14.189999Z[0m [32m INFO[0m [1mcosmic-panel[0m[2m:[0m [2mcosmic_session::notifications[0m[2m:[0m \x1b[2m1970-01-01T00:00:13.113589Z\x1b[0m \x1b[32m INFO\x1b[0m Connected to notifications
[2m1970-01-01T00:00:14.220029Z[0m [32m INFO[0m [1mcosmic-panel[0m[2m:[0m [2mcosmic_session::notifications[0m[2m:[0m \x1b[2m1970-01-01T00:00:13.372415Z\x1b[0m \x1b[32m INFO\x1b[0m Successfully selected EGL platform: PLATFORM_WAYLAND_KHR
[2m1970-01-01T00:00:14.221963Z[0m [32m INFO[0m [1mcosmic-panel[0m[2m:[0m [2mcosmic_session::notifications[0m[2m:[0m \x1b[2m1970-01-01T00:00:13.429888Z\x1b[0m \x1b[32m INFO\x1b[0m \x1b[1mstdout\x1b[0m\x1b[1m{\x1b[0m\x1b[3mclient\x1b[0m\x1b[2m=\x1b[0mInnerClientId { ptr: 0x9122edd0, alive: true }\x1b[1m}\x1b[0m\x1b[2m:\x1b[0m com.system76.CosmicAppletTiling: \x1b[2m1970-01-01T00:00:13.352913Z\x1b[0m \x1b[32m INFO\x1b[0m \x1b[2mcosmic_applet_tiling\x1b[0m\x1b[2m:\x1b[0m Starting tiling applet with version 1.0.15
[2m1970-01-01T00:00:14.225757Z[0m [32m INFO[0m [1mcosmic-panel[0m[2m:[0m [2mcosmic_session::notifications[0m[2m:[0m \x1b[2m1970-01-01T00:00:13.429904Z\x1b[0m \x1b[32m INFO\x1b[0m \x1b[1mstdout\x1b[0m\x1b[1m{\x1b[0m\x1b[3mclient\x1b[0m\x1b[2m=\x1b[0mInnerClientId { ptr: 0x9122edd0, alive: true }\x1b[1m}\x1b[0m\x1b[2m:\x1b[0m com.system76.CosmicAppletTiling: \x1b[2m1970-01-01T00:00:13.355031Z\x1b[0m \x1b[32m INFO\x1b[0m \x1b[2mi18n_embed::requester\x1b[0m\x1b[2m:\x1b[0m Current Locale: []
[2m1970-01-01T00:00:14.228953Z[0m [32m INFO[0m [1mcosmic-panel[0m[2m:[0m [2mcosmic_session::notifications[0m[2m:[0m \x1b[2m1970-01-01T00:00:13.429913Z\x1b[0m \x1b[32m INFO\x1b[0m \x1b[1mstdout\x1b[0m\x1b[1m{\x1b[0m\x1b[3mclient\x1b[0m\x1b[2m=\x1b[0mInnerClientId { ptr: 0x9122edd0, alive: true }\x1b[1m}\x1b[0m\x1b[2m:\x1b[0m com.system76.CosmicAppletTiling: \x1b[2m1970-01-01T00:00:13.355045Z\x1b[0m \x1b[32m INFO\x1b[0m \x1b[2mi18n_embed\x1b[0m\x1b[2m:\x1b[0m Selecting translations for domain "cosmic_applet_tiling"
[2m1970-01-01T00:00:14.251414Z[0m [32m INFO[0m [1mcosmic-panel[0m[2m:[0m [2mcosmic_session::notifications[0m[2m:[0m \x1b[2m1970-01-01T00:00:13.571385Z\x1b[0m \x1b[32m INFO\x1b[0m EGL Initialized
[2m1970-01-01T00:00:14.253417Z[0m [32m INFO[0m [1mcosmic-panel[0m[2m:[0m [2mcosmic_session::notifications[0m[2m:[0m \x1b[2m1970-01-01T00:00:13.571401Z\x1b[0m \x1b[32m INFO\x1b[0m EGL Version: (1, 5)
[2m1970-01-01T00:00:14.255307Z[0m [32m INFO[0m [1mcosmic-panel[0m[2m:[0m [2mcosmic_session::notifications[0m[2m:[0m \x1b[2m1970-01-01T00:00:13.571451Z\x1b[0m \x1b[32m INFO\x1b[0m Supported EGL display extensions: EGLExtensions { extensions: ["EGL_EXT_buffer_age", "EGL_EXT_config_select_group", "EGL_EXT_present_opaque", "EGL_EXT_surface_compression", "EGL_EXT_swap_buffers_with_damage", "EGL_KHR_cl_event2", "EGL_KHR_config_attribs", "EGL_KHR_context_flush_control", "EGL_KHR_create_context", "EGL_KHR_create_context_no_error", "EGL_KHR_fence_sync", "EGL_KHR_get_all_proc_addresses", "EGL_KHR_gl_colorspace", "EGL_KHR_gl_renderbuffer_image", "EGL_KHR_gl_texture_2D_image", "EGL_KHR_gl_texture_3D_image", "EGL_KHR_gl_texture_cubemap_image", "EGL_KHR_image_base", "EGL_KHR_no_config_context", "EGL_KHR_reusable_sync", "EGL_KHR_surfaceless_context", "EGL_KHR_swap_buffers_with_damage", "EGL_EXT_pixel_format_float", "EGL_KHR_wait_sync", "EGL_MESA_configless_context", "EGL_MESA_gl_interop", "EGL_MESA_query_driver", "EGL_MESA_x11_native_visual_id", ""], has_fences: true, has_native_fences: false, has_image_base: true, has_import_dmabuf: false, has_import_dmabuf_modifiers: false, has_export_dmabuf: false }
[2m1970-01-01T00:00:14.317981Z[0m [32m INFO[0m [1mcosmic-panel[0m[2m:[0m [2mcosmic_session::notifications[0m[2m:[0m \x1b[2m1970-01-01T00:00:13.571469Z\x1b[0m \x1b[33m WARN\x1b[0m Dmabuf import extension not available
[2m1970-01-01T00:00:14.319999Z[0m [32m INFO[0m [1mcosmic-panel[0m[2m:[0m [2mcosmic_session::notifications[0m[2m:[0m \x1b[2m1970-01-01T00:00:13.571493Z\x1b[0m \x1b[32m INFO\x1b[0m \x1b[1megl\x1b[0m\x1b[1m{\x1b[0m\x1b[3mplatform\x1b[0m\x1b[2m=\x1b[0m"PLATFORM_WAYLAND_KHR" \x1b[3mversion\x1b[0m\x1b[2m=\x1b[0m(1, 5)\x1b[1m}\x1b[0m\x1b[2m:\x1b[0m\x1b[1megl_context\x1b[0m\x1b[2m:\x1b[0m Selected color format: PixelFormat { hardware_accelerated: true, color_bits: 24, alpha_bits: 8, depth_bits: 24, stencil_bits: 8, stereoscopy: false, multisampling: None, srgb: false }
[2m1970-01-01T00:00:14.323883Z[0m [32m INFO[0m [1mcosmic-panel[0m[2m:[0m [2mcosmic_session::notifications[0m[2m:[0m \x1b[2m1970-01-01T00:00:13.657472Z\x1b[0m \x1b[32m INFO\x1b[0m \x1b[1mstdout\x1b[0m\x1b[1m{\x1b[0m\x1b[3mclient\x1b[0m\x1b[2m=\x1b[0mInnerClientId { ptr: 0x907d4bf0, alive: true }\x1b[1m}\x1b[0m\x1b[2m:\x1b[0m com.system76.CosmicPanelAppButton: \x1b[2m1970-01-01T00:00:13.651497Z\x1b[0m \x1b[32m INFO\x1b[0m \x1b[2mcosmic_panel_button\x1b[0m\x1b[2m:\x1b[0m Starting workspaces applet with version 1.0.15
[2m1970-01-01T00:00:14.340009Z[0m [32m INFO[0m [1mcosmic-panel[0m[2m:[0m [2mcosmic_session::notifications[0m[2m:[0m \x1b[2m1970-01-01T00:00:13.657487Z\x1b[0m \x1b[32m INFO\x1b[0m \x1b[1mstdout\x1b[0m\x1b[1m{\x1b[0m\x1b[3mclient\x1b[0m\x1b[2m=\x1b[0mInnerClientId { ptr: 0x5db84ec0, alive: true }\x1b[1m}\x1b[0m\x1b[2m:\x1b[0m com.system76.CosmicPanelWorkspacesButton: \x1b[2m1970-01-01T00:00:13.620032Z\x1b[0m \x1b[32m INFO\x1b[0m \x1b[2mcosmic_panel_button\x1b[0m\x1b[2m:\x1b[0m Starting workspaces applet with version 1.0.15
[2m1970-01-01T00:00:14.344908Z[0m [32m INFO[0m [1mcosmic-panel[0m[2m:[0m [2mcosmic_session::notifications[0m[2m:[0m \x1b[2m1970-01-01T00:00:13.657499Z\x1b[0m \x1b[32m INFO\x1b[0m \x1b[1mstdout\x1b[0m\x1b[1m{\x1b[0m\x1b[3mclient\x1b[0m\x1b[2m=\x1b[0mInnerClientId { ptr: 0x93fb20f0, alive: true }\x1b[1m}\x1b[0m\x1b[2m:\x1b[0m com.system76.CosmicAppletMinimize: \x1b[2m1970-01-01T00:00:13.636201Z\x1b[0m \x1b[32m INFO\x1b[0m \x1b[2mcosmic_applet_minimize\x1b[0m\x1b[2m:\x1b[0m Starting minimize applet with version 1.0.15
[2m1970-01-01T00:00:14.349351Z[0m [33m WARN[0m [1mcosmic-app-library[0m[2m:[0m [2mcosmic_session[0m[2m:[0m  INFO  tracing::span                                             > obj_server_task;
[2m1970-01-01T00:00:14.382664Z[0m [33m WARN[0m [1mcosmic-app-library[0m[2m:[0m [2mcosmic_session[0m[2m:[0m  INFO  zbus::proxy                                               > {}; task_name="org.freedesktop.portal.Settings proxy caching"
[2m1970-01-01T00:00:14.385021Z[0m [33m WARN[0m [1mcosmic-app-library[0m[2m:[0m [2mcosmic_session[0m[2m:[0m  WARN  zbus::proxy                                               > Failed to populate properties cache via GetAll: org.freedesktop.DBus.Error.ServiceUnknown: The name org.a11y.Bus was not provided by any .service files. Property change streams will not produce values.
[2m1970-01-01T00:00:14.388017Z[0m [33m WARN[0m [1mcosmic-app-library[0m[2m:[0m [2mcosmic_session[0m[2m:[0m  INFO  zbus::connection                                          > monitor_name_lost; name=com.system76.CosmicAppLibrary
[2m1970-01-01T00:00:14.389941Z[0m [33m WARN[0m [1mcosmic-app-library[0m[2m:[0m [2mcosmic_session[0m[2m:[0m  WARN  zbus::proxy                                               > Failed to populate properties cache via GetAll: org.freedesktop.DBus.Error.ServiceUnknown: The name org.freedesktop.portal.Desktop was not provided by any .service files. Property change streams will not produce values.
[2m1970-01-01T00:00:14.417292Z[0m [33m WARN[0m [1mcosmic-app-library[0m[2m:[0m [2mcosmic_session[0m[2m:[0m  ERROR cosmic::theme::portal                                     > Failed to get the color scheme Portal(ZBus(MethodError(OwnedErrorName("org.freedesktop.DBus.Error.ServiceUnknown"), Some("The name org.freedesktop.portal.Desktop was not provided by any .service files"), Msg { type: Error, serial: 219, sender: UniqueName("org.freedesktop.DBus"), reply-serial: 24, body: Str, fds: [] })))
[2m1970-01-01T00:00:14.421171Z[0m [33m WARN[0m [1mcosmic-app-library[0m[2m:[0m [2mcosmic_session[0m[2m:[0m  ERROR cosmic::theme::portal                                     > Failed to get the contrast Portal(ZBus(MethodError(OwnedErrorName("org.freedesktop.DBus.Error.ServiceUnknown"), Some("The name org.freedesktop.portal.Desktop was not provided by any .service files"), Msg { type: Error, serial: 241, sender: UniqueName("org.freedesktop.DBus"), reply-serial: 28, body: Str, fds: [] })))
[2m1970-01-01T00:00:14.424604Z[0m [33m WARN[0m [1mcosmic-app-library[0m[2m:[0m [2mcosmic_session[0m[2m:[0m  INFO  iced_winit::platform_specific::wayland::event_loop::state > Failed to find surface for blur action
[2m1970-01-01T00:00:14.426000Z[0m [33m WARN[0m [1mcosmic-app-library[0m[2m:[0m [2mcosmic_session[0m[2m:[0m  INFO  iced_winit::platform_specific::wayland::event_loop::state > Failed to find surface for blur action
[2m1970-01-01T00:00:14.478807Z[0m [32m INFO[0m [1mcosmic-launcher[0m[2m:[0m [2mcosmic_session[0m[2m:[0m 1970-01-01T00:00:13.688202Z ERROR Failed to get the contrast Portal(ZBus(MethodError(OwnedErrorName("org.freedesktop.DBus.Error.ServiceUnknown"), Some("The name org.freedesktop.portal.Desktop was not provided by any .service files"), Msg { type: Error, serial: 279, sender: UniqueName("org.freedesktop.DBus"), reply-serial: 32, body: Str, fds: [] })))
[2m1970-01-01T00:00:14.483100Z[0m [33m WARN[0m [1mcosmic-workspaces[0m[2m:[0m [2mcosmic_session[0m[2m:[0m [1970-01-01T00:00:13Z ERROR cosmic_workspaces] Failed to load compositor config: [GetKey("workspaces", Os { code: 2, kind: NotFound, message: "No such file or directory" }), GetKey("pinned_workspaces", Os { code: 2, kind: NotFound, message: "No such file or directory" }), GetKey("input_default", Os { code: 2, kind: NotFound, message: "No such file or directory" }), GetKey("input_touchpad_override", Os { code: 2, kind: NotFound, message: "No such file or directory" }), GetKey("input_devices", Os { code: 2, kind: NotFound, message: "No such file or directory" }), GetKey("xkb_config", Os { code: 2, kind: NotFound, message: "No such file or directory" }), GetKey("keyboard_config", Os { code: 2, kind: NotFound, message: "No such file or directory" }), GetKey("autotile", Os { code: 2, kind: NotFound, message: "No such file or directory" }), GetKey("autotile_behavior", Os { code: 2, kind: NotFound, message: "No such file or directory" }), GetKey("active_hint", Os { code: 2, kind: NotFound, message: "No such file or directory" }), GetKey("focus_follows_cursor", Os { code: 2, kind: NotFound, message: "No such file or directory" }), GetKey("cursor_follows_focus", Os { code: 2, kind: NotFound, message: "No such file or directory" }), GetKey("focus_follows_cursor_delay", Os { code: 2, kind: NotFound, message: "No such file or directory" }), GetKey("descale_xwayland", Os { code: 2, kind: NotFound, message: "No such file or directory" }), GetKey("xwayland_eavesdropping", Os { code: 2, kind: NotFound, message: "No such file or directory" }), GetKey("edge_snap_threshold", Os { code: 2, kind: NotFound, message: "No such file or directory" }), GetKey("accessibility_zoom", Os { code: 2, kind: NotFound, message: "No such file or directory" }), GetKey("appearance_settings", Os { code: 2, kind: NotFound, message: "No such file or directory" }), GetKey("cursor_hide_timeout", Os { code: 2, kind: NotFound, message: "No such file or directory" }), GetKey("activation_policy", Os { code: 2, kind: NotFound, message: "No such file or directory" })]
[2m1970-01-01T00:00:14.576337Z[0m [33m WARN[0m [1mcosmic-workspaces[0m[2m:[0m [2mcosmic_session[0m[2m:[0m [1970-01-01T00:00:13Z INFO  zbus::connection::handshake::common] write_command; command=Auth(Some(External), Some([48]))
[2m1970-01-01T00:00:14.578414Z[0m [33m WARN[0m [1mcosmic-workspaces[0m[2m:[0m [2mcosmic_session[0m[2m:[0m [1970-01-01T00:00:13Z INFO  zbus::connection::handshake::common] write_commands; commands=[Auth(Some(External), Some([48]))] extra_bytes=None
[2m1970-01-01T00:00:14.579999Z[0m [33m WARN[0m [1mcosmic-workspaces[0m[2m:[0m [2mcosmic_session[0m[2m:[0m [1970-01-01T00:00:13Z INFO  tracing::span] read_command;
[2m1970-01-01T00:00:14.581011Z[0m [33m WARN[0m [1mcosmic-workspaces[0m[2m:[0m [2mcosmic_session[0m[2m:[0m [1970-01-01T00:00:13Z INFO  zbus::connection::handshake::common] read_commands; n_commands=1
[2m1970-01-01T00:00:14.582402Z[0m [33m WARN[0m [1mcosmic-workspaces[0m[2m:[0m [2mcosmic_session[0m[2m:[0m [1970-01-01T00:00:13Z INFO  zbus::connection::handshake::common] write_commands; commands=[NegotiateUnixFD, Begin] extra_bytes=Some([108, 1, 0, 1, 0, 0, 0, 0, 3, 0, 0, 0, 109, 0, 0, 0, 1, 1, 111, 0, 21, 0, 0, 0, 47, 111, 114, 103, 47, 102, 114, 101, 101, 100, 101, 115, 107, 116, 111, 112, 47, 68, 66, 117, 115, 0, 0, 0, 2, 1, 115, 0, 20, 0, 0, 0, 111, 114, 103, 46, 102, 114, 101, 101, 100, 101, 115, 107, 116, 111, 112, 46, 68, 66, 117, 115, 0, 0, 0, 0, 3, 1, 115, 0, 5, 0, 0, 0, 72, 101, 108, 108, 111, 0, 0, 0, 6, 1, 115, 0, 20, 0, 0, 0, 111, 114, 103, 46, 102, 114, 101, 101, 100, 101, 115, 107, 116, 111, 112, 46, 68, 66, 117, 115, 0, 0, 0, 0])
[2m1970-01-01T00:00:14.630078Z[0m [33m WARN[0m [1mcosmic-workspaces[0m[2m:[0m [2mcosmic_session[0m[2m:[0m [1970-01-01T00:00:13Z INFO  zbus::connection::handshake::common] read_commands; n_commands=1
[2m1970-01-01T00:00:14.632150Z[0m [33m WARN[0m [1mcosmic-workspaces[0m[2m:[0m [2mcosmic_session[0m[2m:[0m [1970-01-01T00:00:13Z INFO  zbus::connection] start_object_server; started_event=None
[2m1970-01-01T00:00:14.634091Z[0m [33m WARN[0m [1mcosmic-workspaces[0m[2m:[0m [2mcosmic_session[0m[2m:[0m [1970-01-01T00:00:13Z INFO  tracing::span] obj_server_task;
[2m1970-01-01T00:00:14.635647Z[0m [33m WARN[0m [1mcosmic-workspaces[0m[2m:[0m [2mcosmic_session[0m[2m:[0m [1970-01-01T00:00:13Z INFO  zbus::connection] monitor_name_lost; name=com.system76.CosmicWorkspaces
[2m1970-01-01T00:00:14.637252Z[0m [33m WARN[0m [1mcosmic-workspaces[0m[2m:[0m [2mcosmic_session[0m[2m:[0m [1970-01-01T00:00:14Z ERROR cosmic::theme] error loading system dark theme error=GetKey("success", Os { code: 24, kind: Uncategorized, message: "No file descriptors available" })
[2m1970-01-01T00:00:14.639430Z[0m [33m WARN[0m [1mcosmic-workspaces[0m[2m:[0m [2mcosmic_session[0m[2m:[0m [1970-01-01T00:00:14Z WARN  cosmic_workspaces::backend::wayland] dmabuf feedback not supported, only shm: the 'zwp_linux_dmabuf_v1' global was not available
[2m1970-01-01T00:00:14.641671Z[0m [33m WARN[0m [1mcosmic-workspaces[0m[2m:[0m [2mcosmic_session[0m[2m:[0m [1970-01-01T00:00:14Z INFO  cosmic_workspaces::backend::wayland] Unable to initialize Vulkan: Error loading shared library libvulkan.so.1: No such file or directory. Assuming now GPU workarounds needed.
[2m1970-01-01T00:00:14.643936Z[0m [33m WARN[0m [1mcosmic-files-applet[0m[2m:[0m [2mcosmic_session[0m[2m:[0m   \x1b[32m INFO\x1b[0m  \x1b[32mdetected desktop entry, \x1b[1;32mid\x1b[0m\x1b[32m: "com.system76.CosmicAppLibrary"\x1b[0m
[2m1970-01-01T00:00:14.645527Z[0m [33m WARN[0m [1mcosmic-files-applet[0m[2m:[0m [2mcosmic_session[0m[2m:[0m     \x1b[2;3mat\x1b[0m src/mime_app.rs:359 \x1b[2;3mon\x1b[0m main
[2m1970-01-01T00:00:14.646845Z[0m [33m WARN[0m [1mcosmic-files-applet[0m[2m:[0m [2mcosmic_session[0m[2m:[0m 
[2m1970-01-01T00:00:14.647664Z[0m [33m WARN[0m [1mcosmic-files-applet[0m[2m:[0m [2mcosmic_session[0m[2m:[0m   \x1b[32m INFO\x1b[0m  \x1b[32mdetected desktop entry, \x1b[1;32mid\x1b[0m\x1b[32m: "com.system76.CosmicAppletMinimize"\x1b[0m
[2m1970-01-01T00:00:14.649349Z[0m [33m WARN[0m [1mcosmic-files-applet[0m[2m:[0m [2mcosmic_session[0m[2m:[0m     \x1b[2;3mat\x1b[0m src/mime_app.rs:359 \x1b[2;3mon\x1b[0m main
[2m1970-01-01T00:00:14.681862Z[0m [33m WARN[0m [1mcosmic-files-applet[0m[2m:[0m [2mcosmic_session[0m[2m:[0m 
[2m1970-01-01T00:00:14.683007Z[0m [33m WARN[0m [1mcosmic-files-applet[0m[2m:[0m [2mcosmic_session[0m[2m:[0m   \x1b[32m INFO\x1b[0m  \x1b[32mdetected desktop entry, \x1b[1;32mid\x1b[0m\x1b[32m: "com.system76.CosmicAppletTiling"\x1b[0m
[2m1970-01-01T00:00:14.685322Z[0m [33m WARN[0m [1mcosmic-files-applet[0m[2m:[0m [2mcosmic_session[0m[2m:[0m     \x1b[2;3mat\x1b[0m src/mime_app.rs:359 \x1b[2;3mon\x1b[0m main
[2m1970-01-01T00:00:14.686943Z[0m [33m WARN[0m [1mcosmic-files-applet[0m[2m:[0m [2mcosmic_session[0m[2m:[0m 
[2m1970-01-01T00:00:14.687997Z[0m [33m WARN[0m [1mcosmic-files-applet[0m[2m:[0m [2mcosmic_session[0m[2m:[0m   \x1b[32m INFO\x1b[0m  \x1b[32mdetected desktop entry, \x1b[1;32mid\x1b[0m\x1b[32m: "com.system76.CosmicAppletTime"\x1b[0m
[2m1970-01-01T00:00:14.690117Z[0m [33m WARN[0m [1mcosmic-files-applet[0m[2m:[0m [2mcosmic_session[0m[2m:[0m     \x1b[2;3mat\x1b[0m src/mime_app.rs:359 \x1b[2;3mon\x1b[0m main
[2m1970-01-01T00:00:14.713852Z[0m [33m WARN[0m [1mcosmic-files-applet[0m[2m:[0m [2mcosmic_session[0m[2m:[0m 
[2m1970-01-01T00:00:14.715077Z[0m [33m WARN[0m [1mcosmic-files-applet[0m[2m:[0m [2mcosmic_session[0m[2m:[0m   \x1b[32m INFO\x1b[0m  \x1b[32mdetected desktop entry, \x1b[1;32mid\x1b[0m\x1b[32m: "com.system76.CosmicLauncher"\x1b[0m
[2m1970-01-01T00:00:14.717403Z[0m [33m WARN[0m [1mcosmic-files-applet[0m[2m:[0m [2mcosmic_session[0m[2m:[0m     \x1b[2;3mat\x1b[0m src/mime_app.rs:359 \x1b[2;3mon\x1b[0m main
[2m1970-01-01T00:00:14.719068Z[0m [33m WARN[0m [1mcosmic-files-applet[0m[2m:[0m [2mcosmic_session[0m[2m:[0m 
[2m1970-01-01T00:00:14.719999Z[0m [33m WARN[0m [1mcosmic-files-applet[0m[2m:[0m [2mcosmic_session[0m[2m:[0m   \x1b[32m INFO\x1b[0m  \x1b[32mdetected desktop entry, \x1b[1;32mid\x1b[0m\x1b[32m: "com.system76.CosmicPanelAppButton"\x1b[0m
[2m1970-01-01T00:00:14.762699Z[0m [33m WARN[0m [1mcosmic-files-applet[0m[2m:[0m [2mcosmic_session[0m[2m:[0m     \x1b[2;3mat\x1b[0m src/mime_app.rs:359 \x1b[2;3mon\x1b[0m main
[2m1970-01-01T00:00:14.764401Z[0m [33m WARN[0m [1mcosmic-files-applet[0m[2m:[0m [2mcosmic_session[0m[2m:[0m 
[2m1970-01-01T00:00:14.765545Z[0m [33m WARN[0m [1mcosmic-files-applet[0m[2m:[0m [2mcosmic_session[0m[2m:[0m   \x1b[32m INFO\x1b[0m  \x1b[32mdetected desktop entry, \x1b[1;32mid\x1b[0m\x1b[32m: "com.system76.CosmicPanelLauncherButton"\x1b[0m
[2m1970-01-01T00:00:14.767705Z[0m [33m WARN[0m [1mcosmic-files-applet[0m[2m:[0m [2mcosmic_session[0m[2m:[0m     \x1b[2;3mat\x1b[0m src/mime_app.rs:359 \x1b[2;3mon\x1b[0m main
[2m1970-01-01T00:00:14.769362Z[0m [33m WARN[0m [1mcosmic-files-applet[0m[2m:[0m [2mcosmic_session[0m[2m:[0m 
[2m1970-01-01T00:00:14.769999Z[0m [33m WARN[0m [1mcosmic-files-applet[0m[2m:[0m [2mcosmic_session[0m[2m:[0m   \x1b[32m INFO\x1b[0m  \x1b[32mdetected desktop entry, \x1b[1;32mid\x1b[0m\x1b[32m: "com.system76.CosmicPanelWorkspacesButton"\x1b[0m
[2m1970-01-01T00:00:14.772122Z[0m [33m WARN[0m [1mcosmic-files-applet[0m[2m:[0m [2mcosmic_session[0m[2m:[0m     \x1b[2;3mat\x1b[0m src/mime_app.rs:359 \x1b[2;3mon\x1b[0m main
[2m1970-01-01T00:00:14.785738Z[0m [33m WARN[0m [1mcosmic-files-applet[0m[2m:[0m [2mcosmic_session[0m[2m:[0m 
[2m1970-01-01T00:00:14.786787Z[0m [33m WARN[0m [1mcosmic-files-applet[0m[2m:[0m [2mcosmic_session[0m[2m:[0m   \x1b[32m INFO\x1b[0m  \x1b[32mdetected desktop entry, \x1b[1;32mid\x1b[0m\x1b[32m: "com.system76.CosmicWorkspaces"\x1b[0m
[2m1970-01-01T00:00:14.789360Z[0m [33m WARN[0m [1mcosmic-files-applet[0m[2m:[0m [2mcosmic_session[0m[2m:[0m     \x1b[2;3mat\x1b[0m src/mime_app.rs:359 \x1b[2;3mon\x1b[0m main
[2m1970-01-01T00:00:14.790841Z[0m [33m WARN[0m [1mcosmic-files-applet[0m[2m:[0m [2mcosmic_session[0m[2m:[0m 
[2m1970-01-01T00:00:14.791847Z[0m [33m WARN[0m [1mcosmic-files-applet[0m[2m:[0m [2mcosmic_session[0m[2m:[0m   \x1b[32m INFO\x1b[0m  \x1b[32mloaded mime app cache in 269.735792ms\x1b[0m
[2m1970-01-01T00:00:14.793544Z[0m [33m WARN[0m [1mcosmic-files-applet[0m[2m:[0m [2mcosmic_session[0m[2m:[0m     \x1b[2;3mat\x1b[0m src/mime_app.rs:501 \x1b[2;3mon\x1b[0m main
[2m1970-01-01T00:00:14.805390Z[0m [33m WARN[0m [1mcosmic-files-applet[0m[2m:[0m [2mcosmic_session[0m[2m:[0m 
[2m1970-01-01T00:00:14.806459Z[0m [33m WARN[0m [1mcosmic-idle[0m[2m:[0m [2mcosmic_session[0m[2m:[0m [1970-01-01T00:00:13Z INFO  tracing::span] read_socket;
[2m1970-01-01T00:00:14.808086Z[0m [33m WARN[0m [1mcosmic-idle[0m[2m:[0m [2mcosmic_session[0m[2m:[0m [1970-01-01T00:00:13Z INFO  tracing::span] read_socket;
[2m1970-01-01T00:00:14.809683Z[0m [33m WARN[0m [1mcosmic-idle[0m[2m:[0m [2mcosmic_session[0m[2m:[0m [1970-01-01T00:00:13Z INFO  tracing::span] read_socket;
[2m1970-01-01T00:00:14.811003Z[0m [33m WARN[0m [1mcosmic-idle[0m[2m:[0m [2mcosmic_session[0m[2m:[0m [1970-01-01T00:00:13Z INFO  tracing::span] read_socket;
[2m1970-01-01T00:00:14.812166Z[0m [33m WARN[0m [1mcosmic-idle[0m[2m:[0m [2mcosmic_session[0m[2m:[0m [1970-01-01T00:00:13Z INFO  tracing::span] read_socket;
[2m1970-01-01T00:00:14.813282Z[0m [33m WARN[0m [1mcosmic-idle[0m[2m:[0m [2mcosmic_session[0m[2m:[0m [1970-01-01T00:00:13Z INFO  tracing::span] read_socket;
[2m1970-01-01T00:00:14.814384Z[0m [33m WARN[0m [1mcosmic-idle[0m[2m:[0m [2mcosmic_session[0m[2m:[0m [1970-01-01T00:00:13Z INFO  tracing::span] read_socket;
[2m1970-01-01T00:00:14.835405Z[0m [32m INFO[0m [1mcosmic-panel[0m[2m:[0m [2mcosmic_session::notifications[0m[2m:[0m \x1b[2m1970-01-01T00:00:13.664999Z\x1b[0m \x1b[32m INFO\x1b[0m \x1b[1mstdout\x1b[0m\x1b[1m{\x1b[0m\x1b[3mclient\x1b[0m\x1b[2m=\x1b[0mInnerClientId { ptr: 0x93fb20f0, alive: true }\x1b[1m}\x1b[0m\x1b[2m:\x1b[0m com.system76.CosmicAppletMinimize: \x1b[2m1970-01-01T00:00:13.662812Z\x1b[0m \x1b[32m INFO\x1b[0m \x1b[2mi18n_embed::requester\x1b[0m\x1b[2m:\x1b[0m Current Locale: []
[2m1970-01-01T00:00:14.839999Z[0m [32m INFO[0m [1mcosmic-panel[0m[2m:[0m [2mcosmic_session::notifications[0m[2m:[0m \x1b[2m1970-01-01T00:00:13.665012Z\x1b[0m \x1b[32m INFO\x1b[0m \x1b[1mstdout\x1b[0m\x1b[1m{\x1b[0m\x1b[3mclient\x1b[0m\x1b[2m=\x1b[0mInnerClientId { ptr: 0x93fb20f0, alive: true }\x1b[1m}\x1b[0m\x1b[2m:\x1b[0m com.system76.CosmicAppletMinimize: \x1b[2m1970-01-01T00:00:13.662825Z\x1b[0m \x1b[32m INFO\x1b[0m \x1b[2mi18n_embed\x1b[0m\x1b[2m:\x1b[0m Selecting translations for domain "cosmic_applet_minimize"
[2m1970-01-01T00:00:14.843121Z[0m [32m INFO[0m [1mcosmic-panel[0m[2m:[0m [2mcosmic_session::notifications[0m[2m:[0m \x1b[2m1970-01-01T00:00:13.675286Z\x1b[0m \x1b[32m INFO\x1b[0m \x1b[1mstdout\x1b[0m\x1b[1m{\x1b[0m\x1b[3mclient\x1b[0m\x1b[2m=\x1b[0mInnerClientId { ptr: 0x93fb15c0, alive: true }\x1b[1m}\x1b[0m\x1b[2m:\x1b[0m com.system76.CosmicPanelAppButton: \x1b[2m1970-01-01T00:00:13.668331Z\x1b[0m \x1b[32m INFO\x1b[0m \x1b[2mcosmic_panel_button\x1b[0m\x1b[2m:\x1b[0m Starting workspaces applet with version 1.0.15
[2m1970-01-01T00:00:14.888598Z[0m [32m INFO[0m [1mcosmic-panel[0m[2m:[0m [2mcosmic_session::notifications[0m[2m:[0m \x1b[2m1970-01-01T00:00:13.732713Z\x1b[0m \x1b[32m INFO\x1b[0m \x1b[1mstdout\x1b[0m\x1b[1m{\x1b[0m\x1b[3mclient\x1b[0m\x1b[2m=\x1b[0mInnerClientId { ptr: 0x93fb13e0, alive: true }\x1b[1m}\x1b[0m\x1b[2m:\x1b[0m com.system76.CosmicPanelWorkspacesButton: \x1b[2m1970-01-01T00:00:13.719436Z\x1b[0m \x1b[32m INFO\x1b[0m \x1b[2mcosmic_panel_button\x1b[0m\x1b[2m:\x1b[0m Starting workspaces applet with version 1.0.15
[2m1970-01-01T00:00:14.892941Z[0m [32m INFO[0m [1mcosmic-panel[0m[2m:[0m [2mcosmic_session::notifications[0m[2m:[0m \x1b[2m1970-01-01T00:00:13.803971Z\x1b[0m \x1b[32m INFO\x1b[0m \x1b[1mstdout\x1b[0m\x1b[1m{\x1b[0m\x1b[3mclient\x1b[0m\x1b[2m=\x1b[0mInnerClientId { ptr: 0x93fb1200, alive: true }\x1b[1m}\x1b[0m\x1b[2m:\x1b[0m com.system76.CosmicPanelLauncherButton: \x1b[2m1970-01-01T00:00:13.733255Z\x1b[0m \x1b[32m INFO\x1b[0m \x1b[2mcosmic_panel_button\x1b[0m\x1b[2m:\x1b[0m Starting workspaces applet with version 1.0.15
[2m1970-01-01T00:00:14.896960Z[0m [32m INFO[0m [1mcosmic-panel[0m[2m:[0m [2mcosmic_session::notifications[0m[2m:[0m \x1b[2m1970-01-01T00:00:13.822797Z\x1b[0m \x1b[32m INFO\x1b[0m \x1b[1megl\x1b[0m\x1b[1m{\x1b[0m\x1b[3mplatform\x1b[0m\x1b[2m=\x1b[0m"PLATFORM_WAYLAND_KHR" \x1b[3mversion\x1b[0m\x1b[2m=\x1b[0m(1, 5)\x1b[1m}\x1b[0m\x1b[2m:\x1b[0m\x1b[1megl_context\x1b[0m\x1b[1m{\x1b[0m\x1b[3mptr\x1b[0m\x1b[2m=\x1b[0m2494484016\x1b[1m}\x1b[0m\x1b[2m:\x1b[0m EGL context created \x1b[3mpriority\x1b[0m\x1b[2m=\x1b[0mNone
[2m1970-01-01T00:00:14.910009Z[0m [32m INFO[0m [1mcosmic-panel[0m[2m:[0m [2mcosmic_session::notifications[0m[2m:[0m \x1b[2m1970-01-01T00:00:13.826133Z\x1b[0m \x1b[32m INFO\x1b[0m \x1b[1megl\x1b[0m\x1b[1m{\x1b[0m\x1b[3mplatform\x1b[0m\x1b[2m=\x1b[0m"PLATFORM_WAYLAND_KHR" \x1b[3mversion\x1b[0m\x1b[2m=\x1b[0m(1, 5)\x1b[1m}\x1b[0m\x1b[2m:\x1b[0m\x1b[1megl_context\x1b[0m\x1b[1m{\x1b[0m\x1b[3mptr\x1b[0m\x1b[2m=\x1b[0m2494484016\x1b[1m}\x1b[0m\x1b[2m:\x1b[0m\x1b[1mrenderer_gles2\x1b[0m\x1b[2m:\x1b[0m Initializing OpenGL ES Renderer
[2m1970-01-01T00:00:14.915093Z[0m [32m INFO[0m [1mcosmic-panel[0m[2m:[0m [2mcosmic_session::notifications[0m[2m:[0m \x1b[2m1970-01-01T00:00:13.826143Z\x1b[0m \x1b[32m INFO\x1b[0m \x1b[1megl\x1b[0m\x1b[1m{\x1b[0m\x1b[3mplatform\x1b[0m\x1b[2m=\x1b[0m"PLATFORM_WAYLAND_KHR" \x1b[3mversion\x1b[0m\x1b[2m=\x1b[0m(1, 5)\x1b[1m}\x1b[0m\x1b[2m:\x1b[0m\x1b[1megl_context\x1b[0m\x1b[1m{\x1b[0m\x1b[3mptr\x1b[0m\x1b[2m=\x1b[0m2494484016\x1b[1m}\x1b[0m\x1b[2m:\x1b[0m\x1b[1mrenderer_gles2\x1b[0m\x1b[2m:\x1b[0m GL Version: "OpenGL ES 3.1 Mesa 25.3.6"
[2m1970-01-01T00:00:14.919435Z[0m [32m INFO[0m [1mcosmic-panel[0m[2m:[0m [2mcosmic_session::notifications[0m[2m:[0m \x1b[2m1970-01-01T00:00:13.826154Z\x1b[0m \x1b[32m INFO\x1b[0m \x1b[1megl\x1b[0m\x1b[1m{\x1b[0m\x1b[3mplatform\x1b[0m\x1b[2m=\x1b[0m"PLATFORM_WAYLAND_KHR" \x1b[3mversion\x1b[0m\x1b[2m=\x1b[0m(1, 5)\x1b[1m}\x1b[0m\x1b[2m:\x1b[0m\x1b[1megl_context\x1b[0m\x1b[1m{\x1b[0m\x1b[3mptr\x1b[0m\x1b[2m=\x1b[0m2494484016\x1b[1m}\x1b[0m\x1b[2m:\x1b[0m\x1b[1mrenderer_gles2\x1b[0m\x1b[2m:\x1b[0m GL Vendor: "Mesa"
[2m1970-01-01T00:00:14.932150Z[0m [32m INFO[0m [1mcosmic-panel[0m[2m:[0m [2mcosmic_session::notifications[0m[2m:[0m \x1b[2m1970-01-01T00:00:13.826162Z\x1b[0m \x1b[32m INFO\x1b[0m \x1b[1megl\x1b[0m\x1b[1m{\x1b[0m\x1b[3mplatform\x1b[0m\x1b[2m=\x1b[0m"PLATFORM_WAYLAND_KHR" \x1b[3mversion\x1b[0m\x1b[2m=\x1b[0m(1, 5)\x1b[1m}\x1b[0m\x1b[2m:\x1b[0m\x1b[1megl_context\x1b[0m\x1b[1m{\x1b[0m\x1b[3mptr\x1b[0m\x1b[2m=\x1b[0m2494484016\x1b[1m}\x1b[0m\x1b[2m:\x1b[0m\x1b[1mrenderer_gles2\x1b[0m\x1b[2m:\x1b[0m GL Renderer: "softpipe"
[2m1970-01-01T00:00:14.936072Z[0m [33m WARN[0m [1mcosmic-app-library[0m[2m:[0m [2mcosmic_session[0m[2m:[0m  ERROR cosmic::theme                                             > error loading system dark theme error=GetKey("accent_button", Os { code: 24, kind: Uncategorized, message: "No file descriptors available" })
[2m1970-01-01T00:00:14.938180Z[0m [33m WARN[0m [1mcosmic-app-library[0m[2m:[0m [2mcosmic_session[0m[2m:[0m  ERROR cosmic::theme                                             > error loading system dark theme error=GetKey("active_hint", Os { code: 24, kind: Uncategorized, message: "No file descriptors available" })
[2m1970-01-01T00:00:14.940187Z[0m [33m WARN[0m [1mcosmic-app-library[0m[2m:[0m [2mcosmic_session[0m[2m:[0m  INFO  iced_winit::platform_specific::wayland::event_loop::state > Failed to find surface for blur action
[2m1970-01-01T00:00:14.953432Z[0m [32m INFO[0m [1mcosmic-launcher[0m[2m:[0m [2mcosmic_session[0m[2m:[0m 1970-01-01T00:00:14.414829Z ERROR error loading system dark theme error=GetKey("gaps", Os { code: 24, kind: Uncategorized, message: "No file descriptors available" })
[2m1970-01-01T00:00:14.955902Z[0m [33m WARN[0m [1mcosmic-osd[0m[2m:[0m [2mcosmic_session[0m[2m:[0m [1970-01-01T00:00:14Z ERROR cosmic::theme] error loading system dark theme error=GetKey("transparent_primary", Os { code: 24, kind: Uncategorized, message: "No file descriptors available" })
[2m1970-01-01T00:00:14.958460Z[0m [32m INFO[0m [1mcosmic-panel[0m[2m:[0m [2mcosmic_session::notifications[0m[2m:[0m \x1b[2m1970-01-01T00:00:13.826171Z\x1b[0m \x1b[32m INFO\x1b[0m \x1b[1megl\x1b[0m\x1b[1m{\x1b[0m\x1b[3mplatform\x1b[0m\x1b[2m=\x1b[0m"PLATFORM_WAYLAND_KHR" \x1b[3mversion\x1b[0m\x1b[2m=\x1b[0m(1, 5)\x1b[1m}\x1b[0m\x1b[2m:\x1b[0m\x1b[1megl_context\x1b[0m\x1b[1m{\x1b[0m\x1b[3mptr\x1b[0m\x1b[2m=\x1b[0m2494484016\x1b[1m}\x1b[0m\x1b[2m:\x1b[0m\x1b[1mrenderer_gles2\x1b[0m\x1b[2m:\x1b[0m Supported GL Extensions: ["GL_EXT_blend_minmax", "GL_EXT_multi_draw_arrays", "GL_EXT_texture_filter_anisotropic", "GL_EXT_texture_compression_s3tc", "GL_EXT_texture_compression_dxt1", "GL_EXT_texture_compression_rgtc", "GL_EXT_texture_format_BGRA8888", "GL_OES_compressed_ETC1_RGB8_texture", "GL_OES_depth24", "GL_OES_element_index_uint", "GL_OES_fbo_render_mipmap", "GL_OES_mapbuffer", "GL_OES_rgb8_rgba8", "GL_OES_standard_derivatives", "GL_OES_stencil8", "GL_OES_texture_3D", "GL_OES_texture_float", "GL_OES_texture_float_linear", "GL_OES_texture_half_float", "GL_OES_texture_half_float_linear", "GL_OES_texture_npot", "GL_OES_vertex_half_float", "GL_EXT_draw_instanced", "GL_EXT_texture_sRGB_decode", "GL_OES_EGL_image", "GL_OES_depth_texture", "GL_OES_packed_depth_stencil", "GL_EXT_texture_type_2_10_10_10_REV", "GL_NV_conditional_render", "GL_OES_get_program_binary", "GL_APPLE_texture_max_level", "GL_EXT_discard_framebuffer", "GL_EXT_read_format_bgra", "GL_EXT_texture_storage", "GL_NV_pack_subimage", "GL_EXT_frag_depth", "GL_NV_fbo_color_attachments", "GL_OES_EGL_image_external", "GL_OES_EGL_sync", "GL_OES_vertex_array_object", "GL_OES_viewport_array", "GL_ANGLE_pack_reverse_row_order", "GL_ANGLE_texture_compression_dxt3", "GL_ANGLE_texture_compression_dxt5", "GL_EXT_occlusion_query_boolean", "GL_EXT_sRGB", "GL_EXT_texture_rg", "GL_EXT_unpack_subimage", "GL_NV_draw_buffers", "GL_NV_read_buffer", "GL_NV_read_depth", "GL_NV_read_depth_stencil", "GL_NV_read_stencil", "GL_APPLE_sync", "GL_EXT_draw_buffers", "GL_EXT_instanced_arrays", "GL_EXT_map_buffer_range", "GL_EXT_shadow_samplers", "GL_KHR_debug", "GL_KHR_texture_compression_astc_ldr", "GL_NV_generate_mipmap_sRGB", "GL_NV_pixel_buffer_object", "GL_OES_depth_texture_cube_map", "GL_OES_required_internalformat", "GL_OES_surfaceless_context", "GL_EXT_color_buffer_float", "GL_EXT_debug_label", "GL_EXT_sRGB_write_control", "GL_EXT_separate_shader_objects", "GL_EXT_shader_implicit_conversions", "GL_EXT_shader_integer_mix", "GL_EXT_base_instance", "GL_EXT_compressed_ETC1_RGB8_sub_texture", "GL_EXT_copy_image", "GL_EXT_draw_buffers_indexed", "GL_EXT_draw_elements_base_vertex", "GL_EXT_gpu_shader5", "GL_EXT_multi_draw_indirect", "GL_EXT_primitive_bounding_box", "GL_EXT_render_snorm", "GL_EXT_shader_io_blocks", "GL_EXT_texture_border_clamp", "GL_EXT_texture_buffer", "GL_EXT_texture_cube_map_array", "GL_EXT_texture_norm16", "GL_EXT_texture_view", "GL_KHR_context_flush_control", "GL_NV_image_formats", "GL_NV_shader_noperspective_interpolation", "GL_OES_copy_image", "GL_OES_draw_buffers_indexed", "GL_OES_draw_elements_base_vertex", "GL_OES_gpu_shader5", "GL_OES_primitive_bounding_box", "GL_OES_shader_io_blocks", "GL_OES_texture_border_clamp", "GL_OES_texture_buffer", "GL_OES_texture_cube_map_array", "GL_OES_texture_stencil8", "GL_OES_texture_storage_multisample_2d_array", "GL_OES_texture_view", "GL_EXT_blend_func_extended", "GL_EXT_buffer_storage", "GL_EXT_float_blend", "GL_EXT_geometry_point_size", "GL_EXT_geometry_shader", "GL_EXT_texture_sRGB_R8", "GL_EXT_texture_sRGB_RG8", "GL_KHR_no_error", "GL_KHR_texture_compression_astc_sliced_3d", "GL_OES_EGL_image_external_essl3", "GL_OES_geometry_point_size", "GL_OES_geometry_shader", "GL_OES_shader_image_atomic", "GL_EXT_clear_texture", "GL_EXT_clip_cull_distance", "GL_EXT_conservative_depth", "GL_EXT_disjoint_timer_query", "GL_EXT_texture_compression_s3tc_srgb", "GL_MESA_shader_integer_functions", "GL_EXT_clip_control", "GL_EXT_color_buffer_half_float", "GL_EXT_texture_compression_bptc", "GL_EXT_texture_mirror_clamp_to_edge", "GL_KHR_parallel_shader_compile", "GL_EXT_EGL_image_storage", "GL_MESA_framebuffer_flip_y", "GL_EXT_depth_clamp", "GL_EXT_texture_query_lod", "GL_MESA_sampler_objects", "GL_EXT_EGL_image_storage_compression", "GL_EXT_texture_storage_compression", "GL_MESA_bgra", ""]
[NET] connect pid=112 fd=259 conn=89 sid=2 path
[NET] accept pid=11 sid=2 conn=89 -> fd=299
[NET] accept pid=11 sid=2 EAGAIN
[2m1970-01-01T00:00:15.080183Z[0m [32m INFO[0m [1mcosmic-panel[0m[2m:[0m [2mcosmic_session::notifications[0m[2m:[0m \x1b[2m1970-01-01T00:00:13.951063Z\x1b[0m \x1b[32m INFO\x1b[0m Scale factor changed 1 for as surface in space "Dock" on HDMI-A-1
[2m1970-01-01T00:00:15.082565Z[0m [32m INFO[0m [1mcosmic-panel[0m[2m:[0m [2mcosmic_session::notifications[0m[2m:[0m \x1b[2m1970-01-01T00:00:13.951163Z\x1b[0m \x1b[32m INFO\x1b[0m \x1b[1megl\x1b[0m\x1b[1m{\x1b[0m\x1b[3mplatform\x1b[0m\x1b[2m=\x1b[0m"PLATFORM_WAYLAND_KHR" \x1b[3mversion\x1b[0m\x1b[2m=\x1b[0m(1, 5)\x1b[1m}\x1b[0m\x1b[2m:\x1b[0m\x1b[1megl_context\x1b[0m\x1b[2m:\x1b[0m Selected color format: PixelFormat { hardware_accelerated: true, color_bits: 24, alpha_bits: 8, depth_bits: 24, stencil_bits: 8, stereoscopy: false, multisampling: None, srgb: false }
[2m1970-01-01T00:00:15.087772Z[0m [32m INFO[0m [1mcosmic-panel[0m[2m:[0m [2mcosmic_session::notifications[0m[2m:[0m \x1b[2m1970-01-01T00:00:14.287648Z\x1b[0m \x1b[32m INFO\x1b[0m \x1b[1megl\x1b[0m\x1b[1m{\x1b[0m\x1b[3mplatform\x1b[0m\x1b[2m=\x1b[0m"PLATFORM_WAYLAND_KHR" \x1b[3mversion\x1b[0m\x1b[2m=\x1b[0m(1, 5)\x1b[1m}\x1b[0m\x1b[2m:\x1b[0m\x1b[1megl_context\x1b[0m\x1b[1m{\x1b[0m\x1b[3mptr\x1b[0m\x1b[2m=\x1b[0m2435051056\x1b[1m}\x1b[0m\x1b[2m:\x1b[0m EGL context created \x1b[3mpriority\x1b[0m\x1b[2m=\x1b[0mNone
[2m1970-01-01T00:00:15.103077Z[0m [32m INFO[0m [1mcosmic-panel[0m[2m:[0m [2mcosmic_session::notifications[0m[2m:[0m \x1b[2m1970-01-01T00:00:14.354212Z\x1b[0m \x1b[32m INFO\x1b[0m Cell { value: None }
[2m1970-01-01T00:00:15.104602Z[0m [32m INFO[0m [1mcosmic-panel[0m[2m:[0m [2mcosmic_session::notifications[0m[2m:[0m \x1b[2m1970-01-01T00:00:14.354225Z\x1b[0m \x1b[32m INFO\x1b[0m Cell { value: None }
[2m1970-01-01T00:00:15.105559Z[0m [32m INFO[0m [1mcosmic-panel[0m[2m:[0m [2mcosmic_session::notifications[0m[2m:[0m \x1b[2m1970-01-01T00:00:14.369999Z\x1b[0m \x1b[31mERROR\x1b[0m \x1b[1mstderr\x1b[0m\x1b[1m{\x1b[0m\x1b[3mclient\x1b[0m\x1b[2m=\x1b[0mInnerClientId { ptr: 0x907d4dd0, alive: true }\x1b[1m}\x1b[0m\x1b[2m:\x1b[0m com.system76.CosmicAppletTime: leandros-applet: entering event loop
[2m1970-01-01T00:00:15.107695Z[0m [32m INFO[0m [1mcosmic-panel[0m[2m:[0m [2mcosmic_session::notifications[0m[2m:[0m \x1b[2m1970-01-01T00:00:14.369999Z\x1b[0m \x1b[31mERROR\x1b[0m \x1b[1mstderr\x1b[0m\x1b[1m{\x1b[0m\x1b[3mclient\x1b[0m\x1b[2m=\x1b[0mInnerClientId { ptr: 0x907d4dd0, alive: true }\x1b[1m}\x1b[0m\x1b[2m:\x1b[0m com.system76.CosmicAppletTime: leandros-applet: tick: 1000ms
[2m1970-01-01T00:00:15.110114Z[0m [32m INFO[0m [1mcosmic-panel[0m[2m:[0m [2mcosmic_session::notifications[0m[2m:[0m \x1b[2m1970-01-01T00:00:14.428262Z\x1b[0m \x1b[32m INFO\x1b[0m \x1b[1mstdout\x1b[0m\x1b[1m{\x1b[0m\x1b[3mclient\x1b[0m\x1b[2m=\x1b[0mInnerClientId { ptr: 0x5db84ec0, alive: true }\x1b[1m}\x1b[0m\x1b[2m:\x1b[0m com.system76.CosmicPanelWorkspacesButton: \x1b[2m1970-01-01T00:00:14.423941Z\x1b[0m \x1b[31mERROR\x1b[0m \x1b[2mcosmic::theme\x1b[0m\x1b[2m:\x1b[0m error loading system dark theme \x1b[3merror\x1b[0m\x1b[2m=\x1b[0mGetKey("control_tint", Os { code: 24, kind: Uncategorized, message: "No file descriptors available" })
[2m1970-01-01T00:00:15.130329Z[0m [32m INFO[0m [1mcosmic-panel[0m[2m:[0m [2mcosmic_session::notifications[0m[2m:[0m \x1b[2m1970-01-01T00:00:14.419173Z\x1b[0m \x1b[32m INFO\x1b[0m Requires relayout: resizing list
[2m1970-01-01T00:00:15.131565Z[0m [32m INFO[0m [1mcosmic-panel[0m[2m:[0m [2mcosmic_session::notifications[0m[2m:[0m 
[2m1970-01-01T00:00:15.131919Z[0m [32m INFO[0m [1mcosmic-panel[0m[2m:[0m [2mcosmic_session::notifications[0m[2m:[0m Stack backtrace:
[2m1970-01-01T00:00:15.132363Z[0m [32m INFO[0m [1mcosmic-panel[0m[2m:[0m [2mcosmic_session::notifications[0m[2m:[0m    0: <unknown>
[2m1970-01-01T00:00:15.132860Z[0m [32m INFO[0m [1mcosmic-panel[0m[2m:[0m [2mcosmic_session::notifications[0m[2m:[0m    1: <unknown>
[2m1970-01-01T00:00:15.133246Z[0m [32m INFO[0m [1mcosmic-panel[0m[2m:[0m [2mcosmic_session::notifications[0m[2m:[0m    2: <unknown>
[2m1970-01-01T00:00:15.133571Z[0m [32m INFO[0m [1mcosmic-panel[0m[2m:[0m [2mcosmic_session::notifications[0m[2m:[0m    3: <unknown>
[2m1970-01-01T00:00:15.133892Z[0m [32m INFO[0m [1mcosmic-panel[0m[2m:[0m [2mcosmic_session::notifications[0m[2m:[0m    4: <unknown>
[2m1970-01-01T00:00:15.134211Z[0m [32m INFO[0m [1mcosmic-panel[0m[2m:[0m [2mcosmic_session::notifications[0m[2m:[0m    5: <unknown>
[2m1970-01-01T00:00:15.134542Z[0m [32m INFO[0m [1mcosmic-panel[0m[2m:[0m [2mcosmic_session::notifications[0m[2m:[0m    6: <unknown>
[2m1970-01-01T00:00:15.135348Z[0m [32m INFO[0m [1mcosmic-panel[0m[2m:[0m [2mcosmic_session::notifications[0m[2m:[0m    7: <unknown>
[2m1970-01-01T00:00:15.136668Z[0m [32m INFO[0m [1mcosmic-panel[0m[2m:[0m [2mcosmic_session::notifications[0m[2m:[0m    8: <unknown>
[2m1970-01-01T00:00:15.137975Z[0m [32m INFO[0m [1mcosmic-panel[0m[2m:[0m [2mcosmic_session::notifications[0m[2m:[0m    9: <unknown>
[2m1970-01-01T00:00:15.139169Z[0m [32m INFO[0m [1mcosmic-panel[0m[2m:[0m [2mcosmic_session::notifications[0m[2m:[0m \x1b[2m1970-01-01T00:00:14.451314Z\x1b[0m \x1b[32m INFO\x1b[0m Cell { value: None }
[2m1970-01-01T00:00:15.139999Z[0m [32m INFO[0m [1mcosmic-panel[0m[2m:[0m [2mcosmic_session::notifications[0m[2m:[0m \x1b[2m1970-01-01T00:00:14.453292Z\x1b[0m \x1b[31mERROR\x1b[0m \x1b[1mstderr\x1b[0m\x1b[1m{\x1b[0m\x1b[3mclient\x1b[0m\x1b[2m=\x1b[0mInnerClientId { ptr: 0x907d4dd0, alive: true }\x1b[1m}\x1b[0m\x1b[2m:\x1b[0m com.system76.CosmicAppletTime: leandros-applet: committed 220x32 clock
[2m1970-01-01T00:00:15.142940Z[0m [32m INFO[0m [1mcosmic-panel[0m[2m:[0m [2mcosmic_session::notifications[0m[2m:[0m \x1b[2m1970-01-01T00:00:14.491546Z\x1b[0m \x1b[32m INFO\x1b[0m Requires relayout: resizing list
[2m1970-01-01T00:00:15.144572Z[0m [32m INFO[0m [1mcosmic-panel[0m[2m:[0m [2mcosmic_session::notifications[0m[2m:[0m 
[2m1970-01-01T00:00:15.145436Z[0m [32m INFO[0m [1mcosmic-panel[0m[2m:[0m [2mcosmic_session::notifications[0m[2m:[0m Stack backtrace:
[2m1970-01-01T00:00:15.146425Z[0m [32m INFO[0m [1mcosmic-panel[0m[2m:[0m [2mcosmic_session::notifications[0m[2m:[0m    0: <unknown>
[2m1970-01-01T00:00:15.147372Z[0m [32m INFO[0m [1mcosmic-panel[0m[2m:[0m [2mcosmic_session::notifications[0m[2m:[0m    1: <unknown>
[2m1970-01-01T00:00:15.148389Z[0m [32m INFO[0m [1mcosmic-panel[0m[2m:[0m [2mcosmic_session::notifications[0m[2m:[0m    2: <unknown>
[2m1970-01-01T00:00:15.149658Z[0m [32m INFO[0m [1mcosmic-panel[0m[2m:[0m [2mcosmic_session::notifications[0m[2m:[0m    3: <unknown>
[NET] connec[t pNiET] accd=ep25t  fdpid=27=711  sciod=2 ncn=o9n0 sind==920 path -> 
fd=300
[NET] accept pid=11 sid=2 EAGAIN
[NET] connect pid=116 fd=259 conn=92 sid=2 path
[2m1970-01-01T00:00:15.224529Z[0m [32m INFO[0m [1mcosmic-panel[0m[2m:[0m [2mcosmic_session::notifications[0m[2m:[0m    4: <unknown>
[2m1970-01-01T00:00:15.225780Z[0m [32m INFO[0m [1mcosmic-panel[0m[2m:[0m [2mcosmic_session::notifications[0m[2m:[0m    5: <unknown>
[2m1970-01-01T00:00:15.226254Z[0m [32m INFO[0m [1mcosmic-panel[0m[2m:[0m [2mcosmic_session::notifications[0m[2m:[0m    6: <unknown>
[2m1970-01-01T00:00:15.227680Z[0m [32m INFO[0m [1mcosmic-panel[0m[2m:[0m [2mcosmic_session::notifications[0m[2m:[0m    7: <unknown>
[2m1970-01-01T00:00:15.229092Z[0m [32m INFO[0m [1mcosmic-panel[0m[2m:[0m [2mcosmic_session::notifications[0m[2m:[0m    8: <unknown>
[2m1970-01-01T00:00:15.230097Z[0m [32m INFO[0m [1mcosmic-panel[0m[2m:[0m [2mcosmic_session::notifications[0m[2m:[0m    9: <unknown>
[2m1970-01-01T00:00:15.231323Z[0m [32m INFO[0m [1mcosmic-panel[0m[2m:[0m [2mcosmic_session::notifications[0m[2m:[0m \x1b[2m1970-01-01T00:00:14.497986Z\x1b[0m \x1b[32m INFO\x1b[0m Cell { value: None }
[NET] accept pid=11 sid=2 conn=92 -> fd=301
[NET] accept pid=11 sid=2 EAGAIN
[2m1970-01-01T00:00:15.246236Z[0m [32m INFO[0m [1mcosmic-panel[0m[2m:[0m [2mcosmic_session::notifications[0m[2m:[0m \x1b[2m1970-01-01T00:00:14.540404Z\x1b[0m \x1b[32m INFO\x1b[0m \x1b[1mstdout\x1b[0m\x1b[1m{\x1b[0m\x1b[3mclient\x1b[0m\x1b[2m=\x1b[0mInnerClientId { ptr: 0x93fb15c0, alive: true }\x1b[1m}\x1b[0m\x1b[2m:\x1b[0m com.system76.CosmicPanelAppButton: \x1b[2m1970-01-01T00:00:14.536950Z\x1b[0m \x1b[31mERROR\x1b[0m \x1b[2mcosmic::theme\x1b[0m\x1b[2m:\x1b[0m error loading system dark theme \x1b[3merror\x1b[0m\x1b[2m=\x1b[0mGetKey("text_button", Os { code: 24, kind: Uncategorized, message: "No file descriptors available" })
[2m1970-01-01T00:00:15.250312Z[0m [32m INFO[0m [1mcosmic-panel[0m[2m:[0m [2mcosmic_session::notifications[0m[2m:[0m \x1b[2m1970-01-01T00:00:14.540420Z\x1b[0m \x1b[32m INFO\x1b[0m \x1b[1mstdout\x1b[0m\x1b[1m{\x1b[0m\x1b[3mclient\x1b[0m\x1b[2m=\x1b[0mInnerClientId { ptr: 0x93fb15c0, alive: true }\x1b[1m}\x1b[0m\x1b[2m:\x1b[0m com.system76.CosmicPanelAppButton: \x1b[2m1970-01-01T00:00:14.537125Z\x1b[0m \x1b[31mERROR\x1b[0m \x1b[2mcosmic::theme\x1b[0m\x1b[2m:\x1b[0m error loading system dark theme \x1b[3merror\x1b[0m\x1b[2m=\x1b[0mGetKey("palette", Os { code: 24, kind: Uncategorized, message: "No file descriptors available" })
[2m1970-01-01T00:00:15.286267Z[0m [32m INFO[0m [1mcosmic-panel[0m[2m:[0m [2mcosmic_session::notifications[0m[2m:[0m \x1b[2m1970-01-01T00:00:14.540436Z\x1b[0m \x1b[32m INFO\x1b[0m \x1b[1mstdout\x1b[0m\x1b[1m{\x1b[0m\x1b[3mclient\x1b[0m\x1b[2m=\x1b[0mInnerClientId { ptr: 0x93fb15c0, alive: true }\x1b[1m}\x1b[0m\x1b[2m:\x1b[0m com.system76.CosmicPanelAppButton: \x1b[2m1970-01-01T00:00:14.537136Z\x1b[0m \x1b[31mERROR\x1b[0m \x1b[2mcosmic::theme\x1b[0m\x1b[2m:\x1b[0m error loading system dark theme \x1b[3merror\x1b[0m\x1b[2m=\x1b[0mGetKey("is_high_contrast", Os { code: 24, kind: Uncategorized, message: "No file descriptors available" })
[2m1970-01-01T00:00:15.291780Z[0m [32m INFO[0m [1mcosmic-panel[0m[2m:[0m [2mcosmic_session::notifications[0m[2m:[0m \x1b[2m1970-01-01T00:00:14.540449Z\x1b[0m \x1b[32m INFO\x1b[0m \x1b[1mstdout\x1b[0m\x1b[1m{\x1b[0m\x1b[3mclient\x1b[0m\x1b[2m=\x1b[0mInnerClientId { ptr: 0x93fb15c0, alive: true }\x1b[1m}\x1b[0m\x1b[2m:\x1b[0m com.system76.CosmicPanelAppButton: \x1b[2m1970-01-01T00:00:14.537146Z\x1b[0m \x1b[31mERROR\x1b[0m \x1b[2mcosmic::theme\x1b[0m\x1b[2m:\x1b[0m error loading system dark theme \x1b[3merror\x1b[0m\x1b[2m=\x1b[0mGetKey("frosted_windows", Os { code: 24, kind: Uncategorized, message: "No file descriptors available" })
[NET] connect pid[N=E119T ]f ad=c259c ecop[NnnE=9t4  sTi] d=cp2 iodnn=epcatt11h  s
pid=2i5 dfd==272 con8n c=o94nn=95 - >si df=d2 =30pa2
th[N
ET] accept pid=11 sid=2 conn=95 -> fd=303
[NET] accept pid=11 sid=2 EAGAIN
[NET] connect pid=114 fd=259 conn=78 sid=2 path
[NET] accept pid=11 [2m197si0-0d1=2 -0c1T00o:n0n0=78 -:15.3> 46f606Zd=[3004m [33m W
AR[NETN[] 0ma cce[pt1 pmcido=sm11i sc-iid=dle2 E[A0mGA[2ImN:
[0m [2mcosmic_session[0m[2m:[0m [1970-01-01T00:00:15Z INFO  tracing::span] read_socket;
[2m1970-01-01T00:00:15.348938Z[0m [32m INFO[0m [1mcosmic-panel[0m[2m:[0m [2mcosmic_session::notifications[0m[2m:[0m \x1b[2m1970-01-01T00:00:14.647616Z\x1b[0m \x1b[32m INFO\x1b[0m \x1b[1mstdout\x1b[0m\x1b[1m{\x1b[0m\x1b[3mclient\x1b[0m\x1b[2m=\x1b[0mInnerClientId { ptr: 0x907d4bf0, alive: true }\x1b[1m}\x1b[0m\x1b[2m:\x1b[0m com.system76.CosmicPanelAppButton: \x1b[2m1970-01-01T00:00:14.597472Z\x1b[0m \x1b[31mERROR\x1b[0m \x1b[2mcosmic::theme\x1b[0m\x1b[2m:\x1b[0m error loading system dark theme \x1b[3merror\x1b[0m\x1b[2m=\x1b[0mGetKey("active_hint", Os { code: 24, kind: Uncategorized, message: "No file descriptors available" })
[2m1970-01-01T00:00:15.353951Z[0m [32m INFO[0m [1mcosmic-panel[0m[2m:[0m [2mcosmic_session::notifications[0m[2m:[0m \x1b[2m1970-01-01T00:00:14.647630Z\x1b[0m \x1b[32m INFO\x1b[0m \x1b[1mstdout\x1b[0m\x1b[1m{\x1b[0m\x1b[3mclient\x1b[0m\x1b[2m=\x1b[0mInnerClientId { ptr: 0x907d4bf0, alive: true }\x1b[1m}\x1b[0m\x1b[2m:\x1b[0m com.system76.CosmicPanelAppButton: \x1b[2m1970-01-01T00:00:14.640028Z\x1b[0m \x1b[31mERROR\x1b[0m \x1b[2mcosmic::theme\x1b[0m\x1b[2m:\x1b[0m error loading system dark theme \x1b[3merror\x1b[0m\x1b[2m=\x1b[0mGetKey("window_hint", Os { code: 24, kind: Uncategorized, message: "No file descriptors available" })
[2m1970-01-01T00:00:15.423650Z[0m [32m INFO[0m [1mcosmic-panel[0m[2m:[0m [2mcosmic_session::notifications[0m[2m:[0m \x1b[2m1970-01-01T00:00:14.647642Z\x1b[0m \x1b[32m INFO\x1b[0m \x1b[1mstdout\x1b[0m\x1b[1m{\x1b[0m\x1b[3mclient\x1b[0m\x1b[2m=\x1b[0mInnerClientId { ptr: 0x907d4bf0, alive: true }\x1b[1m}\x1b[0m\x1b[2m:\x1b[0m com.system76.CosmicPanelAppButton: \x1b[2m1970-01-01T00:00:14.640038Z\x1b[0m \x1b[31mERROR\x1b[0m \x1b[2mcosmic::theme\x1b[0m\x1b[2m:\x1b[0m error loading system dark theme \x1b[3merror\x1b[0m\x1b[2m=\x1b[0mGetKey("frosted", Os { code: 24, kind: Uncategorized, message: "No file descriptors available" })
[2m1970-01-01T00:00:15.429278Z[0m [32m INFO[0m [1mcosmic-panel[0m[2m:[0m [2mcosmic_session::notifications[0m[2m:[0m \x1b[2m1970-01-01T00:00:14.647652Z\x1b[0m \x1b[32m INFO\x1b[0m \x1b[1mstdout\x1b[0m\x1b[1m{\x1b[0m\x1b[3mclient\x1b[0m\x1b[2m=\x1b[0mInnerClientId { ptr: 0x907d4bf0, alive: true }\x1b[1m}\x1b[0m\x1b[2m:\x1b[0m com.system76.CosmicPanelAppButton: \x1b[2m1970-01-01T00:00:14.640047Z\x1b[0m \x1b[31mERROR\x1b[0m \x1b[2mcosmic::theme\x1b[0m\x1b[2m:\x1b[0m error loading system dark theme \x1b[3merror\x1b[0m\x1b[2m=\x1b[0mGetKey("accent_text", Os { code: 24, kind: Uncategorized, message: "No file descriptors available" })
[2m1970-01-01T00:00:15.450040Z[0m [32m INFO[0m [1mcosmic-panel[0m[2m:[0m [2mcosmic_session::notifications[0m[2m:[0m \x1b[2m1970-01-01T00:00:14.659209Z\x1b[0m \x1b[32m INFO\x1b[0m \x1b[1mstdout\x1b[0m\x1b[1m{\x1b[0m\x1b[3mclient\x1b[0m\x1b[2m=\x1b[0mInnerClientId { ptr: 0x93fb20f0, alive: true }\x1b[1m}\x1b[0m\x1b[2m:\x1b[0m com.system76.CosmicAppletMinimize: \x1b[2m1970-01-01T00:00:14.650536Z\x1b[0m \x1b[31mERROR\x1b[0m \x1b[2mcosmic::theme\x1b[0m\x1b[2m:\x1b[0m error loading system dark theme \x1b[3merror\x1b[0m\x1b[2m=\x1b[0mGetKey("palette", Os { code: 24, kind: Uncategorized, message: "No file descriptors available" })
[2m1970-01-01T00:00:15.455755Z[0m [32m INFO[0m [1mcosmic-panel[0m[2m:[0m [2mcosmic_session::notifications[0m[2m:[0m \x1b[2m1970-01-01T00:00:14.711892Z\x1b[0m \x1b[32m INFO\x1b[0m \x1b[1mstdout\x1b[0m\x1b[1m{\x1b[0m\x1b[3mclient\x1b[0m\x1b[2m=\x1b[0mInnerClientId { ptr: 0x93fb1200, alive: true }\x1b[1m}\x1b[0m\x1b[2m:\x1b[0m com.system76.CosmicPanelLauncherButton: \x1b[2m1970-01-01T00:00:14.709550Z\x1b[0m \x1b[31mERROR\x1b[0m \x1b[2mcosmic::theme\x1b[0m\x1b[2m:\x1b[0m error loading system dark theme \x1b[3merror\x1b[0m\x1b[2m=\x1b[0mGetKey("frosted_system_interface", Os { code: 24, kind: Uncategorized, message: "No file descriptors available" })
[2m1970-01-01T00:00:15.524033Z[0m [32m INFO[0m [1mcosmic-panel[0m[2m:[0m [2mcosmic_session::notifications[0m[2m:[0m \x1b[2m1970-01-01T00:00:14.784511Z\x1b[0m \x1b[32m INFO\x1b[0m \x1b[1mstdout\x1b[0m\x1b[1m{\x1b[0m\x1b[3mclient\x1b[0m\x1b[2m=\x1b[0mInnerClientId { ptr: 0x93fb13e0, alive: true }\x1b[1m}\x1b[0m\x1b[2m:\x1b[0m com.system76.CosmicPanelWorkspacesButton: \x1b[2m1970-01-01T00:00:14.780680Z\x1b[0m \x1b[31mERROR\x1b[0m \x1b[2mcosmic::theme\x1b[0m\x1b[2m:\x1b[0m error loading system dark theme \x1b[3merror\x1b[0m\x1b[2m=\x1b[0mGetKey("warning", Os { code: 24, kind: Uncategorized, message: "No file descriptors available" })
[2m1970-01-01T00:00:15.529313Z[0m [32m INFO[0m [1mcosmic-panel[0m[2m:[0m [2mcosmic_session::notifications[0m[2m:[0m \x1b[2m1970-01-01T00:00:14.825882Z\x1b[0m \x1b[32m INFO\x1b[0m \x1b[1mstdout\x1b[0m\x1b[1m{\x1b[0m\x1b[3mclient\x1b[0m\x1b[2m=\x1b[0mInnerClientId { ptr: 0x9122edd0, alive: true }\x1b[1m}\x1b[0m\x1b[2m:\x1b[0m com.system76.CosmicAppletTiling: \x1b[2m1970-01-01T00:00:14.821791Z\x1b[0m \x1b[31mERROR\x1b[0m \x1b[2mcosmic::theme\x1b[0m\x1b[2m:\x1b[0m error loading system dark theme \x1b[3merror\x1b[0m\x1b[2m=\x1b[0mGetKey("transparent_background", Os { code: 24, kind: Uncategorized, message: "No file descriptors available" })
[2m1970-01-01T00:00:15.561860Z[0m [32m INFO[0m [1mcosmic-panel[0m[2m:[0m [2mcosmic_session::notifications[0m[2m:[0m \x1b[2m1970-01-01T00:00:14.825895Z\x1b[0m \x1b[32m INFO\x1b[0m \x1b[1mstdout\x1b[0m\x1b[1m{\x1b[0m\x1b[3mclient\x1b[0m\x1b[2m=\x1b[0mInnerClientId { ptr: 0x9122edd0, alive: true }\x1b[1m}\x1b[0m\x1b[2m:\x1b[0m com.system76.CosmicAppletTiling: \x1b[2m1970-01-01T00:00:14.821808Z\x1b[0m \x1b[31mERROR\x1b[0m \x1b[2mcosmic::theme\x1b[0m\x1b[2m:\x1b[0m error loading system dark theme \x1b[3merror\x1b[0m\x1b[2m=\x1b[0mGetKey("corner_radii", Os { code: 24, kind: Uncategorized, message: "No file descriptors available" })
[2m1970-01-01T00:00:15.568359Z[0m [33m WARN[0m [1mcosmic-idle[0m[2m:[0m [2mcosmic_session[0m[2m:[0m [1970-01-01T00:00:15Z INFO  tracing::span] read_socket;
[2m1970-01-01T00:00:15.569609Z[0m [33m WARN[0m [1mcosmic-idle[0m[2m:[0m [2mcosmic_session[0m[2m:[0m [1970-01-01T00:00:15Z INFO  tracing::span] read_socket;
[2m1970-01-01T00:00:15.570318Z[0m [33m WARN[0m [1mcosmic-idle[0m[2m:[0m [2mcosmic_session[0m[2m:[0m [1970-01-01T00:00:15Z INFO  tracing::span] read_socket;
[2m1970-01-01T00:00:15.571624Z[0m [32m INFO[0m [1mcosmic-notifications[0m[2m:[0m [2mcosmic_session::notifications[0m[2m:[0m \x1b[2m1970-01-01T00:00:15.354248Z\x1b[0m \x1b[31mERROR\x1b[0m \x1b[2mcosmic::theme\x1b[0m\x1b[2m:\x1b[0m error loading system dark theme \x1b[3merror\x1b[0m\x1b[2m=\x1b[0mGetKey("button", Os { code: 24, kind: Uncategorized, message: "No file descriptors available" })
[2m1970-01-01T00:00:15.574415Z[0m [32m INFO[0m [1mcosmic-notifications[0m[2m:[0m [2mcosmic_session::notifications[0m[2m:[0m \x1b[2m1970-01-01T00:00:15.354264Z\x1b[0m \x1b[31mERROR\x1b[0m \x1b[2mcosmic::theme\x1b[0m\x1b[2m:\x1b[0m error loading system dark theme \x1b[3merror\x1b[0m\x1b[2m=\x1b[0mGetKey("corner_radii", Os { code: 24, kind: Uncategorized, message: "No file descriptors available" })
[2m1970-01-01T00:00:15.576940Z[0m [32m INFO[0m [1mcosmic-notifications[0m[2m:[0m [2mcosmic_session::notifications[0m[2m:[0m \x1b[2m1970-01-01T00:00:15.354272Z\x1b[0m \x1b[31mERROR\x1b[0m \x1b[2mcosmic::theme\x1b[0m\x1b[2m:\x1b[0m error loading system dark theme \x1b[3merror\x1b[0m\x1b[2m=\x1b[0mGetKey("frosted_windows", Os { code: 24, kind: Uncategorized, message: "No file descriptors available" })
[NET] connect pid=121 fd=259 conn=97 sid=2 path
[NET] accept pid=11 sid=2 conn=97 -> fd=305
[NET] accept pid=11 sid=2 EAGAIN
[2m1970-01-01T00:00:15.657289Z[0m [32m INFO[0m [1mcosmic-panel[0m[2m:[0m [2mcosmic_session::notifications[0m[2m:[0m \x1b[2m1970-01-01T00:00:14.825910Z\x1b[0m \x1b[32m INFO\x1b[0m \x1b[1mstdout\x1b[0m\x1b[1m{\x1b[0m\x1b[3mclient\x1b[0m\x1b[2m=\x1b[0mInnerClientId { ptr: 0x9122edd0, alive: true }\x1b[1m}\x1b[0m\x1b[2m:\x1b[0m com.system76.CosmicAppletTiling: \x1b[2m1970-01-01T00:00:14.822742Z\x1b[0m \x1b[33m WARN\x1b[0m \x1b[2mcosmic_text::font::system\x1b[0m\x1b[2m:\x1b[0m failed to get system locale, falling back to en-US
[2m1970-01-01T00:00:15.662428Z[0m [32m INFO[0m [1mcosmic-panel[0m[2m:[0m [2mcosmic_session::notifications[0m[2m:[0m \x1b[2m1970-01-01T00:00:14.836574Z\x1b[0m \x1b[32m INFO\x1b[0m \x1b[1mstdout\x1b[0m\x1b[1m{\x1b[0m\x1b[3mclient\x1b[0m\x1b[2m=\x1b[0mInnerClientId { ptr: 0x9122edd0, alive: true }\x1b[1m}\x1b[0m\x1b[2m:\x1b[0m com.system76.CosmicAppletTiling: \x1b[2m1970-01-01T00:00:14.825109Z\x1b[0m \x1b[33m WARN\x1b[0m \x1b[2mfontdb\x1b[0m\x1b[2m:\x1b[0m Fallback to loading from known font dir paths.
[2m1970-01-01T00:00:15.695162Z[0m [32m INFO[0m [1mcosmic-panel[0m[2m:[0m [2mcosmic_session::notifications[0m[2m:[0m \x1b[2m1970-01-01T00:00:14.996308Z\x1b[0m \x1b[32m INFO\x1b[0m \x1b[1mstdout\x1b[0m\x1b[1m{\x1b[0m\x1b[3mclient\x1b[0m\x1b[2m=\x1b[0mInnerClientId { ptr: 0x5db84ec0, alive: true }\x1b[1m}\x1b[0m\x1b[2m:\x1b[0m com.system76.CosmicPanelWorkspacesButton: \x1b[2m1970-01-01T00:00:14.992977Z\x1b[0m \x1b[31mERROR\x1b[0m \x1b[2mcosmic::theme\x1b[0m\x1b[2m:\x1b[0m error loading system dark theme \x1b[3merror\x1b[0m\x1b[2m=\x1b[0mGetKey("button", Os { code: 24, kind: Uncategorized, message: "No file descriptors available" })
[2m1970-01-01T00:00:15.732897Z[0m [32m INFO[0m [1mcosmic-panel[0m[2m:[0m [2mcosmic_session::notifications[0m[2m:[0m \x1b[2m1970-01-01T00:00:14.996321Z\x1b[0m \x1b[32m INFO\x1b[0m \x1b[1mstdout\x1b[0m\x1b[1m{\x1b[0m\x1b[3mclient\x1b[0m\x1b[2m=\x1b[0mInnerClientId { ptr: 0x5db84ec0, alive: true }\x1b[1m}\x1b[0m\x1b[2m:\x1b[0m com.system76.CosmicPanelWorkspacesButton: \x1b[2m1970-01-01T00:00:14.992999Z\x1b[0m \x1b[31mERROR\x1b[0m \x1b[2mcosmic::theme\x1b[0m\x1b[2m:\x1b[0m error loading system dark theme \x1b[3merror\x1b[0m\x1b[2m=\x1b[0mGetKey("warning_button", Os { code: 24, kind: Uncategorized, message: "No file descriptors available" })
[2m1970-01-01T00:00:15.738845Z[0m [32m INFO[0m [1mcosmic-panel[0m[2m:[0m [2mcosmic_session::notifications[0m[2m:[0m \x1b[2m1970-01-01T00:00:14.996332Z\x1b[0m \x1b[32m INFO\x1b[0m \x1b[1mstdout\x1b[0m\x1b[1m{\x1b[0m\x1b[3mclient\x1b[0m\x1b[2m=\x1b[0mInnerClientId { ptr: 0x5db84ec0, alive: true }\x1b[1m}\x1b[0m\x1b[2m:\x1b[0m com.system76.CosmicPanelWorkspacesButton: \x1b[2m1970-01-01T00:00:14.995329Z\x1b[0m \x1b[33m WARN\x1b[0m \x1b[2mcosmic_text::font::system\x1b[0m\x1b[2m:\x1b[0m failed to get system locale, falling back to en-US
[NET] connect pid=120 fd=259 conn=99 sid=2 path
[NET] accept pid=11 sid=2 conn=99 -> fd=306
[NET] accept pid=11 sid=2 EAGAIN
[2m1970-01-01T00:00:15.765903Z[0m [32m INFO[0m [1mcosmic-panel[0m[2m:[0m [2mcosmic_session::notifications[0m[2m:[0m \x1b[2m1970-01-01T00:00:14.997708Z\x1b[0m \x1b[32m INFO\x1b[0m \x1b[1mstdout\x1b[0m\x1b[1m{\x1b[0m\x1b[3mclient\x1b[0m\x1b[2m=\x1b[0mInnerClientId { ptr: 0x5db84ec0, alive: true }\x1b[1m}\x1b[0m\x1b[2m:\x1b[0m com.system76.CosmicPanelWorkspacesButton: \x1b[2m1970-01-01T00:00:14.997269Z\x1b[0m \x1b[33m WARN\x1b[0m \x1b[2mfontdb\x1b[0m\x1b[2m:\x1b[0m Fallback to loading from known font dir paths.
[2m1970-01-01T00:00:15.816831Z[0m [32m INFO[0m [1mcosmic-panel[0m[2m:[0m [2mcosmic_session::notifications[0m[2m:[0m \x1b[2m1970-01-01T00:00:15.016826Z\x1b[0m \x1b[31mERROR\x1b[0m \x1b[1mstderr\x1b[0m\x1b[1m{\x1b[0m\x1b[3mclient\x1b[0m\x1b[2m=\x1b[0mInnerClientId { ptr: 0x9122edd0, alive: true }\x1b[1m}\x1b[0m\x1b[2m:\x1b[0m com.system76.CosmicAppletTiling: xkbcommon: ERROR: couldn't find a Compose file for locale "C" (mapped to "C")
[2m1970-01-01T00:00:15.820229Z[0m [32m INFO[0m [1mcosmic-panel[0m[2m:[0m [2mcosmic_session::notifications[0m[2m:[0m \x1b[2m1970-01-01T00:00:15.081941Z\x1b[0m \x1b[32m INFO\x1b[0m \x1b[1mstdout\x1b[0m\x1b[1m{\x1b[0m\x1b[3mclient\x1b[0m\x1b[2m=\x1b[0mInnerClientId { ptr: 0x5db84ec0, alive: true }\x1b[1m}\x1b[0m\x1b[2m:\x1b[0m com.system76.CosmicPanelWorkspacesButton: \x1b[2m1970-01-01T00:00:15.078774Z\x1b[0m \x1b[33m WARN\x1b[0m \x1b[2mfontdb\x1b[0m\x1b[2m:\x1b[0m Failed to load '/usr/share/fonts/open-sans/OpenSans-Bold.ttf' cause No file descriptors available (os error 24).
[2m1970-01-01T00:00:15.842267Z[0m [32m INFO[0m [1mcosmic-panel[0m[2m:[0m [2mcosmic_session::notifications[0m[2m:[0m \x1b[2m1970-01-01T00:00:15.081951Z\x1b[0m \x1b[32m INFO\x1b[0m \x1b[1mstdout\x1b[0m\x1b[1m{\x1b[0m\x1b[3mclient\x1b[0m\x1b[2m=\x1b[0mInnerClientId { ptr: 0x5db84ec0, alive: true }\x1b[1m}\x1b[0m\x1b[2m:\x1b[0m com.system76.CosmicPanelWorkspacesButton: \x1b[2m1970-01-01T00:00:15.079192Z\x1b[0m \x1b[33m WARN\x1b[0m \x1b[2mfontdb\x1b[0m\x1b[2m:\x1b[0m Failed to load '/usr/share/fonts/open-sans/OpenSans-Regular.ttf' cause No file descriptors available (os error 24).
[2m1970-01-01T00:00:15.849755Z[0m [32m INFO[0m [1mcosmic-panel[0m[2m:[0m [2mcosmic_session::notifications[0m[2m:[0m \x1b[2m1970-01-01T00:00:15.081960Z\x1b[0m \x1b[32m INFO\x1b[0m \x1b[1mstdout\x1b[0m\x1b[1m{\x1b[0m\x1b[3mclient\x1b[0m\x1b[2m=\x1b[0mInnerClientId { ptr: 0x5db84ec0, alive: true }\x1b[1m}\x1b[0m\x1b[2m:\x1b[0m com.system76.CosmicPanelWorkspacesButton: \x1b[2m1970-01-01T00:00:15.079877Z\x1b[0m \x1b[33m WARN\x1b[0m \x1b[2mfontdb\x1b[0m\x1b[2m:\x1b[0m Failed to load '/usr/share/fonts/open-sans/OpenSans-Semibold.ttf' cause No file descriptors available (os error 24).
[2m1970-01-01T00:00:15.853463Z[0m [33m WARN[0m [1mcosmic-idle[0m[2m:[0m [2mcosmic_session[0m[2m:[0m [1970-01-01T00:00:15Z INFO  tracing::span] read_socket;
[2m1970-01-01T00:00:15.854484Z[0m [33m WARN[0m [1mcosmic-idle[0m[2m:[0m [2mcosmic_session[0m[2m:[0m [1970-01-01T00:00:15Z INFO  tracing::span] read_socket;
[2m1970-01-01T00:00:15.855921Z[0m [33m WARN[0m [1mcosmic-idle[0m[2m:[0m [2mcosmic_session[0m[2m:[0m [1970-01-01T00:00:15Z INFO  tracing::span] read_socket;
[2m1970-01-01T00:00:15.856513Z[0m [33m WARN[0m [1mcosmic-idle[0m[2m:[0m [2mcosmic_session[0m[2m:[0m [1970-01-01T00:00:15Z INFO  tracing::span] read_socket;
[2m1970-01-01T00:00:15.857100Z[0m [32m INFO[0m [1mcosmic-panel[0m[2m:[0m [2mcosmic_session::notifications[0m[2m:[0m \x1b[2m1970-01-01T00:00:15.098211Z\x1b[0m \x1b[32m INFO\x1b[0m \x1b[1mstdout\x1b[0m\x1b[1m{\x1b[0m\x1b[3mclient\x1b[0m\x1b[2m=\x1b[0mInnerClientId { ptr: 0x907d4bf0, alive: true }\x1b[1m}\x1b[0m\x1b[2m:\x1b[0m com.system76.CosmicPanelAppButton: \x1b[2m1970-01-01T00:00:15.096841Z\x1b[0m \x1b[31mERROR\x1b[0m \x1b[2mcosmic::theme\x1b[0m\x1b[2m:\x1b[0m error loading system dark theme \x1b[3merror\x1b[0m\x1b[2m=\x1b[0mGetKey("frosted_windows", Os { code: 24, kind: Uncategorized, message: "No file descriptors available" })
[2m1970-01-01T00:00:15.858539Z[0m [32m INFO[0m [1mcosmic-panel[0m[2m:[0m [2mcosmic_session::notifications[0m[2m:[0m \x1b[2m1970-01-01T00:00:15.098221Z\x1b[0m \x1b[32m INFO\x1b[0m \x1b[1mstdout\x1b[0m\x1b[1m{\x1b[0m\x1b[3mclient\x1b[0m\x1b[2m=\x1b[0mInnerClientId { ptr: 0x907d4bf0, alive: true }\x1b[1m}\x1b[0m\x1b[2m:\x1b[0m com.system76.CosmicPanelAppButton: \x1b[2m1970-01-01T00:00:15.096856Z\x1b[0m \x1b[31mERROR\x1b[0m \x1b[2mcosmic::theme\x1b[0m\x1b[2m:\x1b[0m error loading system dark theme \x1b[3merror\x1b[0m\x1b[2m=\x1b[0mGetKey("frosted_system_interface", Os { code: 24, kind: Uncategorized, message: "No file descriptors available" })
[NET] connect pid=28 fd=305 conn=101 sid=7 abstract
[2m1970-01-01T00:00:15.961872Z[0m [32m INFO[0m [1mcosmic-panel[0m[2m:[0m [2mcosmic_session::notifications[0m[2m:[0m \x1b[2m1970-01-01T00:00:15.099579Z\x1b[0m \x1b[32m INFO\x1b[0m \x1b[1mstdout\x1b[0m\x1b[1m{\x1b[0m\x1b[3mclient\x1b[0m\x1b[2m=\x1b[0mInnerClientId { ptr: 0x907d4bf0, alive: true }\x1b[1m}\x1b[0m\x1b[2m:\x1b[0m com.system76.CosmicPanelAppButton: \x1b[2m1970-01-01T00:00:15.098377Z\x1b[0m \x1b[33m WARN\x1b[0m \x1b[2mcosmic_text::font::system\x1b[0m\x1b[2m:\x1b[0m failed to get system locale, falling back to en-US
[2m1970-01-01T00:00:15.967012Z[0m [32m INFO[0m [1mcosmic-panel[0m[2m:[0m [2mcosmic_session::notifications[0m[2m:[0m \x1b[2m1970-01-01T00:00:15.120653Z\x1b[0m \x1b[32m INFO\x1b[0m \x1b[1mstdout\x1b[0m\x1b[1m{\x1b[0m\x1b[3mclient\x1b[0m\x1b[2m=\x1b[0mInnerClientId { ptr: 0x9122edd0, alive: true }\x1b[1m}\x1b[0m\x1b[2m:\x1b[0m com.system76.CosmicAppletTiling: \x1b[2m1970-01-01T00:00:15.115360Z\x1b[0m \x1b[31mERROR\x1b[0m \x1b[2mcosmic_applet_tiling::window\x1b[0m\x1b[2m:\x1b[0m Error loading config \x1b[3merr\x1b[0m\x1b[2m=\x1b[0mGetKey("workspaces", Os { code: 2, kind: NotFound, message: "No such file or directory" })
[2m1970-01-01T00:00:16.012291Z[0m [32m INFO[0m [1mcosmic-panel[0m[2m:[0m [2mcosmic_session::notifications[0m[2m:[0m \x1b[2m1970-01-01T00:00:15.120665Z\x1b[0m \x1b[32m INFO\x1b[0m \x1b[1mstdout\x1b[0m\x1b[1m{\x1b[0m\x1b[3mclient\x1b[0m\x1b[2m=\x1b[0mInnerClientId { ptr: 0x9122edd0, alive: true }\x1b[1m}\x1b[0m\x1b[2m:\x1b[0m com.system76.CosmicAppletTiling: \x1b[2m1970-01-01T00:00:15.115627Z\x1b[0m \x1b[31mERROR\x1b[0m \x1b[2mcosmic_applet_tiling::window\x1b[0m\x1b[2m:\x1b[0m Error loading config \x1b[3merr\x1b[0m\x1b[2m=\x1b[0mGetKey("input_default", Os { code: 2, kind: NotFound, message: "No such file or directory" })
[2m1970-01-01T00:00:16.016607Z[0m [32m INFO[0m [1mcosmic-panel[0m[2m:[0m [2mcosmic_session::notifications[0m[2m:[0m \x1b[2m1970-01-01T00:00:15.120674Z\x1b[0m \x1b[32m INFO\x1b[0m \x1b[1mstdout\x1b[0m\x1b[1m{\x1b[0m\x1b[3mclient\x1b[0m\x1b[2m=\x1b[0mInnerClientId { ptr: 0x9122edd0, alive: true }\x1b[1m}\x1b[0m\x1b[2m:\x1b[0m com.system76.CosmicAppletTiling: \x1b[2m1970-01-01T00:00:15.115637Z\x1b[0m \x1b[31mERROR\x1b[0m \x1b[2mcosmic_applet_tiling::window\x1b[0m\x1b[2m:\x1b[0m Error loading config \x1b[3merr\x1b[0m\x1b[2m=\x1b[0mGetKey("input_devices", Os { code: 2, kind: NotFound, message: "No such file or directory" })
[2m1970-01-01T00:00:16.020932Z[0m [32m INFO[0m [1mcosmic-panel[0m[2m:[0m [2mcosmic_session::notifications[0m[2m:[0m \x1b[2m1970-01-01T00:00:15.120684Z\x1b[0m \x1b[32m INFO\x1b[0m \x1b[1mstdout\x1b[0m\x1b[1m{\x1b[0m\x1b[3mclient\x1b[0m\x1b[2m=\x1b[0mInnerClientId { ptr: 0x9122edd0, alive: true }\x1b[1m}\x1b[0m\x1b[2m:\x1b[0m com.system76.CosmicAppletTiling: \x1b[2m1970-01-01T00:00:15.115646Z\x1b[0m \x1b[31mERROR\x1b[0m \x1b[2mcosmic_applet_tiling::window\x1b[0m\x1b[2m:\x1b[0m Error loading config \x1b[3merr\x1b[0m\x1b[2m=\x1b[0mGetKey("xkb_config", Os { code: 2, kind: NotFound, message: "No such file or directory" })
[2m1970-01-01T00:00:16.033776Z[0m [32m INFO[0m [1mcosmic-panel[0m[2m:[0m [2mcosmic_session::notifications[0m[2m:[0m \x1b[2m1970-01-01T00:00:15.120693Z\x1b[0m \x1b[32m INFO\x1b[0m \x1b[1mstdout\x1b[0m\x1b[1m{\x1b[0m\x1b[3mclient\x1b[0m\x1b[2m=\x1b[0mInnerClientId { ptr: 0x9122edd0, alive: true }\x1b[1m}\x1b[0m\x1b[2m:\x1b[0m com.system76.CosmicAppletTiling: \x1b[2m1970-01-01T00:00:15.115654Z\x1b[0m \x1b[31mERROR\x1b[0m \x1b[2mcosmic_applet_tiling::window\x1b[0m\x1b[2m:\x1b[0m Error loading config \x1b[3merr\x1b[0m\x1b[2m=\x1b[0mGetKey("autotile", Os { code: 2, kind: NotFound, message: "No such file or directory" })
[2m1970-01-01T00:00:16.039047Z[0m [32m INFO[0m [1mcosmic-panel[0m[2m:[0m [2mcosmic_session::notifications[0m[2m:[0m \x1b[2m1970-01-01T00:00:15.120704Z\x1b[0m \x1b[32m INFO\x1b[0m \x1b[1mstdout\x1b[0m\x1b[1m{\x1b[0m\x1b[3mclient\x1b[0m\x1b[2m=\x1b[0mInnerClientId { ptr: 0x9122edd0, alive: true }\x1b[1m}\x1b[0m\x1b[2m:\x1b[0m com.system76.CosmicAppletTiling: \x1b[2m1970-01-01T00:00:15.115663Z\x1b[0m \x1b[31mERROR\x1b[0m \x1b[2mcosmic_applet_tiling::window\x1b[0m\x1b[2m:\x1b[0m Error loading config \x1b[3merr\x1b[0m\x1b[2m=\x1b[0mGetKey("autotile_behavior", Os { code: 2, kind: NotFound, message: "No such file or directory" })
[2m1970-01-01T00:00:16.077807Z[0m [33m WARN[0m [1mcosmic-idle[0m[2m:[0m [2mcosmic_session[0m[2m:[0m [1970-01-01T00:00:15Z INFO  tracing::span] read_socket;
[2m1970-01-01T00:00:16.079520Z[0m [33m WARN[0m [1mcosmic-idle[0m[2m:[0m [2mcosmic_session[0m[2m:[0m [1970-01-01T00:00:15Z INFO  tracing::span] read_socket;
[2m1970-01-01T00:00:16.081151Z[0m [32m INFO[0m [1mcosmic-panel[0m[2m:[0m [2mcosmic_session::notifications[0m[2m:[0m \x1b[2m1970-01-01T00:00:15.120716Z\x1b[0m \x1b[32m INFO\x1b[0m \x1b[1mstdout\x1b[0m\x1b[1m{\x1b[0m\x1b[3mclient\x1b[0m\x1b[2m=\x1b[0mInnerClientId { ptr: 0x9122edd0, alive: true }\x1b[1m}\x1b[0m\x1b[2m:\x1b[0m com.system76.CosmicAppletTiling: \x1b[2m1970-01-01T00:00:15.115671Z\x1b[0m \x1b[31mERROR\x1b[0m \x1b[2mcosmic_applet_tiling::window\x1b[0m\x1b[2m:\x1b[0m Error loading config \x1b[3merr\x1b[0m\x1b[2m=\x1b[0mGetKey("active_hint", Os { code: 2, kind: NotFound, message: "No such file or directory" })
[2m1970-01-01T00:00:16.086832Z[0m [32m INFO[0m [1mcosmic-panel[0m[2m:[0m [2mcosmic_session::notifications[0m[2m:[0m \x1b[2m1970-01-01T00:00:15.120728Z\x1b[0m \x1b[32m INFO\x1b[0m \x1b[1mstdout\x1b[0m\x1b[1m{\x1b[0m\x1b[3mclient\x1b[0m\x1b[2m=\x1b[0mInnerClientId { ptr: 0x907d4bf0, alive: true }\x1b[1m}\x1b[0m\x1b[2m:\x1b[0m com.system76.CosmicPanelAppButton: \x1b[2m1970-01-01T00:00:15.103081Z\x1b[0m \x1b[33m WARN\x1b[0m \x1b[2mfontdb\x1b[0m\x1b[2m:\x1b[0m Fallback to loading from known font dir paths.
[NET] accept pid=16 sid=7 conn=101 -> fd=274
[NET] accept pid=16 sid=7 EAGAIN
[2m1970-01-01T00:00:16.107486Z[0m [32m INFO[0m [1mcosmic-panel[0m[2m:[0m [2mcosmic_session::notifications[0m[2m:[0m \x1b[2m1970-01-01T00:00:15.120737Z\x1b[0m \x1b[32m INFO\x1b[0m \x1b[1mstdout\x1b[0m\x1b[1m{\x1b[0m\x1b[3mclient\x1b[0m\x1b[2m=\x1b[0mInnerClientId { ptr: 0x93fb15c0, alive: true }\x1b[1m}\x1b[0m\x1b[2m:\x1b[0m com.system76.CosmicPanelAppButton: \x1b[2m1970-01-01T00:00:15.101307Z\x1b[0m \x1b[33m WARN\x1b[0m \x1b[2mcosmic_text::font::system\x1b[0m\x1b[2m:\x1b[0m failed to get system locale, falling back to en-US
[2m1970-01-01T00:00:16.110501Z[0m [32m INFO[0m [1mcosmic-panel[0m[2m:[0m [2mcosmic_session::notifications[0m[2m:[0m \x1b[2m1970-01-01T00:00:15.120749Z\x1b[0m \x1b[32m INFO\x1b[0m \x1b[1mstdout\x1b[0m\x1b[1m{\x1b[0m\x1b[3mclient\x1b[0m\x1b[2m=\x1b[0mInnerClientId { ptr: 0x93fb15c0, alive: true }\x1b[1m}\x1b[0m\x1b[2m:\x1b[0m com.system76.CosmicPanelAppButton: \x1b[2m1970-01-01T00:00:15.103165Z\x1b[0m \x1b[33m WARN\x1b[0m \x1b[2mfontdb\x1b[0m\x1b[2m:\x1b[0m Fallback to loading from known font dir paths.
[2m1970-01-01T00:00:16.114052Z[0m [32m INFO[0m [1mcosmic-panel[0m[2m:[0m [2mcosmic_session::notifications[0m[2m:[0m \x1b[2m1970-01-01T00:00:15.122224Z\x1b[0m \x1b[32m INFO\x1b[0m \x1b[1mstdout\x1b[0m\x1b[1m{\x1b[0m\x1b[3mclient\x1b[0m\x1b[2m=\x1b[0mInnerClientId { ptr: 0x9122edd0, alive: true }\x1b[1m}\x1b[0m\x1b[2m:\x1b[0m com.system76.CosmicAppletTiling: \x1b[2m1970-01-01T00:00:15.120487Z\x1b[0m \x1b[31mERROR\x1b[0m \x1b[2mcosmic_applet_tiling::window\x1b[0m\x1b[2m:\x1b[0m Failed to set autotile behavior to PerWorkspace \x1b[3merr\x1b[0m\x1b[2m=\x1b[0mAtomicWrites(Internal(Os { code: 24, kind: Uncategorized, message: "No file descriptors available" }))
[2m1970-01-01T00:00:16.182264Z[0m [32m INFO[0m [1mcosmic-panel[0m[2m:[0m [2mcosmic_session::notifications[0m[2m:[0m \x1b[2m1970-01-01T00:00:15.128449Z\x1b[0m \x1b[32m INFO\x1b[0m \x1b[1mstdout\x1b[0m\x1b[1m{\x1b[0m\x1b[3mclient\x1b[0m\x1b[2m=\x1b[0mInnerClientId { ptr: 0x5db84ec0, alive: true }\x1b[1m}\x1b[0m\x1b[2m:\x1b[0m com.system76.CosmicPanelWorkspacesButton: \x1b[2m1970-01-01T00:00:15.127787Z\x1b[0m \x1b[31mERROR\x1b[0m \x1b[2mcosmic::core\x1b[0m\x1b[2m:\x1b[0m ThemeMode config entry error \x1b[3mwhy\x1b[0m\x1b[2m=\x1b[0mGetKey("is_dark", Os { code: 24, kind: Uncategorized, message: "No file descriptors available" })
[2m1970-01-01T00:00:16.187004Z[0m [32m INFO[0m [1mcosmic-panel[0m[2m:[0m [2mcosmic_session::notifications[0m[2m:[0m \x1b[2m1970-01-01T00:00:15.153971Z\x1b[0m \x1b[32m INFO\x1b[0m \x1b[1mstdout\x1b[0m\x1b[1m{\x1b[0m\x1b[3mclient\x1b[0m\x1b[2m=\x1b[0mInnerClientId { ptr: 0x9122edd0, alive: true }\x1b[1m}\x1b[0m\x1b[2m:\x1b[0m com.system76.CosmicAppletTiling: \x1b[2m1970-01-01T00:00:15.153242Z\x1b[0m \x1b[32m INFO\x1b[0m \x1b[2miced_winit\x1b[0m\x1b[2m:\x1b[0m System theme: None
[2m1970-01-01T00:00:16.190392Z[0m [32m INFO[0m [1mcosmic-panel[0m[2m:[0m [2mcosmic_session::notifications[0m[2m:[0m \x1b[2m1970-01-01T00:00:15.153984Z\x1b[0m \x1b[32m INFO\x1b[0m \x1b[1mstdout\x1b[0m\x1b[1m{\x1b[0m\x1b[3mclient\x1b[0m\x1b[2m=\x1b[0mInnerClientId { ptr: 0x93fb20f0, alive: true }\x1b[1m}\x1b[0m\x1b[2m:\x1b[0m com.system76.CosmicAppletMinimize: \x1b[2m1970-01-01T00:00:15.153181Z\x1b[0m \x1b[31mERROR\x1b[0m \x1b[2mcosmic::theme\x1b[0m\x1b[2m:\x1b[0m error loading system dark theme \x1b[3merror\x1b[0m\x1b[2m=\x1b[0mGetKey("frosted", Os { code: 24, kind: Uncategorized, message: "No file descriptors available" })
[2m1970-01-01T00:00:16.196371Z[0m [32m INFO[0m [1mcosmic-panel[0m[2m:[0m [2mcosmic_session::notifications[0m[2m:[0m \x1b[2m1970-01-01T00:00:15.153992Z\x1b[0m \x1b[32m INFO\x1b[0m \x1b[1mstdout\x1b[0m\x1b[1m{\x1b[0m\x1b[3mclient\x1b[0m\x1b[2m=\x1b[0mInnerClientId { ptr: 0x93fb20f0, alive: true }\x1b[1m}\x1b[0m\x1b[2m:\x1b[0m com.system76.CosmicAppletMinimize: \x1b[2m1970-01-01T00:00:15.153811Z\x1b[0m \x1b[33m WARN\x1b[0m \x1b[2mcosmic_text::font::system\x1b[0m\x1b[2m:\x1b[0m failed to get system locale, falling back to en-US
[2m1970-01-01T00:00:16.199999Z[0m [32m INFO[0m [1mcosmic-panel[0m[2m:[0m [2mcosmic_session::notifications[0m[2m:[0m \x1b[2m1970-01-01T00:00:15.161220Z\x1b[0m \x1b[32m INFO\x1b[0m \x1b[1mstdout\x1b[0m\x1b[1m{\x1b[0m\x1b[3mclient\x1b[0m\x1b[2m=\x1b[0mInnerClientId { ptr: 0x9122edd0, alive: true }\x1b[1m}\x1b[0m\x1b[2m:\x1b[0m com.system76.CosmicAppletTiling: \x1b[2m1970-01-01T00:00:15.153880Z\x1b[0m \x1b[32m INFO\x1b[0m \x1b[2miced_winit\x1b[0m\x1b[2m:\x1b[0m Window attributes for id `Id(
[2m1970-01-01T00:00:16.204116Z[0m [32m INFO[0m [1mcosmic-panel[0m[2m:[0m [2mcosmic_session::notifications[0m[2m:[0m \x1b[2m1970-01-01T00:00:15.161280Z\x1b[0m \x1b[32m INFO\x1b[0m \x1b[1mstdout\x1b[0m\x1b[1m{\x1b[0m\x1b[3mclient\x1b[0m\x1b[2m=\x1b[0mInnerClientId { ptr: 0x9122edd0, alive: true }\x1b[1m}\x1b[0m\x1b[2m:\x1b[0m com.system76.CosmicAppletTiling:     1,
[2m1970-01-01T00:00:16.206479Z[0m [32m INFO[0m [1mcosmic-panel[0m[2m:[0m [2mcosmic_session::notifications[0m[2m:[0m \x1b[2m1970-01-01T00:00:15.161332Z\x1b[0m \x1b[32m INFO\x1b[0m \x1b[1mstdout\x1b[0m\x1b[1m{\x1b[0m\x1b[3mclient\x1b[0m\x1b[2m=\x1b[0mInnerClientId { ptr: 0x9122edd0, alive: true }\x1b[1m}\x1b[0m\x1b[2m:\x1b[0m com.system76.CosmicAppletTiling: )`: WindowAttributes {
[2m1970-01-01T00:00:16.209268Z[0m [32m INFO[0m [1mcosmic-panel[0m[2m:[0m [2mcosmic_session::notifications[0m[2m:[0m \x1b[2m1970-01-01T00:00:15.161389Z\x1b[0m \x1b[32m INFO\x1b[0m \x1b[1mstdout\x1b[0m\x1b[1m{\x1b[0m\x1b[3mclient\x1b[0m\x1b[2m=\x1b[0mInnerClientId { ptr: 0x9122edd0, alive: true }\x1b[1m}\x1b[0m\x1b[2m:\x1b[0m com.system76.CosmicAppletTiling:     surface_size: Some(
[2m1970-01-01T00:00:16.256270Z[0m [32m INFO[0m [1mcosmic-panel[0m[2m:[0m [2mcosmic_session::notifications[0m[2m:[0m \x1b[2m1970-01-01T00:00:15.351297Z\x1b[0m \x1b[32m INFO\x1b[0m \x1b[1mstdout\x1b[0m\x1b[1m{\x1b[0m\x1b[3mclient\x1b[0m\x1b[2m=\x1b[0mInnerClientId { ptr: 0x9122edd0, alive: true }\x1b[1m}\x1b[0m\x1b[2m:\x1b[0m com.system76.CosmicAppletTiling:         Logical(
[2m1970-01-01T00:00:16.259858Z[0m [32m INFO[0m [1mcosmic-panel[0m[2m:[0m [2mcosmic_session::notifications[0m[2m:[0m \x1b[2m1970-01-01T00:00:15.351316Z\x1b[0m \x1b[32m INFO\x1b[0m \x1b[1mstdout\x1b[0m\x1b[1m{\x1b[0m\x1b[3mclient\x1b[0m\x1b[2m=\x1b[0mInnerClientId { ptr: 0x9122edd0, alive: true }\x1b[1m}\x1b[0m\x1b[2m:\x1b[0m com.system76.CosmicAppletTiling:             LogicalSize {
[2m1970-01-01T00:00:16.315893Z[0m [32m INFO[0m [1mcosmic-panel[0m[2m:[0m [2mcosmic_session::notifications[0m[2m:[0m \x1b[2m1970-01-01T00:00:15.351325Z\x1b[0m \x1b[32m INFO\x1b[0m \x1b[1mstdout\x1b[0m\x1b[1m{\x1b[0m\x1b[3mclient\x1b[0m\x1b[2m=\x1b[0mInnerClientId { ptr: 0x9122edd0, alive: true }\x1b[1m}\x1b[0m\x1b[2m:\x1b[0m com.system76.CosmicAppletTiling:                 width: 40.0,
[2m1970-01-01T00:00:16.319605Z[0m [32m INFO[0m [1mcosmic-panel[0m[2m:[0m [2mcosmic_session::notifications[0m[2m:[0m \x1b[2m1970-01-01T00:00:15.351334Z\x1b[0m \x1b[32m INFO\x1b[0m \x1b[1mstdout\x1b[0m\x1b[1m{\x1b[0m\x1b[3mclient\x1b[0m\x1b[2m=\x1b[0mInnerClientId { ptr: 0x9122edd0, alive: true }\x1b[1m}\x1b[0m\x1b[2m:\x1b[0m com.system76.CosmicAppletTiling:                 height: 32.0,
[2m1970-01-01T00:00:16.323140Z[0m [32m INFO[0m [1mcosmic-panel[0m[2m:[0m [2mcosmic_session::notifications[0m[2m:[0m \x1b[2m1970-01-01T00:00:15.351343Z\x1b[0m \x1b[32m INFO\x1b[0m \x1b[1mstdout\x1b[0m\x1b[1m{\x1b[0m\x1b[3mclient\x1b[0m\x1b[2m=\x1b[0mInnerClientId { ptr: 0x9122edd0, alive: true }\x1b[1m}\x1b[0m\x1b[2m:\x1b[0m com.system76.CosmicAppletTiling:             },
[2m1970-01-01T00:00:16.325424Z[0m [32m INFO[0m [1mcosmic-panel[0m[2m:[0m [2mcosmic_session::notifications[0m[2m:[0m \x1b[2m1970-01-01T00:00:15.351351Z\x1b[0m \x1b[32m INFO\x1b[0m \x1b[1mstdout\x1b[0m\x1b[1m{\x1b[0m\x1b[3mclient\x1b[0m\x1b[2m=\x1b[0mInnerClientId { ptr: 0x9122edd0, alive: true }\x1b[1m}\x1b[0m\x1b[2m:\x1b[0m com.system76.CosmicAppletTiling:         ),
[2m1970-01-01T00:00:16.330646Z[0m [32m INFO[0m [1mcosmic-panel[0m[2m:[0m [2mcosmic_session::notifications[0m[2m:[0m \x1b[2m1970-01-01T00:00:15.351360Z\x1b[0m \x1b[32m INFO\x1b[0m \x1b[1mstdout\x1b[0m\x1b[1m{\x1b[0m\x1b[3mclient\x1b[0m\x1b[2m=\x1b[0mInnerClientId { ptr: 0x9122edd0, alive: true }\x1b[1m}\x1b[0m\x1b[2m:\x1b[0m com.system76.CosmicAppletTiling:     ),
[2m1970-01-01T00:00:16.333099Z[0m [32m INFO[0m [1mcosmic-panel[0m[2m:[0m [2mcosmic_session::notifications[0m[2m:[0m \x1b[2m1970-01-01T00:00:15.351368Z\x1b[0m \x1b[32m INFO\x1b[0m \x1b[1mstdout\x1b[0m\x1b[1m{\x1b[0m\x1b[3mclient\x1b[0m\x1b[2m=\x1b[0mInnerClientId { ptr: 0x9122edd0, alive: true }\x1b[1m}\x1b[0m\x1b[2m:\x1b[0m com.system76.CosmicAppletTiling:     min_surface_size: Some(
[2m1970-01-01T00:00:16.335677Z[0m [32m INFO[0m [1mcosmic-panel[0m[2m:[0m [2mcosmic_session::notifications[0m[2m:[0m \x1b[2m1970-01-01T00:00:15.351377Z\x1b[0m \x1b[32m INFO\x1b[0m \x1b[1mstdout\x1b[0m\x1b[1m{\x1b[0m\x1b[3mclient\x1b[0m\x1b[2m=\x1b[0mInnerClientId { ptr: 0x9122edd0, alive: true }\x1b[1m}\x1b[0m\x1b[2m:\x1b[0m com.system76.CosmicAppletTiling:         Logical(
[2m1970-01-01T00:00:16.338218Z[0m [32m INFO[0m [1mcosmic-panel[0m[2m:[0m [2mcosmic_session::notifications[0m[2m:[0m \x1b[2m1970-01-01T00:00:15.351386Z\x1b[0m \x1b[32m INFO\x1b[0m \x1b[1mstdout\x1b[0m\x1b[1m{\x1b[0m\x1b[3mclient\x1b[0m\x1b[2m=\x1b[0mInnerClientId { ptr: 0x9122edd0, alive: true }\x1b[1m}\x1b[0m\x1b[2m:\x1b[0m com.system76.CosmicAppletTiling:             LogicalSize {
[2m1970-01-01T00:00:16.363997Z[0m [32m INFO[0m [1mcosmic-panel[0m[2m:[0m [2mcosmic_session::notifications[0m[2m:[0m \x1b[2m1970-01-01T00:00:15.351395Z\x1b[0m \x1b[32m INFO\x1b[0m \x1b[1mstdout\x1b[0m\x1b[1m{\x1b[0m\x1b[3mclient\x1b[0m\x1b[2m=\x1b[0mInnerClientId { ptr: 0x9122edd0, alive: true }\x1b[1m}\x1b[0m\x1b[2m:\x1b[0m com.system76.CosmicAppletTiling:                 width: 40.0,
[2m1970-01-01T00:00:16.367618Z[0m [32m INFO[0m [1mcosmic-panel[0m[2m:[0m [2mcosmic_session::notifications[0m[2m:[0m \x1b[2m1970-01-01T00:00:15.351404Z\x1b[0m \x1b[32m INFO\x1b[0m \x1b[1mstdout\x1b[0m\x1b[1m{\x1b[0m\x1b[3mclient\x1b[0m\x1b[2m=\x1b[0mInnerClientId { ptr: 0x9122edd0, alive: true }\x1b[1m}\x1b[0m\x1b[2m:\x1b[0m com.system76.CosmicAppletTiling:                 height: 32.0,
[2m1970-01-01T00:00:16.379557Z[0m [32m INFO[0m [1mcosmic-panel[0m[2m:[0m [2mcosmic_session::notifications[0m[2m:[0m \x1b[2m1970-01-01T00:00:15.351425Z\x1b[0m \x1b[32m INFO\x1b[0m \x1b[1mstdout\x1b[0m\x1b[1m{\x1b[0m\x1b[3mclient\x1b[0m\x1b[2m=\x1b[0mInnerClientId { ptr: 0x9122edd0, alive: true }\x1b[1m}\x1b[0m\x1b[2m:\x1b[0m com.system76.CosmicAppletTiling:             },
[2m1970-01-01T00:00:16.379999Z[0m [32m INFO[0m [1mcosmic-panel[0m[2m:[0m [2mcosmic_session::notifications[0m[2m:[0m \x1b[2m1970-01-01T00:00:15.351434Z\x1b[0m \x1b[32m INFO\x1b[0m \x1b[1mstdout\x1b[0m\x1b[1m{\x1b[0m\x1b[3mclient\x1b[0m\x1b[2m=\x1b[0mInnerClientId { ptr: 0x9122edd0, alive: true }\x1b[1m}\x1b[0m\x1b[2m:\x1b[0m com.system76.CosmicAppletTiling:         ),
[2m1970-01-01T00:00:16.379999Z[0m [32m INFO[0m [1mcosmic-panel[0m[2m:[0m [2mcosmic_session::notifications[0m[2m:[0m \x1b[2m1970-01-01T00:00:15.351442Z\x1b[0m \x1b[32m INFO\x1b[0m \x1b[1mstdout\x1b[0m\x1b[1m{\x1b[0m\x1b[3mclient\x1b[0m\x1b[2m=\x1b[0mInnerClientId { ptr: 0x9122edd0, alive: true }\x1b[1m}\x1b[0m\x1b[2m:\x1b[0m com.system76.CosmicAppletTiling:     ),
[2m1970-01-01T00:00:16.383353Z[0m [32m INFO[0m [1mcosmic-panel[0m[2m:[0m [2mcosmic_session::notifications[0m[2m:[0m \x1b[2m1970-01-01T00:00:15.351450Z\x1b[0m \x1b[32m INFO\x1b[0m \x1b[1mstdout\x1b[0m\x1b[1m{\x1b[0m\x1b[3mclient\x1b[0m\x1b[2m=\x1b[0mInnerClientId { ptr: 0x9122edd0, alive: true }\x1b[1m}\x1b[0m\x1b[2m:\x1b[0m com.system76.CosmicAppletTiling:     max_surface_size: None,
[2m1970-01-01T00:00:16.421604Z[0m [32m INFO[0m [1mcosmic-panel[0m[2m:[0m [2mcosmic_session::notifications[0m[2m:[0m \x1b[2m1970-01-01T00:00:15.351459Z\x1b[0m \x1b[32m INFO\x1b[0m \x1b[1mstdout\x1b[0m\x1b[1m{\x1b[0m\x1b[3mclient\x1b[0m\x1b[2m=\x1b[0mInnerClientId { ptr: 0x9122edd0, alive: true }\x1b[1m}\x1b[0m\x1b[2m:\x1b[0m com.system76.CosmicAppletTiling:     surface_resize_increments: None,
[2m1970-01-01T00:00:16.424445Z[0m [32m INFO[0m [1mcosmic-panel[0m[2m:[0m [2mcosmic_session::notifications[0m[2m:[0m \x1b[2m1970-01-01T00:00:15.351467Z\x1b[0m \x1b[32m INFO\x1b[0m \x1b[1mstdout\x1b[0m\x1b[1m{\x1b[0m\x1b[3mclient\x1b[0m\x1b[2m=\x1b[0mInnerClientId { ptr: 0x9122edd0, alive: true }\x1b[1m}\x1b[0m\x1b[2m:\x1b[0m com.system76.CosmicAppletTiling:     position: None,
[2m1970-01-01T00:00:16.427162Z[0m [32m INFO[0m [1mcosmic-panel[0m[2m:[0m [2mcosmic_session::notifications[0m[2m:[0m \x1b[2m1970-01-01T00:00:15.351476Z\x1b[0m \x1b[32m INFO\x1b[0m \x1b[1mstdout\x1b[0m\x1b[1m{\x1b[0m\x1b[3mclient\x1b[0m\x1b[2m=\x1b[0mInnerClientId { ptr: 0x9122edd0, alive: true }\x1b[1m}\x1b[0m\x1b[2m:\x1b[0m com.system76.CosmicAppletTiling:     resizable: false,
[2m1970-01-01T00:00:16.430254Z[0m [32m INFO[0m [1mcosmic-panel[0m[2m:[0m [2mcosmic_session::notifications[0m[2m:[0m \x1b[2m1970-01-01T00:00:15.577076Z\x1b[0m \x1b[32m INFO\x1b[0m \x1b[1mstdout\x1b[0m\x1b[1m{\x1b[0m\x1b[3mclient\x1b[0m\x1b[2m=\x1b[0mInnerClientId { ptr: 0x9122edd0, alive: true }\x1b[1m}\x1b[0m\x1b[2m:\x1b[0m com.system76.CosmicAppletTiling:     enabled_buttons: WindowButtons(
[2m1970-01-01T00:00:16.436349Z[0m [32m INFO[0m [1mcosmic-panel[0m[2m:[0m [2mcosmic_session::notifications[0m[2m:[0m \x1b[2m1970-01-01T00:00:15.577090Z\x1b[0m \x1b[32m INFO\x1b[0m \x1b[1mstdout\x1b[0m\x1b[1m{\x1b[0m\x1b[3mclient\x1b[0m\x1b[2m=\x1b[0mInnerClientId { ptr: 0x9122edd0, alive: true }\x1b[1m}\x1b[0m\x1b[2m:\x1b[0m com.system76.CosmicAppletTiling:         CLOSE | MINIMIZE,
[2m1970-01-01T00:00:16.438891Z[0m [32m INFO[0m [1mcosmic-panel[0m[2m:[0m [2mcosmic_session::notifications[0m[2m:[0m \x1b[2m1970-01-01T00:00:15.577096Z\x1b[0m \x1b[32m INFO\x1b[0m \x1b[1mstdout\x1b[0m\x1b[1m{\x1b[0m\x1b[3mclient\x1b[0m\x1b[2m=\x1b[0mInnerClientId { ptr: 0x9122edd0, alive: true }\x1b[1m}\x1b[0m\x1b[2m:\x1b[0m com.system76.CosmicAppletTiling:     ),
[2m1970-01-01T00:00:16.441043Z[0m [32m INFO[0m [1mcosmic-panel[0m[2m:[0m [2mcosmic_session::notifications[0m[2m:[0m \x1b[2m1970-01-01T00:00:15.577103Z\x1b[0m \x1b[32m INFO\x1b[0m \x1b[1mstdout\x1b[0m\x1b[1m{\x1b[0m\x1b[3mclient\x1b[0m\x1b[2m=\x1b[0mInnerClientId { ptr: 0x9122edd0, alive: true }\x1b[1m}\x1b[0m\x1b[2m:\x1b[0m com.system76.CosmicAppletTiling:     title: "Cosmic - Iced",
[2m1970-01-01T00:00:16.443665Z[0m [32m INFO[0m [1mcosmic-panel[0m[2m:[0m [2mcosmic_session::notifications[0m[2m:[0m \x1b[2m1970-01-01T00:00:15.577110Z\x1b[0m \x1b[32m INFO\x1b[0m \x1b[1mstdout\x1b[0m\x1b[1m{\x1b[0m\x1b[3mclient\x1b[0m\x1b[2m=\x1b[0mInnerClientId { ptr: 0x9122edd0, alive: true }\x1b[1m}\x1b[0m\x1b[2m:\x1b[0m com.system76.CosmicAppletTiling:     maximized: false,
[2m1970-01-01T00:00:16.462265Z[0m [32m INFO[0m [1mcosmic-panel[0m[2m:[0m [2mcosmic_session::notifications[0m[2m:[0m \x1b[2m1970-01-01T00:00:15.577121Z\x1b[0m \x1b[32m INFO\x1b[0m \x1b[1mstdout\x1b[0m\x1b[1m{\x1b[0m\x1b[3mclient\x1b[0m\x1b[2m=\x1b[0mInnerClientId { ptr: 0x9122edd0, alive: true }\x1b[1m}\x1b[0m\x1b[2m:\x1b[0m com.system76.CosmicAppletTiling:     visible: false,
[2m1970-01-01T00:00:16.466196Z[0m [32m INFO[0m [1mcosmic-panel[0m[2m:[0m [2mcosmic_session::notifications[0m[2m:[0m \x1b[2m1970-01-01T00:00:15.577128Z\x1b[0m \x1b[32m INFO\x1b[0m \x1b[1mstdout\x1b[0m\x1b[1m{\x1b[0m\x1b[3mclient\x1b[0m\x1b[2m=\x1b[0mInnerClientId { ptr: 0x9122edd0, alive: true }\x1b[1m}\x1b[0m\x1b[2m:\x1b[0m com.system76.CosmicAppletTiling:     transparent: true,
[2m1970-01-01T00:00:16.469509Z[0m [32m INFO[0m [1mcosmic-panel[0m[2m:[0m [2mcosmic_session::notifications[0m[2m:[0m \x1b[2m1970-01-01T00:00:15.577136Z\x1b[0m \x1b[32m INFO\x1b[0m \x1b[1mstdout\x1b[0m\x1b[1m{\x1b[0m\x1b[3mclient\x1b[0m\x1b[2m=\x1b[0mInnerClientId { ptr: 0x9122edd0, alive: true }\x1b[1m}\x1b[0m\x1b[2m:\x1b[0m com.system76.CosmicAppletTiling:     blur: false,
[2m1970-01-01T00:00:16.481054Z[0m [32m INFO[0m [1mcosmic-panel[0m[2m:[0m [2mcosmic_session::notifications[0m[2m:[0m \x1b[2m1970-01-01T00:00:15.577142Z\x1b[0m \x1b[32m INFO\x1b[0m \x1b[1mstdout\x1b[0m\x1b[1m{\x1b[0m\x1b[3mclient\x1b[0m\x1b[2m=\x1b[0mInnerClientId { ptr: 0x9122edd0, alive: true }\x1b[1m}\x1b[0m\x1b[2m:\x1b[0m com.system76.CosmicAppletTiling:     decorations: false,
[2m1970-01-01T00:00:16.484687Z[0m [32m INFO[0m [1mcosmic-panel[0m[2m:[0m [2mcosmic_session::notifications[0m[2m:[0m \x1b[2m1970-01-01T00:00:15.577152Z\x1b[0m \x1b[32m INFO\x1b[0m \x1b[1mstdout\x1b[0m\x1b[1m{\x1b[0m\x1b[3mclient\x1b[0m\x1b[2m=\x1b[0mInnerClientId { ptr: 0x9122edd0, alive: true }\x1b[1m}\x1b[0m\x1b[2m:\x1b[0m com.system76.CosmicAppletTiling:     window_icon: None,
[2m1970-01-01T00:00:16.488308Z[0m [32m INFO[0m [1mcosmic-panel[0m[2m:[0m [2mcosmic_session::notifications[0m[2m:[0m \x1b[2m1970-01-01T00:00:15.577159Z\x1b[0m \x1b[32m INFO\x1b[0m \x1b[1mstdout\x1b[0m\x1b[1m{\x1b[0m\x1b[3mclient\x1b[0m\x1b[2m=\x1b[0mInnerClientId { ptr: 0x9122edd0, alive: true }\x1b[1m}\x1b[0m\x1b[2m:\x1b[0m com.system76.CosmicAppletTiling:     preferred_theme: None,
[2m1970-01-01T00:00:16.523288Z[0m [32m INFO[0m [1mcosmic-panel[0m[2m:[0m [2mcosmic_session::notifications[0m[2m:[0m \x1b[2m1970-01-01T00:00:15.577166Z\x1b[0m \x1b[32m INFO\x1b[0m \x1b[1mstdout\x1b[0m\x1b[1m{\x1b[0m\x1b[3mclient\x1b[0m\x1b[2m=\x1b[0mInnerClientId { ptr: 0x9122edd0, alive: true }\x1b[1m}\x1b[0m\x1b[2m:\x1b[0m com.system76.CosmicAppletTiling:     content_protected: false,
[2m1970-01-01T00:00:16.527269Z[0m [32m INFO[0m [1mcosmic-panel[0m[2m:[0m [2mcosmic_session::notifications[0m[2m:[0m \x1b[2m1970-01-01T00:00:15.577173Z\x1b[0m \x1b[32m INFO\x1b[0m \x1b[1mstdout\x1b[0m\x1b[1m{\x1b[0m\x1b[3mclient\x1b[0m\x1b[2m=\x1b[0mInnerClientId { ptr: 0x9122edd0, alive: true }\x1b[1m}\x1b[0m\x1b[2m:\x1b[0m com.system76.CosmicAppletTiling:     window_level: Normal,
[2m1970-01-01T00:00:16.530877Z[0m [32m INFO[0m [1mcosmic-panel[0m[2m:[0m [2mcosmic_session::notifications[0m[2m:[0m \x1b[2m1970-01-01T00:00:15.577184Z\x1b[0m \x1b[32m INFO\x1b[0m \x1b[1mstdout\x1b[0m\x1b[1m{\x1b[0m\x1b[3mclient\x1b[0m\x1b[2m=\x1b[0mInnerClientId { ptr: 0x9122edd0, alive: true }\x1b[1m}\x1b[0m\x1b[2m:\x1b[0m com.system76.CosmicAppletTiling:     active: true,
[2m1970-01-01T00:00:16.535254Z[0m [32m INFO[0m [1mcosmic-panel[0m[2m:[0m [2mcosmic_session::notifications[0m[2m:[0m \x1b[2m1970-01-01T00:00:15.577192Z\x1b[0m \x1b[32m INFO\x1b[0m \x1b[1mstdout\x1b[0m\x1b[1m{\x1b[0m\x1b[3mclient\x1b[0m\x1b[2m=\x1b[0mInnerClientId { ptr: 0x9122edd0, alive: true }\x1b[1m}\x1b[0m\x1b[2m:\x1b[0m com.system76.CosmicAppletTiling:     cursor: Icon(
[2m1970-01-01T00:00:16.538826Z[0m [32m INFO[0m [1mcosmic-panel[0m[2m:[0m [2mcosmic_session::notifications[0m[2m:[0m \x1b[2m1970-01-01T00:00:15.577199Z\x1b[0m \x1b[32m INFO\x1b[0m \x1b[1mstdout\x1b[0m\x1b[1m{\x1b[0m\x1b[3mclient\x1b[0m\x1b[2m=\x1b[0mInnerClientId { ptr: 0x9122edd0, alive: true }\x1b[1m}\x1b[0m\x1b[2m:\x1b[0m com.system76.CosmicAppletTiling:         Default,
[2m1970-01-01T00:00:16.542267Z[0m [32m INFO[0m [1mcosmic-panel[0m[2m:[0m [2mcosmic_session::notifications[0m[2m:[0m \x1b[2m1970-01-01T00:00:15.577206Z\x1b[0m \x1b[32m INFO\x1b[0m \x1b[1mstdout\x1b[0m\x1b[1m{\x1b[0m\x1b[3mclient\x1b[0m\x1b[2m=\x1b[0mInnerClientId { ptr: 0x9122edd0, alive: true }\x1b[1m}\x1b[0m\x1b[2m:\x1b[0m com.system76.CosmicAppletTiling:     ),
[2m1970-01-01T00:00:16.570561Z[0m [32m INFO[0m [1mcosmic-panel[0m[2m:[0m [2mcosmic_session::notifications[0m[2m:[0m \x1b[2m1970-01-01T00:00:15.577213Z\x1b[0m \x1b[32m INFO\x1b[0m \x1b[1mstdout\x1b[0m\x1b[1m{\x1b[0m\x1b[3mclient\x1b[0m\x1b[2m=\x1b[0mInnerClientId { ptr: 0x9122edd0, alive: true }\x1b[1m}\x1b[0m\x1b[2m:\x1b[0m com.system76.CosmicAppletTiling:     parent_window: None,
[2m1970-01-01T00:00:16.574440Z[0m [32m INFO[0m [1mcosmic-panel[0m[2m:[0m [2mcosmic_session::notifications[0m[2m:[0m \x1b[2m1970-01-01T00:00:15.577220Z\x1b[0m \x1b[32m INFO\x1b[0m \x1b[1mstdout\x1b[0m\x1b[1m{\x1b[0m\x1b[3mclient\x1b[0m\x1b[2m=\x1b[0mInnerClientId { ptr: 0x9122edd0, alive: true }\x1b[1m}\x1b[0m\x1b[2m:\x1b[0m com.system76.CosmicAppletTiling:     fullscreen: None,
[2m1970-01-01T00:00:16.577412Z[0m [32m INFO[0m [1mcosmic-panel[0m[2m:[0m [2mcosmic_session::notifications[0m[2m:[0m \x1b[2m1970-01-01T00:00:15.895778Z\x1b[0m \x1b[32m INFO\x1b[0m \x1b[1mstdout\x1b[0m\x1b[1m{\x1b[0m\x1b[3mclient\x1b[0m\x1b[2m=\x1b[0mInnerClientId { ptr: 0x9122edd0, alive: true }\x1b[1m}\x1b[0m\x1b[2m:\x1b[0m com.system76.CosmicAppletTiling:     platform: Some(
[2m1970-01-01T00:00:16.579999Z[0m [32m INFO[0m [1mcosmic-panel[0m[2m:[0m [2mcosmic_session::notifications[0m[2m:[0m \x1b[2m1970-01-01T00:00:15.895821Z\x1b[0m \x1b[32m INFO\x1b[0m \x1b[1mstdout\x1b[0m\x1b[1m{\x1b[0m\x1b[3mclient\x1b[0m\x1b[2m=\x1b[0mInnerClientId { ptr: 0x9122edd0, alive: true }\x1b[1m}\x1b[0m\x1b[2m:\x1b[0m com.system76.CosmicAppletTiling:         WindowAttributesWayland {
[2m1970-01-01T00:00:16.582442Z[0m [32m INFO[0m [1mcosmic-panel[0m[2m:[0m [2mcosmic_session::notifications[0m[2m:[0m \x1b[2m1970-01-01T00:00:15.895838Z\x1b[0m \x1b[32m INFO\x1b[0m \x1b[1mstdout\x1b[0m\x1b[1m{\x1b[0m\x1b[3mclient\x1b[0m\x1b[2m=\x1b[0mInnerClientId { ptr: 0x9122edd0, alive: true }\x1b[1m}\x1b[0m\x1b[2m:\x1b[0m com.system76.CosmicAppletTiling:             name: Some(
[2m1970-01-01T00:00:16.585695Z[0m [32m INFO[0m [1mcosmic-panel[0m[2m:[0m [2mcosmic_session::notifications[0m[2m:[0m \x1b[2m1970-01-01T00:00:15.895850Z\x1b[0m \x1b[32m INFO\x1b[0m \x1b[1mstdout\x1b[0m\x1b[1m{\x1b[0m\x1b[3mclient\x1b[0m\x1b[2m=\x1b[0mInnerClientId { ptr: 0x9122edd0, alive: true }\x1b[1m}\x1b[0m\x1b[2m:\x1b[0m com.system76.CosmicAppletTiling:                 ApplicationName {
[2m1970-01-01T00:00:16.596313Z[0m [32m INFO[0m [1mcosmic-panel[0m[2m:[0m [2mcosmic_session::notifications[0m[2m:[0m \x1b[2m1970-01-01T00:00:15.895858Z\x1b[0m \x1b[32m INFO\x1b[0m \x1b[1mstdout\x1b[0m\x1b[1m{\x1b[0m\x1b[3mclient\x1b[0m\x1b[2m=\x1b[0mInnerClientId { ptr: 0x9122edd0, alive: true }\x1b[1m}\x1b[0m\x1b[2m:\x1b[0m com.system76.CosmicAppletTiling:                     general: "com.system76.CosmicAppletTiling",
[2m1970-01-01T00:00:16.599999Z[0m [32m INFO[0m [1mcosmic-panel[0m[2m:[0m [2mcosmic_session::notifications[0m[2m:[0m \x1b[2m1970-01-01T00:00:15.895870Z\x1b[0m \x1b[32m INFO\x1b[0m \x1b[1mstdout\x1b[0m\x1b[1m{\x1b[0m\x1b[3mclient\x1b[0m\x1b[2m=\x1b[0mInnerClientId { ptr: 0x9122edd0, alive: true }\x1b[1m}\x1b[0m\x1b[2m:\x1b[0m com.system76.CosmicAppletTiling:                     instance: "com.system76.CosmicAppletTiling",
[2m1970-01-01T00:00:16.602875Z[0m [32m INFO[0m [1mcosmic-panel[0m[2m:[0m [2mcosmic_session::notifications[0m[2m:[0m \x1b[2m1970-01-01T00:00:15.895882Z\x1b[0m \x1b[32m INFO\x1b[0m \x1b[1mstdout\x1b[0m\x1b[1m{\x1b[0m\x1b[3mclient\x1b[0m\x1b[2m=\x1b[0mInnerClientId { ptr: 0x9122edd0, alive: true }\x1b[1m}\x1b[0m\x1b[2m:\x1b[0m com.system76.CosmicAppletTiling:                 },
[2m1970-01-01T00:00:16.605424Z[0m [32m INFO[0m [1mcosmic-panel[0m[2m:[0m [2mcosmic_session::notifications[0m[2m:[0m \x1b[2m1970-01-01T00:00:15.895892Z\x1b[0m \x1b[32m INFO\x1b[0m \x1b[1mstdout\x1b[0m\x1b[1m{\x1b[0m\x1b[3mclient\x1b[0m\x1b[2m=\x1b[0mInnerClientId { ptr: 0x9122edd0, alive: true }\x1b[1m}\x1b[0m\x1b[2m:\x1b[0m com.system76.CosmicAppletTiling:             ),
[2m1970-01-01T00:00:16.642909Z[0m [32m INFO[0m [1mcosmic-panel[0m[2m:[0m [2mcosmic_session::notifications[0m[2m:[0m \x1b[2m1970-01-01T00:00:15.895901Z\x1b[0m \x1b[32m INFO\x1b[0m \x1b[1mstdout\x1b[0m\x1b[1m{\x1b[0m\x1b[3mclient\x1b[0m\x1b[2m=\x1b[0mInnerClientId { ptr: 0x9122edd0, alive: true }\x1b[1m}\x1b[0m\x1b[2m:\x1b[0m com.system76.CosmicAppletTiling:             activation_token: None,
[2m1970-01-01T00:00:16.643826Z[0m [32m INFO[0m [1mcosmic-panel[0m[2m:[0m [2mcosmic_session::notifications[0m[2m:[0m \x1b[2m1970-01-01T00:00:15.895910Z\x1b[0m \x1b[32m INFO\x1b[0m \x1b[1mstdout\x1b[0m\x1b[1m{\x1b[0m\x1b[3mclient\x1b[0m\x1b[2m=\x1b[0mInnerClientId { ptr: 0x9122edd0, alive: true }\x1b[1m}\x1b[0m\x1b[2m:\x1b[0m com.system76.CosmicAppletTiling:             prefer_csd: false,
[2m1970-01-01T00:00:16.644724Z[0m [32m INFO[0m [1mcosmic-panel[0m[2m:[0m [2mcosmic_session::notifications[0m[2m:[0m \x1b[2m1970-01-01T00:00:15.895921Z\x1b[0m \x1b[32m INFO\x1b[0m \x1b[1mstdout\x1b[0m\x1b[1m{\x1b[0m\x1b[3mclient\x1b[0m\x1b[2m=\x1b[0mInnerClientId { ptr: 0x9122edd0, alive: true }\x1b[1m}\x1b[0m\x1b[2m:\x1b[0m com.system76.CosmicAppletTiling:         },
[2m1970-01-01T00:00:16.645647Z[0m [32m INFO[0m [1mcosmic-panel[0m[2m:[0m [2mcosmic_session::notifications[0m[2m:[0m \x1b[2m1970-01-01T00:00:15.895930Z\x1b[0m \x1b[32m INFO\x1b[0m \x1b[1mstdout\x1b[0m\x1b[1m{\x1b[0m\x1b[3mclient\x1b[0m\x1b[2m=\x1b[0mInnerClientId { ptr: 0x9122edd0, alive: true }\x1b[1m}\x1b[0m\x1b[2m:\x1b[0m com.system76.CosmicAppletTiling:     ),
[2m1970-01-01T00:00:16.646466Z[0m [32m INFO[0m [1mcosmic-panel[0m[2m:[0m [2mcosmic_session::notifications[0m[2m:[0m \x1b[2m1970-01-01T00:00:15.895940Z\x1b[0m \x1b[32m INFO\x1b[0m \x1b[1mstdout\x1b[0m\x1b[1m{\x1b[0m\x1b[3mclient\x1b[0m\x1b[2m=\x1b[0mInnerClientId { ptr: 0x9122edd0, alive: true }\x1b[1m}\x1b[0m\x1b[2m:\x1b[0m com.system76.CosmicAppletTiling: }
[2m1970-01-01T00:00:16.647294Z[0m [32m INFO[0m [1mcosmic-panel[0m[2m:[0m [2mcosmic_session::notifications[0m[2m:[0m \x1b[2m1970-01-01T00:00:15.895949Z\x1b[0m \x1b[32m INFO\x1b[0m \x1b[1mstdout\x1b[0m\x1b[1m{\x1b[0m\x1b[3mclient\x1b[0m\x1b[2m=\x1b[0mInnerClientId { ptr: 0x9122edd0, alive: true }\x1b[1m}\x1b[0m\x1b[2m:\x1b[0m com.system76.CosmicAppletTiling: \x1b[2m1970-01-01T00:00:15.154843Z\x1b[0m \x1b[33m WARN\x1b[0m \x1b[2mwinit_wayland::window::state\x1b[0m\x1b[2m:\x1b[0m `xdg_toplevel_icon_manager_v1` is not supported
[2m1970-01-01T00:00:16.648794Z[0m [32m INFO[0m [1mcosmic-panel[0m[2m:[0m [2mcosmic_session::notifications[0m[2m:[0m \x1b[2m1970-01-01T00:00:15.895961Z\x1b[0m \x1b[32m INFO\x1b[0m \x1b[1mstdout\x1b[0m\x1b[1m{\x1b[0m\x1b[3mclient\x1b[0m\x1b[2m=\x1b[0mInnerClientId { ptr: 0x93fb20f0, alive: false }\x1b[1m}\x1b[0m\x1b[2m:\x1b[0m com.system76.CosmicAppletMinimize: \x1b[2m1970-01-01T00:00:15.156147Z\x1b[0m \x1b[33m WARN\x1b[0m \x1b[2mfontdb\x1b[0m\x1b[2m:\x1b[0m Fallback to loading from known font dir paths.
[2m1970-01-01T00:00:16.661860Z[0m [32m INFO[0m [1mcosmic-panel[0m[2m:[0m [2mcosmic_session::notifications[0m[2m:[0m \x1b[2m1970-01-01T00:00:15.896043Z\x1b[0m \x1b[31mERROR\x1b[0m \x1b[1mstderr\x1b[0m\x1b[1m{\x1b[0m\x1b[3mclient\x1b[0m\x1b[2m=\x1b[0mInnerClientId { ptr: 0x93fb20f0, alive: false }\x1b[1m}\x1b[0m\x1b[2m:\x1b[0m com.system76.CosmicAppletMinimize: exited with code 134
[2m1970-01-01T00:00:16.664691Z[0m [32m INFO[0m [1mcosmic-panel[0m[2m:[0m [2mcosmic_session::notifications[0m[2m:[0m \x1b[2m1970-01-01T00:00:15.896669Z\x1b[0m \x1b[32m INFO\x1b[0m Replaced the client socket
[2m1970-01-01T00:00:16.666601Z[0m [32m INFO[0m [1mcosmic-panel[0m[2m:[0m [2mcosmic_session::notifications[0m[2m:[0m \x1b[2m1970-01-01T00:00:16.082675Z\x1b[0m \x1b[32m INFO\x1b[0m \x1b[1mstdout\x1b[0m\x1b[1m{\x1b[0m\x1b[3mclient\x1b[0m\x1b[2m=\x1b[0mInnerClientId { ptr: 0x9122edd0, alive: true }\x1b[1m}\x1b[0m\x1b[2m:\x1b[0m com.system76.CosmicAppletTiling: \x1b[2m1970-01-01T00:00:15.172102Z\x1b[0m \x1b[32m INFO\x1b[0m \x1b[2miced_winit::platform_specific::wayland::event_loop\x1b[0m\x1b[2m:\x1b[0m SCTK setup complete.
[2m1970-01-01T00:00:16.669999Z[0m [32m INFO[0m [1mcosmic-panel[0m[2m:[0m [2mcosmic_session::notifications[0m[2m:[0m \x1b[2m1970-01-01T00:00:16.082688Z\x1b[0m \x1b[31mERROR\x1b[0m \x1b[1mstderr\x1b[0m\x1b[1m{\x1b[0m\x1b[3mclient\x1b[0m\x1b[2m=\x1b[0mInnerClientId { ptr: 0x9122edd0, alive: true }\x1b[1m}\x1b[0m\x1b[2m:\x1b[0m com.system76.CosmicAppletTiling: xkbcommon: ERROR: couldn't find a Compose file for locale "C" (mapped to "C")
[2m1970-01-01T00:00:16.672293Z[0m [32m INFO[0m [1mcosmic-panel[0m[2m:[0m [2mcosmic_session::notifications[0m[2m:[0m \x1b[2m1970-01-01T00:00:16.082697Z\x1b[0m \x1b[32m INFO\x1b[0m \x1b[1mstdout\x1b[0m\x1b[1m{\x1b[0m\x1b[3mclient\x1b[0m\x1b[2m=\x1b[0mInnerClientId { ptr: 0x9122edd0, alive: true }\x1b[1m}\x1b[0m\x1b[2m:\x1b[0m com.system76.CosmicAppletTiling: \x1b[2m1970-01-01T00:00:15.318458Z\x1b[0m \x1b[31mERROR\x1b[0m \x1b[2mcosmic_freedesktop_icons::theme\x1b[0m\x1b[2m:\x1b[0m unable to read icon theme directory \x1b[3mwhy\x1b[0m\x1b[2m=\x1b[0mOs { code: 24, kind: Uncategorized, message: "No file descriptors available" } \x1b[3mdir\x1b[0m\x1b[2m=\x1b[0m"/usr/share/icons"
[2m1970-01-01T00:00:16.678831Z[0m [32m INFO[0m [1mcosmic-panel[0m[2m:[0m [2mcosmic_session::notifications[0m[2m:[0m \x1b[2m1970-01-01T00:00:16.082713Z\x1b[0m \x1b[31mERROR\x1b[0m \x1b[1mstderr\x1b[0m\x1b[1m{\x1b[0m\x1b[3mclient\x1b[0m\x1b[2m=\x1b[0mInnerClientId { ptr: 0x9122edd0, alive: true }\x1b[1m}\x1b[0m\x1b[2m:\x1b[0m com.system76.CosmicAppletTiling: xkbcommon: ERROR: couldn't find a Compose file for locale "C" (mapped to "C")
[2m1970-01-01T00:00:16.693020Z[0m [32m INFO[0m [1mcosmic-panel[0m[2m:[0m [2mcosmic_session::notifications[0m[2m:[0m \x1b[2m1970-01-01T00:00:16.082723Z\x1b[0m \x1b[32m INFO\x1b[0m \x1b[1mstdout\x1b[0m\x1b[1m{\x1b[0m\x1b[3mclient\x1b[0m\x1b[2m=\x1b[0mInnerClientId { ptr: 0x907d4bf0, alive: true }\x1b[1m}\x1b[0m\x1b[2m:\x1b[0m com.system76.CosmicPanelAppButton: \x1b[2m1970-01-01T00:00:15.389654Z\x1b[0m \x1b[32m INFO\x1b[0m \x1b[2miced_winit\x1b[0m\x1b[2m:\x1b[0m System theme: None
[2m1970-01-01T00:00:16.697435Z[0m [32m INFO[0m [1mcosmic-panel[0m[2m:[0m [2mcosmic_session::notifications[0m[2m:[0m \x1b[2m1970-01-01T00:00:16.082736Z\x1b[0m \x1b[31mERROR\x1b[0m \x1b[1mstderr\x1b[0m\x1b[1m{\x1b[0m\x1b[3mclient\x1b[0m\x1b[2m=\x1b[0mInnerClientId { ptr: 0x907d4bf0, alive: true }\x1b[1m}\x1b[0m\x1b[2m:\x1b[0m com.system76.CosmicPanelAppButton: xkbcommon: ERROR: couldn't find a Compose file for locale "C" (mapped to "C")
[2m1970-01-01T00:00:16.701475Z[0m [32m INFO[0m [1mcosmic-panel[0m[2m:[0m [2mcosmic_session::notifications[0m[2m:[0m \x1b[2m1970-01-01T00:00:16.082746Z\x1b[0m \x1b[32m INFO\x1b[0m \x1b[1mstdout\x1b[0m\x1b[1m{\x1b[0m\x1b[3mclient\x1b[0m\x1b[2m=\x1b[0mInnerClientId { ptr: 0x907d4bf0, alive: true }\x1b[1m}\x1b[0m\x1b[2m:\x1b[0m com.system76.CosmicPanelAppButton: \x1b[2m1970-01-01T00:00:15.437860Z\x1b[0m \x1b[32m INFO\x1b[0m \x1b[2miced_winit\x1b[0m\x1b[2m:\x1b[0m Window attributes for id `Id(
[2m1970-01-01T00:00:16.707815Z[0m [32m INFO[0m [1mcosmic-panel[0m[2m:[0m [2mcosmic_session::notifications[0m[2m:[0m \x1b[2m1970-01-01T00:00:16.082757Z\x1b[0m \x1b[32m INFO\x1b[0m \x1b[1mstdout\x1b[0m\x1b[1m{\x1b[0m\x1b[3mclient\x1b[0m\x1b[2m=\x1b[0mInnerClientId { ptr: 0x907d4bf0, alive: true }\x1b[1m}\x1b[0m\x1b[2m:\x1b[0m com.system76.CosmicPanelAppButton:     1,
[2m1970-01-01T00:00:16.710363Z[0m [32m INFO[0m [1mcosmic-panel[0m[2m:[0m [2mcosmic_session::notifications[0m[2m:[0m \x1b[2m1970-01-01T00:00:16.082771Z\x1b[0m \x1b[32m INFO\x1b[0m \x1b[1mstdout\x1b[0m\x1b[1m{\x1b[0m\x1b[3mclient\x1b[0m\x1b[2m=\x1b[0mInnerClientId { ptr: 0x907d4bf0, alive: true }\x1b[1m}\x1b[0m\x1b[2m:\x1b[0m com.system76.CosmicPanelAppButton: )`: WindowAttributes {
[2m1970-01-01T00:00:16.713939Z[0m [32m INFO[0m [1mcosmic-panel[0m[2m:[0m [2mcosmic_session::notifications[0m[2m:[0m \x1b[2m1970-01-01T00:00:16.082781Z\x1b[0m \x1b[32m INFO\x1b[0m \x1b[1mstdout\x1b[0m\x1b[1m{\x1b[0m\x1b[3mclient\x1b[0m\x1b[2m=\x1b[0mInnerClientId { ptr: 0x907d4bf0, alive: true }\x1b[1m}\x1b[0m\x1b[2m:\x1b[0m com.system76.CosmicPanelAppButton:     surface_size: Some(
[2m1970-01-01T00:00:16.718115Z[0m [32m INFO[0m [1mcosmic-panel[0m[2m:[0m [2mcosmic_session::notifications[0m[2m:[0m \x1b[2m1970-01-01T00:00:16.082791Z\x1b[0m \x1b[32m INFO\x1b[0m \x1b[1mstdout\x1b[0m\x1b[1m{\x1b[0m\x1b[3mclient\x1b[0m\x1b[2m=\x1b[0mInnerClientId { ptr: 0x907d4bf0, alive: true }\x1b[1m}\x1b[0m\x1b[2m:\x1b[0m com.system76.CosmicPanelAppButton:         Logical(
[2m1970-01-01T00:00:16.721352Z[0m [32m INFO[0m [1mcosmic-panel[0m[2m:[0m [2mcosmic_session::notifications[0m[2m:[0m \x1b[2m1970-01-01T00:00:16.082804Z\x1b[0m \x1b[32m INFO\x1b[0m \x1b[1mstdout\x1b[0m\x1b[1m{\x1b[0m\x1b[3mclient\x1b[0m\x1b[2m=\x1b[0mInnerClientId { ptr: 0x907d4bf0, alive: true }\x1b[1m}\x1b[0m\x1b[2m:\x1b[0m com.system76.CosmicPanelAppButton:             LogicalSize {
[2m1970-01-01T00:00:16.725038Z[0m [32m INFO[0m [1mcosmic-panel[0m[2m:[0m [2mcosmic_session::notifications[0m[2m:[0m \x1b[2m1970-01-01T00:00:16.082814Z\x1b[0m \x1b[32m INFO\x1b[0m \x1b[1mstdout\x1b[0m\x1b[1m{\x1b[0m\x1b[3mclient\x1b[0m\x1b[2m=\x1b[0mInnerClientId { ptr: 0x907d4bf0, alive: true }\x1b[1m}\x1b[0m\x1b[2m:\x1b[0m com.system76.CosmicPanelAppButton:                 width: 40.0,
[2m1970-01-01T00:00:16.731302Z[0m [32m INFO[0m [1mcosmic-panel[0m[2m:[0m [2mcosmic_session::notifications[0m[2m:[0m \x1b[2m1970-01-01T00:00:16.082824Z\x1b[0m \x1b[32m INFO\x1b[0m \x1b[1mstdout\x1b[0m\x1b[1m{\x1b[0m\x1b[3mclient\x1b[0m\x1b[2m=\x1b[0mInnerClientId { ptr: 0x907d4bf0, alive: true }\x1b[1m}\x1b[0m\x1b[2m:\x1b[0m com.system76.CosmicPanelAppButton:                 height: 32.0,
[2m1970-01-01T00:00:16.734897Z[0m [32m INFO[0m [1mcosmic-panel[0m[2m:[0m [2mcosmic_session::notifications[0m[2m:[0m \x1b[2m1970-01-01T00:00:16.082833Z\x1b[0m \x1b[32m INFO\x1b[0m \x1b[1mstdout\x1b[0m\x1b[1m{\x1b[0m\x1b[3mclient\x1b[0m\x1b[2m=\x1b[0mInnerClientId { ptr: 0x907d4bf0, alive: true }\x1b[1m}\x1b[0m\x1b[2m:\x1b[0m com.system76.CosmicPanelAppButton:             },
[2m1970-01-01T00:00:16.738163Z[0m [32m INFO[0m [1mcosmic-panel[0m[2m:[0m [2mcosmic_session::notifications[0m[2m:[0m \x1b[2m1970-01-01T00:00:16.238553Z\x1b[0m \x1b[32m INFO\x1b[0m \x1b[1mstdout\x1b[0m\x1b[1m{\x1b[0m\x1b[3mclient\x1b[0m\x1b[2m=\x1b[0mInnerClientId { ptr: 0x907d4bf0, alive: true }\x1b[1m}\x1b[0m\x1b[2m:\x1b[0m com.system76.CosmicPanelAppButton:         ),
[2m1970-01-01T00:00:16.739639Z[0m [32m INFO[0m [1mcosmic-panel[0m[2m:[0m [2mcosmic_session::notifications[0m[2m:[0m \x1b[2m1970-01-01T00:00:16.238570Z\x1b[0m \x1b[32m INFO\x1b[0m \x1b[1mstdout\x1b[0m\x1b[1m{\x1b[0m\x1b[3mclient\x1b[0m\x1b[2m=\x1b[0mInnerClientId { ptr: 0x907d4bf0, alive: true }\x1b[1m}\x1b[0m\x1b[2m:\x1b[0m com.system76.CosmicPanelAppButton:     ),
[2m1970-01-01T00:00:16.741077Z[0m [32m INFO[0m [1mcosmic-panel[0m[2m:[0m [2mcosmic_session::notifications[0m[2m:[0m \x1b[2m1970-01-01T00:00:16.238585Z\x1b[0m \x1b[32m INFO\x1b[0m \x1b[1mstdout\x1b[0m\x1b[1m{\x1b[0m\x1b[3mclient\x1b[0m\x1b[2m=\x1b[0mInnerClientId { ptr: 0x907d4bf0, alive: true }\x1b[1m}\x1b[0m\x1b[2m:\x1b[0m com.system76.CosmicPanelAppButton:     min_surface_size: Some(
[2m1970-01-01T00:00:16.750034Z[0m [32m INFO[0m [1mcosmic-panel[0m[2m:[0m [2mcosmic_session::notifications[0m[2m:[0m \x1b[2m1970-01-01T00:00:16.238598Z\x1b[0m \x1b[31mERROR\x1b[0m \x1b[1mstderr\x1b[0m\x1b[1m{\x1b[0m\x1b[3mclient\x1b[0m\x1b[2m=\x1b[0mInnerClientId { ptr: 0x907d4bf0, alive: true }\x1b[1m}\x1b[0m\x1b[2m:\x1b[0m com.system76.CosmicPanelAppButton: xkbcommon: ERROR: couldn't find a Compose file for locale "C" (mapped to "C")
[2m1970-01-01T00:00:16.754330Z[0m [32m INFO[0m [1mcosmic-panel[0m[2m:[0m [2mcosmic_session::notifications[0m[2m:[0m \x1b[2m1970-01-01T00:00:16.238611Z\x1b[0m \x1b[31mERROR\x1b[0m \x1b[1mstderr\x1b[0m\x1b[1m{\x1b[0m\x1b[3mclient\x1b[0m\x1b[2m=\x1b[0mInnerClientId { ptr: 0x907d4bf0, alive: true }\x1b[1m}\x1b[0m\x1b[2m:\x1b[0m com.system76.CosmicPanelAppButton: xkbcommon: ERROR: couldn't find a Compose file for locale "C" (mapped to "C")
[2m1970-01-01T00:00:16.758942Z[0m [32m INFO[0m [1mcosmic-panel[0m[2m:[0m [2mcosmic_session::notifications[0m[2m:[0m \x1b[2m1970-01-01T00:00:16.238624Z\x1b[0m \x1b[32m INFO\x1b[0m \x1b[1mstdout\x1b[0m\x1b[1m{\x1b[0m\x1b[3mclient\x1b[0m\x1b[2m=\x1b[0mInnerClientId { ptr: 0x907d4bf0, alive: true }\x1b[1m}\x1b[0m\x1b[2m:\x1b[0m com.system76.CosmicPanelAppButton:         Logical(
[2m1970-01-01T00:00:16.762157Z[0m [32m INFO[0m [1mcosmic-panel[0m[2m:[0m [2mcosmic_session::notifications[0m[2m:[0m \x1b[2m1970-01-01T00:00:16.238636Z\x1b[0m \x1b[32m INFO\x1b[0m \x1b[1mstdout\x1b[0m\x1b[1m{\x1b[0m\x1b[3mclient\x1b[0m\x1b[2m=\x1b[0mInnerClientId { ptr: 0x907d4bf0, alive: true }\x1b[1m}\x1b[0m\x1b[2m:\x1b[0m com.system76.CosmicPanelAppButton:             LogicalSize {
[2m1970-01-01T00:00:16.765932Z[0m [32m INFO[0m [1mcosmic-panel[0m[2m:[0m [2mcosmic_session::notifications[0m[2m:[0m \x1b[2m1970-01-01T00:00:16.238647Z\x1b[0m \x1b[32m INFO\x1b[0m \x1b[1mstdout\x1b[0m\x1b[1m{\x1b[0m\x1b[3mclient\x1b[0m\x1b[2m=\x1b[0mInnerClientId { ptr: 0x907d4bf0, alive: true }\x1b[1m}\x1b[0m\x1b[2m:\x1b[0m com.system76.CosmicPanelAppButton:                 width: 40.0,
[2m1970-01-01T00:00:16.769569Z[0m [32m INFO[0m [1mcosmic-panel[0m[2m:[0m [2mcosmic_session::notifications[0m[2m:[0m \x1b[2m1970-01-01T00:00:16.238660Z\x1b[0m \x1b[32m INFO\x1b[0m \x1b[1mstdout\x1b[0m\x1b[1m{\x1b[0m\x1b[3mclient\x1b[0m\x1b[2m=\x1b[0mInnerClientId { ptr: 0x907d4bf0, alive: true }\x1b[1m}\x1b[0m\x1b[2m:\x1b[0m com.system76.CosmicPanelAppButton:                 height: 32.0,
[2m1970-01-01T00:00:16.771534Z[0m [32m INFO[0m [1mcosmic-panel[0m[2m:[0m [2mcosmic_session::notifications[0m[2m:[0m \x1b[2m1970-01-01T00:00:16.238678Z\x1b[0m \x1b[32m INFO\x1b[0m \x1b[1mstdout\x1b[0m\x1b[1m{\x1b[0m\x1b[3mclient\x1b[0m\x1b[2m=\x1b[0mInnerClientId { ptr: 0x907d4bf0, alive: true }\x1b[1m}\x1b[0m\x1b[2m:\x1b[0m com.system76.CosmicPanelAppButton:             },
[2m1970-01-01T00:00:16.774702Z[0m [32m INFO[0m [1mcosmic-panel[0m[2m:[0m [2mcosmic_session::notifications[0m[2m:[0m \x1b[2m1970-01-01T00:00:16.238690Z\x1b[0m \x1b[32m INFO\x1b[0m \x1b[1mstdout\x1b[0m\x1b[1m{\x1b[0m\x1b[3mclient\x1b[0m\x1b[2m=\x1b[0mInnerClientId { ptr: 0x907d4bf0, alive: true }\x1b[1m}\x1b[0m\x1b[2m:\x1b[0m com.system76.CosmicPanelAppButton:         ),
[2m1970-01-01T00:00:16.777652Z[0m [32m INFO[0m [1mcosmic-panel[0m[2m:[0m [2mcosmic_session::notifications[0m[2m:[0m \x1b[2m1970-01-01T00:00:16.238705Z\x1b[0m \x1b[32m INFO\x1b[0m \x1b[1mstdout\x1b[0m\x1b[1m{\x1b[0m\x1b[3mclient\x1b[0m\x1b[2m=\x1b[0mInnerClientId { ptr: 0x907d4bf0, alive: true }\x1b[1m}\x1b[0m\x1b[2m:\x1b[0m com.system76.CosmicPanelAppButton:     ),
[2m1970-01-01T00:00:16.793930Z[0m [32m INFO[0m [1mcosmic-panel[0m[2m:[0m [2mcosmic_session::notifications[0m[2m:[0m \x1b[2m1970-01-01T00:00:16.238722Z\x1b[0m \x1b[32m INFO\x1b[0m \x1b[1mstdout\x1b[0m\x1b[1m{\x1b[0m\x1b[3mclient\x1b[0m\x1b[2m=\x1b[0mInnerClientId { ptr: 0x907d4bf0, alive: true }\x1b[1m}\x1b[0m\x1b[2m:\x1b[0m com.system76.CosmicPanelAppButton:     max_surface_size: None,
[2m1970-01-01T00:00:16.797738Z[0m [32m INFO[0m [1mcosmic-panel[0m[2m:[0m [2mcosmic_session::notifications[0m[2m:[0m \x1b[2m1970-01-01T00:00:16.238735Z\x1b[0m \x1b[32m INFO\x1b[0m \x1b[1mstdout\x1b[0m\x1b[1m{\x1b[0m\x1b[3mclient\x1b[0m\x1b[2m=\x1b[0mInnerClientId { ptr: 0x907d4bf0, alive: true }\x1b[1m}\x1b[0m\x1b[2m:\x1b[0m com.system76.CosmicPanelAppButton:     surface_resize_increments: None,
[2m1970-01-01T00:00:16.812470Z[0m [32m INFO[0m [1mcosmic-panel[0m[2m:[0m [2mcosmic_session::notifications[0m[2m:[0m \x1b[2m1970-01-01T00:00:16.238752Z\x1b[0m \x1b[32m INFO\x1b[0m \x1b[1mstdout\x1b[0m\x1b[1m{\x1b[0m\x1b[3mclient\x1b[0m\x1b[2m=\x1b[0mInnerClientId { ptr: 0x907d4bf0, alive: true }\x1b[1m}\x1b[0m\x1b[2m:\x1b[0m com.system76.CosmicPanelAppButton:     position: None,
[2m1970-01-01T00:00:16.816228Z[0m [32m INFO[0m [1mcosmic-panel[0m[2m:[0m [2mcosmic_session::notifications[0m[2m:[0m \x1b[2m1970-01-01T00:00:16.238764Z\x1b[0m \x1b[32m INFO\x1b[0m \x1b[1mstdout\x1b[0m\x1b[1m{\x1b[0m\x1b[3mclient\x1b[0m\x1b[2m=\x1b[0mInnerClientId { ptr: 0x907d4bf0, alive: true }\x1b[1m}\x1b[0m\x1b[2m:\x1b[0m com.system76.CosmicPanelAppButton:     resizable: false,
[2m1970-01-01T00:00:16.822429Z[0m [32m INFO[0m [1mcosmic-panel[0m[2m:[0m [2mcosmic_session::notifications[0m[2m:[0m \x1b[2m1970-01-01T00:00:16.238779Z\x1b[0m \x1b[32m INFO\x1b[0m \x1b[1mstdout\x1b[0m\x1b[1m{\x1b[0m\x1b[3mclient\x1b[0m\x1b[2m=\x1b[0mInnerClientId { ptr: 0x907d4bf0, alive: true }\x1b[1m}\x1b[0m\x1b[2m:\x1b[0m com.system76.CosmicPanelAppButton:     enabled_buttons: WindowButtons(
[2m1970-01-01T00:00:16.825477Z[0m [32m INFO[0m [1mcosmic-panel[0m[2m:[0m [2mcosmic_session::notifications[0m[2m:[0m \x1b[2m1970-01-01T00:00:16.238795Z\x1b[0m \x1b[32m INFO\x1b[0m \x1b[1mstdout\x1b[0m\x1b[1m{\x1b[0m\x1b[3mclient\x1b[0m\x1b[2m=\x1b[0mInnerClientId { ptr: 0x907d4bf0, alive: true }\x1b[1m}\x1b[0m\x1b[2m:\x1b[0m com.system76.CosmicPanelAppButton:         CLOSE | MINIMIZE,
[2m1970-01-01T00:00:16.829410Z[0m [32m INFO[0m [1mcosmic-panel[0m[2m:[0m [2mcosmic_session::notifications[0m[2m:[0m \x1b[2m1970-01-01T00:00:16.238806Z\x1b[0m \x1b[32m INFO\x1b[0m \x1b[1mstdout\x1b[0m\x1b[1m{\x1b[0m\x1b[3mclient\x1b[0m\x1b[2m=\x1b[0mInnerClientId { ptr: 0x907d4bf0, alive: true }\x1b[1m}\x1b[0m\x1b[2m:\x1b[0m com.system76.CosmicPanelAppButton:     ),
[2m1970-01-01T00:00:16.837050Z[0m [32m INFO[0m [1mcosmic-panel[0m[2m:[0m [2mcosmic_session::notifications[0m[2m:[0m \x1b[2m1970-01-01T00:00:16.430033Z\x1b[0m \x1b[32m INFO\x1b[0m \x1b[1mstdout\x1b[0m\x1b[1m{\x1b[0m\x1b[3mclient\x1b[0m\x1b[2m=\x1b[0mInnerClientId { ptr: 0x907d4bf0, alive: true }\x1b[1m}\x1b[0m\x1b[2m:\x1b[0m com.system76.CosmicPanelAppButton:     title: "Cosmic - Iced",
[2m1970-01-01T00:00:16.838066Z[0m [32m INFO[0m [1mcosmic-panel[0m[2m:[0m [2mcosmic_session::notifications[0m[2m:[0m \x1b[2m1970-01-01T00:00:16.430058Z\x1b[0m \x1b[32m INFO\x1b[0m \x1b[1mstdout\x1b[0m\x1b[1m{\x1b[0m\x1b[3mclient\x1b[0m\x1b[2m=\x1b[0mInnerClientId { ptr: 0x907d4bf0, alive: true }\x1b[1m}\x1b[0m\x1b[2m:\x1b[0m com.system76.CosmicPanelAppButton:     maximized: false,
[2m1970-01-01T00:00:16.838943Z[0m [32m INFO[0m [1mcosmic-panel[0m[2m:[0m [2mcosmic_session::notifications[0m[2m:[0m \x1b[2m1970-01-01T00:00:16.430075Z\x1b[0m \x1b[32m INFO\x1b[0m \x1b[1mstdout\x1b[0m\x1b[1m{\x1b[0m\x1b[3mclient\x1b[0m\x1b[2m=\x1b[0mInnerClientId { ptr: 0x907d4bf0, alive: true }\x1b[1m}\x1b[0m\x1b[2m:\x1b[0m com.system76.CosmicPanelAppButton:     visible: false,
[2m1970-01-01T00:00:16.839802Z[0m [32m INFO[0m [1mcosmic-panel[0m[2m:[0m [2mcosmic_session::notifications[0m[2m:[0m \x1b[2m1970-01-01T00:00:16.430086Z\x1b[0m \x1b[32m INFO\x1b[0m \x1b[1mstdout\x1b[0m\x1b[1m{\x1b[0m\x1b[3mclient\x1b[0m\x1b[2m=\x1b[0mInnerClientId { ptr: 0x907d4bf0, alive: true }\x1b[1m}\x1b[0m\x1b[2m:\x1b[0m com.system76.CosmicPanelAppButton:     transparent: true,
[2m1970-01-01T00:00:16.840655Z[0m [32m INFO[0m [1mcosmic-panel[0m[2m:[0m [2mcosmic_session::notifications[0m[2m:[0m \x1b[2m1970-01-01T00:00:16.430096Z\x1b[0m \x1b[32m INFO\x1b[0m \x1b[1mstdout\x1b[0m\x1b[1m{\x1b[0m\x1b[3mclient\x1b[0m\x1b[2m=\x1b[0mInnerClientId { ptr: 0x907d4bf0, alive: true }\x1b[1m}\x1b[0m\x1b[2m:\x1b[0m com.system76.CosmicPanelAppButton:     blur: false,
[2m1970-01-01T00:00:16.856522Z[0m [32m INFO[0m [1mcosmic-panel[0m[2m:[0m [2mcosmic_session::notifications[0m[2m:[0m \x1b[2m1970-01-01T00:00:16.430107Z\x1b[0m \x1b[32m INFO\x1b[0m \x1b[1mstdout\x1b[0m\x1b[1m{\x1b[0m\x1b[3mclient\x1b[0m\x1b[2m=\x1b[0mInnerClientId { ptr: 0x907d4bf0, alive: true }\x1b[1m}\x1b[0m\x1b[2m:\x1b[0m com.system76.CosmicPanelAppButton:     decorations: false,
[2m1970-01-01T00:00:16.858734Z[0m [32m INFO[0m [1mcosmic-panel[0m[2m:[0m [2mcosmic_session::notifications[0m[2m:[0m \x1b[2m1970-01-01T00:00:16.430120Z\x1b[0m \x1b[32m INFO\x1b[0m \x1b[1mstdout\x1b[0m\x1b[1m{\x1b[0m\x1b[3mclient\x1b[0m\x1b[2m=\x1b[0mInnerClientId { ptr: 0x907d4bf0, alive: true }\x1b[1m}\x1b[0m\x1b[2m:\x1b[0m com.system76.CosmicPanelAppButton:     window_icon: None,
[2m1970-01-01T00:00:16.859594Z[0m [32m INFO[0m [1mcosmic-panel[0m[2m:[0m [2mcosmic_session::notifications[0m[2m:[0m \x1b[2m1970-01-01T00:00:16.430130Z\x1b[0m \x1b[32m INFO\x1b[0m \x1b[1mstdout\x1b[0m\x1b[1m{\x1b[0m\x1b[3mclient\x1b[0m\x1b[2m=\x1b[0mInnerClientId { ptr: 0x907d4bf0, alive: true }\x1b[1m}\x1b[0m\x1b[2m:\x1b[0m com.system76.CosmicPanelAppButton:     preferred_theme: None,
[2m1970-01-01T00:00:16.870012Z[0m [32m INFO[0m [1mcosmic-panel[0m[2m:[0m [2mcosmic_session::notifications[0m[2m:[0m \x1b[2m1970-01-01T00:00:16.430140Z\x1b[0m \x1b[32m INFO\x1b[0m \x1b[1mstdout\x1b[0m\x1b[1m{\x1b[0m\x1b[3mclient\x1b[0m\x1b[2m=\x1b[0mInnerClientId { ptr: 0x907d4bf0, alive: true }\x1b[1m}\x1b[0m\x1b[2m:\x1b[0m com.system76.CosmicPanelAppButton:     content_protected: false,
[2m1970-01-01T00:00:16.873925Z[0m [32m INFO[0m [1mcosmic-panel[0m[2m:[0m [2mcosmic_session::notifications[0m[2m:[0m \x1b[2m1970-01-01T00:00:16.430150Z\x1b[0m \x1b[32m INFO\x1b[0m \x1b[1mstdout\x1b[0m\x1b[1m{\x1b[0m\x1b[3mclient\x1b[0m\x1b[2m=\x1b[0mInnerClientId { ptr: 0x907d4bf0, alive: true }\x1b[1m}\x1b[0m\x1b[2m:\x1b[0m com.system76.CosmicPanelAppButton:     window_level: Normal,
[2m1970-01-01T00:00:16.877634Z[0m [32m INFO[0m [1mcosmic-panel[0m[2m:[0m [2mcosmic_session::notifications[0m[2m:[0m \x1b[2m1970-01-01T00:00:16.430161Z\x1b[0m \x1b[32m INFO\x1b[0m \x1b[1mstdout\x1b[0m\x1b[1m{\x1b[0m\x1b[3mclient\x1b[0m\x1b[2m=\x1b[0mInnerClientId { ptr: 0x907d4bf0, alive: true }\x1b[1m}\x1b[0m\x1b[2m:\x1b[0m com.system76.CosmicPanelAppButton:     active: true,
[2m1970-01-01T00:00:16.880244Z[0m [32m INFO[0m [1mcosmic-panel[0m[2m:[0m [2mcosmic_session::notifications[0m[2m:[0m \x1b[2m1970-01-01T00:00:16.430171Z\x1b[0m \x1b[32m INFO\x1b[0m \x1b[1mstdout\x1b[0m\x1b[1m{\x1b[0m\x1b[3mclient\x1b[0m\x1b[2m=\x1b[0mInnerClientId { ptr: 0x907d4bf0, alive: true }\x1b[1m}\x1b[0m\x1b[2m:\x1b[0m com.system76.CosmicPanelAppButton:     cursor: Icon(
[2m1970-01-01T00:00:16.882468Z[0m [32m INFO[0m [1mcosmic-panel[0m[2m:[0m [2mcosmic_session::notifications[0m[2m:[0m \x1b[2m1970-01-01T00:00:16.430181Z\x1b[0m \x1b[32m INFO\x1b[0m \x1b[1mstdout\x1b[0m\x1b[1m{\x1b[0m\x1b[3mclient\x1b[0m\x1b[2m=\x1b[0mInnerClientId { ptr: 0x907d4bf0, alive: true }\x1b[1m}\x1b[0m\x1b[2m:\x1b[0m com.system76.CosmicPanelAppButton:         Default,
[2m1970-01-01T00:00:16.885629Z[0m [32m INFO[0m [1mcosmic-panel[0m[2m:[0m [2mcosmic_session::notifications[0m[2m:[0m \x1b[2m1970-01-01T00:00:16.430192Z\x1b[0m \x1b[32m INFO\x1b[0m \x1b[1mstdout\x1b[0m\x1b[1m{\x1b[0m\x1b[3mclient\x1b[0m\x1b[2m=\x1b[0mInnerClientId { ptr: 0x907d4bf0, alive: true }\x1b[1m}\x1b[0m\x1b[2m:\x1b[0m com.system76.CosmicPanelAppButton:     ),
[2m1970-01-01T00:00:16.888788Z[0m [32m INFO[0m [1mcosmic-panel[0m[2m:[0m [2mcosmic_session::notifications[0m[2m:[0m \x1b[2m1970-01-01T00:00:16.430202Z\x1b[0m \x1b[32m INFO\x1b[0m \x1b[1mstdout\x1b[0m\x1b[1m{\x1b[0m\x1b[3mclient\x1b[0m\x1b[2m=\x1b[0mInnerClientId { ptr: 0x907d4bf0, alive: true }\x1b[1m}\x1b[0m\x1b[2m:\x1b[0m com.system76.CosmicPanelAppButton:     parent_window: None,
[2m1970-01-01T00:00:16.892589Z[0m [32m INFO[0m [1mcosmic-panel[0m[2m:[0m [2mcosmic_session::notifications[0m[2m:[0m \x1b[2m1970-01-01T00:00:16.430212Z\x1b[0m \x1b[32m INFO\x1b[0m \x1b[1mstdout\x1b[0m\x1b[1m{\x1b[0m\x1b[3mclient\x1b[0m\x1b[2m=\x1b[0mInnerClientId { ptr: 0x907d4bf0, alive: true }\x1b[1m}\x1b[0m\x1b[2m:\x1b[0m com.system76.CosmicPanelAppButton:     fullscreen: None,
[2m1970-01-01T00:00:16.894383Z[0m [32m INFO[0m [1mcosmic-panel[0m[2m:[0m [2mcosmic_session::notifications[0m[2m:[0m \x1b[2m1970-01-01T00:00:16.430223Z\x1b[0m \x1b[32m INFO\x1b[0m \x1b[1mstdout\x1b[0m\x1b[1m{\x1b[0m\x1b[3mclient\x1b[0m\x1b[2m=\x1b[0mInnerClientId { ptr: 0x907d4bf0, alive: true }\x1b[1m}\x1b[0m\x1b[2m:\x1b[0m com.system76.CosmicPanelAppButton:     platform: Some(
[2m1970-01-01T00:00:16.895627Z[0m [32m INFO[0m [1mcosmic-panel[0m[2m:[0m [2mcosmic_session::notifications[0m[2m:[0m \x1b[2m1970-01-01T00:00:16.430234Z\x1b[0m \x1b[32m INFO\x1b[0m \x1b[1mstdout\x1b[0m\x1b[1m{\x1b[0m\x1b[3mclient\x1b[0m\x1b[2m=\x1b[0mInnerClientId { ptr: 0x907d4bf0, alive: true }\x1b[1m}\x1b[0m\x1b[2m:\x1b[0m com.system76.CosmicPanelAppButton:         WindowAttributesWayland {
[2m1970-01-01T00:00:16.896541Z[0m [32m INFO[0m [1mcosmic-panel[0m[2m:[0m [2mcosmic_session::notifications[0m[2m:[0m \x1b[2m1970-01-01T00:00:16.577994Z\x1b[0m \x1b[32m INFO\x1b[0m \x1b[1mstdout\x1b[0m\x1b[1m{\x1b[0m\x1b[3mclient\x1b[0m\x1b[2m=\x1b[0mInnerClientId { ptr: 0x907d4bf0, alive: true }\x1b[1m}\x1b[0m\x1b[2m:\x1b[0m com.system76.CosmicPanelAppButton:             name: Some(
[2m1970-01-01T00:00:16.897410Z[0m [32m INFO[0m [1mcosmic-panel[0m[2m:[0m [2mcosmic_session::notifications[0m[2m:[0m \x1b[2m1970-01-01T00:00:16.578008Z\x1b[0m \x1b[32m INFO\x1b[0m \x1b[1mstdout\x1b[0m\x1b[1m{\x1b[0m\x1b[3mclient\x1b[0m\x1b[2m=\x1b[0mInnerClientId { ptr: 0x907d4bf0, alive: true }\x1b[1m}\x1b[0m\x1b[2m:\x1b[0m com.system76.CosmicPanelAppButton:                 ApplicationName {
[2m1970-01-01T00:00:16.898307Z[0m [32m INFO[0m [1mcosmic-panel[0m[2m:[0m [2mcosmic_session::notifications[0m[2m:[0m \x1b[2m1970-01-01T00:00:16.578019Z\x1b[0m \x1b[32m INFO\x1b[0m \x1b[1mstdout\x1b[0m\x1b[1m{\x1b[0m\x1b[3mclient\x1b[0m\x1b[2m=\x1b[0mInnerClientId { ptr: 0x907d4bf0, alive: true }\x1b[1m}\x1b[0m\x1b[2m:\x1b[0m com.system76.CosmicPanelAppButton:                     general: "com.system76.CosmicPanelButton",
[2m1970-01-01T00:00:16.899253Z[0m [32m INFO[0m [1mcosmic-panel[0m[2m:[0m [2mcosmic_session::notifications[0m[2m:[0m \x1b[2m1970-01-01T00:00:16.578031Z\x1b[0m \x1b[32m INFO\x1b[0m \x1b[1mstdout\x1b[0m\x1b[1m{\x1b[0m\x1b[3mclient\x1b[0m\x1b[2m=\x1b[0mInnerClientId { ptr: 0x907d4bf0, alive: true }\x1b[1m}\x1b[0m\x1b[2m:\x1b[0m com.system76.CosmicPanelAppButton:                     instance: "com.system76.CosmicPanelButton",
[2m1970-01-01T00:00:16.907596Z[0m [32m INFO[0m [1mcosmic-panel[0m[2m:[0m [2mcosmic_session::notifications[0m[2m:[0m \x1b[2m1970-01-01T00:00:16.578043Z\x1b[0m \x1b[32m INFO\x1b[0m \x1b[1mstdout\x1b[0m\x1b[1m{\x1b[0m\x1b[3mclient\x1b[0m\x1b[2m=\x1b[0mInnerClientId { ptr: 0x907d4bf0, alive: true }\x1b[1m}\x1b[0m\x1b[2m:\x1b[0m com.system76.CosmicPanelAppButton:                 },
[2m1970-01-01T00:00:16.913813Z[0m [32m INFO[0m [1mcosmic-panel[0m[2m:[0m [2mcosmic_session::notifications[0m[2m:[0m \x1b[2m1970-01-01T00:00:16.578056Z\x1b[0m \x1b[32m INFO\x1b[0m \x1b[1mstdout\x1b[0m\x1b[1m{\x1b[0m\x1b[3mclient\x1b[0m\x1b[2m=\x1b[0mInnerClientId { ptr: 0x907d4bf0, alive: true }\x1b[1m}\x1b[0m\x1b[2m:\x1b[0m com.system76.CosmicPanelAppButton:             ),
[2m1970-01-01T00:00:16.917256Z[0m [32m INFO[0m [1mcosmic-panel[0m[2m:[0m [2mcosmic_session::notifications[0m[2m:[0m \x1b[2m1970-01-01T00:00:16.578069Z\x1b[0m \x1b[32m INFO\x1b[0m \x1b[1mstdout\x1b[0m\x1b[1m{\x1b[0m\x1b[3mclient\x1b[0m\x1b[2m=\x1b[0mInnerClientId { ptr: 0x907d4bf0, alive: true }\x1b[1m}\x1b[0m\x1b[2m:\x1b[0m com.system76.CosmicPanelAppButton:             activation_token: None,
[2m1970-01-01T00:00:16.920675Z[0m [32m INFO[0m [1mcosmic-panel[0m[2m:[0m [2mcosmic_session::notifications[0m[2m:[0m \x1b[2m1970-01-01T00:00:16.578084Z\x1b[0m \x1b[32m INFO\x1b[0m \x1b[1mstdout\x1b[0m\x1b[1m{\x1b[0m\x1b[3mclient\x1b[0m\x1b[2m=\x1b[0mInnerClientId { ptr: 0x907d4bf0, alive: true }\x1b[1m}\x1b[0m\x1b[2m:\x1b[0m com.system76.CosmicPanelAppButton:             prefer_csd: false,
[2m1970-01-01T00:00:16.926890Z[0m [32m INFO[0m [1mcosmic-panel[0m[2m:[0m [2mcosmic_session::notifications[0m[2m:[0m \x1b[2m1970-01-01T00:00:16.578095Z\x1b[0m \x1b[32m INFO\x1b[0m \x1b[1mstdout\x1b[0m\x1b[1m{\x1b[0m\x1b[3mclient\x1b[0m\x1b[2m=\x1b[0mInnerClientId { ptr: 0x907d4bf0, alive: true }\x1b[1m}\x1b[0m\x1b[2m:\x1b[0m com.system76.CosmicPanelAppButton:         },
[2m1970-01-01T00:00:16.929999Z[0m [32m INFO[0m [1mcosmic-panel[0m[2m:[0m [2mcosmic_session::notifications[0m[2m:[0m \x1b[2m1970-01-01T00:00:16.578106Z\x1b[0m \x1b[32m INFO\x1b[0m \x1b[1mstdout\x1b[0m\x1b[1m{\x1b[0m\x1b[3mclient\x1b[0m\x1b[2m=\x1b[0mInnerClientId { ptr: 0x907d4bf0, alive: true }\x1b[1m}\x1b[0m\x1b[2m:\x1b[0m com.system76.CosmicPanelAppButton:     ),
[2m1970-01-01T00:00:16.932448Z[0m [32m INFO[0m [1mcosmic-panel[0m[2m:[0m [2mcosmic_session::notifications[0m[2m:[0m \x1b[2m1970-01-01T00:00:16.578116Z\x1b[0m \x1b[32m INFO\x1b[0m \x1b[1mstdout\x1b[0m\x1b[1m{\x1b[0m\x1b[3mclient\x1b[0m\x1b[2m=\x1b[0mInnerClientId { ptr: 0x907d4bf0, alive: true }\x1b[1m}\x1b[0m\x1b[2m:\x1b[0m com.system76.CosmicPanelAppButton: }
[2m1970-01-01T00:00:16.937578Z[0m [32m INFO[0m [1mcosmic-panel[0m[2m:[0m [2mcosmic_session::notifications[0m[2m:[0m \x1b[2m1970-01-01T00:00:16.578126Z\x1b[0m \x1b[32m INFO\x1b[0m \x1b[1mstdout\x1b[0m\x1b[1m{\x1b[0m\x1b[3mclient\x1b[0m\x1b[2m=\x1b[0mInnerClientId { ptr: 0x907d4bf0, alive: true }\x1b[1m}\x1b[0m\x1b[2m:\x1b[0m com.system76.CosmicPanelAppButton: \x1b[2m1970-01-01T00:00:15.438651Z\x1b[0m \x1b[33m WARN\x1b[0m \x1b[2mwinit_wayland::window::state\x1b[0m\x1b[2m:\x1b[0m `xdg_toplevel_icon_manager_v1` is not supported
[2m1970-01-01T00:00:16.941847Z[0m [32m INFO[0m [1mcosmic-panel[0m[2m:[0m [2mcosmic_session::notifications[0m[2m:[0m \x1b[2m1970-01-01T00:00:16.578140Z\x1b[0m \x1b[32m INFO\x1b[0m \x1b[1mstdout\x1b[0m\x1b[1m{\x1b[0m\x1b[3mclient\x1b[0m\x1b[2m=\x1b[0mInnerClientId { ptr: 0x907d4bf0, alive: true }\x1b[1m}\x1b[0m\x1b[2m:\x1b[0m com.system76.CosmicPanelAppButton: \x1b[2m1970-01-01T00:00:15.442371Z\x1b[0m \x1b[32m INFO\x1b[0m \x1b[2miced_winit::platform_specific::wayland::event_loop\x1b[0m\x1b[2m:\x1b[0m SCTK setup complete.
[2m1970-01-01T00:00:16.947629Z[0m [32m INFO[0m [1mcosmic-panel[0m[2m:[0m [2mcosmic_session::notifications[0m[2m:[0m \x1b[2m1970-01-01T00:00:16.578155Z\x1b[0m \x1b[32m INFO\x1b[0m \x1b[1mstdout\x1b[0m\x1b[1m{\x1b[0m\x1b[3mclient\x1b[0m\x1b[2m=\x1b[0mInnerClientId { ptr: 0x5db84ec0, alive: true }\x1b[1m}\x1b[0m\x1b[2m:\x1b[0m com.system76.CosmicPanelWorkspacesButton: \x1b[2m1970-01-01T00:00:15.311150Z\x1b[0m \x1b[32m INFO\x1b[0m \x1b[2miced_winit\x1b[0m\x1b[2m:\x1b[0m System theme: None
[2m1970-01-01T00:00:16.950764Z[0m [32m INFO[0m [1mcosmic-panel[0m[2m:[0m [2mcosmic_session::notifications[0m[2m:[0m \x1b[2m1970-01-01T00:00:16.578167Z\x1b[0m \x1b[32m INFO\x1b[0m \x1b[1mstdout\x1b[0m\x1b[1m{\x1b[0m\x1b[3mclient\x1b[0m\x1b[2m=\x1b[0mInnerClientId { ptr: 0x5db84ec0, alive: true }\x1b[1m}\x1b[0m\x1b[2m:\x1b[0m com.system76.CosmicPanelWorkspacesButton: \x1b[2m1970-01-01T00:00:15.370424Z\x1b[0m \x1b[32m INFO\x1b[0m \x1b[2miced_winit::platform_specific::wayland::event_loop\x1b[0m\x1b[2m:\x1b[0m SCTK setup complete.
[2m1970-01-01T00:00:16.957997Z[0m [32m INFO[0m [1mcosmic-panel[0m[2m:[0m [2mcosmic_session::notifications[0m[2m:[0m \x1b[2m1970-01-01T00:00:16.578179Z\x1b[0m \x1b[31mERROR\x1b[0m \x1b[1mstderr\x1b[0m\x1b[1m{\x1b[0m\x1b[3mclient\x1b[0m\x1b[2m=\x1b[0mInnerClientId { ptr: 0x5db84ec0, alive: true }\x1b[1m}\x1b[0m\x1b[2m:\x1b[0m com.system76.CosmicPanelWorkspacesButton: xkbcommon: ERROR: couldn't find a Compose file for locale "C" (mapped to "C")
[2m1970-01-01T00:00:16.962172Z[0m [32m INFO[0m [1mcosmic-panel[0m[2m:[0m [2mcosmic_session::notifications[0m[2m:[0m \x1b[2m1970-01-01T00:00:16.670188Z\x1b[0m \x1b[32m INFO\x1b[0m \x1b[1mstdout\x1b[0m\x1b[1m{\x1b[0m\x1b[3mclient\x1b[0m\x1b[2m=\x1b[0mInnerClientId { ptr: 0x5db84ec0, alive: true }\x1b[1m}\x1b[0m\x1b[2m:\x1b[0m com.system76.CosmicPanelWorkspacesButton: \x1b[2m1970-01-01T00:00:15.450016Z\x1b[0m \x1b[32m INFO\x1b[0m \x1b[2miced_winit\x1b[0m\x1b[2m:\x1b[0m Window attributes for id `Id(
[2m1970-01-01T00:00:16.963286Z[0m [32m INFO[0m [1mcosmic-panel[0m[2m:[0m [2mcosmic_session::notifications[0m[2m:[0m \x1b[2m1970-01-01T00:00:16.670201Z\x1b[0m \x1b[32m INFO\x1b[0m \x1b[1mstdout\x1b[0m\x1b[1m{\x1b[0m\x1b[3mclient\x1b[0m\x1b[2m=\x1b[0mInnerClientId { ptr: 0x5db84ec0, alive: true }\x1b[1m}\x1b[0m\x1b[2m:\x1b[0m com.system76.CosmicPanelWorkspacesButton:     1,
[2m1970-01-01T00:00:16.964123Z[0m [32m INFO[0m [1mcosmic-panel[0m[2m:[0m [2mcosmic_session::notifications[0m[2m:[0m \x1b[2m1970-01-01T00:00:16.670212Z\x1b[0m \x1b[32m INFO\x1b[0m \x1b[1mstdout\x1b[0m\x1b[1m{\x1b[0m\x1b[3mclient\x1b[0m\x1b[2m=\x1b[0mInnerClientId { ptr: 0x5db84ec0, alive: true }\x1b[1m}\x1b[0m\x1b[2m:\x1b[0m com.system76.CosmicPanelWorkspacesButton: )`: WindowAttributes {
[2m1970-01-01T00:00:16.964996Z[0m [32m INFO[0m [1mcosmic-panel[0m[2m:[0m [2mcosmic_session::notifications[0m[2m:[0m \x1b[2m1970-01-01T00:00:16.670223Z\x1b[0m \x1b[31mERROR\x1b[0m \x1b[1mstderr\x1b[0m\x1b[1m{\x1b[0m\x1b[3mclient\x1b[0m\x1b[2m=\x1b[0mInnerClientId { ptr: 0x5db84ec0, alive: true }\x1b[1m}\x1b[0m\x1b[2m:\x1b[0m com.system76.CosmicPanelWorkspacesButton: xkbcommon: ERROR: couldn't find a Compose file for locale "C" (mapped to "C")
[2m1970-01-01T00:00:16.979999Z[0m [32m INFO[0m [1mcosmic-panel[0m[2m:[0m [2mcosmic_session::notifications[0m[2m:[0m \x1b[2m1970-01-01T00:00:16.670245Z\x1b[0m \x1b[32m INFO\x1b[0m \x1b[1mstdout\x1b[0m\x1b[1m{\x1b[0m\x1b[3mclient\x1b[0m\x1b[2m=\x1b[0mInnerClientId { ptr: 0x5db84ec0, alive: true }\x1b[1m}\x1b[0m\x1b[2m:\x1b[0m com.system76.CosmicPanelWorkspacesButton:     surface_size: Some(
[2m1970-01-01T00:00:16.988588Z[0m [32m INFO[0m [1mcosmic-panel[0m[2m:[0m [2mcosmic_session::notifications[0m[2m:[0m \x1b[2m1970-01-01T00:00:16.670265Z\x1b[0m \x1b[32m INFO\x1b[0m \x1b[1mstdout\x1b[0m\x1b[1m{\x1b[0m\x1b[3mclient\x1b[0m\x1b[2m=\x1b[0mInnerClientId { ptr: 0x5db84ec0, alive: true }\x1b[1m}\x1b[0m\x1b[2m:\x1b[0m com.system76.CosmicPanelWorkspacesButton:         Logical(
[2m1970-01-01T00:00:16.992282Z[0m [32m INFO[0m [1mcosmic-panel[0m[2m:[0m [2mcosmic_session::notifications[0m[2m:[0m \x1b[2m1970-01-01T00:00:16.670278Z\x1b[0m \x1b[32m INFO\x1b[0m \x1b[1mstdout\x1b[0m\x1b[1m{\x1b[0m\x1b[3mclient\x1b[0m\x1b[2m=\x1b[0mInnerClientId { ptr: 0x5db84ec0, alive: true }\x1b[1m}\x1b[0m\x1b[2m:\x1b[0m com.system76.CosmicPanelWorkspacesButton:             LogicalSize {
[2m1970-01-01T00:00:17.008066Z[0m [32m INFO[0m [1mcosmic-panel[0m[2m:[0m [2mcosmic_session::notifications[0m[2m:[0m \x1b[2m1970-01-01T00:00:16.670291Z\x1b[0m \x1b[32m INFO\x1b[0m \x1b[1mstdout\x1b[0m\x1b[1m{\x1b[0m\x1b[3mclient\x1b[0m\x1b[2m=\x1b[0mInnerClientId { ptr: 0x5db84ec0, alive: true }\x1b[1m}\x1b[0m\x1b[2m:\x1b[0m com.system76.CosmicPanelWorkspacesButton:                 width: 40.0,
[2m1970-01-01T00:00:17.011790Z[0m [32m INFO[0m [1mcosmic-panel[0m[2m:[0m [2mcosmic_session::notifications[0m[2m:[0m \x1b[2m1970-01-01T00:00:16.670303Z\x1b[0m \x1b[32m INFO\x1b[0m \x1b[1mstdout\x1b[0m\x1b[1m{\x1b[0m\x1b[3mclient\x1b[0m\x1b[2m=\x1b[0mInnerClientId { ptr: 0x5db84ec0, alive: true }\x1b[1m}\x1b[0m\x1b[2m:\x1b[0m com.system76.CosmicPanelWorkspacesButton:                 height: 32.0,
[2m1970-01-01T00:00:17.017924Z[0m [32m INFO[0m [1mcosmic-panel[0m[2m:[0m [2mcosmic_session::notifications[0m[2m:[0m \x1b[2m1970-01-01T00:00:16.670314Z\x1b[0m \x1b[31mERROR\x1b[0m \x1b[1mstderr\x1b[0m\x1b[1m{\x1b[0m\x1b[3mclient\x1b[0m\x1b[2m=\x1b[0mInnerClientId { ptr: 0x5db84ec0, alive: true }\x1b[1m}\x1b[0m\x1b[2m:\x1b[0m com.system76.CosmicPanelWorkspacesButton: xkbcommon: ERROR: couldn't find a Compose file for locale "C" (mapped to "C")
[2m1970-01-01T00:00:17.022039Z[0m [32m INFO[0m [1mcosmic-panel[0m[2m:[0m [2mcosmic_session::notifications[0m[2m:[0m \x1b[2m1970-01-01T00:00:16.670327Z\x1b[0m \x1b[32m INFO\x1b[0m \x1b[1mstdout\x1b[0m\x1b[1m{\x1b[0m\x1b[3mclient\x1b[0m\x1b[2m=\x1b[0mInnerClientId { ptr: 0x5db84ec0, alive: true }\x1b[1m}\x1b[0m\x1b[2m:\x1b[0m com.system76.CosmicPanelWorkspacesButton:             },
[2m1970-01-01T00:00:17.028462Z[0m [32m INFO[0m [1mcosmic-panel[0m[2m:[0m [2mcosmic_session::notifications[0m[2m:[0m \x1b[2m1970-01-01T00:00:16.670340Z\x1b[0m \x1b[32m INFO\x1b[0m \x1b[1mstdout\x1b[0m\x1b[1m{\x1b[0m\x1b[3mclient\x1b[0m\x1b[2m=\x1b[0mInnerClientId { ptr: 0x5db84ec0, alive: true }\x1b[1m}\x1b[0m\x1b[2m:\x1b[0m com.system76.CosmicPanelWorkspacesButton:         ),
[2m1970-01-01T00:00:17.031202Z[0m [32m INFO[0m [1mcosmic-panel[0m[2m:[0m [2mcosmic_session::notifications[0m[2m:[0m \x1b[2m1970-01-01T00:00:16.670350Z\x1b[0m \x1b[32m INFO\x1b[0m \x1b[1mstdout\x1b[0m\x1b[1m{\x1b[0m\x1b[3mclient\x1b[0m\x1b[2m=\x1b[0mInnerClientId { ptr: 0x5db84ec0, alive: true }\x1b[1m}\x1b[0m\x1b[2m:\x1b[0m com.system76.CosmicPanelWorkspacesButton:     ),
[2m1970-01-01T00:00:17.034513Z[0m [32m INFO[0m [1mcosmic-panel[0m[2m:[0m [2mcosmic_session::notifications[0m[2m:[0m \x1b[2m1970-01-01T00:00:16.670363Z\x1b[0m \x1b[32m INFO\x1b[0m \x1b[1mstdout\x1b[0m\x1b[1m{\x1b[0m\x1b[3mclient\x1b[0m\x1b[2m=\x1b[0mInnerClientId { ptr: 0x5db84ec0, alive: true }\x1b[1m}\x1b[0m\x1b[2m:\x1b[0m com.system76.CosmicPanelWorkspacesButton:     min_surface_size: Some(
[2m1970-01-01T00:00:17.040848Z[0m [32m INFO[0m [1mcosmic-panel[0m[2m:[0m [2mcosmic_session::notifications[0m[2m:[0m \x1b[2m1970-01-01T00:00:16.670374Z\x1b[0m \x1b[32m INFO\x1b[0m \x1b[1mstdout\x1b[0m\x1b[1m{\x1b[0m\x1b[3mclient\x1b[0m\x1b[2m=\x1b[0mInnerClientId { ptr: 0x5db84ec0, alive: true }\x1b[1m}\x1b[0m\x1b[2m:\x1b[0m com.system76.CosmicPanelWorkspacesButton:         Logical(
[2m1970-01-01T00:00:17.044448Z[0m [32m INFO[0m [1mcosmic-panel[0m[2m:[0m [2mcosmic_session::notifications[0m[2m:[0m \x1b[2m1970-01-01T00:00:16.670385Z\x1b[0m \x1b[32m INFO\x1b[0m \x1b[1mstdout\x1b[0m\x1b[1m{\x1b[0m\x1b[3mclient\x1b[0m\x1b[2m=\x1b[0mInnerClientId { ptr: 0x5db84ec0, alive: true }\x1b[1m}\x1b[0m\x1b[2m:\x1b[0m com.system76.CosmicPanelWorkspacesButton:             LogicalSize {
[2m1970-01-01T00:00:17.047421Z[0m [32m INFO[0m [1mcosmic-panel[0m[2m:[0m [2mcosmic_session::notifications[0m[2m:[0m \x1b[2m1970-01-01T00:00:16.670396Z\x1b[0m \x1b[32m INFO\x1b[0m \x1b[1mstdout\x1b[0m\x1b[1m{\x1b[0m\x1b[3mclient\x1b[0m\x1b[2m=\x1b[0mInnerClientId { ptr: 0x5db84ec0, alive: true }\x1b[1m}\x1b[0m\x1b[2m:\x1b[0m com.system76.CosmicPanelWorkspacesButton:                 width: 40.0,
[2m1970-01-01T00:00:17.053146Z[0m [32m INFO[0m [1mcosmic-panel[0m[2m:[0m [2mcosmic_session::notifications[0m[2m:[0m \x1b[2m1970-01-01T00:00:16.649324Z\x1b[0m \x1b[32m INFO\x1b[0m Requires relayout: resizing list
[2m1970-01-01T00:00:17.054725Z[0m [32m INFO[0m [1mcosmic-panel[0m[2m:[0m [2mcosmic_session::notifications[0m[2m:[0m 
[2m1970-01-01T00:00:17.055557Z[0m [32m INFO[0m [1mcosmic-panel[0m[2m:[0m [2mcosmic_session::notifications[0m[2m:[0m Stack backtrace:
[2m1970-01-01T00:00:17.056463Z[0m [32m INFO[0m [1mcosmic-panel[0m[2m:[0m [2mcosmic_session::notifications[0m[2m:[0m    0: <unknown>
[2m1970-01-01T00:00:17.057368Z[0m [32m INFO[0m [1mcosmic-panel[0m[2m:[0m [2mcosmic_session::notifications[0m[2m:[0m    1: <unknown>
[2m1970-01-01T00:00:17.058232Z[0m [32m INFO[0m [1mcosmic-panel[0m[2m:[0m [2mcosmic_session::notifications[0m[2m:[0m    2: <unknown>
[2m1970-01-01T00:00:17.059509Z[0m [32m INFO[0m [1mcosmic-panel[0m[2m:[0m [2mcosmic_session::notifications[0m[2m:[0m    3: <unknown>
[2m1970-01-01T00:00:17.062677Z[0m [32m INFO[0m [1mcosmic-panel[0m[2m:[0m [2mcosmic_session::notifications[0m[2m:[0m    4: <unknown>
[2m1970-01-01T00:00:17.063594Z[0m [32m INFO[0m [1mcosmic-panel[0m[2m:[0m [2mcosmic_session::notifications[0m[2m:[0m    5: <unknown>
[2m1970-01-01T00:00:17.064430Z[0m [32m INFO[0m [1mcosmic-panel[0m[2m:[0m [2mcosmic_session::notifications[0m[2m:[0m    6: <unknown>
[2m1970-01-01T00:00:17.065635Z[0m [32m INFO[0m [1mcosmic-panel[0m[2m:[0m [2mcosmic_session::notifications[0m[2m:[0m    7: <unknown>
[2m1970-01-01T00:00:17.066765Z[0m [32m INFO[0m [1mcosmic-panel[0m[2m:[0m [2mcosmic_session::notifications[0m[2m:[0m    8: <unknown>
[2m1970-01-01T00:00:17.067673Z[0m [32m INFO[0m [1mcosmic-panel[0m[2m:[0m [2mcosmic_session::notifications[0m[2m:[0m    9: <unknown>
[2m1970-01-01T00:00:17.068515Z[0m [32m INFO[0m [1mcosmic-panel[0m[2m:[0m [2mcosmic_session::notifications[0m[2m:[0m \x1b[2m1970-01-01T00:00:16.737704Z\x1b[0m \x1b[32m INFO\x1b[0m \x1b[1mstdout\x1b[0m\x1b[1m{\x1b[0m\x1b[3mclient\x1b[0m\x1b[2m=\x1b[0mInnerClientId { ptr: 0x5db84ec0, alive: true }\x1b[1m}\x1b[0m\x1b[2m:\x1b[0m com.system76.CosmicPanelWorkspacesButton:                 height: 32.0,
[2m1970-01-01T00:00:17.078556Z[0m [32m INFO[0m [1mcosmic-panel[0m[2m:[0m [2mcosmic_session::notifications[0m[2m:[0m \x1b[2m1970-01-01T00:00:16.737720Z\x1b[0m \x1b[32m INFO\x1b[0m \x1b[1mstdout\x1b[0m\x1b[1m{\x1b[0m\x1b[3mclient\x1b[0m\x1b[2m=\x1b[0mInnerClientId { ptr: 0x5db84ec0, alive: true }\x1b[1m}\x1b[0m\x1b[2m:\x1b[0m com.system76.CosmicPanelWorkspacesButton:             },
[2m1970-01-01T00:00:17.080367Z[0m [32m INFO[0m [1mcosmic-panel[0m[2m:[0m [2mcosmic_session::notifications[0m[2m:[0m \x1b[2m1970-01-01T00:00:16.737734Z\x1b[0m \x1b[32m INFO\x1b[0m \x1b[1mstdout\x1b[0m\x1b[1m{\x1b[0m\x1b[3mclient\x1b[0m\x1b[2m=\x1b[0mInnerClientId { ptr: 0x5db84ec0, alive: true }\x1b[1m}\x1b[0m\x1b[2m:\x1b[0m com.system76.CosmicPanelWorkspacesButton:         ),
[2m1970-01-01T00:00:17.081223Z[0m [32m INFO[0m [1mcosmic-panel[0m[2m:[0m [2mcosmic_session::notifications[0m[2m:[0m \x1b[2m1970-01-01T00:00:16.737746Z\x1b[0m \x1b[32m INFO\x1b[0m \x1b[1mstdout\x1b[0m\x1b[1m{\x1b[0m\x1b[3mclient\x1b[0m\x1b[2m=\x1b[0mInnerClientId { ptr: 0x5db84ec0, alive: true }\x1b[1m}\x1b[0m\x1b[2m:\x1b[0m com.system76.CosmicPanelWorkspacesButton:     ),
[2m1970-01-01T00:00:17.082063Z[0m [32m INFO[0m [1mcosmic-panel[0m[2m:[0m [2mcosmic_session::notifications[0m[2m:[0m \x1b[2m1970-01-01T00:00:16.737760Z\x1b[0m \x1b[32m INFO\x1b[0m \x1b[1mstdout\x1b[0m\x1b[1m{\x1b[0m\x1b[3mclient\x1b[0m\x1b[2m=\x1b[0mInnerClientId { ptr: 0x5db84ec0, alive: true }\x1b[1m}\x1b[0m\x1b[2m:\x1b[0m com.system76.CosmicPanelWorkspacesButton:     max_surface_size: None,
[2m1970-01-01T00:00:17.083002Z[0m [32m INFO[0m [1mcosmic-panel[0m[2m:[0m [2mcosmic_session::notifications[0m[2m:[0m \x1b[2m1970-01-01T00:00:16.737770Z\x1b[0m \x1b[32m INFO\x1b[0m \x1b[1mstdout\x1b[0m\x1b[1m{\x1b[0m\x1b[3mclient\x1b[0m\x1b[2m=\x1b[0mInnerClientId { ptr: 0x5db84ec0, alive: true }\x1b[1m}\x1b[0m\x1b[2m:\x1b[0m com.system76.CosmicPanelWorkspacesButton:     surface_resize_increments: None,
[2m1970-01-01T00:00:17.083929Z[0m [32m INFO[0m [1mcosmic-panel[0m[2m:[0m [2mcosmic_session::notifications[0m[2m:[0m \x1b[2m1970-01-01T00:00:16.737782Z\x1b[0m \x1b[32m INFO\x1b[0m \x1b[1mstdout\x1b[0m\x1b[1m{\x1b[0m\x1b[3mclient\x1b[0m\x1b[2m=\x1b[0mInnerClientId { ptr: 0x5db84ec0, alive: true }\x1b[1m}\x1b[0m\x1b[2m:\x1b[0m com.system76.CosmicPanelWorkspacesButton:     position: None,
[2m1970-01-01T00:00:17.085407Z[0m [32m INFO[0m [1mcosmic-panel[0m[2m:[0m [2mcosmic_session::notifications[0m[2m:[0m \x1b[2m1970-01-01T00:00:16.737792Z\x1b[0m \x1b[32m INFO\x1b[0m \x1b[1mstdout\x1b[0m\x1b[1m{\x1b[0m\x1b[3mclient\x1b[0m\x1b[2m=\x1b[0mInnerClientId { ptr: 0x5db84ec0, alive: true }\x1b[1m}\x1b[0m\x1b[2m:\x1b[0m com.system76.CosmicPanelWorkspacesButton:     resizable: false,
[2m1970-01-01T00:00:17.087270Z[0m [32m INFO[0m [1mcosmic-panel[0m[2m:[0m [2mcosmic_session::notifications[0m[2m:[0m \x1b[2m1970-01-01T00:00:16.737803Z\x1b[0m \x1b[32m INFO\x1b[0m \x1b[1mstdout\x1b[0m\x1b[1m{\x1b[0m\x1b[3mclient\x1b[0m\x1b[2m=\x1b[0mInnerClientId { ptr: 0x5db84ec0, alive: true }\x1b[1m}\x1b[0m\x1b[2m:\x1b[0m com.system76.CosmicPanelWorkspacesButton:     enabled_buttons: WindowButtons(
[2m1970-01-01T00:00:17.088261Z[0m [32m INFO[0m [1mcosmic-panel[0m[2m:[0m [2mcosmic_session::notifications[0m[2m:[0m \x1b[2m1970-01-01T00:00:16.737814Z\x1b[0m \x1b[32m INFO\x1b[0m \x1b[1mstdout\x1b[0m\x1b[1m{\x1b[0m\x1b[3mclient\x1b[0m\x1b[2m=\x1b[0mInnerClientId { ptr: 0x5db84ec0, alive: true }\x1b[1m}\x1b[0m\x1b[2m:\x1b[0m com.system76.CosmicPanelWorkspacesButton:         CLOSE | MINIMIZE,
[2m1970-01-01T00:00:17.090213Z[0m [32m INFO[0m [1mcosmic-panel[0m[2m:[0m [2mcosmic_session::notifications[0m[2m:[0m \x1b[2m1970-01-01T00:00:16.737826Z\x1b[0m \x1b[32m INFO\x1b[0m \x1b[1mstdout\x1b[0m\x1b[1m{\x1b[0m\x1b[3mclient\x1b[0m\x1b[2m=\x1b[0mInnerClientId { ptr: 0x5db84ec0, alive: true }\x1b[1m}\x1b[0m\x1b[2m:\x1b[0m com.system76.CosmicPanelWorkspacesButton:     ),
[2m1970-01-01T00:00:17.092683Z[0m [32m INFO[0m [1mcosmic-panel[0m[2m:[0m [2mcosmic_session::notifications[0m[2m:[0m \x1b[2m1970-01-01T00:00:16.737844Z\x1b[0m \x1b[32m INFO\x1b[0m \x1b[1mstdout\x1b[0m\x1b[1m{\x1b[0m\x1b[3mclient\x1b[0m\x1b[2m=\x1b[0mInnerClientId { ptr: 0x5db84ec0, alive: true }\x1b[1m}\x1b[0m\x1b[2m:\x1b[0m com.system76.CosmicPanelWorkspacesButton:     title: "Cosmic - Iced",
[2m1970-01-01T00:00:17.096158Z[0m [32m INFO[0m [1mcosmic-panel[0m[2m:[0m [2mcosmic_session::notifications[0m[2m:[0m \x1b[2m1970-01-01T00:00:16.737858Z\x1b[0m \x1b[32m INFO\x1b[0m \x1b[1mstdout\x1b[0m\x1b[1m{\x1b[0m\x1b[3mclient\x1b[0m\x1b[2m=\x1b[0mInnerClientId { ptr: 0x5db84ec0, alive: true }\x1b[1m}\x1b[0m\x1b[2m:\x1b[0m com.system76.CosmicPanelWorkspacesButton:     maximized: false,
[2m1970-01-01T00:00:17.097660Z[0m [32m INFO[0m [1mcosmic-panel[0m[2m:[0m [2mcosmic_session::notifications[0m[2m:[0m \x1b[2m1970-01-01T00:00:16.737869Z\x1b[0m \x1b[32m INFO\x1b[0m \x1b[1mstdout\x1b[0m\x1b[1m{\x1b[0m\x1b[3mclient\x1b[0m\x1b[2m=\x1b[0mInnerClientId { ptr: 0x5db84ec0, alive: true }\x1b[1m}\x1b[0m\x1b[2m:\x1b[0m com.system76.CosmicPanelWorkspacesButton:     visible: false,
[2m1970-01-01T00:00:17.098967Z[0m [32m INFO[0m [1mcosmic-panel[0m[2m:[0m [2mcosmic_session::notifications[0m[2m:[0m \x1b[2m1970-01-01T00:00:16.737879Z\x1b[0m \x1b[32m INFO\x1b[0m \x1b[1mstdout\x1b[0m\x1b[1m{\x1b[0m\x1b[3mclient\x1b[0m\x1b[2m=\x1b[0mInnerClientId { ptr: 0x5db84ec0, alive: true }\x1b[1m}\x1b[0m\x1b[2m:\x1b[0m com.system76.CosmicPanelWorkspacesButton:     transparent: true,
[2m1970-01-01T00:00:17.102849Z[0m [32m INFO[0m [1mcosmic-panel[0m[2m:[0m [2mcosmic_session::notifications[0m[2m:[0m \x1b[2m1970-01-01T00:00:16.737892Z\x1b[0m \x1b[32m INFO\x1b[0m \x1b[1mstdout\x1b[0m\x1b[1m{\x1b[0m\x1b[3mclient\x1b[0m\x1b[2m=\x1b[0mInnerClientId { ptr: 0x5db84ec0, alive: true }\x1b[1m}\x1b[0m\x1b[2m:\x1b[0m com.system76.CosmicPanelWorkspacesButton:     blur: false,
[2m1970-01-01T00:00:17.106728Z[0m [32m INFO[0m [1mcosmic-panel[0m[2m:[0m [2mcosmic_session::notifications[0m[2m:[0m \x1b[2m1970-01-01T00:00:16.737901Z\x1b[0m \x1b[32m INFO\x1b[0m \x1b[1mstdout\x1b[0m\x1b[1m{\x1b[0m\x1b[3mclient\x1b[0m\x1b[2m=\x1b[0mInnerClientId { ptr: 0x5db84ec0, alive: true }\x1b[1m}\x1b[0m\x1b[2m:\x1b[0m com.system76.CosmicPanelWorkspacesButton:     decorations: false,
[2m1970-01-01T00:00:17.110489Z[0m [32m INFO[0m [1mcosmic-panel[0m[2m:[0m [2mcosmic_session::notifications[0m[2m:[0m \x1b[2m1970-01-01T00:00:16.746930Z\x1b[0m \x1b[32m INFO\x1b[0m Cell { value: None }
[2m1970-01-01T00:00:17.111003Z[0m [32m INFO[0m [1mcosmic-panel[0m[2m:[0m [2mcosmic_session::notifications[0m[2m:[0m \x1b[2m1970-01-01T00:00:16.832099Z\x1b[0m \x1b[32m INFO\x1b[0m Requires relayout: resizing list
[2m1970-01-01T00:00:17.111535Z[0m [32m INFO[0m [1mcosmic-panel[0m[2m:[0m [2mcosmic_session::notifications[0m[2m:[0m 
[2m1970-01-01T00:00:17.111845Z[0m [32m INFO[0m [1mcosmic-panel[0m[2m:[0m [2mcosmic_session::notifications[0m[2m:[0m Stack backtrace:
[2m1970-01-01T00:00:17.113086Z[0m [32m INFO[0m [1mcosmic-panel[0m[2m:[0m [2mcosmic_session::notifications[0m[2m:[0m    0: <unknown>
[2m1970-01-01T00:00:17.114424Z[0m [32m INFO[0m [1mcosmic-panel[0m[2m:[0m [2mcosmic_session::notifications[0m[2m:[0m    1: <unknown>
[2m1970-01-01T00:00:17.115828Z[0m [32m INFO[0m [1mcosmic-panel[0m[2m:[0m [2mcosmic_session::notifications[0m[2m:[0m    2: <unknown>
[2m1970-01-01T00:00:17.117060Z[0m [32m INFO[0m [1mcosmic-panel[0m[2m:[0m [2mcosmic_session::notifications[0m[2m:[0m    3: <unknown>
[2m1970-01-01T00:00:17.117382Z[0m [32m INFO[0m [1mcosmic-panel[0m[2m:[0m [2mcosmic_session::notifications[0m[2m:[0m    4: <unknown>
[2m1970-01-01T00:00:17.117705Z[0m [32m INFO[0m [1mcosmic-panel[0m[2m:[0m [2mcosmic_session::notifications[0m[2m:[0m    5: <unknown>
[2m1970-01-01T00:00:17.118427Z[0m [32m INFO[0m [1mcosmic-panel[0m[2m:[0m [2mcosmic_session::notifications[0m[2m:[0m    6: <unknown>
[2m1970-01-01T00:00:17.119381Z[0m [32m INFO[0m [1mcosmic-panel[0m[2m:[0m [2mcosmic_session::notifications[0m[2m:[0m    7: <unknown>
[2m1970-01-01T00:00:17.120535Z[0m [32m INFO[0m [1mcosmic-panel[0m[2m:[0m [2mcosmic_session::notifications[0m[2m:[0m    8: <unknown>
[2m1970-01-01T00:00:17.121909Z[0m [32m INFO[0m [1mcosmic-panel[0m[2m:[0m [2mcosmic_session::notifications[0m[2m:[0m    9: <unknown>
[2m1970-01-01T00:00:17.123228Z[0m [32m INFO[0m [1mcosmic-panel[0m[2m:[0m [2mcosmic_session::notifications[0m[2m:[0m \x1b[2m1970-01-01T00:00:16.837203Z\x1b[0m \x1b[32m INFO\x1b[0m Cell { value: None }
[2m1970-01-01T00:00:17.123706Z[0m [32m INFO[0m [1mcosmic-panel[0m[2m:[0m [2mcosmic_session::notifications[0m[2m:[0m \x1b[2m1970-01-01T00:00:16.831556Z\x1b[0m \x1b[32m INFO\x1b[0m \x1b[1mstdout\x1b[0m\x1b[1m{\x1b[0m\x1b[3mclient\x1b[0m\x1b[2m=\x1b[0mInnerClientId { ptr: 0x5db84ec0, alive: true }\x1b[1m}\x1b[0m\x1b[2m:\x1b[0m com.system76.CosmicPanelWorkspacesButton:     window_icon: None,
[2m1970-01-01T00:00:17.126589Z[0m [32m INFO[0m [1mcosmic-panel[0m[2m:[0m [2mcosmic_session::notifications[0m[2m:[0m \x1b[2m1970-01-01T00:00:16.845892Z\x1b[0m \x1b[32m INFO\x1b[0m \x1b[1mstdout\x1b[0m\x1b[1m{\x1b[0m\x1b[3mclient\x1b[0m\x1b[2m=\x1b[0mInnerClientId { ptr: 0x5db84ec0, alive: true }\x1b[1m}\x1b[0m\x1b[2m:\x1b[0m com.system76.CosmicPanelWorkspacesButton:     preferred_theme: None,
[2m1970-01-01T00:00:17.129655Z[0m [32m INFO[0m [1mcosmic-panel[0m[2m:[0m [2mcosmic_session::notifications[0m[2m:[0m \x1b[2m1970-01-01T00:00:16.845929Z\x1b[0m \x1b[32m INFO\x1b[0m \x1b[1mstdout\x1b[0m\x1b[1m{\x1b[0m\x1b[3mclient\x1b[0m\x1b[2m=\x1b[0mInnerClientId { ptr: 0x5db84ec0, alive: true }\x1b[1m}\x1b[0m\x1b[2m:\x1b[0m com.system76.CosmicPanelWorkspacesButton:     content_protected: false,
[2m1970-01-01T00:00:17.132176Z[0m [32m INFO[0m [1mcosmic-panel[0m[2m:[0m [2mcosmic_session::notifications[0m[2m:[0m \x1b[2m1970-01-01T00:00:16.845961Z\x1b[0m \x1b[32m INFO\x1b[0m \x1b[1mstdout\x1b[0m\x1b[1m{\x1b[0m\x1b[3mclient\x1b[0m\x1b[2m=\x1b[0mInnerClientId { ptr: 0x5db84ec0, alive: true }\x1b[1m}\x1b[0m\x1b[2m:\x1b[0m com.system76.CosmicPanelWorkspacesButton:     window_level: Normal,
[2m1970-01-01T00:00:17.134836Z[0m [32m INFO[0m [1mcosmic-panel[0m[2m:[0m [2mcosmic_session::notifications[0m[2m:[0m \x1b[2m1970-01-01T00:00:16.845992Z\x1b[0m \x1b[32m INFO\x1b[0m \x1b[1mstdout\x1b[0m\x1b[1m{\x1b[0m\x1b[3mclient\x1b[0m\x1b[2m=\x1b[0mInnerClientId { ptr: 0x5db84ec0, alive: true }\x1b[1m}\x1b[0m\x1b[2m:\x1b[0m com.system76.CosmicPanelWorkspacesButton:     active: true,
[2m1970-01-01T00:00:17.137235Z[0m [32m INFO[0m [1mcosmic-panel[0m[2m:[0m [2mcosmic_session::notifications[0m[2m:[0m \x1b[2m1970-01-01T00:00:16.846031Z\x1b[0m \x1b[32m INFO\x1b[0m \x1b[1mstdout\x1b[0m\x1b[1m{\x1b[0m\x1b[3mclient\x1b[0m\x1b[2m=\x1b[0mInnerClientId { ptr: 0x5db84ec0, alive: true }\x1b[1m}\x1b[0m\x1b[2m:\x1b[0m com.system76.CosmicPanelWorkspacesButton:     cursor: Icon(
[2m1970-01-01T00:00:17.139232Z[0m [32m INFO[0m [1mcosmic-panel[0m[2m:[0m [2mcosmic_session::notifications[0m[2m:[0m \x1b[2m1970-01-01T00:00:16.846067Z\x1b[0m \x1b[32m INFO\x1b[0m \x1b[1mstdout\x1b[0m\x1b[1m{\x1b[0m\x1b[3mclient\x1b[0m\x1b[2m=\x1b[0mInnerClientId { ptr: 0x5db84ec0, alive: true }\x1b[1m}\x1b[0m\x1b[2m:\x1b[0m com.system76.CosmicPanelWorkspacesButton:         Default,
[2m1970-01-01T00:00:17.141545Z[0m [32m INFO[0m [1mcosmic-panel[0m[2m:[0m [2mcosmic_session::notifications[0m[2m:[0m \x1b[2m1970-01-01T00:00:16.846098Z\x1b[0m \x1b[32m INFO\x1b[0m \x1b[1mstdout\x1b[0m\x1b[1m{\x1b[0m\x1b[3mclient\x1b[0m\x1b[2m=\x1b[0mInnerClientId { ptr: 0x5db84ec0, alive: true }\x1b[1m}\x1b[0m\x1b[2m:\x1b[0m com.system76.CosmicPanelWorkspacesButton:     ),
[2m1970-01-01T00:00:17.144296Z[0m [32m INFO[0m [1mcosmic-panel[0m[2m:[0m [2mcosmic_session::notifications[0m[2m:[0m \x1b[2m1970-01-01T00:00:16.846131Z\x1b[0m \x1b[32m INFO\x1b[0m \x1b[1mstdout\x1b[0m\x1b[1m{\x1b[0m\x1b[3mclient\x1b[0m\x1b[2m=\x1b[0mInnerClientId { ptr: 0x5db84ec0, alive: true }\x1b[1m}\x1b[0m\x1b[2m:\x1b[0m com.system76.CosmicPanelWorkspacesButton:     parent_window: None,
[2m1970-01-01T00:00:17.146867Z[0m [32m INFO[0m [1mcosmic-panel[0m[2m:[0m [2mcosmic_session::notifications[0m[2m:[0m \x1b[2m1970-01-01T00:00:16.846169Z\x1b[0m \x1b[32m INFO\x1b[0m \x1b[1mstdout\x1b[0m\x1b[1m{\x1b[0m\x1b[3mclient\x1b[0m\x1b[2m=\x1b[0mInnerClientId { ptr: 0x5db84ec0, alive: true }\x1b[1m}\x1b[0m\x1b[2m:\x1b[0m com.system76.CosmicPanelWorkspacesButton:     fullscreen: None,
[2m1970-01-01T00:00:17.153300Z[0m [32m INFO[0m [1mcosmic-panel[0m[2m:[0m [2mcosmic_session::notifications[0m[2m:[0m \x1b[2m1970-01-01T00:00:16.846209Z\x1b[0m \x1b[32m INFO\x1b[0m \x1b[1mstdout\x1b[0m\x1b[1m{\x1b[0m\x1b[3mclient\x1b[0m\x1b[2m=\x1b[0mInnerClientId { ptr: 0x5db84ec0, alive: true }\x1b[1m}\x1b[0m\x1b[2m:\x1b[0m com.system76.CosmicPanelWorkspacesButton:     platform: Some(
[2m1970-01-01T00:00:17.156253Z[0m [32m INFO[0m [1mcosmic-panel[0m[2m:[0m [2mcosmic_session::notifications[0m[2m:[0m \x1b[2m1970-01-01T00:00:16.846249Z\x1b[0m \x1b[32m INFO\x1b[0m \x1b[1mstdout\x1b[0m\x1b[1m{\x1b[0m\x1b[3mclient\x1b[0m\x1b[2m=\x1b[0mInnerClientId { ptr: 0x5db84ec0, alive: true }\x1b[1m}\x1b[0m\x1b[2m:\x1b[0m com.system76.CosmicPanelWorkspacesButton:         WindowAttributesWayland {
[2m1970-01-01T00:00:17.159085Z[0m [32m INFO[0m [1mcosmic-panel[0m[2m:[0m [2mcosmic_session::notifications[0m[2m:[0m \x1b[2m1970-01-01T00:00:16.846283Z\x1b[0m \x1b[32m INFO\x1b[0m \x1b[1mstdout\x1b[0m\x1b[1m{\x1b[0m\x1b[3mclient\x1b[0m\x1b[2m=\x1b[0mInnerClientId { ptr: 0x5db84ec0, alive: true }\x1b[1m}\x1b[0m\x1b[2m:\x1b[0m com.system76.CosmicPanelWorkspacesButton:             name: Some(
[2m1970-01-01T00:00:17.161319Z[0m [32m INFO[0m [1mcosmic-panel[0m[2m:[0m [2mcosmic_session::notifications[0m[2m:[0m \x1b[2m1970-01-01T00:00:16.846319Z\x1b[0m \x1b[32m INFO\x1b[0m \x1b[1mstdout\x1b[0m\x1b[1m{\x1b[0m\x1b[3mclient\x1b[0m\x1b[2m=\x1b[0mInnerClientId { ptr: 0x5db84ec0, alive: true }\x1b[1m}\x1b[0m\x1b[2m:\x1b[0m com.system76.CosmicPanelWorkspacesButton:                 ApplicationName {
[2m1970-01-01T00:00:17.163877Z[0m [32m INFO[0m [1mcosmic-panel[0m[2m:[0m [2mcosmic_session::notifications[0m[2m:[0m \x1b[2m1970-01-01T00:00:16.846351Z\x1b[0m \x1b[32m INFO\x1b[0m \x1b[1mstdout\x1b[0m\x1b[1m{\x1b[0m\x1b[3mclient\x1b[0m\x1b[2m=\x1b[0mInnerClientId { ptr: 0x5db84ec0, alive: true }\x1b[1m}\x1b[0m\x1b[2m:\x1b[0m com.system76.CosmicPanelWorkspacesButton:                     general: "com.system76.CosmicPanelButton",
[2m1970-01-01T00:00:17.167627Z[0m [32m INFO[0m [1mcosmic-panel[0m[2m:[0m [2mcosmic_session::notifications[0m[2m:[0m \x1b[2m1970-01-01T00:00:16.846387Z\x1b[0m \x1b[32m INFO\x1b[0m \x1b[1mstdout\x1b[0m\x1b[1m{\x1b[0m\x1b[3mclient\x1b[0m\x1b[2m=\x1b[0mInnerClientId { ptr: 0x5db84ec0, alive: true }\x1b[1m}\x1b[0m\x1b[2m:\x1b[0m com.system76.CosmicPanelWorkspacesButton:                     instance: "com.system76.CosmicPanelButton",
[2m1970-01-01T00:00:17.170539Z[0m [32m INFO[0m [1mcosmic-panel[0m[2m:[0m [2mcosmic_session::notifications[0m[2m:[0m \x1b[2m1970-01-01T00:00:16.897824Z\x1b[0m \x1b[32m INFO\x1b[0m \x1b[1mstdout\x1b[0m\x1b[1m{\x1b[0m\x1b[3mclient\x1b[0m\x1b[2m=\x1b[0mInnerClientId { ptr: 0x5db84ec0, alive: true }\x1b[1m}\x1b[0m\x1b[2m:\x1b[0m com.system76.CosmicPanelWorkspacesButton:                 },
[2m1970-01-01T00:00:17.173918Z[0m [32m INFO[0m [1mcosmic-panel[0m[2m:[0m [2mcosmic_session::notifications[0m[2m:[0m \x1b[2m1970-01-01T00:00:16.897844Z\x1b[0m \x1b[32m INFO\x1b[0m \x1b[1mstdout\x1b[0m\x1b[1m{\x1b[0m\x1b[3mclient\x1b[0m\x1b[2m=\x1b[0mInnerClientId { ptr: 0x5db84ec0, alive: true }\x1b[1m}\x1b[0m\x1b[2m:\x1b[0m com.system76.CosmicPanelWorkspacesButton:             ),
[2m1970-01-01T00:00:17.177444Z[0m [32m INFO[0m [1mcosmic-panel[0m[2m:[0m [2mcosmic_session::notifications[0m[2m:[0m \x1b[2m1970-01-01T00:00:16.897859Z\x1b[0m \x1b[32m INFO\x1b[0m \x1b[1mstdout\x1b[0m\x1b[1m{\x1b[0m\x1b[3mclient\x1b[0m\x1b[2m=\x1b[0mInnerClientId { ptr: 0x5db84ec0, alive: true }\x1b[1m}\x1b[0m\x1b[2m:\x1b[0m com.system76.CosmicPanelWorkspacesButton:             activation_token: None,
[2m1970-01-01T00:00:17.180850Z[0m [32m INFO[0m [1mcosmic-panel[0m[2m:[0m [2mcosmic_session::notifications[0m[2m:[0m \x1b[2m1970-01-01T00:00:16.897879Z\x1b[0m \x1b[32m INFO\x1b[0m \x1b[1mstdout\x1b[0m\x1b[1m{\x1b[0m\x1b[3mclient\x1b[0m\x1b[2m=\x1b[0mInnerClientId { ptr: 0x5db84ec0, alive: true }\x1b[1m}\x1b[0m\x1b[2m:\x1b[0m com.system76.CosmicPanelWorkspacesButton:             prefer_csd: false,
[2m1970-01-01T00:00:17.183772Z[0m [32m INFO[0m [1mcosmic-panel[0m[2m:[0m [2mcosmic_session::notifications[0m[2m:[0m \x1b[2m1970-01-01T00:00:16.897896Z\x1b[0m \x1b[32m INFO\x1b[0m \x1b[1mstdout\x1b[0m\x1b[1m{\x1b[0m\x1b[3mclient\x1b[0m\x1b[2m=\x1b[0mInnerClientId { ptr: 0x5db84ec0, alive: true }\x1b[1m}\x1b[0m\x1b[2m:\x1b[0m com.system76.CosmicPanelWorkspacesButton:         },
[2m1970-01-01T00:00:17.186305Z[0m [32m INFO[0m [1mcosmic-panel[0m[2m:[0m [2mcosmic_session::notifications[0m[2m:[0m \x1b[2m1970-01-01T00:00:16.897912Z\x1b[0m \x1b[32m INFO\x1b[0m \x1b[1mstdout\x1b[0m\x1b[1m{\x1b[0m\x1b[3mclient\x1b[0m\x1b[2m=\x1b[0mInnerClientId { ptr: 0x5db84ec0, alive: true }\x1b[1m}\x1b[0m\x1b[2m:\x1b[0m com.system76.CosmicPanelWorkspacesButton:     ),
[2m1970-01-01T00:00:17.188776Z[0m [32m INFO[0m [1mcosmic-panel[0m[2m:[0m [2mcosmic_session::notifications[0m[2m:[0m \x1b[2m1970-01-01T00:00:16.897925Z\x1b[0m \x1b[32m INFO\x1b[0m \x1b[1mstdout\x1b[0m\x1b[1m{\x1b[0m\x1b[3mclient\x1b[0m\x1b[2m=\x1b[0mInnerClientId { ptr: 0x5db84ec0, alive: true }\x1b[1m}\x1b[0m\x1b[2m:\x1b[0m com.system76.CosmicPanelWorkspacesButton: }
[2m1970-01-01T00:00:17.190850Z[0m [32m INFO[0m [1mcosmic-panel[0m[2m:[0m [2mcosmic_session::notifications[0m[2m:[0m \x1b[2m1970-01-01T00:00:16.897936Z\x1b[0m \x1b[32m INFO\x1b[0m \x1b[1mstdout\x1b[0m\x1b[1m{\x1b[0m\x1b[3mclient\x1b[0m\x1b[2m=\x1b[0mInnerClientId { ptr: 0x5db84ec0, alive: true }\x1b[1m}\x1b[0m\x1b[2m:\x1b[0m com.system76.CosmicPanelWorkspacesButton: \x1b[2m1970-01-01T00:00:15.450734Z\x1b[0m \x1b[33m WARN\x1b[0m \x1b[2mwinit_wayland::window::state\x1b[0m\x1b[2m:\x1b[0m `xdg_toplevel_icon_manager_v1` is not supported
[2m1970-01-01T00:00:17.195356Z[0m [32m INFO[0m [1mcosmic-panel[0m[2m:[0m [2mcosmic_session::notifications[0m[2m:[0m \x1b[2m1970-01-01T00:00:16.897953Z\x1b[0m \x1b[31mERROR\x1b[0m \x1b[1mstderr\x1b[0m\x1b[1m{\x1b[0m\x1b[3mclient\x1b[0m\x1b[2m=\x1b[0mInnerClientId { ptr: 0x93fb15c0, alive: true }\x1b[1m}\x1b[0m\x1b[2m:\x1b[0m com.system76.CosmicPanelAppButton: xkbcommon: ERROR: couldn't find a Compose file for locale "C" (mapped to "C")
[2m1970-01-01T00:00:17.199142Z[0m [32m INFO[0m [1mcosmic-panel[0m[2m:[0m [2mcosmic_session::notifications[0m[2m:[0m \x1b[2m1970-01-01T00:00:16.897971Z\x1b[0m \x1b[32m INFO\x1b[0m \x1b[1mstdout\x1b[0m\x1b[1m{\x1b[0m\x1b[3mclient\x1b[0m\x1b[2m=\x1b[0mInnerClientId { ptr: 0x93fb15c0, alive: true }\x1b[1m}\x1b[0m\x1b[2m:\x1b[0m com.system76.CosmicPanelAppButton: \x1b[2m1970-01-01T00:00:15.168239Z\x1b[0m \x1b[33m WARN\x1b[0m \x1b[2mfontdb\x1b[0m\x1b[2m:\x1b[0m Failed to load '/usr/share/fonts/open-sans/OpenSans-Bold.ttf' cause No file descriptors available (os error 24).
[2m1970-01-01T00:00:17.203043Z[0m [32m INFO[0m [1mcosmic-panel[0m[2m:[0m [2mcosmic_session::notifications[0m[2m:[0m \x1b[2m1970-01-01T00:00:16.897993Z\x1b[0m \x1b[32m INFO\x1b[0m \x1b[1mstdout\x1b[0m\x1b[1m{\x1b[0m\x1b[3mclient\x1b[0m\x1b[2m=\x1b[0mInnerClientId { ptr: 0x93fb15c0, alive: true }\x1b[1m}\x1b[0m\x1b[2m:\x1b[0m com.system76.CosmicPanelAppButton: \x1b[2m1970-01-01T00:00:15.389958Z\x1b[0m \x1b[32m INFO\x1b[0m \x1b[2miced_winit\x1b[0m\x1b[2m:\x1b[0m System theme: None
[2m1970-01-01T00:00:17.206440Z[0m [32m INFO[0m [1mcosmic-panel[0m[2m:[0m [2mcosmic_session::notifications[0m[2m:[0m \x1b[2m1970-01-01T00:00:16.898004Z\x1b[0m \x1b[32m INFO\x1b[0m \x1b[1mstdout\x1b[0m\x1b[1m{\x1b[0m\x1b[3mclient\x1b[0m\x1b[2m=\x1b[0mInnerClientId { ptr: 0x93fb15c0, alive: true }\x1b[1m}\x1b[0m\x1b[2m:\x1b[0m com.system76.CosmicPanelAppButton: \x1b[2m1970-01-01T00:00:15.422746Z\x1b[0m \x1b[32m INFO\x1b[0m \x1b[2miced_winit\x1b[0m\x1b[2m:\x1b[0m Window attributes for id `Id(
[2m1970-01-01T00:00:17.209963Z[0m [32m INFO[0m [1mcosmic-panel[0m[2m:[0m [2mcosmic_session::notifications[0m[2m:[0m \x1b[2m1970-01-01T00:00:16.898024Z\x1b[0m \x1b[32m INFO\x1b[0m \x1b[1mstdout\x1b[0m\x1b[1m{\x1b[0m\x1b[3mclient\x1b[0m\x1b[2m=\x1b[0mInnerClientId { ptr: 0x93fb15c0, alive: true }\x1b[1m}\x1b[0m\x1b[2m:\x1b[0m com.system76.CosmicPanelAppButton:     1,
[2m1970-01-01T00:00:17.212123Z[0m [32m INFO[0m [1mcosmic-panel[0m[2m:[0m [2mcosmic_session::notifications[0m[2m:[0m \x1b[2m1970-01-01T00:00:16.898035Z\x1b[0m \x1b[31mERROR\x1b[0m \x1b[1mstderr\x1b[0m\x1b[1m{\x1b[0m\x1b[3mclient\x1b[0m\x1b[2m=\x1b[0mInnerClientId { ptr: 0x93fb15c0, alive: true }\x1b[1m}\x1b[0m\x1b[2m:\x1b[0m com.system76.CosmicPanelAppButton: xkbcommon: ERROR: couldn't find a Compose file for locale "C" (mapped to "C")
[2m1970-01-01T00:00:17.215140Z[0m [32m INFO[0m [1mcosmic-panel[0m[2m:[0m [2mcosmic_session::notifications[0m[2m:[0m \x1b[2m1970-01-01T00:00:16.898046Z\x1b[0m \x1b[32m INFO\x1b[0m \x1b[1mstdout\x1b[0m\x1b[1m{\x1b[0m\x1b[3mclient\x1b[0m\x1b[2m=\x1b[0mInnerClientId { ptr: 0x93fb15c0, alive: true }\x1b[1m}\x1b[0m\x1b[2m:\x1b[0m com.system76.CosmicPanelAppButton: )`: WindowAttributes {
[2m1970-01-01T00:00:17.217872Z[0m [32m INFO[0m [1mcosmic-panel[0m[2m:[0m [2mcosmic_session::notifications[0m[2m:[0m \x1b[2m1970-01-01T00:00:16.898057Z\x1b[0m \x1b[32m INFO\x1b[0m \x1b[1mstdout\x1b[0m\x1b[1m{\x1b[0m\x1b[3mclient\x1b[0m\x1b[2m=\x1b[0mInnerClientId { ptr: 0x93fb15c0, alive: true }\x1b[1m}\x1b[0m\x1b[2m:\x1b[0m com.system76.CosmicPanelAppButton:     surface_size: Some(
[2m1970-01-01T00:00:17.220236Z[0m [32m INFO[0m [1mcosmic-panel[0m[2m:[0m [2mcosmic_session::notifications[0m[2m:[0m \x1b[2m1970-01-01T00:00:16.975364Z\x1b[0m \x1b[32m INFO\x1b[0m \x1b[1mstdout\x1b[0m\x1b[1m{\x1b[0m\x1b[3mclient\x1b[0m\x1b[2m=\x1b[0mInnerClientId { ptr: 0x93fb15c0, alive: true }\x1b[1m}\x1b[0m\x1b[2m:\x1b[0m com.system76.CosmicPanelAppButton:         Logical(
[2m1970-01-01T00:00:17.222087Z[0m [32m INFO[0m [1mcosmic-panel[0m[2m:[0m [2mcosmic_session::notifications[0m[2m:[0m \x1b[2m1970-01-01T00:00:16.975376Z\x1b[0m \x1b[32m INFO\x1b[0m \x1b[1mstdout\x1b[0m\x1b[1m{\x1b[0m\x1b[3mclient\x1b[0m\x1b[2m=\x1b[0mInnerClientId { ptr: 0x93fb15c0, alive: true }\x1b[1m}\x1b[0m\x1b[2m:\x1b[0m com.system76.CosmicPanelAppButton:             LogicalSize {
[2m1970-01-01T00:00:17.225580Z[0m [32m INFO[0m [1mcosmic-panel[0m[2m:[0m [2mcosmic_session::notifications[0m[2m:[0m \x1b[2m1970-01-01T00:00:16.975386Z\x1b[0m \x1b[32m INFO\x1b[0m \x1b[1mstdout\x1b[0m\x1b[1m{\x1b[0m\x1b[3mclient\x1b[0m\x1b[2m=\x1b[0mInnerClientId { ptr: 0x93fb15c0, alive: true }\x1b[1m}\x1b[0m\x1b[2m:\x1b[0m com.system76.CosmicPanelAppButton:                 width: 72.0,
[2m1970-01-01T00:00:17.229138Z[0m [32m INFO[0m [1mcosmic-panel[0m[2m:[0m [2mcosmic_session::notifications[0m[2m:[0m \x1b[2m1970-01-01T00:00:16.975396Z\x1b[0m \x1b[32m INFO\x1b[0m \x1b[1mstdout\x1b[0m\x1b[1m{\x1b[0m\x1b[3mclient\x1b[0m\x1b[2m=\x1b[0mInnerClientId { ptr: 0x93fb15c0, alive: true }\x1b[1m}\x1b[0m\x1b[2m:\x1b[0m com.system76.CosmicPanelAppButton:                 height: 64.0,
[2m1970-01-01T00:00:17.232471Z[0m [32m INFO[0m [1mcosmic-panel[0m[2m:[0m [2mcosmic_session::notifications[0m[2m:[0m \x1b[2m1970-01-01T00:00:16.975406Z\x1b[0m \x1b[32m INFO\x1b[0m \x1b[1mstdout\x1b[0m\x1b[1m{\x1b[0m\x1b[3mclient\x1b[0m\x1b[2m=\x1b[0mInnerClientId { ptr: 0x93fb15c0, alive: true }\x1b[1m}\x1b[0m\x1b[2m:\x1b[0m com.system76.CosmicPanelAppButton:             },
[2m1970-01-01T00:00:17.235699Z[0m [32m INFO[0m [1mcosmic-panel[0m[2m:[0m [2mcosmic_session::notifications[0m[2m:[0m \x1b[2m1970-01-01T00:00:16.975416Z\x1b[0m \x1b[31mERROR\x1b[0m \x1b[1mstderr\x1b[0m\x1b[1m{\x1b[0m\x1b[3mclient\x1b[0m\x1b[2m=\x1b[0mInnerClientId { ptr: 0x93fb15c0, alive: true }\x1b[1m}\x1b[0m\x1b[2m:\x1b[0m com.system76.CosmicPanelAppButton: xkbcommon: ERROR: couldn't find a Compose file for locale "C" (mapped to "C")
[2m1970-01-01T00:00:17.238604Z[0m [32m INFO[0m [1mcosmic-panel[0m[2m:[0m [2mcosmic_session::notifications[0m[2m:[0m \x1b[2m1970-01-01T00:00:16.975434Z\x1b[0m \x1b[32m INFO\x1b[0m \x1b[1mstdout\x1b[0m\x1b[1m{\x1b[0m\x1b[3mclient\x1b[0m\x1b[2m=\x1b[0mInnerClientId { ptr: 0x93fb15c0, alive: true }\x1b[1m}\x1b[0m\x1b[2m:\x1b[0m com.system76.CosmicPanelAppButton:         ),
[2m1970-01-01T00:00:17.240728Z[0m [32m INFO[0m [1mcosmic-panel[0m[2m:[0m [2mcosmic_session::notifications[0m[2m:[0m \x1b[2m1970-01-01T00:00:16.975444Z\x1b[0m \x1b[32m INFO\x1b[0m \x1b[1mstdout\x1b[0m\x1b[1m{\x1b[0m\x1b[3mclient\x1b[0m\x1b[2m=\x1b[0mInnerClientId { ptr: 0x93fb15c0, alive: true }\x1b[1m}\x1b[0m\x1b[2m:\x1b[0m com.system76.CosmicPanelAppButton:     ),
[2m1970-01-01T00:00:17.243152Z[0m [32m INFO[0m [1mcosmic-panel[0m[2m:[0m [2mcosmic_session::notifications[0m[2m:[0m \x1b[2m1970-01-01T00:00:16.975455Z\x1b[0m \x1b[32m INFO\x1b[0m \x1b[1mstdout\x1b[0m\x1b[1m{\x1b[0m\x1b[3mclient\x1b[0m\x1b[2m=\x1b[0mInnerClientId { ptr: 0x93fb15c0, alive: true }\x1b[1m}\x1b[0m\x1b[2m:\x1b[0m com.system76.CosmicPanelAppButton:     min_surface_size: Some(
[2m1970-01-01T00:00:17.245785Z[0m [32m INFO[0m [1mcosmic-panel[0m[2m:[0m [2mcosmic_session::notifications[0m[2m:[0m \x1b[2m1970-01-01T00:00:16.975466Z\x1b[0m \x1b[32m INFO\x1b[0m \x1b[1mstdout\x1b[0m\x1b[1m{\x1b[0m\x1b[3mclient\x1b[0m\x1b[2m=\x1b[0mInnerClientId { ptr: 0x93fb15c0, alive: true }\x1b[1m}\x1b[0m\x1b[2m:\x1b[0m com.system76.CosmicPanelAppButton:         Logical(
[2m1970-01-01T00:00:17.248282Z[0m [32m INFO[0m [1mcosmic-panel[0m[2m:[0m [2mcosmic_session::notifications[0m[2m:[0m \x1b[2m1970-01-01T00:00:16.975476Z\x1b[0m \x1b[32m INFO\x1b[0m \x1b[1mstdout\x1b[0m\x1b[1m{\x1b[0m\x1b[3mclient\x1b[0m\x1b[2m=\x1b[0mInnerClientId { ptr: 0x93fb15c0, alive: true }\x1b[1m}\x1b[0m\x1b[2m:\x1b[0m com.system76.CosmicPanelAppButton:             LogicalSize {
[2m1970-01-01T00:00:17.251689Z[0m [32m INFO[0m [1mcosmic-panel[0m[2m:[0m [2mcosmic_session::notifications[0m[2m:[0m \x1b[2m1970-01-01T00:00:16.975488Z\x1b[0m \x1b[32m INFO\x1b[0m \x1b[1mstdout\x1b[0m\x1b[1m{\x1b[0m\x1b[3mclient\x1b[0m\x1b[2m=\x1b[0mInnerClientId { ptr: 0x93fb15c0, alive: true }\x1b[1m}\x1b[0m\x1b[2m:\x1b[0m com.system76.CosmicPanelAppButton:                 width: 72.0,
[2m1970-01-01T00:00:17.255120Z[0m [32m INFO[0m [1mcosmic-panel[0m[2m:[0m [2mcosmic_session::notifications[0m[2m:[0m \x1b[2m1970-01-01T00:00:16.975500Z\x1b[0m \x1b[32m INFO\x1b[0m \x1b[1mstdout\x1b[0m\x1b[1m{\x1b[0m\x1b[3mclient\x1b[0m\x1b[2m=\x1b[0mInnerClientId { ptr: 0x93fb15c0, alive: true }\x1b[1m}\x1b[0m\x1b[2m:\x1b[0m com.system76.CosmicPanelAppButton:                 height: 64.0,
[2m1970-01-01T00:00:17.257967Z[0m [32m INFO[0m [1mcosmic-panel[0m[2m:[0m [2mcosmic_session::notifications[0m[2m:[0m \x1b[2m1970-01-01T00:00:16.975510Z\x1b[0m \x1b[32m INFO\x1b[0m \x1b[1mstdout\x1b[0m\x1b[1m{\x1b[0m\x1b[3mclient\x1b[0m\x1b[2m=\x1b[0mInnerClientId { ptr: 0x93fb15c0, alive: true }\x1b[1m}\x1b[0m\x1b[2m:\x1b[0m com.system76.CosmicPanelAppButton:             },
[2m1970-01-01T00:00:17.260517Z[0m [32m INFO[0m [1mcosmic-panel[0m[2m:[0m [2mcosmic_session::notifications[0m[2m:[0m \x1b[2m1970-01-01T00:00:16.975523Z\x1b[0m \x1b[32m INFO\x1b[0m \x1b[1mstdout\x1b[0m\x1b[1m{\x1b[0m\x1b[3mclient\x1b[0m\x1b[2m=\x1b[0mInnerClientId { ptr: 0x93fb15c0, alive: true }\x1b[1m}\x1b[0m\x1b[2m:\x1b[0m com.system76.CosmicPanelAppButton:         ),
[2m1970-01-01T00:00:17.263771Z[0m [32m INFO[0m [1mcosmic-panel[0m[2m:[0m [2mcosmic_session::notifications[0m[2m:[0m \x1b[2m1970-01-01T00:00:16.975537Z\x1b[0m \x1b[32m INFO\x1b[0m \x1b[1mstdout\x1b[0m\x1b[1m{\x1b[0m\x1b[3mclient\x1b[0m\x1b[2m=\x1b[0mInnerClientId { ptr: 0x93fb15c0, alive: true }\x1b[1m}\x1b[0m\x1b[2m:\x1b[0m com.system76.CosmicPanelAppButton:     ),
[2m1970-01-01T00:00:17.266774Z[0m [32m INFO[0m [1mcosmic-panel[0m[2m:[0m [2mcosmic_session::notifications[0m[2m:[0m \x1b[2m1970-01-01T00:00:16.975547Z\x1b[0m \x1b[32m INFO\x1b[0m \x1b[1mstdout\x1b[0m\x1b[1m{\x1b[0m\x1b[3mclient\x1b[0m\x1b[2m=\x1b[0mInnerClientId { ptr: 0x93fb15c0, alive: true }\x1b[1m}\x1b[0m\x1b[2m:\x1b[0m com.system76.CosmicPanelAppButton:     max_surface_size: None,
[2m1970-01-01T00:00:17.269579Z[0m [32m INFO[0m [1mcosmic-panel[0m[2m:[0m [2mcosmic_session::notifications[0m[2m:[0m \x1b[2m1970-01-01T00:00:16.975559Z\x1b[0m \x1b[32m INFO\x1b[0m \x1b[1mstdout\x1b[0m\x1b[1m{\x1b[0m\x1b[3mclient\x1b[0m\x1b[2m=\x1b[0mInnerClientId { ptr: 0x93fb15c0, alive: true }\x1b[1m}\x1b[0m\x1b[2m:\x1b[0m com.system76.CosmicPanelAppButton:     surface_resize_increments: None,
[2m1970-01-01T00:00:17.270575Z[0m [32m INFO[0m [1mcosmic-panel[0m[2m:[0m [2mcosmic_session::notifications[0m[2m:[0m \x1b[2m1970-01-01T00:00:17.049999Z\x1b[0m \x1b[32m INFO\x1b[0m \x1b[1mstdout\x1b[0m\x1b[1m{\x1b[0m\x1b[3mclient\x1b[0m\x1b[2m=\x1b[0mInnerClientId { ptr: 0x93fb15c0, alive: true }\x1b[1m}\x1b[0m\x1b[2m:\x1b[0m com.system76.CosmicPanelAppButton:     position: None,
[2m1970-01-01T00:00:17.271433Z[0m [32m INFO[0m [1mcosmic-panel[0m[2m:[0m [2mcosmic_session::notifications[0m[2m:[0m \x1b[2m1970-01-01T00:00:17.049999Z\x1b[0m \x1b[32m INFO\x1b[0m \x1b[1mstdout\x1b[0m\x1b[1m{\x1b[0m\x1b[3mclient\x1b[0m\x1b[2m=\x1b[0mInnerClientId { ptr: 0x93fb15c0, alive: true }\x1b[1m}\x1b[0m\x1b[2m:\x1b[0m com.system76.CosmicPanelAppButton:     resizable: false,
[2m1970-01-01T00:00:17.274576Z[0m [32m INFO[0m [1mcosmic-panel[0m[2m:[0m [2mcosmic_session::notifications[0m[2m:[0m \x1b[2m1970-01-01T00:00:17.049999Z\x1b[0m \x1b[32m INFO\x1b[0m \x1b[1mstdout\x1b[0m\x1b[1m{\x1b[0m\x1b[3mclient\x1b[0m\x1b[2m=\x1b[0mInnerClientId { ptr: 0x93fb15c0, alive: true }\x1b[1m}\x1b[0m\x1b[2m:\x1b[0m com.system76.CosmicPanelAppButton:     enabled_buttons: WindowButtons(
[2m1970-01-01T00:00:17.277896Z[0m [32m INFO[0m [1mcosmic-panel[0m[2m:[0m [2mcosmic_session::notifications[0m[2m:[0m \x1b[2m1970-01-01T00:00:17.050009Z\x1b[0m \x1b[32m INFO\x1b[0m \x1b[1mstdout\x1b[0m\x1b[1m{\x1b[0m\x1b[3mclient\x1b[0m\x1b[2m=\x1b[0mInnerClientId { ptr: 0x93fb15c0, alive: true }\x1b[1m}\x1b[0m\x1b[2m:\x1b[0m com.system76.CosmicPanelAppButton:         CLOSE | MINIMIZE,
[2m1970-01-01T00:00:17.281567Z[0m [32m INFO[0m [1mcosmic-panel[0m[2m:[0m [2mcosmic_session::notifications[0m[2m:[0m \x1b[2m1970-01-01T00:00:17.050027Z\x1b[0m \x1b[32m INFO\x1b[0m \x1b[1mstdout\x1b[0m\x1b[1m{\x1b[0m\x1b[3mclient\x1b[0m\x1b[2m=\x1b[0mInnerClientId { ptr: 0x93fb15c0, alive: true }\x1b[1m}\x1b[0m\x1b[2m:\x1b[0m com.system76.CosmicPanelAppButton:     ),
[2m1970-01-01T00:00:17.284593Z[0m [32m INFO[0m [1mcosmic-panel[0m[2m:[0m [2mcosmic_session::notifications[0m[2m:[0m \x1b[2m1970-01-01T00:00:17.050037Z\x1b[0m \x1b[32m INFO\x1b[0m \x1b[1mstdout\x1b[0m\x1b[1m{\x1b[0m\x1b[3mclient\x1b[0m\x1b[2m=\x1b[0mInnerClientId { ptr: 0x93fb15c0, alive: true }\x1b[1m}\x1b[0m\x1b[2m:\x1b[0m com.system76.CosmicPanelAppButton:     title: "Cosmic - Iced",
[2m1970-01-01T00:00:17.287259Z[0m [32m INFO[0m [1mcosmic-panel[0m[2m:[0m [2mcosmic_session::notifications[0m[2m:[0m \x1b[2m1970-01-01T00:00:17.050048Z\x1b[0m \x1b[32m INFO\x1b[0m \x1b[1mstdout\x1b[0m\x1b[1m{\x1b[0m\x1b[3mclient\x1b[0m\x1b[2m=\x1b[0mInnerClientId { ptr: 0x93fb15c0, alive: true }\x1b[1m}\x1b[0m\x1b[2m:\x1b[0m com.system76.CosmicPanelAppButton:     maximized: false,
[2m1970-01-01T00:00:17.289805Z[0m [32m INFO[0m [1mcosmic-panel[0m[2m:[0m [2mcosmic_session::notifications[0m[2m:[0m \x1b[2m1970-01-01T00:00:17.050058Z\x1b[0m \x1b[32m INFO\x1b[0m \x1b[1mstdout\x1b[0m\x1b[1m{\x1b[0m\x1b[3mclient\x1b[0m\x1b[2m=\x1b[0mInnerClientId { ptr: 0x93fb15c0, alive: true }\x1b[1m}\x1b[0m\x1b[2m:\x1b[0m com.system76.CosmicPanelAppButton:     visible: false,
[2m1970-01-01T00:00:17.292347Z[0m [32m INFO[0m [1mcosmic-panel[0m[2m:[0m [2mcosmic_session::notifications[0m[2m:[0m \x1b[2m1970-01-01T00:00:17.050070Z\x1b[0m \x1b[32m INFO\x1b[0m \x1b[1mstdout\x1b[0m\x1b[1m{\x1b[0m\x1b[3mclient\x1b[0m\x1b[2m=\x1b[0mInnerClientId { ptr: 0x93fb15c0, alive: true }\x1b[1m}\x1b[0m\x1b[2m:\x1b[0m com.system76.CosmicPanelAppButton:     transparent: true,
[2m1970-01-01T00:00:17.295229Z[0m [32m INFO[0m [1mcosmic-panel[0m[2m:[0m [2mcosmic_session::notifications[0m[2m:[0m \x1b[2m1970-01-01T00:00:17.050083Z\x1b[0m \x1b[32m INFO\x1b[0m \x1b[1mstdout\x1b[0m\x1b[1m{\x1b[0m\x1b[3mclient\x1b[0m\x1b[2m=\x1b[0mInnerClientId { ptr: 0x93fb15c0, alive: true }\x1b[1m}\x1b[0m\x1b[2m:\x1b[0m com.system76.CosmicPanelAppButton:     blur: false,
[2m1970-01-01T00:00:17.298850Z[0m [32m INFO[0m [1mcosmic-panel[0m[2m:[0m [2mcosmic_session::notifications[0m[2m:[0m \x1b[2m1970-01-01T00:00:17.050096Z\x1b[0m \x1b[32m INFO\x1b[0m \x1b[1mstdout\x1b[0m\x1b[1m{\x1b[0m\x1b[3mclient\x1b[0m\x1b[2m=\x1b[0mInnerClientId { ptr: 0x93fb15c0, alive: true }\x1b[1m}\x1b[0m\x1b[2m:\x1b[0m com.system76.CosmicPanelAppButton:     decorations: false,
[2m1970-01-01T00:00:17.302392Z[0m [32m INFO[0m [1mcosmic-panel[0m[2m:[0m [2mcosmic_session::notifications[0m[2m:[0m \x1b[2m1970-01-01T00:00:17.050108Z\x1b[0m \x1b[32m INFO\x1b[0m \x1b[1mstdout\x1b[0m\x1b[1m{\x1b[0m\x1b[3mclient\x1b[0m\x1b[2m=\x1b[0mInnerClientId { ptr: 0x93fb15c0, alive: true }\x1b[1m}\x1b[0m\x1b[2m:\x1b[0m com.system76.CosmicPanelAppButton:     window_icon: None,
[2m1970-01-01T00:00:17.305014Z[0m [32m INFO[0m [1mcosmic-panel[0m[2m:[0m [2mcosmic_session::notifications[0m[2m:[0m \x1b[2m1970-01-01T00:00:17.050120Z\x1b[0m \x1b[32m INFO\x1b[0m \x1b[1mstdout\x1b[0m\x1b[1m{\x1b[0m\x1b[3mclient\x1b[0m\x1b[2m=\x1b[0mInnerClientId { ptr: 0x93fb15c0, alive: true }\x1b[1m}\x1b[0m\x1b[2m:\x1b[0m com.system76.CosmicPanelAppButton:     preferred_theme: None,
[2m1970-01-01T00:00:17.307260Z[0m [32m INFO[0m [1mcosmic-panel[0m[2m:[0m [2mcosmic_session::notifications[0m[2m:[0m \x1b[2m1970-01-01T00:00:17.050131Z\x1b[0m \x1b[32m INFO\x1b[0m \x1b[1mstdout\x1b[0m\x1b[1m{\x1b[0m\x1b[3mclient\x1b[0m\x1b[2m=\x1b[0mInnerClientId { ptr: 0x93fb15c0, alive: true }\x1b[1m}\x1b[0m\x1b[2m:\x1b[0m com.system76.CosmicPanelAppButton:     content_protected: false,
[2m1970-01-01T00:00:17.309808Z[0m [32m INFO[0m [1mcosmic-panel[0m[2m:[0m [2mcosmic_session::notifications[0m[2m:[0m \x1b[2m1970-01-01T00:00:17.050141Z\x1b[0m \x1b[32m INFO\x1b[0m \x1b[1mstdout\x1b[0m\x1b[1m{\x1b[0m\x1b[3mclient\x1b[0m\x1b[2m=\x1b[0mInnerClientId { ptr: 0x93fb15c0, alive: true }\x1b[1m}\x1b[0m\x1b[2m:\x1b[0m com.system76.CosmicPanelAppButton:     window_level: Normal,
[2m1970-01-01T00:00:17.313099Z[0m [32m INFO[0m [1mcosmic-panel[0m[2m:[0m [2mcosmic_session::notifications[0m[2m:[0m \x1b[2m1970-01-01T00:00:17.050152Z\x1b[0m \x1b[32m INFO\x1b[0m \x1b[1mstdout\x1b[0m\x1b[1m{\x1b[0m\x1b[3mclient\x1b[0m\x1b[2m=\x1b[0mInnerClientId { ptr: 0x93fb15c0, alive: true }\x1b[1m}\x1b[0m\x1b[2m:\x1b[0m com.system76.CosmicPanelAppButton:     active: true,
[2m1970-01-01T00:00:17.315609Z[0m [32m INFO[0m [1mcosmic-panel[0m[2m:[0m [2mcosmic_session::notifications[0m[2m:[0m \x1b[2m1970-01-01T00:00:17.050164Z\x1b[0m \x1b[32m INFO\x1b[0m \x1b[1mstdout\x1b[0m\x1b[1m{\x1b[0m\x1b[3mclient\x1b[0m\x1b[2m=\x1b[0mInnerClientId { ptr: 0x93fb15c0, alive: true }\x1b[1m}\x1b[0m\x1b[2m:\x1b[0m com.system76.CosmicPanelAppButton:     cursor: Icon(
[2m1970-01-01T00:00:17.318179Z[0m [32m INFO[0m [1mcosmic-panel[0m[2m:[0m [2mcosmic_session::notifications[0m[2m:[0m \x1b[2m1970-01-01T00:00:17.050175Z\x1b[0m \x1b[32m INFO\x1b[0m \x1b[1mstdout\x1b[0m\x1b[1m{\x1b[0m\x1b[3mclient\x1b[0m\x1b[2m=\x1b[0mInnerClientId { ptr: 0x93fb15c0, alive: true }\x1b[1m}\x1b[0m\x1b[2m:\x1b[0m com.system76.CosmicPanelAppButton:         Default,
[2m1970-01-01T00:00:17.320785Z[0m [32m INFO[0m [1mcosmic-panel[0m[2m:[0m [2mcosmic_session::notifications[0m[2m:[0m \x1b[2m1970-01-01T00:00:17.050185Z\x1b[0m \x1b[32m INFO\x1b[0m \x1b[1mstdout\x1b[0m\x1b[1m{\x1b[0m\x1b[3mclient\x1b[0m\x1b[2m=\x1b[0mInnerClientId { ptr: 0x93fb15c0, alive: true }\x1b[1m}\x1b[0m\x1b[2m:\x1b[0m com.system76.CosmicPanelAppButton:     ),
[2m1970-01-01T00:00:17.322686Z[0m [32m INFO[0m [1mcosmic-panel[0m[2m:[0m [2mcosmic_session::notifications[0m[2m:[0m \x1b[2m1970-01-01T00:00:17.108496Z\x1b[0m \x1b[32m INFO\x1b[0m \x1b[1mstdout\x1b[0m\x1b[1m{\x1b[0m\x1b[3mclient\x1b[0m\x1b[2m=\x1b[0mInnerClientId { ptr: 0x93fb15c0, alive: true }\x1b[1m}\x1b[0m\x1b[2m:\x1b[0m com.system76.CosmicPanelAppButton:     parent_window: None,
[2m1970-01-01T00:00:17.325298Z[0m [32m INFO[0m [1mcosmic-panel[0m[2m:[0m [2mcosmic_session::notifications[0m[2m:[0m \x1b[2m1970-01-01T00:00:17.108518Z\x1b[0m \x1b[32m INFO\x1b[0m \x1b[1mstdout\x1b[0m\x1b[1m{\x1b[0m\x1b[3mclient\x1b[0m\x1b[2m=\x1b[0mInnerClientId { ptr: 0x93fb15c0, alive: true }\x1b[1m}\x1b[0m\x1b[2m:\x1b[0m com.system76.CosmicPanelAppButton:     fullscreen: None,
[2m1970-01-01T00:00:17.327897Z[0m [32m INFO[0m [1mcosmic-panel[0m[2m:[0m [2mcosmic_session::notifications[0m[2m:[0m \x1b[2m1970-01-01T00:00:17.108529Z\x1b[0m \x1b[32m INFO\x1b[0m \x1b[1mstdout\x1b[0m\x1b[1m{\x1b[0m\x1b[3mclient\x1b[0m\x1b[2m=\x1b[0mInnerClientId { ptr: 0x93fb15c0, alive: true }\x1b[1m}\x1b[0m\x1b[2m:\x1b[0m com.system76.CosmicPanelAppButton:     platform: Some(
[2m1970-01-01T00:00:17.330604Z[0m [32m INFO[0m [1mcosmic-panel[0m[2m:[0m [2mcosmic_session::notifications[0m[2m:[0m \x1b[2m1970-01-01T00:00:17.108539Z\x1b[0m \x1b[32m INFO\x1b[0m \x1b[1mstdout\x1b[0m\x1b[1m{\x1b[0m\x1b[3mclient\x1b[0m\x1b[2m=\x1b[0mInnerClientId { ptr: 0x93fb15c0, alive: true }\x1b[1m}\x1b[0m\x1b[2m:\x1b[0m com.system76.CosmicPanelAppButton:         WindowAttributesWayland {
[2m1970-01-01T00:00:17.333343Z[0m [32m INFO[0m [1mcosmic-panel[0m[2m:[0m [2mcosmic_session::notifications[0m[2m:[0m \x1b[2m1970-01-01T00:00:17.108551Z\x1b[0m \x1b[32m INFO\x1b[0m \x1b[1mstdout\x1b[0m\x1b[1m{\x1b[0m\x1b[3mclient\x1b[0m\x1b[2m=\x1b[0mInnerClientId { ptr: 0x93fb15c0, alive: true }\x1b[1m}\x1b[0m\x1b[2m:\x1b[0m com.system76.CosmicPanelAppButton:             name: Some(
[2m1970-01-01T00:00:17.335822Z[0m [32m INFO[0m [1mcosmic-panel[0m[2m:[0m [2mcosmic_session::notifications[0m[2m:[0m \x1b[2m1970-01-01T00:00:17.108563Z\x1b[0m \x1b[32m INFO\x1b[0m \x1b[1mstdout\x1b[0m\x1b[1m{\x1b[0m\x1b[3mclient\x1b[0m\x1b[2m=\x1b[0mInnerClientId { ptr: 0x93fb15c0, alive: true }\x1b[1m}\x1b[0m\x1b[2m:\x1b[0m com.system76.CosmicPanelAppButton:                 ApplicationName {
[2m1970-01-01T00:00:17.338378Z[0m [32m INFO[0m [1mcosmic-panel[0m[2m:[0m [2mcosmic_session::notifications[0m[2m:[0m \x1b[2m1970-01-01T00:00:17.108575Z\x1b[0m \x1b[32m INFO\x1b[0m \x1b[1mstdout\x1b[0m\x1b[1m{\x1b[0m\x1b[3mclient\x1b[0m\x1b[2m=\x1b[0mInnerClientId { ptr: 0x93fb15c0, alive: true }\x1b[1m}\x1b[0m\x1b[2m:\x1b[0m com.system76.CosmicPanelAppButton:                     general: "com.system76.CosmicPanelButton",
[2m1970-01-01T00:00:17.341411Z[0m [32m INFO[0m [1mcosmic-panel[0m[2m:[0m [2mcosmic_session::notifications[0m[2m:[0m \x1b[2m1970-01-01T00:00:17.108586Z\x1b[0m \x1b[32m INFO\x1b[0m \x1b[1mstdout\x1b[0m\x1b[1m{\x1b[0m\x1b[3mclient\x1b[0m\x1b[2m=\x1b[0mInnerClientId { ptr: 0x93fb15c0, alive: true }\x1b[1m}\x1b[0m\x1b[2m:\x1b[0m com.system76.CosmicPanelAppButton:                     instance: "com.system76.CosmicPanelButton",
[2m1970-01-01T00:00:17.345655Z[0m [32m INFO[0m [1mcosmic-panel[0m[2m:[0m [2mcosmic_session::notifications[0m[2m:[0m \x1b[2m1970-01-01T00:00:17.108602Z\x1b[0m \x1b[32m INFO\x1b[0m \x1b[1mstdout\x1b[0m\x1b[1m{\x1b[0m\x1b[3mclient\x1b[0m\x1b[2m=\x1b[0mInnerClientId { ptr: 0x93fb15c0, alive: true }\x1b[1m}\x1b[0m\x1b[2m:\x1b[0m com.system76.CosmicPanelAppButton:                 },
[2m1970-01-01T00:00:17.348461Z[0m [32m INFO[0m [1mcosmic-panel[0m[2m:[0m [2mcosmic_session::notifications[0m[2m:[0m \x1b[2m1970-01-01T00:00:17.108612Z\x1b[0m \x1b[32m INFO\x1b[0m \x1b[1mstdout\x1b[0m\x1b[1m{\x1b[0m\x1b[3mclient\x1b[0m\x1b[2m=\x1b[0mInnerClientId { ptr: 0x93fb15c0, alive: true }\x1b[1m}\x1b[0m\x1b[2m:\x1b[0m com.system76.CosmicPanelAppButton:             ),
[2m1970-01-01T00:00:17.350829Z[0m [32m INFO[0m [1mcosmic-panel[0m[2m:[0m [2mcosmic_session::notifications[0m[2m:[0m \x1b[2m1970-01-01T00:00:17.108623Z\x1b[0m \x1b[32m INFO\x1b[0m \x1b[1mstdout\x1b[0m\x1b[1m{\x1b[0m\x1b[3mclient\x1b[0m\x1b[2m=\x1b[0mInnerClientId { ptr: 0x93fb15c0, alive: true }\x1b[1m}\x1b[0m\x1b[2m:\x1b[0m com.system76.CosmicPanelAppButton:             activation_token: None,
[2m1970-01-01T00:00:17.353340Z[0m [32m INFO[0m [1mcosmic-panel[0m[2m:[0m [2mcosmic_session::notifications[0m[2m:[0m \x1b[2m1970-01-01T00:00:17.108641Z\x1b[0m \x1b[32m INFO\x1b[0m \x1b[1mstdout\x1b[0m\x1b[1m{\x1b[0m\x1b[3mclient\x1b[0m\x1b[2m=\x1b[0mInnerClientId { ptr: 0x93fb15c0, alive: true }\x1b[1m}\x1b[0m\x1b[2m:\x1b[0m com.system76.CosmicPanelAppButton:             prefer_csd: false,
[2m1970-01-01T00:00:17.355869Z[0m [32m INFO[0m [1mcosmic-panel[0m[2m:[0m [2mcosmic_session::notifications[0m[2m:[0m \x1b[2m1970-01-01T00:00:17.108652Z\x1b[0m \x1b[32m INFO\x1b[0m \x1b[1mstdout\x1b[0m\x1b[1m{\x1b[0m\x1b[3mclient\x1b[0m\x1b[2m=\x1b[0mInnerClientId { ptr: 0x93fb15c0, alive: true }\x1b[1m}\x1b[0m\x1b[2m:\x1b[0m com.system76.CosmicPanelAppButton:         },
[2m1970-01-01T00:00:17.358246Z[0m [32m INFO[0m [1mcosmic-panel[0m[2m:[0m [2mcosmic_session::notifications[0m[2m:[0m \x1b[2m1970-01-01T00:00:17.108665Z\x1b[0m \x1b[32m INFO\x1b[0m \x1b[1mstdout\x1b[0m\x1b[1m{\x1b[0m\x1b[3mclient\x1b[0m\x1b[2m=\x1b[0mInnerClientId { ptr: 0x93fb15c0, alive: true }\x1b[1m}\x1b[0m\x1b[2m:\x1b[0m com.system76.CosmicPanelAppButton:     ),
[2m1970-01-01T00:00:17.361268Z[0m [32m INFO[0m [1mcosmic-panel[0m[2m:[0m [2mcosmic_session::notifications[0m[2m:[0m \x1b[2m1970-01-01T00:00:17.108679Z\x1b[0m \x1b[32m INFO\x1b[0m \x1b[1mstdout\x1b[0m\x1b[1m{\x1b[0m\x1b[3mclient\x1b[0m\x1b[2m=\x1b[0mInnerClientId { ptr: 0x93fb15c0, alive: true }\x1b[1m}\x1b[0m\x1b[2m:\x1b[0m com.system76.CosmicPanelAppButton: }
[2m1970-01-01T00:00:17.365021Z[0m [32m INFO[0m [1mcosmic-panel[0m[2m:[0m [2mcosmic_session::notifications[0m[2m:[0m \x1b[2m1970-01-01T00:00:17.108695Z\x1b[0m \x1b[32m INFO\x1b[0m \x1b[1mstdout\x1b[0m\x1b[1m{\x1b[0m\x1b[3mclient\x1b[0m\x1b[2m=\x1b[0mInnerClientId { ptr: 0x93fb15c0, alive: true }\x1b[1m}\x1b[0m\x1b[2m:\x1b[0m com.system76.CosmicPanelAppButton: \x1b[2m1970-01-01T00:00:15.425037Z\x1b[0m \x1b[33m WARN\x1b[0m \x1b[2mwinit_wayland::window::state\x1b[0m\x1b[2m:\x1b[0m `xdg_toplevel_icon_manager_v1` is not supported
[2m1970-01-01T00:00:17.370351Z[0m [32m INFO[0m [1mcosmic-panel[0m[2m:[0m [2mcosmic_session::notifications[0m[2m:[0m \x1b[2m1970-01-01T00:00:17.108707Z\x1b[0m \x1b[32m INFO\x1b[0m \x1b[1mstdout\x1b[0m\x1b[1m{\x1b[0m\x1b[3mclient\x1b[0m\x1b[2m=\x1b[0mInnerClientId { ptr: 0x93fb15c0, alive: true }\x1b[1m}\x1b[0m\x1b[2m:\x1b[0m com.system76.CosmicPanelAppButton: \x1b[2m1970-01-01T00:00:15.435619Z\x1b[0m \x1b[32m INFO\x1b[0m \x1b[2miced_winit::platform_specific::wayland::event_loop\x1b[0m\x1b[2m:\x1b[0m SCTK setup complete.
[2m1970-01-01T00:00:17.375740Z[0m [32m INFO[0m [1mcosmic-panel[0m[2m:[0m [2mcosmic_session::notifications[0m[2m:[0m \x1b[2m1970-01-01T00:00:17.167589Z\x1b[0m \x1b[32m INFO\x1b[0m \x1b[1mstdout\x1b[0m\x1b[1m{\x1b[0m\x1b[3mclient\x1b[0m\x1b[2m=\x1b[0mInnerClientId { ptr: 0x93fb1200, alive: true }\x1b[1m}\x1b[0m\x1b[2m:\x1b[0m com.system76.CosmicPanelLauncherButton: \x1b[2m1970-01-01T00:00:15.252704Z\x1b[0m \x1b[31mERROR\x1b[0m \x1b[2mcosmic::theme\x1b[0m\x1b[2m:\x1b[0m error loading system dark theme \x1b[3merror\x1b[0m\x1b[2m=\x1b[0mGetKey("palette", Os { code: 24, kind: Uncategorized, message: "No file descriptors available" })
[2m1970-01-01T00:00:17.381229Z[0m [32m INFO[0m [1mcosmic-panel[0m[2m:[0m [2mcosmic_session::notifications[0m[2m:[0m \x1b[2m1970-01-01T00:00:17.167617Z\x1b[0m \x1b[32m INFO\x1b[0m \x1b[1mstdout\x1b[0m\x1b[1m{\x1b[0m\x1b[3mclient\x1b[0m\x1b[2m=\x1b[0mInnerClientId { ptr: 0x93fb1200, alive: true }\x1b[1m}\x1b[0m\x1b[2m:\x1b[0m com.system76.CosmicPanelLauncherButton: \x1b[2m1970-01-01T00:00:15.253837Z\x1b[0m \x1b[33m WARN\x1b[0m \x1b[2mcosmic_text::font::system\x1b[0m\x1b[2m:\x1b[0m failed to get system locale, falling back to en-US
[2m1970-01-01T00:00:17.384846Z[0m [32m INFO[0m [1mcosmic-panel[0m[2m:[0m [2mcosmic_session::notifications[0m[2m:[0m \x1b[2m1970-01-01T00:00:17.167634Z\x1b[0m \x1b[32m INFO\x1b[0m \x1b[1mstdout\x1b[0m\x1b[1m{\x1b[0m\x1b[3mclient\x1b[0m\x1b[2m=\x1b[0mInnerClientId { ptr: 0x93fb1200, alive: true }\x1b[1m}\x1b[0m\x1b[2m:\x1b[0m com.system76.CosmicPanelLauncherButton: \x1b[2m1970-01-01T00:00:15.293652Z\x1b[0m \x1b[33m WARN\x1b[0m \x1b[2mfontdb\x1b[0m\x1b[2m:\x1b[0m Fallback to loading from known font dir paths.
[2m1970-01-01T00:00:17.388409Z[0m [32m INFO[0m [1mcosmic-panel[0m[2m:[0m [2mcosmic_session::notifications[0m[2m:[0m \x1b[2m1970-01-01T00:00:17.167644Z\x1b[0m \x1b[32m INFO\x1b[0m \x1b[1mstdout\x1b[0m\x1b[1m{\x1b[0m\x1b[3mclient\x1b[0m\x1b[2m=\x1b[0mInnerClientId { ptr: 0x93fb1200, alive: true }\x1b[1m}\x1b[0m\x1b[2m:\x1b[0m com.system76.CosmicPanelLauncherButton: \x1b[2m1970-01-01T00:00:15.853469Z\x1b[0m \x1b[32m INFO\x1b[0m \x1b[2miced_winit\x1b[0m\x1b[2m:\x1b[0m System theme: None
[2m1970-01-01T00:00:17.392026Z[0m [32m INFO[0m [1mcosmic-panel[0m[2m:[0m [2mcosmic_session::notifications[0m[2m:[0m \x1b[2m1970-01-01T00:00:17.167655Z\x1b[0m \x1b[32m INFO\x1b[0m \x1b[1mstdout\x1b[0m\x1b[1m{\x1b[0m\x1b[3mclient\x1b[0m\x1b[2m=\x1b[0mInnerClientId { ptr: 0x93fb1200, alive: true }\x1b[1m}\x1b[0m\x1b[2m:\x1b[0m com.system76.CosmicPanelLauncherButton: \x1b[2m1970-01-01T00:00:15.854469Z\x1b[0m \x1b[32m INFO\x1b[0m \x1b[2miced_winit\x1b[0m\x1b[2m:\x1b[0m Window attributes for id `Id(
[2m1970-01-01T00:00:17.396923Z[0m [32m INFO[0m [1mcosmic-panel[0m[2m:[0m [2mcosmic_session::notifications[0m[2m:[0m \x1b[2m1970-01-01T00:00:17.167667Z\x1b[0m \x1b[32m INFO\x1b[0m \x1b[1mstdout\x1b[0m\x1b[1m{\x1b[0m\x1b[3mclient\x1b[0m\x1b[2m=\x1b[0mInnerClientId { ptr: 0x93fb1200, alive: true }\x1b[1m}\x1b[0m\x1b[2m:\x1b[0m com.system76.CosmicPanelLauncherButton:     1,
[2m1970-01-01T00:00:17.400771Z[0m [32m INFO[0m [1mcosmic-panel[0m[2m:[0m [2mcosmic_session::notifications[0m[2m:[0m \x1b[2m1970-01-01T00:00:17.167681Z\x1b[0m \x1b[32m INFO\x1b[0m \x1b[1mstdout\x1b[0m\x1b[1m{\x1b[0m\x1b[3mclient\x1b[0m\x1b[2m=\x1b[0mInnerClientId { ptr: 0x93fb1200, alive: true }\x1b[1m}\x1b[0m\x1b[2m:\x1b[0m com.system76.CosmicPanelLauncherButton: )`: WindowAttributes {
[2m1970-01-01T00:00:17.404664Z[0m [32m INFO[0m [1mcosmic-panel[0m[2m:[0m [2mcosmic_session::notifications[0m[2m:[0m \x1b[2m1970-01-01T00:00:17.167693Z\x1b[0m \x1b[32m INFO\x1b[0m \x1b[1mstdout\x1b[0m\x1b[1m{\x1b[0m\x1b[3mclient\x1b[0m\x1b[2m=\x1b[0mInnerClientId { ptr: 0x93fb1200, alive: true }\x1b[1m}\x1b[0m\x1b[2m:\x1b[0m com.system76.CosmicPanelLauncherButton:     surface_size: Some(
[2m1970-01-01T00:00:17.407221Z[0m [32m INFO[0m [1mcosmic-panel[0m[2m:[0m [2mcosmic_session::notifications[0m[2m:[0m \x1b[2m1970-01-01T00:00:17.167704Z\x1b[0m \x1b[32m INFO\x1b[0m \x1b[1mstdout\x1b[0m\x1b[1m{\x1b[0m\x1b[3mclient\x1b[0m\x1b[2m=\x1b[0mInnerClientId { ptr: 0x93fb1200, alive: true }\x1b[1m}\x1b[0m\x1b[2m:\x1b[0m com.system76.CosmicPanelLauncherButton:         Logical(
[2m1970-01-01T00:00:17.410436Z[0m [32m INFO[0m [1mcosmic-panel[0m[2m:[0m [2mcosmic_session::notifications[0m[2m:[0m \x1b[2m1970-01-01T00:00:17.167715Z\x1b[0m \x1b[31mERROR\x1b[0m \x1b[1mstderr\x1b[0m\x1b[1m{\x1b[0m\x1b[3mclient\x1b[0m\x1b[2m=\x1b[0mInnerClientId { ptr: 0x93fb1200, alive: true }\x1b[1m}\x1b[0m\x1b[2m:\x1b[0m com.system76.CosmicPanelLauncherButton: xkbcommon: ERROR: couldn't find a Compose file for locale "C" (mapped to "C")
[2m1970-01-01T00:00:17.414111Z[0m [32m INFO[0m [1mcosmic-panel[0m[2m:[0m [2mcosmic_session::notifications[0m[2m:[0m \x1b[2m1970-01-01T00:00:17.167726Z\x1b[0m \x1b[32m INFO\x1b[0m \x1b[1mstdout\x1b[0m\x1b[1m{\x1b[0m\x1b[3mclient\x1b[0m\x1b[2m=\x1b[0mInnerClientId { ptr: 0x93fb1200, alive: true }\x1b[1m}\x1b[0m\x1b[2m:\x1b[0m com.system76.CosmicPanelLauncherButton:             LogicalSize {
[2m1970-01-01T00:00:17.416787Z[0m [32m INFO[0m [1mcosmic-panel[0m[2m:[0m [2mcosmic_session::notifications[0m[2m:[0m \x1b[2m1970-01-01T00:00:17.167737Z\x1b[0m \x1b[32m INFO\x1b[0m \x1b[1mstdout\x1b[0m\x1b[1m{\x1b[0m\x1b[3mclient\x1b[0m\x1b[2m=\x1b[0mInnerClientId { ptr: 0x93fb1200, alive: true }\x1b[1m}\x1b[0m\x1b[2m:\x1b[0m com.system76.CosmicPanelLauncherButton:                 width: 72.0,
[2m1970-01-01T00:00:17.419468Z[0m [32m INFO[0m [1mcosmic-panel[0m[2m:[0m [2mcosmic_session::notifications[0m[2m:[0m \x1b[2m1970-01-01T00:00:17.167748Z\x1b[0m \x1b[32m INFO\x1b[0m \x1b[1mstdout\x1b[0m\x1b[1m{\x1b[0m\x1b[3mclient\x1b[0m\x1b[2m=\x1b[0mInnerClientId { ptr: 0x93fb1200, alive: true }\x1b[1m}\x1b[0m\x1b[2m:\x1b[0m com.system76.CosmicPanelLauncherButton:                 height: 64.0,
[2m1970-01-01T00:00:17.422225Z[0m [32m INFO[0m [1mcosmic-panel[0m[2m:[0m [2mcosmic_session::notifications[0m[2m:[0m \x1b[2m1970-01-01T00:00:17.167760Z\x1b[0m \x1b[31mERROR\x1b[0m \x1b[1mstderr\x1b[0m\x1b[1m{\x1b[0m\x1b[3mclient\x1b[0m\x1b[2m=\x1b[0mInnerClientId { ptr: 0x93fb1200, alive: true }\x1b[1m}\x1b[0m\x1b[2m:\x1b[0m com.system76.CosmicPanelLauncherButton: xkbcommon: ERROR: couldn't find a Compose file for locale "C" (mapped to "C")
[2m1970-01-01T00:00:17.426412Z[0m [32m INFO[0m [1mcosmic-panel[0m[2m:[0m [2mcosmic_session::notifications[0m[2m:[0m \x1b[2m1970-01-01T00:00:17.167771Z\x1b[0m \x1b[31mERROR\x1b[0m \x1b[1mstderr\x1b[0m\x1b[1m{\x1b[0m\x1b[3mclient\x1b[0m\x1b[2m=\x1b[0mInnerClientId { ptr: 0x93fb1200, alive: true }\x1b[1m}\x1b[0m\x1b[2m:\x1b[0m com.system76.CosmicPanelLauncherButton: xkbcommon: ERROR: couldn't find a Compose file for locale "C" (mapped to "C")
[2m1970-01-01T00:00:17.430331Z[0m [32m INFO[0m [1mcosmic-panel[0m[2m:[0m [2mcosmic_session::notifications[0m[2m:[0m \x1b[2m1970-01-01T00:00:17.217830Z\x1b[0m \x1b[32m INFO\x1b[0m \x1b[1mstdout\x1b[0m\x1b[1m{\x1b[0m\x1b[3mclient\x1b[0m\x1b[2m=\x1b[0mInnerClientId { ptr: 0x93fb1200, alive: true }\x1b[1m}\x1b[0m\x1b[2m:\x1b[0m com.system76.CosmicPanelLauncherButton:             },
[2m1970-01-01T00:00:17.433152Z[0m [32m INFO[0m [1mcosmic-panel[0m[2m:[0m [2mcosmic_session::notifications[0m[2m:[0m \x1b[2m1970-01-01T00:00:17.217856Z\x1b[0m \x1b[32m INFO\x1b[0m \x1b[1mstdout\x1b[0m\x1b[1m{\x1b[0m\x1b[3mclient\x1b[0m\x1b[2m=\x1b[0mInnerClientId { ptr: 0x93fb1200, alive: true }\x1b[1m}\x1b[0m\x1b[2m:\x1b[0m com.system76.CosmicPanelLauncherButton:         ),
[2m1970-01-01T00:00:17.436955Z[0m [32m INFO[0m [1mcosmic-panel[0m[2m:[0m [2mcosmic_session::notifications[0m[2m:[0m \x1b[2m1970-01-01T00:00:17.217876Z\x1b[0m \x1b[32m INFO\x1b[0m \x1b[1mstdout\x1b[0m\x1b[1m{\x1b[0m\x1b[3mclient\x1b[0m\x1b[2m=\x1b[0mInnerClientId { ptr: 0x93fb1200, alive: true }\x1b[1m}\x1b[0m\x1b[2m:\x1b[0m com.system76.CosmicPanelLauncherButton:     ),
[2m1970-01-01T00:00:17.440423Z[0m [32m INFO[0m [1mcosmic-panel[0m[2m:[0m [2mcosmic_session::notifications[0m[2m:[0m \x1b[2m1970-01-01T00:00:17.217889Z\x1b[0m \x1b[32m INFO\x1b[0m \x1b[1mstdout\x1b[0m\x1b[1m{\x1b[0m\x1b[3mclient\x1b[0m\x1b[2m=\x1b[0mInnerClientId { ptr: 0x93fb1200, alive: true }\x1b[1m}\x1b[0m\x1b[2m:\x1b[0m com.system76.CosmicPanelLauncherButton:     min_surface_size: Some(
[2m1970-01-01T00:00:17.444379Z[0m [32m INFO[0m [1mcosmic-panel[0m[2m:[0m [2mcosmic_session::notifications[0m[2m:[0m \x1b[2m1970-01-01T00:00:17.217899Z\x1b[0m \x1b[32m INFO\x1b[0m \x1b[1mstdout\x1b[0m\x1b[1m{\x1b[0m\x1b[3mclient\x1b[0m\x1b[2m=\x1b[0mInnerClientId { ptr: 0x93fb1200, alive: true }\x1b[1m}\x1b[0m\x1b[2m:\x1b[0m com.system76.CosmicPanelLauncherButton:         Logical(
[2m1970-01-01T00:00:17.448173Z[0m [32m INFO[0m [1mcosmic-panel[0m[2m:[0m [2mcosmic_session::notifications[0m[2m:[0m \x1b[2m1970-01-01T00:00:17.217910Z\x1b[0m \x1b[32m INFO\x1b[0m \x1b[1mstdout\x1b[0m\x1b[1m{\x1b[0m\x1b[3mclient\x1b[0m\x1b[2m=\x1b[0mInnerClientId { ptr: 0x93fb1200, alive: true }\x1b[1m}\x1b[0m\x1b[2m:\x1b[0m com.system76.CosmicPanelLauncherButton:             LogicalSize {
[2m1970-01-01T00:00:17.450761Z[0m [32m INFO[0m [1mcosmic-panel[0m[2m:[0m [2mcosmic_session::notifications[0m[2m:[0m \x1b[2m1970-01-01T00:00:17.217923Z\x1b[0m \x1b[32m INFO\x1b[0m \x1b[1mstdout\x1b[0m\x1b[1m{\x1b[0m\x1b[3mclient\x1b[0m\x1b[2m=\x1b[0mInnerClientId { ptr: 0x93fb1200, alive: true }\x1b[1m}\x1b[0m\x1b[2m:\x1b[0m com.system76.CosmicPanelLauncherButton:                 width: 72.0,
[2m1970-01-01T00:00:17.453384Z[0m [32m INFO[0m [1mcosmic-panel[0m[2m:[0m [2mcosmic_session::notifications[0m[2m:[0m \x1b[2m1970-01-01T00:00:17.217935Z\x1b[0m \x1b[32m INFO\x1b[0m \x1b[1mstdout\x1b[0m\x1b[1m{\x1b[0m\x1b[3mclient\x1b[0m\x1b[2m=\x1b[0mInnerClientId { ptr: 0x93fb1200, alive: true }\x1b[1m}\x1b[0m\x1b[2m:\x1b[0m com.system76.CosmicPanelLauncherButton:                 height: 64.0,
[2m1970-01-01T00:00:17.455927Z[0m [32m INFO[0m [1mcosmic-panel[0m[2m:[0m [2mcosmic_session::notifications[0m[2m:[0m \x1b[2m1970-01-01T00:00:17.217950Z\x1b[0m \x1b[32m INFO\x1b[0m \x1b[1mstdout\x1b[0m\x1b[1m{\x1b[0m\x1b[3mclient\x1b[0m\x1b[2m=\x1b[0mInnerClientId { ptr: 0x93fb1200, alive: true }\x1b[1m}\x1b[0m\x1b[2m:\x1b[0m com.system76.CosmicPanelLauncherButton:             },
[2m1970-01-01T00:00:17.458742Z[0m [32m INFO[0m [1mcosmic-panel[0m[2m:[0m [2mcosmic_session::notifications[0m[2m:[0m \x1b[2m1970-01-01T00:00:17.217964Z\x1b[0m \x1b[32m INFO\x1b[0m \x1b[1mstdout\x1b[0m\x1b[1m{\x1b[0m\x1b[3mclient\x1b[0m\x1b[2m=\x1b[0mInnerClientId { ptr: 0x93fb1200, alive: true }\x1b[1m}\x1b[0m\x1b[2m:\x1b[0m com.system76.CosmicPanelLauncherButton:         ),
[2m1970-01-01T00:00:17.461274Z[0m [32m INFO[0m [1mcosmic-panel[0m[2m:[0m [2mcosmic_session::notifications[0m[2m:[0m \x1b[2m1970-01-01T00:00:17.217976Z\x1b[0m \x1b[32m INFO\x1b[0m \x1b[1mstdout\x1b[0m\x1b[1m{\x1b[0m\x1b[3mclient\x1b[0m\x1b[2m=\x1b[0mInnerClientId { ptr: 0x93fb1200, alive: true }\x1b[1m}\x1b[0m\x1b[2m:\x1b[0m com.system76.CosmicPanelLauncherButton:     ),
[2m1970-01-01T00:00:17.463691Z[0m [32m INFO[0m [1mcosmic-panel[0m[2m:[0m [2mcosmic_session::notifications[0m[2m:[0m \x1b[2m1970-01-01T00:00:17.217986Z\x1b[0m \x1b[32m INFO\x1b[0m \x1b[1mstdout\x1b[0m\x1b[1m{\x1b[0m\x1b[3mclient\x1b[0m\x1b[2m=\x1b[0mInnerClientId { ptr: 0x93fb1200, alive: true }\x1b[1m}\x1b[0m\x1b[2m:\x1b[0m com.system76.CosmicPanelLauncherButton:     max_surface_size: None,
[2m1970-01-01T00:00:17.466522Z[0m [32m INFO[0m [1mcosmic-panel[0m[2m:[0m [2mcosmic_session::notifications[0m[2m:[0m \x1b[2m1970-01-01T00:00:17.217998Z\x1b[0m \x1b[32m INFO\x1b[0m \x1b[1mstdout\x1b[0m\x1b[1m{\x1b[0m\x1b[3mclient\x1b[0m\x1b[2m=\x1b[0mInnerClientId { ptr: 0x93fb1200, alive: true }\x1b[1m}\x1b[0m\x1b[2m:\x1b[0m com.system76.CosmicPanelLauncherButton:     surface_resize_increments: None,
[2m1970-01-01T00:00:17.469529Z[0m [32m INFO[0m [1mcosmic-panel[0m[2m:[0m [2mcosmic_session::notifications[0m[2m:[0m \x1b[2m1970-01-01T00:00:17.218009Z\x1b[0m \x1b[32m INFO\x1b[0m \x1b[1mstdout\x1b[0m\x1b[1m{\x1b[0m\x1b[3mclient\x1b[0m\x1b[2m=\x1b[0mInnerClientId { ptr: 0x93fb1200, alive: true }\x1b[1m}\x1b[0m\x1b[2m:\x1b[0m com.system76.CosmicPanelLauncherButton:     position: None,
[2m1970-01-01T00:00:17.472761Z[0m [32m INFO[0m [1mcosmic-panel[0m[2m:[0m [2mcosmic_session::notifications[0m[2m:[0m \x1b[2m1970-01-01T00:00:17.218021Z\x1b[0m \x1b[32m INFO\x1b[0m \x1b[1mstdout\x1b[0m\x1b[1m{\x1b[0m\x1b[3mclient\x1b[0m\x1b[2m=\x1b[0mInnerClientId { ptr: 0x93fb1200, alive: true }\x1b[1m}\x1b[0m\x1b[2m:\x1b[0m com.system76.CosmicPanelLauncherButton:     resizable: false,
[2m1970-01-01T00:00:17.476368Z[0m [32m INFO[0m [1mcosmic-panel[0m[2m:[0m [2mcosmic_session::notifications[0m[2m:[0m \x1b[2m1970-01-01T00:00:17.218031Z\x1b[0m \x1b[32m INFO\x1b[0m \x1b[1mstdout\x1b[0m\x1b[1m{\x1b[0m\x1b[3mclient\x1b[0m\x1b[2m=\x1b[0mInnerClientId { ptr: 0x93fb1200, alive: true }\x1b[1m}\x1b[0m\x1b[2m:\x1b[0m com.system76.CosmicPanelLauncherButton:     enabled_buttons: WindowButtons(
[2m1970-01-01T00:00:17.479101Z[0m [32m INFO[0m [1mcosmic-panel[0m[2m:[0m [2mcosmic_session::notifications[0m[2m:[0m \x1b[2m1970-01-01T00:00:17.218043Z\x1b[0m \x1b[32m INFO\x1b[0m \x1b[1mstdout\x1b[0m\x1b[1m{\x1b[0m\x1b[3mclient\x1b[0m\x1b[2m=\x1b[0mInnerClientId { ptr: 0x93fb1200, alive: true }\x1b[1m}\x1b[0m\x1b[2m:\x1b[0m com.system76.CosmicPanelLauncherButton:         CLOSE | MINIMIZE,
[2m1970-01-01T00:00:17.482409Z[0m [32m INFO[0m [1mcosmic-panel[0m[2m:[0m [2mcosmic_session::notifications[0m[2m:[0m \x1b[2m1970-01-01T00:00:17.218054Z\x1b[0m \x1b[32m INFO\x1b[0m \x1b[1mstdout\x1b[0m\x1b[1m{\x1b[0m\x1b[3mclient\x1b[0m\x1b[2m=\x1b[0mInnerClientId { ptr: 0x93fb1200, alive: true }\x1b[1m}\x1b[0m\x1b[2m:\x1b[0m com.system76.CosmicPanelLauncherButton:     ),
[2m1970-01-01T00:00:17.486048Z[0m [32m INFO[0m [1mcosmic-panel[0m[2m:[0m [2mcosmic_session::notifications[0m[2m:[0m \x1b[2m1970-01-01T00:00:17.269507Z\x1b[0m \x1b[32m INFO\x1b[0m \x1b[1mstdout\x1b[0m\x1b[1m{\x1b[0m\x1b[3mclient\x1b[0m\x1b[2m=\x1b[0mInnerClientId { ptr: 0x93fb1200, alive: true }\x1b[1m}\x1b[0m\x1b[2m:\x1b[0m com.system76.CosmicPanelLauncherButton:     title: "Cosmic - Iced",
[2m1970-01-01T00:00:17.488677Z[0m [32m INFO[0m [1mcosmic-panel[0m[2m:[0m [2mcosmic_session::notifications[0m[2m:[0m \x1b[2m1970-01-01T00:00:17.269528Z\x1b[0m \x1b[32m INFO\x1b[0m \x1b[1mstdout\x1b[0m\x1b[1m{\x1b[0m\x1b[3mclient\x1b[0m\x1b[2m=\x1b[0mInnerClientId { ptr: 0x93fb1200, alive: true }\x1b[1m}\x1b[0m\x1b[2m:\x1b[0m com.system76.CosmicPanelLauncherButton:     maximized: false,
[2m1970-01-01T00:00:17.491227Z[0m [32m INFO[0m [1mcosmic-panel[0m[2m:[0m [2mcosmic_session::notifications[0m[2m:[0m \x1b[2m1970-01-01T00:00:17.269549Z\x1b[0m \x1b[32m INFO\x1b[0m \x1b[1mstdout\x1b[0m\x1b[1m{\x1b[0m\x1b[3mclient\x1b[0m\x1b[2m=\x1b[0mInnerClientId { ptr: 0x93fb1200, alive: true }\x1b[1m}\x1b[0m\x1b[2m:\x1b[0m com.system76.CosmicPanelLauncherButton:     visible: false,
[2m1970-01-01T00:00:17.494509Z[0m [32m INFO[0m [1mcosmic-panel[0m[2m:[0m [2mcosmic_session::notifications[0m[2m:[0m \x1b[2m1970-01-01T00:00:17.269571Z\x1b[0m \x1b[32m INFO\x1b[0m \x1b[1mstdout\x1b[0m\x1b[1m{\x1b[0m\x1b[3mclient\x1b[0m\x1b[2m=\x1b[0mInnerClientId { ptr: 0x93fb1200, alive: true }\x1b[1m}\x1b[0m\x1b[2m:\x1b[0m com.system76.CosmicPanelLauncherButton:     transparent: true,
[2m1970-01-01T00:00:17.497080Z[0m [32m INFO[0m [1mcosmic-panel[0m[2m:[0m [2mcosmic_session::notifications[0m[2m:[0m \x1b[2m1970-01-01T00:00:17.269586Z\x1b[0m \x1b[32m INFO\x1b[0m \x1b[1mstdout\x1b[0m\x1b[1m{\x1b[0m\x1b[3mclient\x1b[0m\x1b[2m=\x1b[0mInnerClientId { ptr: 0x93fb1200, alive: true }\x1b[1m}\x1b[0m\x1b[2m:\x1b[0m com.system76.CosmicPanelLauncherButton:     blur: false,
[2m1970-01-01T00:00:17.499637Z[0m [32m INFO[0m [1mcosmic-panel[0m[2m:[0m [2mcosmic_session::notifications[0m[2m:[0m \x1b[2m1970-01-01T00:00:17.269597Z\x1b[0m \x1b[32m INFO\x1b[0m \x1b[1mstdout\x1b[0m\x1b[1m{\x1b[0m\x1b[3mclient\x1b[0m\x1b[2m=\x1b[0mInnerClientId { ptr: 0x93fb1200, alive: true }\x1b[1m}\x1b[0m\x1b[2m:\x1b[0m com.system76.CosmicPanelLauncherButton:     decorations: false,
[2m1970-01-01T00:00:17.501240Z[0m [32m INFO[0m [1mcosmic-panel[0m[2m:[0m [2mcosmic_session::notifications[0m[2m:[0m \x1b[2m1970-01-01T00:00:17.269616Z\x1b[0m \x1b[32m INFO\x1b[0m \x1b[1mstdout\x1b[0m\x1b[1m{\x1b[0m\x1b[3mclient\x1b[0m\x1b[2m=\x1b[0mInnerClientId { ptr: 0x93fb1200, alive: true }\x1b[1m}\x1b[0m\x1b[2m:\x1b[0m com.system76.CosmicPanelLauncherButton:     window_icon: None,
[2m1970-01-01T00:00:17.502136Z[0m [32m INFO[0m [1mcosmic-panel[0m[2m:[0m [2mcosmic_session::notifications[0m[2m:[0m \x1b[2m1970-01-01T00:00:17.269627Z\x1b[0m \x1b[32m INFO\x1b[0m \x1b[1mstdout\x1b[0m\x1b[1m{\x1b[0m\x1b[3mclient\x1b[0m\x1b[2m=\x1b[0mInnerClientId { ptr: 0x93fb1200, alive: true }\x1b[1m}\x1b[0m\x1b[2m:\x1b[0m com.system76.CosmicPanelLauncherButton:     preferred_theme: None,
[2m1970-01-01T00:00:17.503026Z[0m [32m INFO[0m [1mcosmic-panel[0m[2m:[0m [2mcosmic_session::notifications[0m[2m:[0m \x1b[2m1970-01-01T00:00:17.269637Z\x1b[0m \x1b[32m INFO\x1b[0m \x1b[1mstdout\x1b[0m\x1b[1m{\x1b[0m\x1b[3mclient\x1b[0m\x1b[2m=\x1b[0mInnerClientId { ptr: 0x93fb1200, alive: true }\x1b[1m}\x1b[0m\x1b[2m:\x1b[0m com.system76.CosmicPanelLauncherButton:     content_protected: false,
[2m1970-01-01T00:00:17.504435Z[0m [32m INFO[0m [1mcosmic-panel[0m[2m:[0m [2mcosmic_session::notifications[0m[2m:[0m \x1b[2m1970-01-01T00:00:17.269649Z\x1b[0m \x1b[32m INFO\x1b[0m \x1b[1mstdout\x1b[0m\x1b[1m{\x1b[0m\x1b[3mclient\x1b[0m\x1b[2m=\x1b[0mInnerClientId { ptr: 0x93fb1200, alive: true }\x1b[1m}\x1b[0m\x1b[2m:\x1b[0m com.system76.CosmicPanelLauncherButton:     window_level: Normal,
[2m1970-01-01T00:00:17.507731Z[0m [32m INFO[0m [1mcosmic-panel[0m[2m:[0m [2mcosmic_session::notifications[0m[2m:[0m \x1b[2m1970-01-01T00:00:17.269662Z\x1b[0m \x1b[32m INFO\x1b[0m \x1b[1mstdout\x1b[0m\x1b[1m{\x1b[0m\x1b[3mclient\x1b[0m\x1b[2m=\x1b[0mInnerClientId { ptr: 0x93fb1200, alive: true }\x1b[1m}\x1b[0m\x1b[2m:\x1b[0m com.system76.CosmicPanelLauncherButton:     active: true,
[2m1970-01-01T00:00:17.510110Z[0m [32m INFO[0m [1mcosmic-panel[0m[2m:[0m [2mcosmic_session::notifications[0m[2m:[0m \x1b[2m1970-01-01T00:00:17.269673Z\x1b[0m \x1b[32m INFO\x1b[0m \x1b[1mstdout\x1b[0m\x1b[1m{\x1b[0m\x1b[3mclient\x1b[0m\x1b[2m=\x1b[0mInnerClientId { ptr: 0x93fb1200, alive: true }\x1b[1m}\x1b[0m\x1b[2m:\x1b[0m com.system76.CosmicPanelLauncherButton:     cursor: Icon(
[2m1970-01-01T00:00:17.512586Z[0m [32m INFO[0m [1mcosmic-panel[0m[2m:[0m [2mcosmic_session::notifications[0m[2m:[0m \x1b[2m1970-01-01T00:00:17.269683Z\x1b[0m \x1b[32m INFO\x1b[0m \x1b[1mstdout\x1b[0m\x1b[1m{\x1b[0m\x1b[3mclient\x1b[0m\x1b[2m=\x1b[0mInnerClientId { ptr: 0x93fb1200, alive: true }\x1b[1m}\x1b[0m\x1b[2m:\x1b[0m com.system76.CosmicPanelLauncherButton:         Default,
[2m1970-01-01T00:00:17.516203Z[0m [32m INFO[0m [1mcosmic-panel[0m[2m:[0m [2mcosmic_session::notifications[0m[2m:[0m \x1b[2m1970-01-01T00:00:17.269693Z\x1b[0m \x1b[32m INFO\x1b[0m \x1b[1mstdout\x1b[0m\x1b[1m{\x1b[0m\x1b[3mclient\x1b[0m\x1b[2m=\x1b[0mInnerClientId { ptr: 0x93fb1200, alive: true }\x1b[1m}\x1b[0m\x1b[2m:\x1b[0m com.system76.CosmicPanelLauncherButton:     ),
[2m1970-01-01T00:00:17.519867Z[0m [32m INFO[0m [1mcosmic-panel[0m[2m:[0m [2mcosmic_session::notifications[0m[2m:[0m \x1b[2m1970-01-01T00:00:17.269705Z\x1b[0m \x1b[32m INFO\x1b[0m \x1b[1mstdout\x1b[0m\x1b[1m{\x1b[0m\x1b[3mclient\x1b[0m\x1b[2m=\x1b[0mInnerClientId { ptr: 0x93fb1200, alive: true }\x1b[1m}\x1b[0m\x1b[2m:\x1b[0m com.system76.CosmicPanelLauncherButton:     parent_window: None,
[2m1970-01-01T00:00:17.523238Z[0m [32m INFO[0m [1mcosmic-panel[0m[2m:[0m [2mcosmic_session::notifications[0m[2m:[0m \x1b[2m1970-01-01T00:00:17.269715Z\x1b[0m \x1b[32m INFO\x1b[0m \x1b[1mstdout\x1b[0m\x1b[1m{\x1b[0m\x1b[3mclient\x1b[0m\x1b[2m=\x1b[0mInnerClientId { ptr: 0x93fb1200, alive: true }\x1b[1m}\x1b[0m\x1b[2m:\x1b[0m com.system76.CosmicPanelLauncherButton:     fullscreen: None,
[2m1970-01-01T00:00:17.527097Z[0m [32m INFO[0m [1mcosmic-panel[0m[2m:[0m [2mcosmic_session::notifications[0m[2m:[0m \x1b[2m1970-01-01T00:00:17.269726Z\x1b[0m \x1b[32m INFO\x1b[0m \x1b[1mstdout\x1b[0m\x1b[1m{\x1b[0m\x1b[3mclient\x1b[0m\x1b[2m=\x1b[0mInnerClientId { ptr: 0x93fb1200, alive: true }\x1b[1m}\x1b[0m\x1b[2m:\x1b[0m com.system76.CosmicPanelLauncherButton:     platform: Some(
[2m1970-01-01T00:00:17.530400Z[0m [32m INFO[0m [1mcosmic-panel[0m[2m:[0m [2mcosmic_session::notifications[0m[2m:[0m \x1b[2m1970-01-01T00:00:17.269736Z\x1b[0m \x1b[32m INFO\x1b[0m \x1b[1mstdout\x1b[0m\x1b[1m{\x1b[0m\x1b[3mclient\x1b[0m\x1b[2m=\x1b[0mInnerClientId { ptr: 0x93fb1200, alive: true }\x1b[1m}\x1b[0m\x1b[2m:\x1b[0m com.system76.CosmicPanelLauncherButton:         WindowAttributesWayland {
[2m1970-01-01T00:00:17.533373Z[0m [32m INFO[0m [1mcosmic-panel[0m[2m:[0m [2mcosmic_session::notifications[0m[2m:[0m \x1b[2m1970-01-01T00:00:17.320731Z\x1b[0m \x1b[32m INFO\x1b[0m \x1b[1mstdout\x1b[0m\x1b[1m{\x1b[0m\x1b[3mclient\x1b[0m\x1b[2m=\x1b[0mInnerClientId { ptr: 0x93fb1200, alive: true }\x1b[1m}\x1b[0m\x1b[2m:\x1b[0m com.system76.CosmicPanelLauncherButton:             name: Some(
[2m1970-01-01T00:00:17.537116Z[0m [32m INFO[0m [1mcosmic-panel[0m[2m:[0m [2mcosmic_session::notifications[0m[2m:[0m \x1b[2m1970-01-01T00:00:17.320748Z\x1b[0m \x1b[32m INFO\x1b[0m \x1b[1mstdout\x1b[0m\x1b[1m{\x1b[0m\x1b[3mclient\x1b[0m\x1b[2m=\x1b[0mInnerClientId { ptr: 0x93fb1200, alive: true }\x1b[1m}\x1b[0m\x1b[2m:\x1b[0m com.system76.CosmicPanelLauncherButton:                 ApplicationName {
[2m1970-01-01T00:00:17.539999Z[0m [32m INFO[0m [1mcosmic-panel[0m[2m:[0m [2mcosmic_session::notifications[0m[2m:[0m \x1b[2m1970-01-01T00:00:17.320768Z\x1b[0m \x1b[32m INFO\x1b[0m \x1b[1mstdout\x1b[0m\x1b[1m{\x1b[0m\x1b[3mclient\x1b[0m\x1b[2m=\x1b[0mInnerClientId { ptr: 0x93fb1200, alive: true }\x1b[1m}\x1b[0m\x1b[2m:\x1b[0m com.system76.CosmicPanelLauncherButton:                     general: "com.system76.CosmicPanelButton",
[2m1970-01-01T00:00:17.540926Z[0m [32m INFO[0m [1mcosmic-panel[0m[2m:[0m [2mcosmic_session::notifications[0m[2m:[0m \x1b[2m1970-01-01T00:00:17.320791Z\x1b[0m \x1b[32m INFO\x1b[0m \x1b[1mstdout\x1b[0m\x1b[1m{\x1b[0m\x1b[3mclient\x1b[0m\x1b[2m=\x1b[0mInnerClientId { ptr: 0x93fb1200, alive: true }\x1b[1m}\x1b[0m\x1b[2m:\x1b[0m com.system76.CosmicPanelLauncherButton:                     instance: "com.system76.CosmicPanelButton",
[2m1970-01-01T00:00:17.542171Z[0m [32m INFO[0m [1mcosmic-panel[0m[2m:[0m [2mcosmic_session::notifications[0m[2m:[0m \x1b[2m1970-01-01T00:00:17.320803Z\x1b[0m \x1b[32m INFO\x1b[0m \x1b[1mstdout\x1b[0m\x1b[1m{\x1b[0m\x1b[3mclient\x1b[0m\x1b[2m=\x1b[0mInnerClientId { ptr: 0x93fb1200, alive: true }\x1b[1m}\x1b[0m\x1b[2m:\x1b[0m com.system76.CosmicPanelLauncherButton:                 },
[2m1970-01-01T00:00:17.546214Z[0m [32m INFO[0m [1mcosmic-panel[0m[2m:[0m [2mcosmic_session::notifications[0m[2m:[0m \x1b[2m1970-01-01T00:00:17.320813Z\x1b[0m \x1b[32m INFO\x1b[0m \x1b[1mstdout\x1b[0m\x1b[1m{\x1b[0m\x1b[3mclient\x1b[0m\x1b[2m=\x1b[0mInnerClientId { ptr: 0x93fb1200, alive: true }\x1b[1m}\x1b[0m\x1b[2m:\x1b[0m com.system76.CosmicPanelLauncherButton:             ),
[2m1970-01-01T00:00:17.549999Z[0m [32m INFO[0m [1mcosmic-panel[0m[2m:[0m [2mcosmic_session::notifications[0m[2m:[0m \x1b[2m1970-01-01T00:00:17.320823Z\x1b[0m \x1b[32m INFO\x1b[0m \x1b[1mstdout\x1b[0m\x1b[1m{\x1b[0m\x1b[3mclient\x1b[0m\x1b[2m=\x1b[0mInnerClientId { ptr: 0x93fb1200, alive: true }\x1b[1m}\x1b[0m\x1b[2m:\x1b[0m com.system76.CosmicPanelLauncherButton:             activation_token: None,
[2m1970-01-01T00:00:17.553856Z[0m [32m INFO[0m [1mcosmic-panel[0m[2m:[0m [2mcosmic_session::notifications[0m[2m:[0m \x1b[2m1970-01-01T00:00:17.320833Z\x1b[0m \x1b[32m INFO\x1b[0m \x1b[1mstdout\x1b[0m\x1b[1m{\x1b[0m\x1b[3mclient\x1b[0m\x1b[2m=\x1b[0mInnerClientId { ptr: 0x93fb1200, alive: true }\x1b[1m}\x1b[0m\x1b[2m:\x1b[0m com.system76.CosmicPanelLauncherButton:             prefer_csd: false,
[2m1970-01-01T00:00:17.557821Z[0m [32m INFO[0m [1mcosmic-panel[0m[2m:[0m [2mcosmic_session::notifications[0m[2m:[0m \x1b[2m1970-01-01T00:00:17.320845Z\x1b[0m \x1b[32m INFO\x1b[0m \x1b[1mstdout\x1b[0m\x1b[1m{\x1b[0m\x1b[3mclient\x1b[0m\x1b[2m=\x1b[0mInnerClientId { ptr: 0x93fb1200, alive: true }\x1b[1m}\x1b[0m\x1b[2m:\x1b[0m com.system76.CosmicPanelLauncherButton:         },
[2m1970-01-01T00:00:17.561834Z[0m [32m INFO[0m [1mcosmic-panel[0m[2m:[0m [2mcosmic_session::notifications[0m[2m:[0m \x1b[2m1970-01-01T00:00:17.320857Z\x1b[0m \x1b[32m INFO\x1b[0m \x1b[1mstdout\x1b[0m\x1b[1m{\x1b[0m\x1b[3mclient\x1b[0m\x1b[2m=\x1b[0mInnerClientId { ptr: 0x93fb1200, alive: true }\x1b[1m}\x1b[0m\x1b[2m:\x1b[0m com.system76.CosmicPanelLauncherButton:     ),
[2m1970-01-01T00:00:17.564517Z[0m [32m INFO[0m [1mcosmic-panel[0m[2m:[0m [2mcosmic_session::notifications[0m[2m:[0m \x1b[2m1970-01-01T00:00:17.320874Z\x1b[0m \x1b[32m INFO\x1b[0m \x1b[1mstdout\x1b[0m\x1b[1m{\x1b[0m\x1b[3mclient\x1b[0m\x1b[2m=\x1b[0mInnerClientId { ptr: 0x93fb1200, alive: true }\x1b[1m}\x1b[0m\x1b[2m:\x1b[0m com.system76.CosmicPanelLauncherButton: }
[2m1970-01-01T00:00:17.567681Z[0m [32m INFO[0m [1mcosmic-panel[0m[2m:[0m [2mcosmic_session::notifications[0m[2m:[0m \x1b[2m1970-01-01T00:00:17.320884Z\x1b[0m \x1b[32m INFO\x1b[0m \x1b[1mstdout\x1b[0m\x1b[1m{\x1b[0m\x1b[3mclient\x1b[0m\x1b[2m=\x1b[0mInnerClientId { ptr: 0x93fb1200, alive: true }\x1b[1m}\x1b[0m\x1b[2m:\x1b[0m com.system76.CosmicPanelLauncherButton: \x1b[2m1970-01-01T00:00:15.856242Z\x1b[0m \x1b[33m WARN\x1b[0m \x1b[2mwinit_wayland::window::state\x1b[0m\x1b[2m:\x1b[0m `xdg_toplevel_icon_manager_v1` is not supported
[2m1970-01-01T00:00:17.570594Z[0m [32m INFO[0m [1mcosmic-panel[0m[2m:[0m [2mcosmic_session::notifications[0m[2m:[0m \x1b[2m1970-01-01T00:00:17.320897Z\x1b[0m \x1b[32m INFO\x1b[0m \x1b[1mstdout\x1b[0m\x1b[1m{\x1b[0m\x1b[3mclient\x1b[0m\x1b[2m=\x1b[0mInnerClientId { ptr: 0x93fb1200, alive: true }\x1b[1m}\x1b[0m\x1b[2m:\x1b[0m com.system76.CosmicPanelLauncherButton: \x1b[2m1970-01-01T00:00:15.888596Z\x1b[0m \x1b[32m INFO\x1b[0m \x1b[2miced_winit::platform_specific::wayland::event_loop\x1b[0m\x1b[2m:\x1b[0m SCTK setup complete.
[2m1970-01-01T00:00:17.572108Z[0m [32m INFO[0m [1mcosmic-panel[0m[2m:[0m [2mcosmic_session::notifications[0m[2m:[0m \x1b[2m1970-01-01T00:00:17.320908Z\x1b[0m \x1b[32m INFO\x1b[0m \x1b[1mstdout\x1b[0m\x1b[1m{\x1b[0m\x1b[3mclient\x1b[0m\x1b[2m=\x1b[0mInnerClientId { ptr: 0x93fb13e0, alive: true }\x1b[1m}\x1b[0m\x1b[2m:\x1b[0m com.system76.CosmicPanelWorkspacesButton: \x1b[2m1970-01-01T00:00:15.435390Z\x1b[0m \x1b[31mERROR\x1b[0m \x1b[2mcosmic::theme\x1b[0m\x1b[2m:\x1b[0m error loading system dark theme \x1b[3merror\x1b[0m\x1b[2m=\x1b[0mGetKey("text_button", Os { code: 24, kind: Uncategorized, message: "No file descriptors available" })
[2m1970-01-01T00:00:17.576292Z[0m [32m INFO[0m [1mcosmic-panel[0m[2m:[0m [2mcosmic_session::notifications[0m[2m:[0m \x1b[2m1970-01-01T00:00:17.320919Z\x1b[0m \x1b[32m INFO\x1b[0m \x1b[1mstdout\x1b[0m\x1b[1m{\x1b[0m\x1b[3mclient\x1b[0m\x1b[2m=\x1b[0mInnerClientId { ptr: 0x93fb13e0, alive: true }\x1b[1m}\x1b[0m\x1b[2m:\x1b[0m com.system76.CosmicPanelWorkspacesButton: \x1b[2m1970-01-01T00:00:15.435411Z\x1b[0m \x1b[31mERROR\x1b[0m \x1b[2mcosmic::theme\x1b[0m\x1b[2m:\x1b[0m error loading system dark theme \x1b[3merror\x1b[0m\x1b[2m=\x1b[0mGetKey("spacing", Os { code: 24, kind: Uncategorized, message: "No file descriptors available" })
[2m1970-01-01T00:00:17.580106Z[0m [32m INFO[0m [1mcosmic-panel[0m[2m:[0m [2mcosmic_session::notifications[0m[2m:[0m \x1b[2m1970-01-01T00:00:17.372872Z\x1b[0m \x1b[32m INFO\x1b[0m \x1b[1mstdout\x1b[0m\x1b[1m{\x1b[0m\x1b[3mclient\x1b[0m\x1b[2m=\x1b[0mInnerClientId { ptr: 0x93fb13e0, alive: true }\x1b[1m}\x1b[0m\x1b[2m:\x1b[0m com.system76.CosmicPanelWorkspacesButton: \x1b[2m1970-01-01T00:00:15.435433Z\x1b[0m \x1b[31mERROR\x1b[0m \x1b[2mcosmic::theme\x1b[0m\x1b[2m:\x1b[0m error loading system dark theme \x1b[3merror\x1b[0m\x1b[2m=\x1b[0mGetKey("corner_radii", Os { code: 24, kind: Uncategorized, message: "No file descriptors available" })
[2m1970-01-01T00:00:17.585727Z[0m [32m INFO[0m [1mcosmic-panel[0m[2m:[0m [2mcosmic_session::notifications[0m[2m:[0m \x1b[2m1970-01-01T00:00:17.372888Z\x1b[0m \x1b[32m INFO\x1b[0m \x1b[1mstdout\x1b[0m\x1b[1m{\x1b[0m\x1b[3mclient\x1b[0m\x1b[2m=\x1b[0mInnerClientId { ptr: 0x93fb13e0, alive: true }\x1b[1m}\x1b[0m\x1b[2m:\x1b[0m com.system76.CosmicPanelWorkspacesButton: \x1b[2m1970-01-01T00:00:15.436338Z\x1b[0m \x1b[33m WARN\x1b[0m \x1b[2mcosmic_text::font::system\x1b[0m\x1b[2m:\x1b[0m failed to get system locale, falling back to en-US
[2m1970-01-01T00:00:17.589187Z[0m [32m INFO[0m [1mcosmic-panel[0m[2m:[0m [2mcosmic_session::notifications[0m[2m:[0m \x1b[2m1970-01-01T00:00:17.372900Z\x1b[0m \x1b[32m INFO\x1b[0m \x1b[1mstdout\x1b[0m\x1b[1m{\x1b[0m\x1b[3mclient\x1b[0m\x1b[2m=\x1b[0mInnerClientId { ptr: 0x93fb13e0, alive: true }\x1b[1m}\x1b[0m\x1b[2m:\x1b[0m com.system76.CosmicPanelWorkspacesButton: \x1b[2m1970-01-01T00:00:15.436921Z\x1b[0m \x1b[33m WARN\x1b[0m \x1b[2mfontdb\x1b[0m\x1b[2m:\x1b[0m Fallback to loading from known font dir paths.
[2m1970-01-01T00:00:17.592309Z[0m [32m INFO[0m [1mcosmic-panel[0m[2m:[0m [2mcosmic_session::notifications[0m[2m:[0m \x1b[2m1970-01-01T00:00:17.372912Z\x1b[0m \x1b[32m INFO\x1b[0m \x1b[1mstdout\x1b[0m\x1b[1m{\x1b[0m\x1b[3mclient\x1b[0m\x1b[2m=\x1b[0mInnerClientId { ptr: 0x93fb13e0, alive: true }\x1b[1m}\x1b[0m\x1b[2m:\x1b[0m com.system76.CosmicPanelWorkspacesButton: \x1b[2m1970-01-01T00:00:15.682823Z\x1b[0m \x1b[32m INFO\x1b[0m \x1b[2miced_winit\x1b[0m\x1b[2m:\x1b[0m System theme: None
[2m1970-01-01T00:00:17.596995Z[0m [32m INFO[0m [1mcosmic-panel[0m[2m:[0m [2mcosmic_session::notifications[0m[2m:[0m \x1b[2m1970-01-01T00:00:17.372924Z\x1b[0m \x1b[32m INFO\x1b[0m \x1b[1mstdout\x1b[0m\x1b[1m{\x1b[0m\x1b[3mclient\x1b[0m\x1b[2m=\x1b[0mInnerClientId { ptr: 0x93fb13e0, alive: true }\x1b[1m}\x1b[0m\x1b[2m:\x1b[0m com.system76.CosmicPanelWorkspacesButton: \x1b[2m1970-01-01T00:00:15.693898Z\x1b[0m \x1b[32m INFO\x1b[0m \x1b[2miced_winit::platform_specific::wayland::event_loop\x1b[0m\x1b[2m:\x1b[0m SCTK setup complete.
[2m1970-01-01T00:00:17.601741Z[0m [32m INFO[0m [1mcosmic-panel[0m[2m:[0m [2mcosmic_session::notifications[0m[2m:[0m \x1b[2m1970-01-01T00:00:17.372935Z\x1b[0m \x1b[31mERROR\x1b[0m \x1b[1mstderr\x1b[0m\x1b[1m{\x1b[0m\x1b[3mclient\x1b[0m\x1b[2m=\x1b[0mInnerClientId { ptr: 0x93fb13e0, alive: true }\x1b[1m}\x1b[0m\x1b[2m:\x1b[0m com.system76.CosmicPanelWorkspacesButton: xkbcommon: ERROR: couldn't find a Compose file for locale "C" (mapped to "C")
[2m1970-01-01T00:00:17.605270Z[0m [32m INFO[0m [1mcosmic-panel[0m[2m:[0m [2mcosmic_session::notifications[0m[2m:[0m \x1b[2m1970-01-01T00:00:17.372948Z\x1b[0m \x1b[32m INFO\x1b[0m \x1b[1mstdout\x1b[0m\x1b[1m{\x1b[0m\x1b[3mclient\x1b[0m\x1b[2m=\x1b[0mInnerClientId { ptr: 0x93fb13e0, alive: true }\x1b[1m}\x1b[0m\x1b[2m:\x1b[0m com.system76.CosmicPanelWorkspacesButton: \x1b[2m1970-01-01T00:00:15.725040Z\x1b[0m \x1b[32m INFO\x1b[0m \x1b[2miced_winit\x1b[0m\x1b[2m:\x1b[0m Window attributes for id `Id(
[2m1970-01-01T00:00:17.608390Z[0m [32m INFO[0m [1mcosmic-panel[0m[2m:[0m [2mcosmic_session::notifications[0m[2m:[0m \x1b[2m1970-01-01T00:00:17.372960Z\x1b[0m \x1b[32m INFO\x1b[0m \x1b[1mstdout\x1b[0m\x1b[1m{\x1b[0m\x1b[3mclient\x1b[0m\x1b[2m=\x1b[0mInnerClientId { ptr: 0x93fb13e0, alive: true }\x1b[1m}\x1b[0m\x1b[2m:\x1b[0m com.system76.CosmicPanelWorkspacesButton:     1,
[2m1970-01-01T00:00:17.610609Z[0m [32m INFO[0m [1mcosmic-panel[0m[2m:[0m [2mcosmic_session::notifications[0m[2m:[0m \x1b[2m1970-01-01T00:00:17.372971Z\x1b[0m \x1b[31mERROR\x1b[0m \x1b[1mstderr\x1b[0m\x1b[1m{\x1b[0m\x1b[3mclient\x1b[0m\x1b[2m=\x1b[0mInnerClientId { ptr: 0x93fb13e0, alive: true }\x1b[1m}\x1b[0m\x1b[2m:\x1b[0m com.system76.CosmicPanelWorkspacesButton: xkbcommon: ERROR: couldn't find a Compose file for locale "C" (mapped to "C")
[2m1970-01-01T00:00:17.613403Z[0m [32m INFO[0m [1mcosmic-panel[0m[2m:[0m [2mcosmic_session::notifications[0m[2m:[0m \x1b[2m1970-01-01T00:00:17.372984Z\x1b[0m \x1b[32m INFO\x1b[0m \x1b[1mstdout\x1b[0m\x1b[1m{\x1b[0m\x1b[3mclient\x1b[0m\x1b[2m=\x1b[0mInnerClientId { ptr: 0x93fb13e0, alive: true }\x1b[1m}\x1b[0m\x1b[2m:\x1b[0m com.system76.CosmicPanelWorkspacesButton: )`: WindowAttributes {
[2m1970-01-01T00:00:17.616452Z[0m [32m INFO[0m [1mcosmic-panel[0m[2m:[0m [2mcosmic_session::notifications[0m[2m:[0m \x1b[2m1970-01-01T00:00:17.372996Z\x1b[0m \x1b[31mERROR\x1b[0m \x1b[1mstderr\x1b[0m\x1b[1m{\x1b[0m\x1b[3mclient\x1b[0m\x1b[2m=\x1b[0mInnerClientId { ptr: 0x93fb13e0, alive: true }\x1b[1m}\x1b[0m\x1b[2m:\x1b[0m com.system76.CosmicPanelWorkspacesButton: xkbcommon: ERROR: couldn't find a Compose file for locale "C" (mapped to "C")
[2m1970-01-01T00:00:17.620719Z[0m [32m INFO[0m [1mcosmic-panel[0m[2m:[0m [2mcosmic_session::notifications[0m[2m:[0m \x1b[2m1970-01-01T00:00:17.373007Z\x1b[0m \x1b[32m INFO\x1b[0m \x1b[1mstdout\x1b[0m\x1b[1m{\x1b[0m\x1b[3mclient\x1b[0m\x1b[2m=\x1b[0mInnerClientId { ptr: 0x93fb13e0, alive: true }\x1b[1m}\x1b[0m\x1b[2m:\x1b[0m com.system76.CosmicPanelWorkspacesButton:     surface_size: Some(
[2m1970-01-01T00:00:17.624659Z[0m [32m INFO[0m [1mcosmic-panel[0m[2m:[0m [2mcosmic_session::notifications[0m[2m:[0m \x1b[2m1970-01-01T00:00:17.373023Z\x1b[0m \x1b[32m INFO\x1b[0m \x1b[1mstdout\x1b[0m\x1b[1m{\x1b[0m\x1b[3mclient\x1b[0m\x1b[2m=\x1b[0mInnerClientId { ptr: 0x93fb13e0, alive: true }\x1b[1m}\x1b[0m\x1b[2m:\x1b[0m com.system76.CosmicPanelWorkspacesButton:         Logical(
[2m1970-01-01T00:00:17.627884Z[0m [32m INFO[0m [1mcosmic-panel[0m[2m:[0m [2mcosmic_session::notifications[0m[2m:[0m \x1b[2m1970-01-01T00:00:17.426385Z\x1b[0m \x1b[32m INFO\x1b[0m \x1b[1mstdout\x1b[0m\x1b[1m{\x1b[0m\x1b[3mclient\x1b[0m\x1b[2m=\x1b[0mInnerClientId { ptr: 0x93fb13e0, alive: true }\x1b[1m}\x1b[0m\x1b[2m:\x1b[0m com.system76.CosmicPanelWorkspacesButton:             LogicalSize {
[2m1970-01-01T00:00:17.630261Z[0m [32m INFO[0m [1mcosmic-panel[0m[2m:[0m [2mcosmic_session::notifications[0m[2m:[0m \x1b[2m1970-01-01T00:00:17.426406Z\x1b[0m \x1b[32m INFO\x1b[0m \x1b[1mstdout\x1b[0m\x1b[1m{\x1b[0m\x1b[3mclient\x1b[0m\x1b[2m=\x1b[0mInnerClientId { ptr: 0x93fb13e0, alive: true }\x1b[1m}\x1b[0m\x1b[2m:\x1b[0m com.system76.CosmicPanelWorkspacesButton:                 width: 72.0,
[2m1970-01-01T00:00:17.631999Z[0m [32m INFO[0m [1mcosmic-panel[0m[2m:[0m [2mcosmic_session::notifications[0m[2m:[0m \x1b[2m1970-01-01T00:00:17.426421Z\x1b[0m \x1b[32m INFO\x1b[0m \x1b[1mstdout\x1b[0m\x1b[1m{\x1b[0m\x1b[3mclient\x1b[0m\x1b[2m=\x1b[0mInnerClientId { ptr: 0x93fb13e0, alive: true }\x1b[1m}\x1b[0m\x1b[2m:\x1b[0m com.system76.CosmicPanelWorkspacesButton:                 height: 64.0,
[2m1970-01-01T00:00:17.634537Z[0m [32m INFO[0m [1mcosmic-panel[0m[2m:[0m [2mcosmic_session::notifications[0m[2m:[0m \x1b[2m1970-01-01T00:00:17.426431Z\x1b[0m \x1b[32m INFO\x1b[0m \x1b[1mstdout\x1b[0m\x1b[1m{\x1b[0m\x1b[3mclient\x1b[0m\x1b[2m=\x1b[0mInnerClientId { ptr: 0x93fb13e0, alive: true }\x1b[1m}\x1b[0m\x1b[2m:\x1b[0m com.system76.CosmicPanelWorkspacesButton:             },
[2m1970-01-01T00:00:17.637921Z[0m [32m INFO[0m [1mcosmic-panel[0m[2m:[0m [2mcosmic_session::notifications[0m[2m:[0m \x1b[2m1970-01-01T00:00:17.426441Z\x1b[0m \x1b[32m INFO\x1b[0m \x1b[1mstdout\x1b[0m\x1b[1m{\x1b[0m\x1b[3mclient\x1b[0m\x1b[2m=\x1b[0mInnerClientId { ptr: 0x93fb13e0, alive: true }\x1b[1m}\x1b[0m\x1b[2m:\x1b[0m com.system76.CosmicPanelWorkspacesButton:         ),
[2m1970-01-01T00:00:17.641043Z[0m [32m INFO[0m [1mcosmic-panel[0m[2m:[0m [2mcosmic_session::notifications[0m[2m:[0m \x1b[2m1970-01-01T00:00:17.426454Z\x1b[0m \x1b[32m INFO\x1b[0m \x1b[1mstdout\x1b[0m\x1b[1m{\x1b[0m\x1b[3mclient\x1b[0m\x1b[2m=\x1b[0mInnerClientId { ptr: 0x93fb13e0, alive: true }\x1b[1m}\x1b[0m\x1b[2m:\x1b[0m com.system76.CosmicPanelWorkspacesButton:     ),
[2m1970-01-01T00:00:17.643654Z[0m [32m INFO[0m [1mcosmic-panel[0m[2m:[0m [2mcosmic_session::notifications[0m[2m:[0m \x1b[2m1970-01-01T00:00:17.426467Z\x1b[0m \x1b[32m INFO\x1b[0m \x1b[1mstdout\x1b[0m\x1b[1m{\x1b[0m\x1b[3mclient\x1b[0m\x1b[2m=\x1b[0mInnerClientId { ptr: 0x93fb13e0, alive: true }\x1b[1m}\x1b[0m\x1b[2m:\x1b[0m com.system76.CosmicPanelWorkspacesButton:     min_surface_size: Some(
[2m1970-01-01T00:00:17.646291Z[0m [32m INFO[0m [1mcosmic-panel[0m[2m:[0m [2mcosmic_session::notifications[0m[2m:[0m \x1b[2m1970-01-01T00:00:17.426485Z\x1b[0m \x1b[32m INFO\x1b[0m \x1b[1mstdout\x1b[0m\x1b[1m{\x1b[0m\x1b[3mclient\x1b[0m\x1b[2m=\x1b[0mInnerClientId { ptr: 0x93fb13e0, alive: true }\x1b[1m}\x1b[0m\x1b[2m:\x1b[0m com.system76.CosmicPanelWorkspacesButton:         Logical(
[2m1970-01-01T00:00:17.648985Z[0m [32m INFO[0m [1mcosmic-panel[0m[2m:[0m [2mcosmic_session::notifications[0m[2m:[0m \x1b[2m1970-01-01T00:00:17.426498Z\x1b[0m \x1b[32m INFO\x1b[0m \x1b[1mstdout\x1b[0m\x1b[1m{\x1b[0m\x1b[3mclient\x1b[0m\x1b[2m=\x1b[0mInnerClientId { ptr: 0x93fb13e0, alive: true }\x1b[1m}\x1b[0m\x1b[2m:\x1b[0m com.system76.CosmicPanelWorkspacesButton:             LogicalSize {
[2m1970-01-01T00:00:17.652453Z[0m [32m INFO[0m [1mcosmic-panel[0m[2m:[0m [2mcosmic_session::notifications[0m[2m:[0m \x1b[2m1970-01-01T00:00:17.426509Z\x1b[0m \x1b[32m INFO\x1b[0m \x1b[1mstdout\x1b[0m\x1b[1m{\x1b[0m\x1b[3mclient\x1b[0m\x1b[2m=\x1b[0mInnerClientId { ptr: 0x93fb13e0, alive: true }\x1b[1m}\x1b[0m\x1b[2m:\x1b[0m com.system76.CosmicPanelWorkspacesButton:                 width: 72.0,
[2m1970-01-01T00:00:17.655617Z[0m [32m INFO[0m [1mcosmic-panel[0m[2m:[0m [2mcosmic_session::notifications[0m[2m:[0m \x1b[2m1970-01-01T00:00:17.426522Z\x1b[0m \x1b[32m INFO\x1b[0m \x1b[1mstdout\x1b[0m\x1b[1m{\x1b[0m\x1b[3mclient\x1b[0m\x1b[2m=\x1b[0mInnerClientId { ptr: 0x93fb13e0, alive: true }\x1b[1m}\x1b[0m\x1b[2m:\x1b[0m com.system76.CosmicPanelWorkspacesButton:                 height: 64.0,
[2m1970-01-01T00:00:17.658088Z[0m [32m INFO[0m [1mcosmic-panel[0m[2m:[0m [2mcosmic_session::notifications[0m[2m:[0m \x1b[2m1970-01-01T00:00:17.426534Z\x1b[0m \x1b[32m INFO\x1b[0m \x1b[1mstdout\x1b[0m\x1b[1m{\x1b[0m\x1b[3mclient\x1b[0m\x1b[2m=\x1b[0mInnerClientId { ptr: 0x93fb13e0, alive: true }\x1b[1m}\x1b[0m\x1b[2m:\x1b[0m com.system76.CosmicPanelWorkspacesButton:             },
[2m1970-01-01T00:00:17.660382Z[0m [32m INFO[0m [1mcosmic-panel[0m[2m:[0m [2mcosmic_session::notifications[0m[2m:[0m \x1b[2m1970-01-01T00:00:17.426546Z\x1b[0m \x1b[32m INFO\x1b[0m \x1b[1mstdout\x1b[0m\x1b[1m{\x1b[0m\x1b[3mclient\x1b[0m\x1b[2m=\x1b[0mInnerClientId { ptr: 0x93fb13e0, alive: true }\x1b[1m}\x1b[0m\x1b[2m:\x1b[0m com.system76.CosmicPanelWorkspacesButton:         ),
[2m1970-01-01T00:00:17.662851Z[0m [32m INFO[0m [1mcosmic-panel[0m[2m:[0m [2mcosmic_session::notifications[0m[2m:[0m \x1b[2m1970-01-01T00:00:17.426557Z\x1b[0m \x1b[32m INFO\x1b[0m \x1b[1mstdout\x1b[0m\x1b[1m{\x1b[0m\x1b[3mclient\x1b[0m\x1b[2m=\x1b[0mInnerClientId { ptr: 0x93fb13e0, alive: true }\x1b[1m}\x1b[0m\x1b[2m:\x1b[0m com.system76.CosmicPanelWorkspacesButton:     ),
[2m1970-01-01T00:00:17.665546Z[0m [32m INFO[0m [1mcosmic-panel[0m[2m:[0m [2mcosmic_session::notifications[0m[2m:[0m \x1b[2m1970-01-01T00:00:17.426567Z\x1b[0m \x1b[32m INFO\x1b[0m \x1b[1mstdout\x1b[0m\x1b[1m{\x1b[0m\x1b[3mclient\x1b[0m\x1b[2m=\x1b[0mInnerClientId { ptr: 0x93fb13e0, alive: true }\x1b[1m}\x1b[0m\x1b[2m:\x1b[0m com.system76.CosmicPanelWorkspacesButton:     max_surface_size: None,
[2m1970-01-01T00:00:17.669323Z[0m [32m INFO[0m [1mcosmic-panel[0m[2m:[0m [2mcosmic_session::notifications[0m[2m:[0m \x1b[2m1970-01-01T00:00:17.426578Z\x1b[0m \x1b[32m INFO\x1b[0m \x1b[1mstdout\x1b[0m\x1b[1m{\x1b[0m\x1b[3mclient\x1b[0m\x1b[2m=\x1b[0mInnerClientId { ptr: 0x93fb13e0, alive: true }\x1b[1m}\x1b[0m\x1b[2m:\x1b[0m com.system76.CosmicPanelWorkspacesButton:     surface_resize_increments: None,
[2m1970-01-01T00:00:17.673149Z[0m [32m INFO[0m [1mcosmic-panel[0m[2m:[0m [2mcosmic_session::notifications[0m[2m:[0m \x1b[2m1970-01-01T00:00:17.426589Z\x1b[0m \x1b[32m INFO\x1b[0m \x1b[1mstdout\x1b[0m\x1b[1m{\x1b[0m\x1b[3mclient\x1b[0m\x1b[2m=\x1b[0mInnerClientId { ptr: 0x93fb13e0, alive: true }\x1b[1m}\x1b[0m\x1b[2m:\x1b[0m com.system76.CosmicPanelWorkspacesButton:     position: None,
[2m1970-01-01T00:00:17.677277Z[0m [32m INFO[0m [1mcosmic-panel[0m[2m:[0m [2mcosmic_session::notifications[0m[2m:[0m \x1b[2m1970-01-01T00:00:17.426600Z\x1b[0m \x1b[32m INFO\x1b[0m \x1b[1mstdout\x1b[0m\x1b[1m{\x1b[0m\x1b[3mclient\x1b[0m\x1b[2m=\x1b[0mInnerClientId { ptr: 0x93fb13e0, alive: true }\x1b[1m}\x1b[0m\x1b[2m:\x1b[0m com.system76.CosmicPanelWorkspacesButton:     resizable: false,
[2m1970-01-01T00:00:17.680632Z[0m [32m INFO[0m [1mcosmic-panel[0m[2m:[0m [2mcosmic_session::notifications[0m[2m:[0m \x1b[2m1970-01-01T00:00:17.482366Z\x1b[0m \x1b[32m INFO\x1b[0m \x1b[1mstdout\x1b[0m\x1b[1m{\x1b[0m\x1b[3mclient\x1b[0m\x1b[2m=\x1b[0mInnerClientId { ptr: 0x93fb13e0, alive: true }\x1b[1m}\x1b[0m\x1b[2m:\x1b[0m com.system76.CosmicPanelWorkspacesButton:     enabled_buttons: WindowButtons(
[2m1970-01-01T00:00:17.683334Z[0m [32m INFO[0m [1mcosmic-panel[0m[2m:[0m [2mcosmic_session::notifications[0m[2m:[0m \x1b[2m1970-01-01T00:00:17.482391Z\x1b[0m \x1b[32m INFO\x1b[0m \x1b[1mstdout\x1b[0m\x1b[1m{\x1b[0m\x1b[3mclient\x1b[0m\x1b[2m=\x1b[0mInnerClientId { ptr: 0x93fb13e0, alive: true }\x1b[1m}\x1b[0m\x1b[2m:\x1b[0m com.system76.CosmicPanelWorkspacesButton:         CLOSE | MINIMIZE,
[2m1970-01-01T00:00:17.685786Z[0m [32m INFO[0m [1mcosmic-panel[0m[2m:[0m [2mcosmic_session::notifications[0m[2m:[0m \x1b[2m1970-01-01T00:00:17.482413Z\x1b[0m \x1b[32m INFO\x1b[0m \x1b[1mstdout\x1b[0m\x1b[1m{\x1b[0m\x1b[3mclient\x1b[0m\x1b[2m=\x1b[0mInnerClientId { ptr: 0x93fb13e0, alive: true }\x1b[1m}\x1b[0m\x1b[2m:\x1b[0m com.system76.CosmicPanelWorkspacesButton:     ),
[2m1970-01-01T00:00:17.688674Z[0m [32m INFO[0m [1mcosmic-panel[0m[2m:[0m [2mcosmic_session::notifications[0m[2m:[0m \x1b[2m1970-01-01T00:00:17.482426Z\x1b[0m \x1b[32m INFO\x1b[0m \x1b[1mstdout\x1b[0m\x1b[1m{\x1b[0m\x1b[3mclient\x1b[0m\x1b[2m=\x1b[0mInnerClientId { ptr: 0x93fb13e0, alive: true }\x1b[1m}\x1b[0m\x1b[2m:\x1b[0m com.system76.CosmicPanelWorkspacesButton:     title: "Cosmic - Iced",
[2m1970-01-01T00:00:17.691561Z[0m [32m INFO[0m [1mcosmic-panel[0m[2m:[0m [2mcosmic_session::notifications[0m[2m:[0m \x1b[2m1970-01-01T00:00:17.482437Z\x1b[0m \x1b[32m INFO\x1b[0m \x1b[1mstdout\x1b[0m\x1b[1m{\x1b[0m\x1b[3mclient\x1b[0m\x1b[2m=\x1b[0mInnerClientId { ptr: 0x93fb13e0, alive: true }\x1b[1m}\x1b[0m\x1b[2m:\x1b[0m com.system76.CosmicPanelWorkspacesButton:     maximized: false,
[2m1970-01-01T00:00:17.694827Z[0m [32m INFO[0m [1mcosmic-panel[0m[2m:[0m [2mcosmic_session::notifications[0m[2m:[0m \x1b[2m1970-01-01T00:00:17.482448Z\x1b[0m \x1b[32m INFO\x1b[0m \x1b[1mstdout\x1b[0m\x1b[1m{\x1b[0m\x1b[3mclient\x1b[0m\x1b[2m=\x1b[0mInnerClientId { ptr: 0x93fb13e0, alive: true }\x1b[1m}\x1b[0m\x1b[2m:\x1b[0m com.system76.CosmicPanelWorkspacesButton:     visible: false,
[2m1970-01-01T00:00:17.697561Z[0m [32m INFO[0m [1mcosmic-panel[0m[2m:[0m [2mcosmic_session::notifications[0m[2m:[0m \x1b[2m1970-01-01T00:00:17.482458Z\x1b[0m \x1b[32m INFO\x1b[0m \x1b[1mstdout\x1b[0m\x1b[1m{\x1b[0m\x1b[3mclient\x1b[0m\x1b[2m=\x1b[0mInnerClientId { ptr: 0x93fb13e0, alive: true }\x1b[1m}\x1b[0m\x1b[2m:\x1b[0m com.system76.CosmicPanelWorkspacesButton:     transparent: true,
[2m1970-01-01T00:00:17.700164Z[0m [32m INFO[0m [1mcosmic-panel[0m[2m:[0m [2mcosmic_session::notifications[0m[2m:[0m \x1b[2m1970-01-01T00:00:17.482469Z\x1b[0m \x1b[32m INFO\x1b[0m \x1b[1mstdout\x1b[0m\x1b[1m{\x1b[0m\x1b[3mclient\x1b[0m\x1b[2m=\x1b[0mInnerClientId { ptr: 0x93fb13e0, alive: true }\x1b[1m}\x1b[0m\x1b[2m:\x1b[0m com.system76.CosmicPanelWorkspacesButton:     blur: false,
[2m1970-01-01T00:00:17.702676Z[0m [32m INFO[0m [1mcosmic-panel[0m[2m:[0m [2mcosmic_session::notifications[0m[2m:[0m \x1b[2m1970-01-01T00:00:17.482480Z\x1b[0m \x1b[32m INFO\x1b[0m \x1b[1mstdout\x1b[0m\x1b[1m{\x1b[0m\x1b[3mclient\x1b[0m\x1b[2m=\x1b[0mInnerClientId { ptr: 0x93fb13e0, alive: true }\x1b[1m}\x1b[0m\x1b[2m:\x1b[0m com.system76.CosmicPanelWorkspacesButton:     decorations: false,
[2m1970-01-01T00:00:17.705211Z[0m [32m INFO[0m [1mcosmic-panel[0m[2m:[0m [2mcosmic_session::notifications[0m[2m:[0m \x1b[2m1970-01-01T00:00:17.482490Z\x1b[0m \x1b[32m INFO\x1b[0m \x1b[1mstdout\x1b[0m\x1b[1m{\x1b[0m\x1b[3mclient\x1b[0m\x1b[2m=\x1b[0mInnerClientId { ptr: 0x93fb13e0, alive: true }\x1b[1m}\x1b[0m\x1b[2m:\x1b[0m com.system76.CosmicPanelWorkspacesButton:     window_icon: None,
[2m1970-01-01T00:00:17.708108Z[0m [32m INFO[0m [1mcosmic-panel[0m[2m:[0m [2mcosmic_session::notifications[0m[2m:[0m \x1b[2m1970-01-01T00:00:17.482501Z\x1b[0m \x1b[32m INFO\x1b[0m \x1b[1mstdout\x1b[0m\x1b[1m{\x1b[0m\x1b[3mclient\x1b[0m\x1b[2m=\x1b[0mInnerClientId { ptr: 0x93fb13e0, alive: true }\x1b[1m}\x1b[0m\x1b[2m:\x1b[0m com.system76.CosmicPanelWorkspacesButton:     preferred_theme: None,
[2m1970-01-01T00:00:17.710599Z[0m [32m INFO[0m [1mcosmic-panel[0m[2m:[0m [2mcosmic_session::notifications[0m[2m:[0m \x1b[2m1970-01-01T00:00:17.482512Z\x1b[0m \x1b[32m INFO\x1b[0m \x1b[1mstdout\x1b[0m\x1b[1m{\x1b[0m\x1b[3mclient\x1b[0m\x1b[2m=\x1b[0mInnerClientId { ptr: 0x93fb13e0, alive: true }\x1b[1m}\x1b[0m\x1b[2m:\x1b[0m com.system76.CosmicPanelWorkspacesButton:     content_protected: false,
[2m1970-01-01T00:00:17.713250Z[0m [32m INFO[0m [1mcosmic-panel[0m[2m:[0m [2mcosmic_session::notifications[0m[2m:[0m \x1b[2m1970-01-01T00:00:17.482522Z\x1b[0m \x1b[32m INFO\x1b[0m \x1b[1mstdout\x1b[0m\x1b[1m{\x1b[0m\x1b[3mclient\x1b[0m\x1b[2m=\x1b[0mInnerClientId { ptr: 0x93fb13e0, alive: true }\x1b[1m}\x1b[0m\x1b[2m:\x1b[0m com.system76.CosmicPanelWorkspacesButton:     window_level: Normal,
[2m1970-01-01T00:00:17.715841Z[0m [32m INFO[0m [1mcosmic-panel[0m[2m:[0m [2mcosmic_session::notifications[0m[2m:[0m \x1b[2m1970-01-01T00:00:17.482532Z\x1b[0m \x1b[32m INFO\x1b[0m \x1b[1mstdout\x1b[0m\x1b[1m{\x1b[0m\x1b[3mclient\x1b[0m\x1b[2m=\x1b[0mInnerClientId { ptr: 0x93fb13e0, alive: true }\x1b[1m}\x1b[0m\x1b[2m:\x1b[0m com.system76.CosmicPanelWorkspacesButton:     active: true,
[2m1970-01-01T00:00:17.719486Z[0m [32m INFO[0m [1mcosmic-panel[0m[2m:[0m [2mcosmic_session::notifications[0m[2m:[0m \x1b[2m1970-01-01T00:00:17.482543Z\x1b[0m \x1b[32m INFO\x1b[0m \x1b[1mstdout\x1b[0m\x1b[1m{\x1b[0m\x1b[3mclient\x1b[0m\x1b[2m=\x1b[0mInnerClientId { ptr: 0x93fb13e0, alive: true }\x1b[1m}\x1b[0m\x1b[2m:\x1b[0m com.system76.CosmicPanelWorkspacesButton:     cursor: Icon(
[2m1970-01-01T00:00:17.723470Z[0m [32m INFO[0m [1mcosmic-panel[0m[2m:[0m [2mcosmic_session::notifications[0m[2m:[0m \x1b[2m1970-01-01T00:00:17.482553Z\x1b[0m \x1b[32m INFO\x1b[0m \x1b[1mstdout\x1b[0m\x1b[1m{\x1b[0m\x1b[3mclient\x1b[0m\x1b[2m=\x1b[0mInnerClientId { ptr: 0x93fb13e0, alive: true }\x1b[1m}\x1b[0m\x1b[2m:\x1b[0m com.system76.CosmicPanelWorkspacesButton:         Default,
[2m1970-01-01T00:00:17.726629Z[0m [32m INFO[0m [1mcosmic-panel[0m[2m:[0m [2mcosmic_session::notifications[0m[2m:[0m \x1b[2m1970-01-01T00:00:17.482564Z\x1b[0m \x1b[32m INFO\x1b[0m \x1b[1mstdout\x1b[0m\x1b[1m{\x1b[0m\x1b[3mclient\x1b[0m\x1b[2m=\x1b[0mInnerClientId { ptr: 0x93fb13e0, alive: true }\x1b[1m}\x1b[0m\x1b[2m:\x1b[0m com.system76.CosmicPanelWorkspacesButton:     ),
[2m1970-01-01T00:00:17.729291Z[0m [32m INFO[0m [1mcosmic-panel[0m[2m:[0m [2mcosmic_session::notifications[0m[2m:[0m \x1b[2m1970-01-01T00:00:17.482574Z\x1b[0m \x1b[32m INFO\x1b[0m \x1b[1mstdout\x1b[0m\x1b[1m{\x1b[0m\x1b[3mclient\x1b[0m\x1b[2m=\x1b[0mInnerClientId { ptr: 0x93fb13e0, alive: true }\x1b[1m}\x1b[0m\x1b[2m:\x1b[0m com.system76.CosmicPanelWorkspacesButton:     parent_window: None,
[2m1970-01-01T00:00:17.731652Z[0m [32m INFO[0m [1mcosmic-panel[0m[2m:[0m [2mcosmic_session::notifications[0m[2m:[0m \x1b[2m1970-01-01T00:00:17.535419Z\x1b[0m \x1b[32m INFO\x1b[0m \x1b[1mstdout\x1b[0m\x1b[1m{\x1b[0m\x1b[3mclient\x1b[0m\x1b[2m=\x1b[0mInnerClientId { ptr: 0x93fb13e0, alive: true }\x1b[1m}\x1b[0m\x1b[2m:\x1b[0m com.system76.CosmicPanelWorkspacesButton:     fullscreen: None,
[2m1970-01-01T00:00:17.735306Z[0m [32m INFO[0m [1mcosmic-panel[0m[2m:[0m [2mcosmic_session::notifications[0m[2m:[0m \x1b[2m1970-01-01T00:00:17.535435Z\x1b[0m \x1b[32m INFO\x1b[0m \x1b[1mstdout\x1b[0m\x1b[1m{\x1b[0m\x1b[3mclient\x1b[0m\x1b[2m=\x1b[0mInnerClientId { ptr: 0x93fb13e0, alive: true }\x1b[1m}\x1b[0m\x1b[2m:\x1b[0m com.system76.CosmicPanelWorkspacesButton:     platform: Some(
[2m1970-01-01T00:00:17.738644Z[0m [32m INFO[0m [1mcosmic-panel[0m[2m:[0m [2mcosmic_session::notifications[0m[2m:[0m \x1b[2m1970-01-01T00:00:17.535447Z\x1b[0m \x1b[32m INFO\x1b[0m \x1b[1mstdout\x1b[0m\x1b[1m{\x1b[0m\x1b[3mclient\x1b[0m\x1b[2m=\x1b[0mInnerClientId { ptr: 0x93fb13e0, alive: true }\x1b[1m}\x1b[0m\x1b[2m:\x1b[0m com.system76.CosmicPanelWorkspacesButton:         WindowAttributesWayland {
[2m1970-01-01T00:00:17.742337Z[0m [32m INFO[0m [1mcosmic-panel[0m[2m:[0m [2mcosmic_session::notifications[0m[2m:[0m \x1b[2m1970-01-01T00:00:17.535458Z\x1b[0m \x1b[32m INFO\x1b[0m \x1b[1mstdout\x1b[0m\x1b[1m{\x1b[0m\x1b[3mclient\x1b[0m\x1b[2m=\x1b[0mInnerClientId { ptr: 0x93fb13e0, alive: true }\x1b[1m}\x1b[0m\x1b[2m:\x1b[0m com.system76.CosmicPanelWorkspacesButton:             name: Some(
[2m1970-01-01T00:00:17.746086Z[0m [32m INFO[0m [1mcosmic-panel[0m[2m:[0m [2mcosmic_session::notifications[0m[2m:[0m \x1b[2m1970-01-01T00:00:17.535468Z\x1b[0m \x1b[32m INFO\x1b[0m \x1b[1mstdout\x1b[0m\x1b[1m{\x1b[0m\x1b[3mclient\x1b[0m\x1b[2m=\x1b[0mInnerClientId { ptr: 0x93fb13e0, alive: true }\x1b[1m}\x1b[0m\x1b[2m:\x1b[0m com.system76.CosmicPanelWorkspacesButton:                 ApplicationName {
[2m1970-01-01T00:00:17.748800Z[0m [32m INFO[0m [1mcosmic-panel[0m[2m:[0m [2mcosmic_session::notifications[0m[2m:[0m \x1b[2m1970-01-01T00:00:17.535478Z\x1b[0m \x1b[32m INFO\x1b[0m \x1b[1mstdout\x1b[0m\x1b[1m{\x1b[0m\x1b[3mclient\x1b[0m\x1b[2m=\x1b[0mInnerClientId { ptr: 0x93fb13e0, alive: true }\x1b[1m}\x1b[0m\x1b[2m:\x1b[0m com.system76.CosmicPanelWorkspacesButton:                     general: "com.system76.CosmicPanelButton",
[2m1970-01-01T00:00:17.751542Z[0m [32m INFO[0m [1mcosmic-panel[0m[2m:[0m [2mcosmic_session::notifications[0m[2m:[0m \x1b[2m1970-01-01T00:00:17.535492Z\x1b[0m \x1b[32m INFO\x1b[0m \x1b[1mstdout\x1b[0m\x1b[1m{\x1b[0m\x1b[3mclient\x1b[0m\x1b[2m=\x1b[0mInnerClientId { ptr: 0x93fb13e0, alive: true }\x1b[1m}\x1b[0m\x1b[2m:\x1b[0m com.system76.CosmicPanelWorkspacesButton:                     instance: "com.system76.CosmicPanelButton",
[2m1970-01-01T00:00:17.754302Z[0m [32m INFO[0m [1mcosmic-panel[0m[2m:[0m [2mcosmic_session::notifications[0m[2m:[0m \x1b[2m1970-01-01T00:00:17.535502Z\x1b[0m \x1b[32m INFO\x1b[0m \x1b[1mstdout\x1b[0m\x1b[1m{\x1b[0m\x1b[3mclient\x1b[0m\x1b[2m=\x1b[0mInnerClientId { ptr: 0x93fb13e0, alive: true }\x1b[1m}\x1b[0m\x1b[2m:\x1b[0m com.system76.CosmicPanelWorkspacesButton:                 },
[2m1970-01-01T00:00:17.756884Z[0m [32m INFO[0m [1mcosmic-panel[0m[2m:[0m [2mcosmic_session::notifications[0m[2m:[0m \x1b[2m1970-01-01T00:00:17.535512Z\x1b[0m \x1b[32m INFO\x1b[0m \x1b[1mstdout\x1b[0m\x1b[1m{\x1b[0m\x1b[3mclient\x1b[0m\x1b[2m=\x1b[0mInnerClientId { ptr: 0x93fb13e0, alive: true }\x1b[1m}\x1b[0m\x1b[2m:\x1b[0m com.system76.CosmicPanelWorkspacesButton:             ),
[2m1970-01-01T00:00:17.759391Z[0m [32m INFO[0m [1mcosmic-panel[0m[2m:[0m [2mcosmic_session::notifications[0m[2m:[0m \x1b[2m1970-01-01T00:00:17.535522Z\x1b[0m \x1b[32m INFO\x1b[0m \x1b[1mstdout\x1b[0m\x1b[1m{\x1b[0m\x1b[3mclient\x1b[0m\x1b[2m=\x1b[0mInnerClientId { ptr: 0x93fb13e0, alive: true }\x1b[1m}\x1b[0m\x1b[2m:\x1b[0m com.system76.CosmicPanelWorkspacesButton:             activation_token: None,
[2m1970-01-01T00:00:17.761924Z[0m [32m INFO[0m [1mcosmic-panel[0m[2m:[0m [2mcosmic_session::notifications[0m[2m:[0m \x1b[2m1970-01-01T00:00:17.535532Z\x1b[0m \x1b[32m INFO\x1b[0m \x1b[1mstdout\x1b[0m\x1b[1m{\x1b[0m\x1b[3mclient\x1b[0m\x1b[2m=\x1b[0mInnerClientId { ptr: 0x93fb13e0, alive: true }\x1b[1m}\x1b[0m\x1b[2m:\x1b[0m com.system76.CosmicPanelWorkspacesButton:             prefer_csd: false,
[2m1970-01-01T00:00:17.764537Z[0m [32m INFO[0m [1mcosmic-panel[0m[2m:[0m [2mcosmic_session::notifications[0m[2m:[0m \x1b[2m1970-01-01T00:00:17.535543Z\x1b[0m \x1b[32m INFO\x1b[0m \x1b[1mstdout\x1b[0m\x1b[1m{\x1b[0m\x1b[3mclient\x1b[0m\x1b[2m=\x1b[0mInnerClientId { ptr: 0x93fb13e0, alive: true }\x1b[1m}\x1b[0m\x1b[2m:\x1b[0m com.system76.CosmicPanelWorkspacesButton:         },
[2m1970-01-01T00:00:17.767737Z[0m [32m INFO[0m [1mcosmic-panel[0m[2m:[0m [2mcosmic_session::notifications[0m[2m:[0m \x1b[2m1970-01-01T00:00:17.535553Z\x1b[0m \x1b[32m INFO\x1b[0m \x1b[1mstdout\x1b[0m\x1b[1m{\x1b[0m\x1b[3mclient\x1b[0m\x1b[2m=\x1b[0mInnerClientId { ptr: 0x93fb13e0, alive: true }\x1b[1m}\x1b[0m\x1b[2m:\x1b[0m com.system76.CosmicPanelWorkspacesButton:     ),
[2m1970-01-01T00:00:17.770879Z[0m [32m INFO[0m [1mcosmic-panel[0m[2m:[0m [2mcosmic_session::notifications[0m[2m:[0m \x1b[2m1970-01-01T00:00:17.535563Z\x1b[0m \x1b[32m INFO\x1b[0m \x1b[1mstdout\x1b[0m\x1b[1m{\x1b[0m\x1b[3mclient\x1b[0m\x1b[2m=\x1b[0mInnerClientId { ptr: 0x93fb13e0, alive: true }\x1b[1m}\x1b[0m\x1b[2m:\x1b[0m com.system76.CosmicPanelWorkspacesButton: }
[2m1970-01-01T00:00:17.774164Z[0m [32m INFO[0m [1mcosmic-panel[0m[2m:[0m [2mcosmic_session::notifications[0m[2m:[0m \x1b[2m1970-01-01T00:00:17.535574Z\x1b[0m \x1b[32m INFO\x1b[0m \x1b[1mstdout\x1b[0m\x1b[1m{\x1b[0m\x1b[3mclient\x1b[0m\x1b[2m=\x1b[0mInnerClientId { ptr: 0x93fb13e0, alive: true }\x1b[1m}\x1b[0m\x1b[2m:\x1b[0m com.system76.CosmicPanelWorkspacesButton: \x1b[2m1970-01-01T00:00:15.726511Z\x1b[0m \x1b[33m WARN\x1b[0m \x1b[2mwinit_wayland::window::state\x1b[0m\x1b[2m:\x1b[0m `xdg_toplevel_icon_manager_v1` is not supported
[2m1970-01-01T00:00:17.780949Z[0m [32m INFO[0m [1mcosmic-panel[0m[2m:[0m [2mcosmic_session::notifications[0m[2m:[0m \x1b[2m1970-01-01T00:00:17.779005Z\x1b[0m \x1b[32m INFO\x1b[0m \x1b[1mstdout\x1b[0m\x1b[1m{\x1b[0m\x1b[3mclient\x1b[0m\x1b[2m=\x1b[0mInnerClientId { ptr: 0x93fb20f0, alive: false }\x1b[1m}\x1b[0m\x1b[2m:\x1b[0m com.system76.CosmicAppletMinimize: \x1b[2m1970-01-01T00:00:17.623525Z\x1b[0m \x1b[32m INFO\x1b[0m \x1b[2mcosmic_applet_minimize\x1b[0m\x1b[2m:\x1b[0m Starting minimize applet with version 1.0.15
[2m1970-01-01T00:00:17.785765Z[0m [32m INFO[0m [1mcosmic-panel[0m[2m:[0m [2mcosmic_session::notifications[0m[2m:[0m \x1b[2m1970-01-01T00:00:17.779020Z\x1b[0m \x1b[32m INFO\x1b[0m \x1b[1mstdout\x1b[0m\x1b[1m{\x1b[0m\x1b[3mclient\x1b[0m\x1b[2m=\x1b[0mInnerClientId { ptr: 0x93fb20f0, alive: false }\x1b[1m}\x1b[0m\x1b[2m:\x1b[0m com.system76.CosmicAppletMinimize: \x1b[2m1970-01-01T00:00:17.629832Z\x1b[0m \x1b[32m INFO\x1b[0m \x1b[2mi18n_embed::requester\x1b[0m\x1b[2m:\x1b[0m Current Locale: []
[2m1970-01-01T00:00:17.790408Z[0m [32m INFO[0m [1mcosmic-panel[0m[2m:[0m [2mcosmic_session::notifications[0m[2m:[0m \x1b[2m1970-01-01T00:00:17.779033Z\x1b[0m \x1b[32m INFO\x1b[0m \x1b[1mstdout\x1b[0m\x1b[1m{\x1b[0m\x1b[3mclient\x1b[0m\x1b[2m=\x1b[0mInnerClientId { ptr: 0x93fb20f0, alive: false }\x1b[1m}\x1b[0m\x1b[2m:\x1b[0m com.system76.CosmicAppletMinimize: \x1b[2m1970-01-01T00:00:17.629844Z\x1b[0m \x1b[32m INFO\x1b[0m \x1b[2mi18n_embed\x1b[0m\x1b[2m:\x1b[0m Selecting translations for domain "cosmic_applet_minimize"
[2m1970-01-01T00:00:17.822875Z[0m [33m WARN[0m [1mcosmic-files-applet[0m[2m:[0m [2mcosmic_session[0m[2m:[0m   \x1b[33m WARN\x1b[0m  \x1b[33mNo valid locale found in environment, using fallback\x1b[0m
[2m1970-01-01T00:00:17.824750Z[0m [33m WARN[0m [1mcosmic-files-applet[0m[2m:[0m [2mcosmic_session[0m[2m:[0m     \x1b[2;3mat\x1b[0m src/localize.rs:69 \x1b[2;3mon\x1b[0m main
[2m1970-01-01T00:00:17.828425Z[0m [33m WARN[0m [1mcosmic-files-applet[0m[2m:[0m [2mcosmic_session[0m[2m:[0m 
[2m1970-01-01T00:00:17.835316Z[0m [33m WARN[0m [1mcosmic-files-applet[0m[2m:[0m [2mcosmic_session[0m[2m:[0m   \x1b[32m INFO\x1b[0m  \x1b[32mrescan_tab Entity(1v1) Desktop("/root/Desktop", "", DesktopConfig { grid_spacing: 100, icon_size: 100, show_content: true, show_mounted_drives: false, show_trash: false }) None\x1b[0m
[2m1970-01-01T00:00:17.838466Z[0m [33m WARN[0m [1mcosmic-files-applet[0m[2m:[0m [2mcosmic_session[0m[2m:[0m     \x1b[2;3mat\x1b[0m src/app.rs:1512 \x1b[2;3mon\x1b[0m main
[2m1970-01-01T00:00:17.839999Z[0m [33m WARN[0m [1mcosmic-files-applet[0m[2m:[0m [2mcosmic_session[0m[2m:[0m 
[2m1970-01-01T00:00:17.841047Z[0m [33m WARN[0m [1mcosmic-files-applet[0m[2m:[0m [2mcosmic_session[0m[2m:[0m   \x1b[33m WARN\x1b[0m  \x1b[33mfailed to read directory /root/Desktop: No such file or directory (os error 2)\x1b[0m
[2m1970-01-01T00:00:17.843409Z[0m [33m WARN[0m [1mcosmic-files-applet[0m[2m:[0m [2mcosmic_session[0m[2m:[0m     \x1b[2;3mat\x1b[0m src/tab.rs:1086 \x1b[2;3mon\x1b[0m tokio-rt-worker
[2m1970-01-01T00:00:17.845176Z[0m [33m WARN[0m [1mcosmic-files-applet[0m[2m:[0m [2mcosmic_session[0m[2m:[0m 
[2m1970-01-01T00:00:17.846307Z[0m [33m WARN[0m [1mcosmic-files-applet[0m[2m:[0m [2mcosmic_session[0m[2m:[0m   \x1b[33m WARN\x1b[0m  \x1b[33mfailed to get item for /root/Desktop: failed to read metadata for /root/Desktop: No such file or directory (os error 2)\x1b[0m
[2m1970-01-01T00:00:17.848028Z[0m [33m WARN[0m [1mcosmic-files-applet[0m[2m:[0m [2mcosmic_session[0m[2m:[0m     \x1b[2;3mat\x1b[0m src/tab.rs:1611 \x1b[2;3mon\x1b[0m tokio-rt-worker
[2m1970-01-01T00:00:17.849299Z[0m [33m WARN[0m [1mcosmic-files-applet[0m[2m:[0m [2mcosmic_session[0m[2m:[0m 
[2m1970-01-01T00:00:17.862053Z[0m [33m WARN[0m [1mcosmic-files-applet[0m[2m:[0m [2mcosmic_session[0m[2m:[0m   \x1b[32m INFO\x1b[0m  \x1b[32mSystem theme: None\x1b[0m
[2m1970-01-01T00:00:17.863169Z[0m [33m WARN[0m [1mcosmic-files-applet[0m[2m:[0m [2mcosmic_session[0m[2m:[0m     \x1b[2;3mat\x1b[0m /Users/forain/.cargo/git/checkouts/libcosmic-41009aea1d72760b/96a8204/iced/winit/src/lib.rs:843 \x1b[2;3mon\x1b[0m main
[2m1970-01-01T00:00:17.864756Z[0m [33m WARN[0m [1mcosmic-files-applet[0m[2m:[0m [2mcosmic_session[0m[2m:[0m 
[2m1970-01-01T00:00:17.883550Z[0m [33m WARN[0m [1mcosmic-files-applet[0m[2m:[0m [2mcosmic_session[0m[2m:[0m   \x1b[32m INFO\x1b[0m  \x1b[32mSCTK setup complete.\x1b[0m
[2m1970-01-01T00:00:17.884825Z[0m [33m WARN[0m [1mcosmic-files-applet[0m[2m:[0m [2mcosmic_session[0m[2m:[0m     \x1b[2;3mat\x1b[0m /Users/forain/.cargo/git/checkouts/libcosmic-41009aea1d72760b/96a8204/iced/winit/src/platform_specific/wayland/event_loop/mod.rs:465 \x1b[2;3mon\x1b[0m 
[2m1970-01-01T00:00:17.887555Z[0m [33m WARN[0m [1mcosmic-files-applet[0m[2m:[0m [2mcosmic_session[0m[2m:[0m 
[2m1970-01-01T00:00:17.889986Z[0m [33m WARN[0m [1mcosmic-files-applet[0m[2m:[0m [2mcosmic_session[0m[2m:[0m   \x1b[33m WARN\x1b[0m  \x1b[33mcould not find any valid trash bins to watch: Unknown { description: "The 'home trash' either does not exist or is not a directory (or a link pointing to a dir)" }\x1b[0m
[2m1970-01-01T00:00:17.890640Z[0m [33m WARN[0m [1mcosmic-files-applet[0m[2m:[0m [2mcosmic_session[0m[2m:[0m     \x1b[2;3mat\x1b[0m src/app.rs:6864 \x1b[2;3mon\x1b[0m tokio-rt-worker
[2m1970-01-01T00:00:17.891067Z[0m [33m WARN[0m [1mcosmic-files-applet[0m[2m:[0m [2mcosmic_session[0m[2m:[0m 
[2m1970-01-01T00:00:17.900144Z[0m [33m WARN[0m [1mcosmic-files-applet[0m[2m:[0m [2mcosmic_session[0m[2m:[0m xkbcommon: ERROR: couldn't find a Compose file for locale "C" (mapped to "C")
[2m1970-01-01T00:00:17.901448Z[0m [33m WARN[0m [1mcosmic-files-applet[0m[2m:[0m [2mcosmic_session[0m[2m:[0m xkbcommon: ERROR: couldn't find a Compose file for locale "C" (mapped to "C")
[2m1970-01-01T00:00:17.939995Z[0m [32m INFO[0m [1mcosmic-panel[0m[2m:[0m [2mcosmic_session::notifications[0m[2m:[0m \x1b[2m1970-01-01T00:00:17.932396Z\x1b[0m \x1b[32m INFO\x1b[0m \x1b[1mstdout\x1b[0m\x1b[1m{\x1b[0m\x1b[3mclient\x1b[0m\x1b[2m=\x1b[0mInnerClientId { ptr: 0x93fb20f0, alive: false }\x1b[1m}\x1b[0m\x1b[2m:\x1b[0m com.system76.CosmicAppletMinimize: \x1b[2m1970-01-01T00:00:17.905979Z\x1b[0m \x1b[33m WARN\x1b[0m \x1b[2mcosmic_text::font::system\x1b[0m\x1b[2m:\x1b[0m failed to get system locale, falling back to en-US
[2m1970-01-01T00:00:17.941075Z[0m [32m INFO[0m [1mcosmic-panel[0m[2m:[0m [2mcosmic_session::notifications[0m[2m:[0m \x1b[2m1970-01-01T00:00:17.932425Z\x1b[0m \x1b[32m INFO\x1b[0m \x1b[1mstdout\x1b[0m\x1b[1m{\x1b[0m\x1b[3mclient\x1b[0m\x1b[2m=\x1b[0mInnerClientId { ptr: 0x93fb20f0, alive: false }\x1b[1m}\x1b[0m\x1b[2m:\x1b[0m com.system76.CosmicAppletMinimize: \x1b[2m1970-01-01T00:00:17.906629Z\x1b[0m \x1b[33m WARN\x1b[0m \x1b[2mfontdb\x1b[0m\x1b[2m:\x1b[0m Fallback to loading from known font dir paths.
[2m1970-01-01T00:00:17.960028Z[0m [32m INFO[0m [1mcosmic-panel[0m[2m:[0m [2mcosmic_session::notifications[0m[2m:[0m \x1b[2m1970-01-01T00:00:17.959998Z\x1b[0m \x1b[31mERROR\x1b[0m \x1b[1mstderr\x1b[0m\x1b[1m{\x1b[0m\x1b[3mclient\x1b[0m\x1b[2m=\x1b[0mInnerClientId { ptr: 0x93fb20f0, alive: false }\x1b[1m}\x1b[0m\x1b[2m:\x1b[0m com.system76.CosmicAppletMinimize: xkbcommon: ERROR: couldn't find a Compose file for locale "C" (mapped to "C")
[NET] connect pid=176 fd=259 conn=103 sid=2 path
[NET] accept pid=11 sid=2 conn=103 -> fd=307
[NET] accept pid=11 sid=2 EAGAIN
[2m1970-01-01T00:00:18.010665Z[0m [33m WARN[0m [1mcosmic-idle[0m[2m:[0m [2mcosmic_session[0m[2m:[0m [1970-01-01T00:00:18Z INFO  tracing::span] read_socket;
[2m1970-01-01T00:00:18.187336Z[0m [32m INFO[0m [1mcosmic-panel[0m[2m:[0m [2mcosmic_session::notifications[0m[2m:[0m \x1b[2m1970-01-01T00:00:18.186848Z\x1b[0m \x1b[32m INFO\x1b[0m \x1b[1mstdout\x1b[0m\x1b[1m{\x1b[0m\x1b[3mclient\x1b[0m\x1b[2m=\x1b[0mInnerClientId { ptr: 0x93fb20f0, alive: false }\x1b[1m}\x1b[0m\x1b[2m:\x1b[0m com.system76.CosmicAppletMinimize: \x1b[2m1970-01-01T00:00:18.048176Z\x1b[0m \x1b[32m INFO\x1b[0m \x1b[2miced_winit\x1b[0m\x1b[2m:\x1b[0m System theme: None
[2m1970-01-01T00:00:18.190394Z[0m [32m INFO[0m [1mcosmic-panel[0m[2m:[0m [2mcosmic_session::notifications[0m[2m:[0m \x1b[2m1970-01-01T00:00:18.186865Z\x1b[0m \x1b[32m INFO\x1b[0m \x1b[1mstdout\x1b[0m\x1b[1m{\x1b[0m\x1b[3mclient\x1b[0m\x1b[2m=\x1b[0mInnerClientId { ptr: 0x93fb20f0, alive: false }\x1b[1m}\x1b[0m\x1b[2m:\x1b[0m com.system76.CosmicAppletMinimize: \x1b[2m1970-01-01T00:00:18.079303Z\x1b[0m \x1b[32m INFO\x1b[0m \x1b[2miced_winit::platform_specific::wayland::event_loop\x1b[0m\x1b[2m:\x1b[0m SCTK setup complete.
[2m1970-01-01T00:00:18.193958Z[0m [32m INFO[0m [1mcosmic-panel[0m[2m:[0m [2mcosmic_session::notifications[0m[2m:[0m \x1b[2m1970-01-01T00:00:18.186880Z\x1b[0m \x1b[32m INFO\x1b[0m \x1b[1mstdout\x1b[0m\x1b[1m{\x1b[0m\x1b[3mclient\x1b[0m\x1b[2m=\x1b[0mInnerClientId { ptr: 0x93fb20f0, alive: false }\x1b[1m}\x1b[0m\x1b[2m:\x1b[0m com.system76.CosmicAppletMinimize: \x1b[2m1970-01-01T00:00:18.084388Z\x1b[0m \x1b[32m INFO\x1b[0m \x1b[2miced_winit\x1b[0m\x1b[2m:\x1b[0m Window attributes for id `Id(
[2m1970-01-01T00:00:18.199016Z[0m [32m INFO[0m [1mcosmic-panel[0m[2m:[0m [2mcosmic_session::notifications[0m[2m:[0m \x1b[2m1970-01-01T00:00:18.186895Z\x1b[0m \x1b[32m INFO\x1b[0m \x1b[1mstdout\x1b[0m\x1b[1m{\x1b[0m\x1b[3mclient\x1b[0m\x1b[2m=\x1b[0mInnerClientId { ptr: 0x93fb20f0, alive: false }\x1b[1m}\x1b[0m\x1b[2m:\x1b[0m com.system76.CosmicAppletMinimize:     1,
[2m1970-01-01T00:00:18.201186Z[0m [32m INFO[0m [1mcosmic-panel[0m[2m:[0m [2mcosmic_session::notifications[0m[2m:[0m \x1b[2m1970-01-01T00:00:18.186909Z\x1b[0m \x1b[31mERROR\x1b[0m \x1b[1mstderr\x1b[0m\x1b[1m{\x1b[0m\x1b[3mclient\x1b[0m\x1b[2m=\x1b[0mInnerClientId { ptr: 0x93fb20f0, alive: false }\x1b[1m}\x1b[0m\x1b[2m:\x1b[0m com.system76.CosmicAppletMinimize: xkbcommon: ERROR: couldn't find a Compose file for locale "C" (mapped to "C")
[2m1970-01-01T00:00:18.202166Z[0m [32m INFO[0m [1mcosmic-panel[0m[2m:[0m [2mcosmic_session::notifications[0m[2m:[0m \x1b[2m1970-01-01T00:00:18.186923Z\x1b[0m \x1b[32m INFO\x1b[0m \x1b[1mstdout\x1b[0m\x1b[1m{\x1b[0m\x1b[3mclient\x1b[0m\x1b[2m=\x1b[0mInnerClientId { ptr: 0x93fb20f0, alive: false }\x1b[1m}\x1b[0m\x1b[2m:\x1b[0m com.system76.CosmicAppletMinimize: )`: WindowAttributes {
[2m1970-01-01T00:00:18.203033Z[0m [32m INFO[0m [1mcosmic-panel[0m[2m:[0m [2mcosmic_session::notifications[0m[2m:[0m \x1b[2m1970-01-01T00:00:18.186938Z\x1b[0m \x1b[32m INFO\x1b[0m \x1b[1mstdout\x1b[0m\x1b[1m{\x1b[0m\x1b[3mclient\x1b[0m\x1b[2m=\x1b[0mInnerClientId { ptr: 0x93fb20f0, alive: false }\x1b[1m}\x1b[0m\x1b[2m:\x1b[0m com.system76.CosmicAppletMinimize:     surface_size: Some(
[2m1970-01-01T00:00:18.205429Z[0m [32m INFO[0m [1mcosmic-panel[0m[2m:[0m [2mcosmic_session::notifications[0m[2m:[0m \x1b[2m1970-01-01T00:00:18.186951Z\x1b[0m \x1b[31mERROR\x1b[0m \x1b[1mstderr\x1b[0m\x1b[1m{\x1b[0m\x1b[3mclient\x1b[0m\x1b[2m=\x1b[0mInnerClientId { ptr: 0x93fb20f0, alive: false }\x1b[1m}\x1b[0m\x1b[2m:\x1b[0m com.system76.CosmicAppletMinimize: xkbcommon: ERROR: couldn't find a Compose file for locale "C" (mapped to "C")
[2m1970-01-01T00:00:18.208253Z[0m [32m INFO[0m [1mcosmic-panel[0m[2m:[0m [2mcosmic_session::notifications[0m[2m:[0m \x1b[2m1970-01-01T00:00:18.186965Z\x1b[0m \x1b[32m INFO\x1b[0m \x1b[1mstdout\x1b[0m\x1b[1m{\x1b[0m\x1b[3mclient\x1b[0m\x1b[2m=\x1b[0mInnerClientId { ptr: 0x93fb20f0, alive: false }\x1b[1m}\x1b[0m\x1b[2m:\x1b[0m com.system76.CosmicAppletMinimize:         Logical(
[2m1970-01-01T00:00:18.211749Z[0m [32m INFO[0m [1mcosmic-panel[0m[2m:[0m [2mcosmic_session::notifications[0m[2m:[0m \x1b[2m1970-01-01T00:00:18.186978Z\x1b[0m \x1b[32m INFO\x1b[0m \x1b[1mstdout\x1b[0m\x1b[1m{\x1b[0m\x1b[3mclient\x1b[0m\x1b[2m=\x1b[0mInnerClientId { ptr: 0x93fb20f0, alive: false }\x1b[1m}\x1b[0m\x1b[2m:\x1b[0m com.system76.CosmicAppletMinimize:             LogicalSize {
[2m1970-01-01T00:00:18.212767Z[0m [32m INFO[0m [1mcosmic-panel[0m[2m:[0m [2mcosmic_session::notifications[0m[2m:[0m \x1b[2m1970-01-01T00:00:18.186990Z\x1b[0m \x1b[32m INFO\x1b[0m \x1b[1mstdout\x1b[0m\x1b[1m{\x1b[0m\x1b[3mclient\x1b[0m\x1b[2m=\x1b[0mInnerClientId { ptr: 0x93fb20f0, alive: false }\x1b[1m}\x1b[0m\x1b[2m:\x1b[0m com.system76.CosmicAppletMinimize:                 width: 72.0,
[2m1970-01-01T00:00:18.213632Z[0m [32m INFO[0m [1mcosmic-panel[0m[2m:[0m [2mcosmic_session::notifications[0m[2m:[0m \x1b[2m1970-01-01T00:00:18.187004Z\x1b[0m \x1b[32m INFO\x1b[0m \x1b[1mstdout\x1b[0m\x1b[1m{\x1b[0m\x1b[3mclient\x1b[0m\x1b[2m=\x1b[0mInnerClientId { ptr: 0x93fb20f0, alive: false }\x1b[1m}\x1b[0m\x1b[2m:\x1b[0m com.system76.CosmicAppletMinimize:                 height: 64.0,
[2m1970-01-01T00:00:18.214500Z[0m [32m INFO[0m [1mcosmic-panel[0m[2m:[0m [2mcosmic_session::notifications[0m[2m:[0m \x1b[2m1970-01-01T00:00:18.187016Z\x1b[0m \x1b[32m INFO\x1b[0m \x1b[1mstdout\x1b[0m\x1b[1m{\x1b[0m\x1b[3mclient\x1b[0m\x1b[2m=\x1b[0mInnerClientId { ptr: 0x93fb20f0, alive: false }\x1b[1m}\x1b[0m\x1b[2m:\x1b[0m com.system76.CosmicAppletMinimize:             },
[2m1970-01-01T00:00:18.215366Z[0m [32m INFO[0m [1mcosmic-panel[0m[2m:[0m [2mcosmic_session::notifications[0m[2m:[0m \x1b[2m1970-01-01T00:00:18.187029Z\x1b[0m \x1b[32m INFO\x1b[0m \x1b[1mstdout\x1b[0m\x1b[1m{\x1b[0m\x1b[3mclient\x1b[0m\x1b[2m=\x1b[0mInnerClientId { ptr: 0x93fb20f0, alive: false }\x1b[1m}\x1b[0m\x1b[2m:\x1b[0m com.system76.CosmicAppletMinimize:         ),
[2m1970-01-01T00:00:18.216196Z[0m [32m INFO[0m [1mcosmic-panel[0m[2m:[0m [2mcosmic_session::notifications[0m[2m:[0m \x1b[2m1970-01-01T00:00:18.187042Z\x1b[0m \x1b[32m INFO\x1b[0m \x1b[1mstdout\x1b[0m\x1b[1m{\x1b[0m\x1b[3mclient\x1b[0m\x1b[2m=\x1b[0mInnerClientId { ptr: 0x93fb20f0, alive: false }\x1b[1m}\x1b[0m\x1b[2m:\x1b[0m com.system76.CosmicAppletMinimize:     ),
[2m1970-01-01T00:00:18.217022Z[0m [32m INFO[0m [1mcosmic-panel[0m[2m:[0m [2mcosmic_session::notifications[0m[2m:[0m \x1b[2m1970-01-01T00:00:18.187055Z\x1b[0m \x1b[32m INFO\x1b[0m \x1b[1mstdout\x1b[0m\x1b[1m{\x1b[0m\x1b[3mclient\x1b[0m\x1b[2m=\x1b[0mInnerClientId { ptr: 0x93fb20f0, alive: false }\x1b[1m}\x1b[0m\x1b[2m:\x1b[0m com.system76.CosmicAppletMinimize:     min_surface_size: Some(
[2m1970-01-01T00:00:18.218141Z[0m [32m INFO[0m [1mcosmic-panel[0m[2m:[0m [2mcosmic_session::notifications[0m[2m:[0m \x1b[2m1970-01-01T00:00:18.187074Z\x1b[0m \x1b[32m INFO\x1b[0m \x1b[1mstdout\x1b[0m\x1b[1m{\x1b[0m\x1b[3mclient\x1b[0m\x1b[2m=\x1b[0mInnerClientId { ptr: 0x93fb20f0, alive: false }\x1b[1m}\x1b[0m\x1b[2m:\x1b[0m com.system76.CosmicAppletMinimize:         Logical(
[2m1970-01-01T00:00:18.218984Z[0m [32m INFO[0m [1mcosmic-panel[0m[2m:[0m [2mcosmic_session::notifications[0m[2m:[0m \x1b[2m1970-01-01T00:00:18.187086Z\x1b[0m \x1b[32m INFO\x1b[0m \x1b[1mstdout\x1b[0m\x1b[1m{\x1b[0m\x1b[3mclient\x1b[0m\x1b[2m=\x1b[0mInnerClientId { ptr: 0x93fb20f0, alive: false }\x1b[1m}\x1b[0m\x1b[2m:\x1b[0m com.system76.CosmicAppletMinimize:             LogicalSize {
[2m1970-01-01T00:00:18.219860Z[0m [32m INFO[0m [1mcosmic-panel[0m[2m:[0m [2mcosmic_session::notifications[0m[2m:[0m \x1b[2m1970-01-01T00:00:18.187098Z\x1b[0m \x1b[32m INFO\x1b[0m \x1b[1mstdout\x1b[0m\x1b[1m{\x1b[0m\x1b[3mclient\x1b[0m\x1b[2m=\x1b[0mInnerClientId { ptr: 0x93fb20f0, alive: false }\x1b[1m}\x1b[0m\x1b[2m:\x1b[0m com.system76.CosmicAppletMinimize:                 width: 72.0,
[2m1970-01-01T00:00:18.220748Z[0m [32m INFO[0m [1mcosmic-panel[0m[2m:[0m [2mcosmic_session::notifications[0m[2m:[0m \x1b[2m1970-01-01T00:00:18.187112Z\x1b[0m \x1b[32m INFO\x1b[0m \x1b[1mstdout\x1b[0m\x1b[1m{\x1b[0m\x1b[3mclient\x1b[0m\x1b[2m=\x1b[0mInnerClientId { ptr: 0x93fb20f0, alive: false }\x1b[1m}\x1b[0m\x1b[2m:\x1b[0m com.system76.CosmicAppletMinimize:                 height: 64.0,
[2m1970-01-01T00:00:18.237166Z[0m [32m INFO[0m [1mcosmic-panel[0m[2m:[0m [2mcosmic_session::notifications[0m[2m:[0m \x1b[2m1970-01-01T00:00:18.187125Z\x1b[0m \x1b[32m INFO\x1b[0m \x1b[1mstdout\x1b[0m\x1b[1m{\x1b[0m\x1b[3mclient\x1b[0m\x1b[2m=\x1b[0mInnerClientId { ptr: 0x93fb20f0, alive: false }\x1b[1m}\x1b[0m\x1b[2m:\x1b[0m com.system76.CosmicAppletMinimize:             },
[2m1970-01-01T00:00:18.239999Z[0m [32m INFO[0m [1mcosmic-panel[0m[2m:[0m [2mcosmic_session::notifications[0m[2m:[0m \x1b[2m1970-01-01T00:00:18.187141Z\x1b[0m \x1b[32m INFO\x1b[0m \x1b[1mstdout\x1b[0m\x1b[1m{\x1b[0m\x1b[3mclient\x1b[0m\x1b[2m=\x1b[0mInnerClientId { ptr: 0x93fb20f0, alive: false }\x1b[1m}\x1b[0m\x1b[2m:\x1b[0m com.system76.CosmicAppletMinimize:         ),
[2m1970-01-01T00:00:18.243512Z[0m [32m INFO[0m [1mcosmic-panel[0m[2m:[0m [2mcosmic_session::notifications[0m[2m:[0m \x1b[2m1970-01-01T00:00:18.187154Z\x1b[0m \x1b[32m INFO\x1b[0m \x1b[1mstdout\x1b[0m\x1b[1m{\x1b[0m\x1b[3mclient\x1b[0m\x1b[2m=\x1b[0mInnerClientId { ptr: 0x93fb20f0, alive: false }\x1b[1m}\x1b[0m\x1b[2m:\x1b[0m com.system76.CosmicAppletMinimize:     ),
[2m1970-01-01T00:00:18.247148Z[0m [32m INFO[0m [1mcosmic-panel[0m[2m:[0m [2mcosmic_session::notifications[0m[2m:[0m \x1b[2m1970-01-01T00:00:18.187167Z\x1b[0m \x1b[32m INFO\x1b[0m \x1b[1mstdout\x1b[0m\x1b[1m{\x1b[0m\x1b[3mclient\x1b[0m\x1b[2m=\x1b[0mInnerClientId { ptr: 0x93fb20f0, alive: false }\x1b[1m}\x1b[0m\x1b[2m:\x1b[0m com.system76.CosmicAppletMinimize:     max_surface_size: None,
[2m1970-01-01T00:00:18.250827Z[0m [32m INFO[0m [1mcosmic-panel[0m[2m:[0m [2mcosmic_session::notifications[0m[2m:[0m \x1b[2m1970-01-01T00:00:18.187180Z\x1b[0m \x1b[32m INFO\x1b[0m \x1b[1mstdout\x1b[0m\x1b[1m{\x1b[0m\x1b[3mclient\x1b[0m\x1b[2m=\x1b[0mInnerClientId { ptr: 0x93fb20f0, alive: false }\x1b[1m}\x1b[0m\x1b[2m:\x1b[0m com.system76.CosmicAppletMinimize:     surface_resize_increments: None,
[2m1970-01-01T00:00:18.253983Z[0m [32m INFO[0m [1mcosmic-panel[0m[2m:[0m [2mcosmic_session::notifications[0m[2m:[0m \x1b[2m1970-01-01T00:00:18.187193Z\x1b[0m \x1b[32m INFO\x1b[0m \x1b[1mstdout\x1b[0m\x1b[1m{\x1b[0m\x1b[3mclient\x1b[0m\x1b[2m=\x1b[0mInnerClientId { ptr: 0x93fb20f0, alive: false }\x1b[1m}\x1b[0m\x1b[2m:\x1b[0m com.system76.CosmicAppletMinimize:     position: None,
[2m1970-01-01T00:00:18.256446Z[0m [32m INFO[0m [1mcosmic-panel[0m[2m:[0m [2mcosmic_session::notifications[0m[2m:[0m \x1b[2m1970-01-01T00:00:18.187208Z\x1b[0m \x1b[32m INFO\x1b[0m \x1b[1mstdout\x1b[0m\x1b[1m{\x1b[0m\x1b[3mclient\x1b[0m\x1b[2m=\x1b[0mInnerClientId { ptr: 0x93fb20f0, alive: false }\x1b[1m}\x1b[0m\x1b[2m:\x1b[0m com.system76.CosmicAppletMinimize:     resizable: false,
[2m1970-01-01T00:00:18.258918Z[0m [32m INFO[0m [1mcosmic-panel[0m[2m:[0m [2mcosmic_session::notifications[0m[2m:[0m \x1b[2m1970-01-01T00:00:18.187222Z\x1b[0m \x1b[32m INFO\x1b[0m \x1b[1mstdout\x1b[0m\x1b[1m{\x1b[0m\x1b[3mclient\x1b[0m\x1b[2m=\x1b[0mInnerClientId { ptr: 0x93fb20f0, alive: false }\x1b[1m}\x1b[0m\x1b[2m:\x1b[0m com.system76.CosmicAppletMinimize:     enabled_buttons: WindowButtons(
[2m1970-01-01T00:00:18.262499Z[0m [32m INFO[0m [1mcosmic-panel[0m[2m:[0m [2mcosmic_session::notifications[0m[2m:[0m \x1b[2m1970-01-01T00:00:18.187237Z\x1b[0m \x1b[32m INFO\x1b[0m \x1b[1mstdout\x1b[0m\x1b[1m{\x1b[0m\x1b[3mclient\x1b[0m\x1b[2m=\x1b[0mInnerClientId { ptr: 0x93fb20f0, alive: false }\x1b[1m}\x1b[0m\x1b[2m:\x1b[0m com.system76.CosmicAppletMinimize:         CLOSE | MINIMIZE,
[2m1970-01-01T00:00:18.266441Z[0m [32m INFO[0m [1mcosmic-panel[0m[2m:[0m [2mcosmic_session::notifications[0m[2m:[0m \x1b[2m1970-01-01T00:00:18.187251Z\x1b[0m \x1b[32m INFO\x1b[0m \x1b[1mstdout\x1b[0m\x1b[1m{\x1b[0m\x1b[3mclient\x1b[0m\x1b[2m=\x1b[0mInnerClientId { ptr: 0x93fb20f0, alive: false }\x1b[1m}\x1b[0m\x1b[2m:\x1b[0m com.system76.CosmicAppletMinimize:     ),
[2m1970-01-01T00:00:18.269902Z[0m [32m INFO[0m [1mcosmic-panel[0m[2m:[0m [2mcosmic_session::notifications[0m[2m:[0m \x1b[2m1970-01-01T00:00:18.187266Z\x1b[0m \x1b[32m INFO\x1b[0m \x1b[1mstdout\x1b[0m\x1b[1m{\x1b[0m\x1b[3mclient\x1b[0m\x1b[2m=\x1b[0mInnerClientId { ptr: 0x93fb20f0, alive: false }\x1b[1m}\x1b[0m\x1b[2m:\x1b[0m com.system76.CosmicAppletMinimize:     title: "Cosmic - Iced",
[2m1970-01-01T00:00:18.272495Z[0m [32m INFO[0m [1mcosmic-panel[0m[2m:[0m [2mcosmic_session::notifications[0m[2m:[0m \x1b[2m1970-01-01T00:00:18.187287Z\x1b[0m \x1b[32m INFO\x1b[0m \x1b[1mstdout\x1b[0m\x1b[1m{\x1b[0m\x1b[3mclient\x1b[0m\x1b[2m=\x1b[0mInnerClientId { ptr: 0x93fb20f0, alive: false }\x1b[1m}\x1b[0m\x1b[2m:\x1b[0m com.system76.CosmicAppletMinimize:     maximized: false,
[2m1970-01-01T00:00:18.274917Z[0m [32m INFO[0m [1mcosmic-panel[0m[2m:[0m [2mcosmic_session::notifications[0m[2m:[0m \x1b[2m1970-01-01T00:00:18.187311Z\x1b[0m \x1b[32m INFO\x1b[0m \x1b[1mstdout\x1b[0m\x1b[1m{\x1b[0m\x1b[3mclient\x1b[0m\x1b[2m=\x1b[0mInnerClientId { ptr: 0x93fb20f0, alive: false }\x1b[1m}\x1b[0m\x1b[2m:\x1b[0m com.system76.CosmicAppletMinimize:     visible: false,
[2m1970-01-01T00:00:18.277496Z[0m [32m INFO[0m [1mcosmic-panel[0m[2m:[0m [2mcosmic_session::notifications[0m[2m:[0m \x1b[2m1970-01-01T00:00:18.187331Z\x1b[0m \x1b[32m INFO\x1b[0m \x1b[1mstdout\x1b[0m\x1b[1m{\x1b[0m\x1b[3mclient\x1b[0m\x1b[2m=\x1b[0mInnerClientId { ptr: 0x93fb20f0, alive: false }\x1b[1m}\x1b[0m\x1b[2m:\x1b[0m com.system76.CosmicAppletMinimize:     transparent: true,
[2m1970-01-01T00:00:18.279892Z[0m [32m INFO[0m [1mcosmic-panel[0m[2m:[0m [2mcosmic_session::notifications[0m[2m:[0m \x1b[2m1970-01-01T00:00:18.187345Z\x1b[0m \x1b[32m INFO\x1b[0m \x1b[1mstdout\x1b[0m\x1b[1m{\x1b[0m\x1b[3mclient\x1b[0m\x1b[2m=\x1b[0mInnerClientId { ptr: 0x93fb20f0, alive: false }\x1b[1m}\x1b[0m\x1b[2m:\x1b[0m com.system76.CosmicAppletMinimize:     blur: false,
[2m1970-01-01T00:00:18.283301Z[0m [32m INFO[0m [1mcosmic-panel[0m[2m:[0m [2mcosmic_session::notifications[0m[2m:[0m \x1b[2m1970-01-01T00:00:18.187359Z\x1b[0m \x1b[32m INFO\x1b[0m \x1b[1mstdout\x1b[0m\x1b[1m{\x1b[0m\x1b[3mclient\x1b[0m\x1b[2m=\x1b[0mInnerClientId { ptr: 0x93fb20f0, alive: false }\x1b[1m}\x1b[0m\x1b[2m:\x1b[0m com.system76.CosmicAppletMinimize:     decorations: false,
[2m1970-01-01T00:00:18.286884Z[0m [32m INFO[0m [1mcosmic-panel[0m[2m:[0m [2mcosmic_session::notifications[0m[2m:[0m \x1b[2m1970-01-01T00:00:18.187372Z\x1b[0m \x1b[32m INFO\x1b[0m \x1b[1mstdout\x1b[0m\x1b[1m{\x1b[0m\x1b[3mclient\x1b[0m\x1b[2m=\x1b[0mInnerClientId { ptr: 0x93fb20f0, alive: false }\x1b[1m}\x1b[0m\x1b[2m:\x1b[0m com.system76.CosmicAppletMinimize:     window_icon: None,
[2m1970-01-01T00:00:18.292805Z[0m [32m INFO[0m [1mcosmic-panel[0m[2m:[0m [2mcosmic_session::notifications[0m[2m:[0m \x1b[2m1970-01-01T00:00:18.187384Z\x1b[0m \x1b[32m INFO\x1b[0m \x1b[1mstdout\x1b[0m\x1b[1m{\x1b[0m\x1b[3mclient\x1b[0m\x1b[2m=\x1b[0mInnerClientId { ptr: 0x93fb20f0, alive: false }\x1b[1m}\x1b[0m\x1b[2m:\x1b[0m com.system76.CosmicAppletMinimize:     preferred_theme: None,
[2m1970-01-01T00:00:18.296225Z[0m [32m INFO[0m [1mcosmic-panel[0m[2m:[0m [2mcosmic_session::notifications[0m[2m:[0m \x1b[2m1970-01-01T00:00:18.187396Z\x1b[0m \x1b[32m INFO\x1b[0m \x1b[1mstdout\x1b[0m\x1b[1m{\x1b[0m\x1b[3mclient\x1b[0m\x1b[2m=\x1b[0mInnerClientId { ptr: 0x93fb20f0, alive: false }\x1b[1m}\x1b[0m\x1b[2m:\x1b[0m com.system76.CosmicAppletMinimize:     content_protected: false,
[2m1970-01-01T00:00:18.300105Z[0m [32m INFO[0m [1mcosmic-panel[0m[2m:[0m [2mcosmic_session::notifications[0m[2m:[0m \x1b[2m1970-01-01T00:00:18.187407Z\x1b[0m \x1b[32m INFO\x1b[0m \x1b[1mstdout\x1b[0m\x1b[1m{\x1b[0m\x1b[3mclient\x1b[0m\x1b[2m=\x1b[0mInnerClientId { ptr: 0x93fb20f0, alive: false }\x1b[1m}\x1b[0m\x1b[2m:\x1b[0m com.system76.CosmicAppletMinimize:     window_level: Normal,
[2m1970-01-01T00:00:18.303412Z[0m [32m INFO[0m [1mcosmic-panel[0m[2m:[0m [2mcosmic_session::notifications[0m[2m:[0m \x1b[2m1970-01-01T00:00:18.187420Z\x1b[0m \x1b[32m INFO\x1b[0m \x1b[1mstdout\x1b[0m\x1b[1m{\x1b[0m\x1b[3mclient\x1b[0m\x1b[2m=\x1b[0mInnerClientId { ptr: 0x93fb20f0, alive: false }\x1b[1m}\x1b[0m\x1b[2m:\x1b[0m com.system76.CosmicAppletMinimize:     active: true,
[2m1970-01-01T00:00:18.306755Z[0m [32m INFO[0m [1mcosmic-panel[0m[2m:[0m [2mcosmic_session::notifications[0m[2m:[0m \x1b[2m1970-01-01T00:00:18.187446Z\x1b[0m \x1b[32m INFO\x1b[0m \x1b[1mstdout\x1b[0m\x1b[1m{\x1b[0m\x1b[3mclient\x1b[0m\x1b[2m=\x1b[0mInnerClientId { ptr: 0x93fb20f0, alive: false }\x1b[1m}\x1b[0m\x1b[2m:\x1b[0m com.system76.CosmicAppletMinimize:     cursor: Icon(
[2m1970-01-01T00:00:18.309540Z[0m [32m INFO[0m [1mcosmic-panel[0m[2m:[0m [2mcosmic_session::notifications[0m[2m:[0m \x1b[2m1970-01-01T00:00:18.187457Z\x1b[0m \x1b[32m INFO\x1b[0m \x1b[1mstdout\x1b[0m\x1b[1m{\x1b[0m\x1b[3mclient\x1b[0m\x1b[2m=\x1b[0mInnerClientId { ptr: 0x93fb20f0, alive: false }\x1b[1m}\x1b[0m\x1b[2m:\x1b[0m com.system76.CosmicAppletMinimize:         Default,
[2m1970-01-01T00:00:18.312645Z[0m [32m INFO[0m [1mcosmic-panel[0m[2m:[0m [2mcosmic_session::notifications[0m[2m:[0m \x1b[2m1970-01-01T00:00:18.187468Z\x1b[0m \x1b[32m INFO\x1b[0m \x1b[1mstdout\x1b[0m\x1b[1m{\x1b[0m\x1b[3mclient\x1b[0m\x1b[2m=\x1b[0mInnerClientId { ptr: 0x93fb20f0, alive: false }\x1b[1m}\x1b[0m\x1b[2m:\x1b[0m com.system76.CosmicAppletMinimize:     ),
[2m1970-01-01T00:00:18.316000Z[0m [32m INFO[0m [1mcosmic-panel[0m[2m:[0m [2mcosmic_session::notifications[0m[2m:[0m \x1b[2m1970-01-01T00:00:18.187482Z\x1b[0m \x1b[32m INFO\x1b[0m \x1b[1mstdout\x1b[0m\x1b[1m{\x1b[0m\x1b[3mclient\x1b[0m\x1b[2m=\x1b[0mInnerClientId { ptr: 0x93fb20f0, alive: false }\x1b[1m}\x1b[0m\x1b[2m:\x1b[0m com.system76.CosmicAppletMinimize:     parent_window: None,
[2m1970-01-01T00:00:18.319596Z[0m [32m INFO[0m [1mcosmic-panel[0m[2m:[0m [2mcosmic_session::notifications[0m[2m:[0m \x1b[2m1970-01-01T00:00:18.187493Z\x1b[0m \x1b[32m INFO\x1b[0m \x1b[1mstdout\x1b[0m\x1b[1m{\x1b[0m\x1b[3mclient\x1b[0m\x1b[2m=\x1b[0mInnerClientId { ptr: 0x93fb20f0, alive: false }\x1b[1m}\x1b[0m\x1b[2m:\x1b[0m com.system76.CosmicAppletMinimize:     fullscreen: None,
[2m1970-01-01T00:00:18.322774Z[0m [32m INFO[0m [1mcosmic-panel[0m[2m:[0m [2mcosmic_session::notifications[0m[2m:[0m \x1b[2m1970-01-01T00:00:18.187504Z\x1b[0m \x1b[32m INFO\x1b[0m \x1b[1mstdout\x1b[0m\x1b[1m{\x1b[0m\x1b[3mclient\x1b[0m\x1b[2m=\x1b[0mInnerClientId { ptr: 0x93fb20f0, alive: false }\x1b[1m}\x1b[0m\x1b[2m:\x1b[0m com.system76.CosmicAppletMinimize:     platform: Some(
[2m1970-01-01T00:00:18.325434Z[0m [32m INFO[0m [1mcosmic-panel[0m[2m:[0m [2mcosmic_session::notifications[0m[2m:[0m \x1b[2m1970-01-01T00:00:18.187518Z\x1b[0m \x1b[32m INFO\x1b[0m \x1b[1mstdout\x1b[0m\x1b[1m{\x1b[0m\x1b[3mclient\x1b[0m\x1b[2m=\x1b[0mInnerClientId { ptr: 0x93fb20f0, alive: false }\x1b[1m}\x1b[0m\x1b[2m:\x1b[0m com.system76.CosmicAppletMinimize:         WindowAttributesWayland {
[2m1970-01-01T00:00:18.329374Z[0m [32m INFO[0m [1mcosmic-panel[0m[2m:[0m [2mcosmic_session::notifications[0m[2m:[0m \x1b[2m1970-01-01T00:00:18.187528Z\x1b[0m \x1b[32m INFO\x1b[0m \x1b[1mstdout\x1b[0m\x1b[1m{\x1b[0m\x1b[3mclient\x1b[0m\x1b[2m=\x1b[0mInnerClientId { ptr: 0x93fb20f0, alive: false }\x1b[1m}\x1b[0m\x1b[2m:\x1b[0m com.system76.CosmicAppletMinimize:             name: Some(
[2m1970-01-01T00:00:18.333185Z[0m [32m INFO[0m [1mcosmic-panel[0m[2m:[0m [2mcosmic_session::notifications[0m[2m:[0m \x1b[2m1970-01-01T00:00:18.187539Z\x1b[0m \x1b[32m INFO\x1b[0m \x1b[1mstdout\x1b[0m\x1b[1m{\x1b[0m\x1b[3mclient\x1b[0m\x1b[2m=\x1b[0mInnerClientId { ptr: 0x93fb20f0, alive: false }\x1b[1m}\x1b[0m\x1b[2m:\x1b[0m com.system76.CosmicAppletMinimize:                 ApplicationName {
[2m1970-01-01T00:00:18.336687Z[0m [32m INFO[0m [1mcosmic-panel[0m[2m:[0m [2mcosmic_session::notifications[0m[2m:[0m \x1b[2m1970-01-01T00:00:18.187552Z\x1b[0m \x1b[32m INFO\x1b[0m \x1b[1mstdout\x1b[0m\x1b[1m{\x1b[0m\x1b[3mclient\x1b[0m\x1b[2m=\x1b[0mInnerClientId { ptr: 0x93fb20f0, alive: false }\x1b[1m}\x1b[0m\x1b[2m:\x1b[0m com.system76.CosmicAppletMinimize:                     general: "com.system76.CosmicAppletMinimize",
[2m1970-01-01T00:00:18.340036Z[0m [32m INFO[0m [1mcosmic-panel[0m[2m:[0m [2mcosmic_session::notifications[0m[2m:[0m \x1b[2m1970-01-01T00:00:18.187564Z\x1b[0m \x1b[32m INFO\x1b[0m \x1b[1mstdout\x1b[0m\x1b[1m{\x1b[0m\x1b[3mclient\x1b[0m\x1b[2m=\x1b[0mInnerClientId { ptr: 0x93fb20f0, alive: false }\x1b[1m}\x1b[0m\x1b[2m:\x1b[0m com.system76.CosmicAppletMinimize:                     instance: "com.system76.CosmicAppletMinimize",
[2m1970-01-01T00:00:18.342808Z[0m [32m INFO[0m [1mcosmic-panel[0m[2m:[0m [2mcosmic_session::notifications[0m[2m:[0m \x1b[2m1970-01-01T00:00:18.187575Z\x1b[0m \x1b[32m INFO\x1b[0m \x1b[1mstdout\x1b[0m\x1b[1m{\x1b[0m\x1b[3mclient\x1b[0m\x1b[2m=\x1b[0mInnerClientId { ptr: 0x93fb20f0, alive: false }\x1b[1m}\x1b[0m\x1b[2m:\x1b[0m com.system76.CosmicAppletMinimize:                 },
[2m1970-01-01T00:00:18.345504Z[0m [32m INFO[0m [1mcosmic-panel[0m[2m:[0m [2mcosmic_session::notifications[0m[2m:[0m \x1b[2m1970-01-01T00:00:18.187585Z\x1b[0m \x1b[32m INFO\x1b[0m \x1b[1mstdout\x1b[0m\x1b[1m{\x1b[0m\x1b[3mclient\x1b[0m\x1b[2m=\x1b[0mInnerClientId { ptr: 0x93fb20f0, alive: false }\x1b[1m}\x1b[0m\x1b[2m:\x1b[0m com.system76.CosmicAppletMinimize:             ),
[2m1970-01-01T00:00:18.348015Z[0m [32m INFO[0m [1mcosmic-panel[0m[2m:[0m [2mcosmic_session::notifications[0m[2m:[0m \x1b[2m1970-01-01T00:00:18.187599Z\x1b[0m \x1b[32m INFO\x1b[0m \x1b[1mstdout\x1b[0m\x1b[1m{\x1b[0m\x1b[3mclient\x1b[0m\x1b[2m=\x1b[0mInnerClientId { ptr: 0x93fb20f0, alive: false }\x1b[1m}\x1b[0m\x1b[2m:\x1b[0m com.system76.CosmicAppletMinimize:             activation_token: None,
[2m1970-01-01T00:00:18.354373Z[0m [32m INFO[0m [1mcosmic-panel[0m[2m:[0m [2mcosmic_session::notifications[0m[2m:[0m \x1b[2m1970-01-01T00:00:18.187609Z\x1b[0m \x1b[32m INFO\x1b[0m \x1b[1mstdout\x1b[0m\x1b[1m{\x1b[0m\x1b[3mclient\x1b[0m\x1b[2m=\x1b[0mInnerClientId { ptr: 0x93fb20f0, alive: false }\x1b[1m}\x1b[0m\x1b[2m:\x1b[0m com.system76.CosmicAppletMinimize:             prefer_csd: false,
[2m1970-01-01T00:00:18.357998Z[0m [32m INFO[0m [1mcosmic-panel[0m[2m:[0m [2mcosmic_session::notifications[0m[2m:[0m \x1b[2m1970-01-01T00:00:18.187620Z\x1b[0m \x1b[32m INFO\x1b[0m \x1b[1mstdout\x1b[0m\x1b[1m{\x1b[0m\x1b[3mclient\x1b[0m\x1b[2m=\x1b[0mInnerClientId { ptr: 0x93fb20f0, alive: false }\x1b[1m}\x1b[0m\x1b[2m:\x1b[0m com.system76.CosmicAppletMinimize:         },
[2m1970-01-01T00:00:18.364622Z[0m [32m INFO[0m [1mcosmic-panel[0m[2m:[0m [2mcosmic_session::notifications[0m[2m:[0m \x1b[2m1970-01-01T00:00:18.187632Z\x1b[0m \x1b[32m INFO\x1b[0m \x1b[1mstdout\x1b[0m\x1b[1m{\x1b[0m\x1b[3mclient\x1b[0m\x1b[2m=\x1b[0mInnerClientId { ptr: 0x93fb20f0, alive: false }\x1b[1m}\x1b[0m\x1b[2m:\x1b[0m com.system76.CosmicAppletMinimize:     ),
[2m1970-01-01T00:00:18.368101Z[0m [32m INFO[0m [1mcosmic-panel[0m[2m:[0m [2mcosmic_session::notifications[0m[2m:[0m \x1b[2m1970-01-01T00:00:18.187644Z\x1b[0m \x1b[32m INFO\x1b[0m \x1b[1mstdout\x1b[0m\x1b[1m{\x1b[0m\x1b[3mclient\x1b[0m\x1b[2m=\x1b[0mInnerClientId { ptr: 0x93fb20f0, alive: false }\x1b[1m}\x1b[0m\x1b[2m:\x1b[0m com.system76.CosmicAppletMinimize: }
[2m1970-01-01T00:00:18.371675Z[0m [32m INFO[0m [1mcosmic-panel[0m[2m:[0m [2mcosmic_session::notifications[0m[2m:[0m \x1b[2m1970-01-01T00:00:18.187655Z\x1b[0m \x1b[32m INFO\x1b[0m \x1b[1mstdout\x1b[0m\x1b[1m{\x1b[0m\x1b[3mclient\x1b[0m\x1b[2m=\x1b[0mInnerClientId { ptr: 0x93fb20f0, alive: false }\x1b[1m}\x1b[0m\x1b[2m:\x1b[0m com.system76.CosmicAppletMinimize: \x1b[2m1970-01-01T00:00:18.084640Z\x1b[0m \x1b[33m WARN\x1b[0m \x1b[2mwinit_wayland::window::state\x1b[0m\x1b[2m:\x1b[0m `xdg_toplevel_icon_manager_v1` is not supported
[2m1970-01-01T00:00:18.558726Z[0m [33m WARN[0m [1mcosmic-files-applet[0m[2m:[0m [2mcosmic_session[0m[2m:[0m   \x1b[32m INFO\x1b[0m  \x1b[32moutput wl_output@39: created\x1b[0m
[2m1970-01-01T00:00:18.559876Z[0m [33m WARN[0m [1mcosmic-files-applet[0m[2m:[0m [2mcosmic_session[0m[2m:[0m     \x1b[2;3mat\x1b[0m src/app.rs:5258 \x1b[2;3mon\x1b[0m main
[2m1970-01-01T00:00:18.560271Z[0m [33m WARN[0m [1mcosmic-files-applet[0m[2m:[0m [2mcosmic_session[0m[2m:[0m 
[2m1970-01-01T00:00:18.560547Z[0m [33m WARN[0m [1mcosmic-files-applet[0m[2m:[0m [2mcosmic_session[0m[2m:[0m   \x1b[33m WARN\x1b[0m  \x1b[33mfailed to locate desktop directory, falling back to /root/Desktop\x1b[0m
[2m1970-01-01T00:00:18.562062Z[0m [33m WARN[0m [1mcosmic-files-applet[0m[2m:[0m [2mcosmic_session[0m[2m:[0m     \x1b[2;3mat\x1b[0m src/lib.rs:50 \x1b[2;3mon\x1b[0m main
[2m1970-01-01T00:00:18.562468Z[0m [33m WARN[0m [1mcosmic-files-applet[0m[2m:[0m [2mcosmic_session[0m[2m:[0m 
[2m1970-01-01T00:00:18.563121Z[0m [33m WARN[0m [1mcosmic-files-applet[0m[2m:[0m [2mcosmic_session[0m[2m:[0m   \x1b[32m INFO\x1b[0m  \x1b[32mrescan_tab Entity(2v1) Desktop("/root/Desktop", "HDMI-A-1", DesktopConfig { grid_spacing: 100, icon_size: 100, show_content: true, show_mounted_drives: false, show_trash: false }) None\x1b[0m
[2m1970-01-01T00:00:18.563879Z[0m [33m WARN[0m [1mcosmic-files-applet[0m[2m:[0m [2mcosmic_session[0m[2m:[0m     \x1b[2;3mat\x1b[0m src/app.rs:1512 \x1b[2;3mon\x1b[0m main
[2m1970-01-01T00:00:18.564283Z[0m [33m WARN[0m [1mcosmic-files-applet[0m[2m:[0m [2mcosmic_session[0m[2m:[0m 
[2m1970-01-01T00:00:18.564547Z[0m [33m WARN[0m [1mcosmic-files-applet[0m[2m:[0m [2mcosmic_session[0m[2m:[0m   \x1b[33m WARN\x1b[0m  \x1b[33mfailed to read directory /root/Desktop: No such file or directory (os error 2)\x1b[0m
[2m1970-01-01T00:00:18.565069Z[0m [33m WARN[0m [1mcosmic-files-applet[0m[2m:[0m [2mcosmic_session[0m[2m:[0m     \x1b[2;3mat\x1b[0m src/tab.rs:1086 \x1b[2;3mon\x1b[0m tokio-rt-worker
[2m1970-01-01T00:00:18.565508Z[0m [33m WARN[0m [1mcosmic-files-applet[0m[2m:[0m [2mcosmic_session[0m[2m:[0m 
[2m1970-01-01T00:00:18.565798Z[0m [33m WARN[0m [1mcosmic-files-applet[0m[2m:[0m [2mcosmic_session[0m[2m:[0m   \x1b[31mERROR\x1b[0m  \x1b[31mOverlap notify subscription cannot be created for surface. No matching layer surface found.\x1b[0m
[2m1970-01-01T00:00:18.566342Z[0m [33m WARN[0m [1mcosmic-files-applet[0m[2m:[0m [2mcosmic_session[0m[2m:[0m     \x1b[2;3mat\x1b[0m /Users/forain/.cargo/git/checkouts/libcosmic-41009aea1d72760b/96a8204/iced/winit/src/platform_specific/wayland/event_loop/state.rs:1678 \x1b[2;3mon\x1b[0m 
[2m1970-01-01T00:00:18.567429Z[0m [33m WARN[0m [1mcosmic-files-applet[0m[2m:[0m [2mcosmic_session[0m[2m:[0m 
[2m1970-01-01T00:00:18.567705Z[0m [33m WARN[0m [1mcosmic-files-applet[0m[2m:[0m [2mcosmic_session[0m[2m:[0m   \x1b[33m WARN\x1b[0m  \x1b[33mfailed to get item for /root/Desktop: failed to read metadata for /root/Desktop: No such file or directory (os error 2)\x1b[0m
[2m1970-01-01T00:00:18.568344Z[0m [33m WARN[0m [1mcosmic-files-applet[0m[2m:[0m [2mcosmic_session[0m[2m:[0m     \x1b[2;3mat\x1b[0m src/tab.rs:1611 \x1b[2;3mon\x1b[0m tokio-rt-worker
[2m1970-01-01T00:00:18.568780Z[0m [33m WARN[0m [1mcosmic-files-applet[0m[2m:[0m [2mcosmic_session[0m[2m:[0m 
[2m1970-01-01T00:00:18.620654Z[0m [33m WARN[0m [1mcosmic-app-library[0m[2m:[0m [2mcosmic_session[0m[2m:[0m  INFO  iced_winit::platform_specific::wayland::event_loop::state > Failed to find surface for blur action
[0m[?25l[43;1H[J[39mbrush-0.5# [38;5;14m[38;5;5m[0m[0mps78[?25h
[?2004l[31merror:[39m command not found: ps
[?2004h[0m[?25l[43;1H[J[39mbrush-0.5# [38;5;14m[38;5;5m[0m[0m78[?25h