[0m[?25l[43;1H[J[39mbrush-0.5# [38;5;14m[38;5;5m[0m[0mnosuc78[?25h[0m[?25l[43;1H[J[39mbrush-0.5# [38;5;14m[38;5;5m[0m[0mnosuchbi78[?25h[0m[?25l[43;1H[J[39mbrush-0.5# [38;5;14m[38;5;5m[0m[0mnosuchbinary_xyz78[?25h[0m[?25l[43;1H[J[39mbrush-0.5# [38;5;14m[38;5;5m[0m[0mnosuchbinary_xyz4278[?25h
[?2004l[31merror:[39m command not found: nosuchbinary_xyz42
[?2004h[0m[?25l[45;1H[J[39mbrush-0.5# [38;5;14m[38;5;5m[0m[0m78[?25h[0m[?25l[45;1H[J[39mbrush-0.5# [38;5;14m[38;5;5m[0m[0msh /bin78[?25h[0m[?25l[45;1H[J[39mbrush-0.5# [38;5;14m[38;5;5m[0m[0msh /bin/78[?25h[0m[?25l[45;1H[J[39mbrush-0.5# [38;5;14m[38;5;5m[0m[0msh /bin/greeter-78[?25h[0m[?25l[45;1H[J[39mbrush-0.5# [38;5;14m[38;5;5m[0m[0msh /bin/greeter-real78[?25h
[?2004lGREETER-REAL: launching greetd
profile: session starting, uid=0 XDG_RUNTIME_DIR=/run/user/0
[2m1970-01-01T00:00:01.107063Z[0m [33m WARN[0m [2mcosmic_comp::logger[0m[2m:[0m Failed to init journald logging. [3merr[0m[2m=[0mOs { code: 32, kind: BrokenPipe, message: "Broken pipe" }
[2m1970-01-01T00:00:01.112171Z[0m [32m INFO[0m [2mi18n_embed::requester[0m[2m:[0m Current Locale: []
[2m1970-01-01T00:00:01.114526Z[0m [32m INFO[0m [2mi18n_embed[0m[2m:[0m Selecting translations for domain "cosmic_comp"
[2m1970-01-01T00:00:01.152375Z[0m [31mERROR[0m [2mcosmic_settings_config::shortcuts[0m[2m:[0m shortcuts custom config error: GetKey("custom", Os { code: 2, kind: NotFound, message: "No such file or directory" })
[2m1970-01-01T00:00:01.229833Z[0m [31mERROR[0m [2mcosmic::theme[0m[2m:[0m error loading system dark theme [3merror[0m[2m=[0mGetKey("list_button", Os { code: 2, kind: NotFound, message: "No such file or directory" })
[2m1970-01-01T00:00:01.318080Z[0m [31mERROR[0m [2mcosmic::theme[0m[2m:[0m error loading system dark theme [3merror[0m[2m=[0mGetKey("list_button", Os { code: 2, kind: NotFound, message: "No such file or directory" })
[2m1970-01-01T00:00:01.370852Z[0m [33m WARN[0m [2msmithay::backend::egl::context[0m[2m:[0m ignoring requested context priority, EGL_IMG_context_priority not supported [3mpriority[0m[2m=[0mHigh
[2m1970-01-01T00:00:01.413202Z[0m [33m WARN[0m [2msmithay::backend::egl::error[0m[2m:[0m Erroneous EGL call didn't set EGLError
[2m1970-01-01T00:00:01.447806Z[0m [33m WARN[0m [2mcosmic_comp::backend::kms::device[0m[2m:[0m failed to get EDID for HDMI-A-1 [3merr[0m[2m=[0mNo prop found for EDID

Stack backtrace:
   0: <anyhow::Error>::msg::<alloc::string::String>
   1: cosmic_comp::backend::kms::drm_helpers::get_prop::<smithay::backend::drm::device::DrmDevice, drm::control::connector::Handle>
   2: <cosmic_comp::backend::kms::device::InnerDevice>::connector_added
   3: <cosmic_comp::state::State>::device_added
   4: cosmic_comp::backend::kms::init_backend
   5: cosmic_comp::backend::init_backend_auto
   6: cosmic_comp::run
   7: cosmic_comp::main
   8: std::sys::backtrace::__rust_begin_short_backtrace::<fn(), ()>
   9: main
[2m1970-01-01T00:00:01.460280Z[0m [33m WARN[0m [2mcosmic_comp::backend::kms::device[0m[2m:[0m Failed to determine if connector is meant desktop usage, assuming so. [3merr[0m[2m=[0mNo prop found for non-desktop

Stack backtrace:
   0: <anyhow::Error>::msg::<alloc::string::String>
   1: cosmic_comp::backend::kms::drm_helpers::get_property_val::<smithay::backend::drm::device::DrmDevice, drm::control::connector::Handle>
   2: <cosmic_comp::backend::kms::device::InnerDevice>::connector_added
   3: <cosmic_comp::state::State>::device_added
   4: cosmic_comp::backend::kms::init_backend
   5: cosmic_comp::backend::init_backend_auto
   6: cosmic_comp::run
   7: cosmic_comp::main
   8: std::sys::backtrace::__rust_begin_short_backtrace::<fn(), ()>
   9: main
[2m1970-01-01T00:00:01.479709Z[0m [33m WARN[0m [2msmithay::backend::egl::context[0m[2m:[0m ignoring requested context priority, EGL_IMG_context_priority not supported [3mpriority[0m[2m=[0mHigh
[2m1970-01-01T00:00:01.515680Z[0m [33m WARN[0m [2msmithay::backend::egl::context[0m[2m:[0m ignoring requested context priority, EGL_IMG_context_priority not supported [3mpriority[0m[2m=[0mHigh
[2m1970-01-01T00:00:01.679353Z[0m [33m WARN[0m [2msmithay::backend::egl::context[0m[2m:[0m ignoring requested context priority, EGL_IMG_context_priority not supported [3mpriority[0m[2m=[0mHigh
[DRM] unimplemented ioctl cmd=0xC00864BF nr=0x000000BF type=0x00000064 size=0x00000008 (reported once per boot)
[2m1970-01-01T00:00:01.851703Z[0m [33m WARN[0m [2msmithay::backend::drm::compositor[0m[2m:[0m failed to create signaled syncobj [3merr[0m[2m=[0mOs { code: 1, kind: PermissionDenied, message: "Operation not permitted" }
[2m1970-01-01T00:00:01.857519Z[0m [33m WARN[0m [2msmithay::backend::drm::compositor[0m[2m:[0m Preferred format AB30 not available: NoSupportedPlaneFormat
[2m1970-01-01T00:00:01.860822Z[0m [33m WARN[0m [2msmithay::backend::drm::compositor[0m[2m:[0m Preferred format AR30 not available: NoSupportedPlaneFormat
[2m1970-01-01T00:00:01.864007Z[0m [33m WARN[0m [2msmithay::backend::drm::compositor[0m[2m:[0m Preferred format AB24 not available: NoSupportedPlaneFormat
[DRM-SRV] mmap token=0x000000004BC00000 map_info=0x01 -> writeback
[2m1970-01-01T00:00:01.888703Z[0m [33m WARN[0m [2msmithay::backend::drm::surface::atomic[0m[2m:[0m Failed to destroy old mode property blob: Operation not permitted (os error 1)
[DRM-SRV] mmap token=0x000000004C400000 map_info=0x01 -> writeback
[2m1970-01-01T00:00:01.930419Z[0m [31mERROR[0m [2mcosmic_comp[0m[2m:[0m Failed to update the D-Bus activation environment [3merr[0m[2m=[0morg.freedesktop.zbus.Error: i/o error

Stack backtrace:
   0: <anyhow::Error as core::convert::From<zbus::fdo::error::Error>>::from
   1: <std::sync::once::Once>::call_once::<<cosmic_comp::state::State>::notify_ready::{closure#0}>::{closure#0}
   2: <std::sys::sync::once::futex::Once>::call
   3: <cosmic_comp::state::State>::notify_ready
   4: cosmic_comp::backend::kms::init_backend
   5: cosmic_comp::backend::init_backend_auto
   6: cosmic_comp::run
   7: cosmic_comp::main
   8: std::sys::backtrace::__rust_begin_short_backtrace::<fn(), ()>
   9: main
[2m1970-01-01T00:00:01.999999Z[0m [33m WARN[0m [2mcosmic_comp::backend::render::cursor[0m[2m:[0m Unable to load xcursor, using fallback cursor [3merr[0m[2m=[0mNoDefaultCursor
[2m1970-01-01T00:00:01.999999Z[0m [31mERROR[0m [2mcosmic_comp::dbus[0m[2m:[0m Failed to initialize session DBus connection: I/O error: No such file or directory (os error 2)
[2m1970-01-01T00:00:01.999999Z[0m [31mERROR[0m [2mcosmic_comp::dbus[0m[2m:[0m Failed to initialize system DBus connection: I/O error: No such file or directory (os error 2)
GREETER-LAUNCH: dropped to uid 990 gid 990, exec /bin/cosmic-greeter-login
[2m1970-01-01T00:00:02.023522Z[0m [32m INFO[0m [2mi18n_embed::requester[0m[2m:[0m Current Locale: []
[2m1970-01-01T00:00:02.024317Z[0m [32m INFO[0m [2mi18n_embed[0m[2m:[0m Selecting translations for domain "cosmic_greeter"
[2m1970-01-01T00:00:02.028841Z[0m [31mERROR[0m [2mcosmic_greeter::greeter[0m[2m:[0m failed to load user data from daemon: I/O error: No such file or directory (os error 2)
[2m1970-01-01T00:00:02.037627Z[0m [33m WARN[0m [2mcosmic_greeter::greeter[0m[2m:[0m failed to read session directory "/usr/local/share/wayland-sessions": Os { code: 2, kind: NotFound, message: "No such file or directory" }
[2m1970-01-01T00:00:02.039087Z[0m [32m INFO[0m [2mcosmic_greeter::greeter[0m[2m:[0m session COSMIC using command ["/usr/bin/env", "XDG_SESSION_TYPE=wayland", "XDG_CURRENT_DESKTOP=COSMIC", "XDG_SESSION_DESKTOP=COSMIC", "/bin/sh", "/bin/start-cosmic-leandros"] env ["XDG_SESSION_TYPE=wayland", "XDG_CURRENT_DESKTOP=COSMIC", "XDG_SESSION_DESKTOP=COSMIC"]
[2m1970-01-01T00:00:02.040480Z[0m [33m WARN[0m [2mcosmic_greeter::greeter[0m[2m:[0m failed to read session directory "/usr/local/share/xsessions": Os { code: 2, kind: NotFound, message: "No such file or directory" }
[2m1970-01-01T00:00:02.041281Z[0m [33m WARN[0m [2mcosmic_greeter::greeter[0m[2m:[0m failed to read session directory "/usr/share/xsessions": Os { code: 2, kind: NotFound, message: "No such file or directory" }
[2m1970-01-01T00:00:02.126676Z[0m [31mERROR[0m [2mcosmic::theme[0m[2m:[0m error loading system dark theme [3merror[0m[2m=[0mGetKey("list_button", Os { code: 2, kind: NotFound, message: "No such file or directory" })
[2m1970-01-01T00:00:02.128220Z[0m [33m WARN[0m [2mcosmic_text::font::system[0m[2m:[0m failed to get system locale, falling back to en-US
[2m1970-01-01T00:00:02.130060Z[0m [33m WARN[0m [2mfontdb[0m[2m:[0m Fallback to loading from known font dir paths.
xkbcommon: ERROR: couldn't find a Compose file for locale "C" (mapped to "C")
[2m1970-01-01T00:00:02.178282Z[0m [33m WARN[0m [2mcosmic_greeter::time[0m[2m:[0m No valid locale found in environment, using fallback
[2m1970-01-01T00:00:02.200225Z[0m [32m INFO[0m [2miced_winit[0m[2m:[0m System theme: None
[2m1970-01-01T00:00:02.204757Z[0m [32m INFO[0m [2miced_winit::platform_specific::wayland::event_loop[0m[2m:[0m SCTK setup complete.
[2m1970-01-01T00:00:02.184622Z[0m [31mERROR[0m [2mcosmic_greeter::time[0m[2m:[0m No zbus system connection.

Stack backtrace:
   0: <std::backtrace::Backtrace>::create
   1: <anyhow::Error>::msg::<&str>
   2: cosmic_greeter::time::tz_stream::{closure#0}
   3: <futures_util::stream::stream::map::Map<async_fn_stream::FnStream<jiff::tz::timezone::TimeZone, cosmic_greeter::time::tz_updates::{closure#0}::{closure#0}>, iced_runtime::Action<jiff::tz::timezone::TimeZone>::Output> as futures_core::stream::Stream>::poll_next
   4: <futures_util::stream::stream::map::Map<core::pin::Pin<alloc::boxed::Box<dyn futures_core::stream::Stream<Item = iced_runtime::Action<jiff::tz::timezone::TimeZone>> + core::marker::Send>>, <iced_runtime::task::Task<jiff::tz::timezone::TimeZone>>::then<cosmic::action::Action<cosmic_greeter::greeter::Message>, <iced_runtime::task::Task<jiff::tz::timezone::TimeZone>>::map<cosmic::action::Action<cosmic_greeter::greeter::Message>, <cosmic_greeter::common::Common<cosmic_greeter::greeter::Message>>::init::{closure#3}>::{closure#0}>::{closure#0}> as futures_core::stream::Stream>::poll_next
   5: <futures_util::stream::stream::flatten::Flatten<futures_util::stream::stream::map::Map<core::pin::Pin<alloc::boxed::Box<dyn futures_core::stream::Stream<Item = iced_runtime::Action<jiff::tz::timezone::TimeZone>> + core::marker::Send>>, <iced_runtime::task::Task<jiff::tz::timezone::TimeZone>>::then<cosmic::action::Action<cosmic_greeter::greeter::Message>, <iced_runtime::task::Task<jiff::tz::timezone::TimeZone>>::map<cosmic::action::Action<cosmic_greeter::greeter::Message>, <cosmic_greeter::common::Common<cosmic_greeter::greeter::Message>>::init::{closure#3}>::{closure#0}>::{closure#0}>, core::pin::Pin<alloc::boxed::Box<dyn futures_core::stream::Stream<Item = iced_runtime::Action<cosmic::action::Action<cosmic_greeter::greeter::Message>>> + core::marker::Send>>> as futures_core::stream::Stream>::poll_next
   6: <futures_util::stream::futures_unordered::FuturesUnordered<futures_util::stream::stream::into_future::StreamFuture<core::pin::Pin<alloc::boxed::Box<dyn futures_core::stream::Stream<Item = iced_runtime::Action<cosmic::action::Action<cosmic_greeter::greeter::Message>>> + core::marker::Send>>>> as futures_core::stream::Stream>::poll_next
   7: <futures_util::stream::select_all::SelectAll<core::pin::Pin<alloc::boxed::Box<dyn futures_core::stream::Stream<Item = iced_runtime::Action<cosmic::action::Action<cosmic_greeter::greeter::Message>>> + core::marker::Send>>> as futures_core::stream::Stream>::poll_next
   8: <futures_util::stream::futures_unordered::FuturesUnordered<futures_util::stream::stream::into_future::StreamFuture<core::pin::Pin<alloc::boxed::Box<dyn futures_core::stream::Stream<Item = iced_runtime::Action<cosmic::action::Action<cosmic_greeter::greeter::Message>>> + core::marker::Send>>>> as futures_core::stream::Stream>::poll_next
   9: <futures_util::stream::select_all::SelectAll<core::pin::Pin<alloc::boxed::Box<dyn futures_core::stream::Stream<Item = iced_runtime::Action<cosmic::action::Action<cosmic_greeter::greeter::Message>>> + core::marker::Send>>> as futures_core::stream::Stream>::poll_next
  10: <futures_util::stream::futures_unordered::FuturesUnordered<futures_util::stream::stream::into_future::StreamFuture<core::pin::Pin<alloc::boxed::Box<dyn futures_core::stream::Stream<Item = iced_runtime::Action<cosmic::action::Action<cosmic_greeter::greeter::Message>>> + core::marker::Send>>>> as futures_core::stream::Stream>::poll_next
  11: <futures_util::stream::select_all::SelectAll<core::pin::Pin<alloc::boxed::Box<dyn futures_core::stream::Stream<Item = iced_runtime::Action<cosmic::action::Action<cosmic_greeter::greeter::Message>>> + core::marker::Send>>> as futures_core::stream::Stream>::poll_next
  12: <futures_util::stream::futures_unordered::FuturesUnordered<futures_util::stream::stream::into_future::StreamFuture<core::pin::Pin<alloc::boxed::Box<dyn futures_core::stream::Stream<Item = iced_runtime::Action<cosmic::action::Action<cosmic_greeter::greeter::Message>>> + core::marker::Send>>>> as futures_core::stream::Stream>::poll_next
  13: <futures_util::stream::select_all::SelectAll<core::pin::Pin<alloc::boxed::Box<dyn futures_core::stream::Stream<Item = iced_runtime::Action<cosmic::action::Action<cosmic_greeter::greeter::Message>>> + core::marker::Send>>> as futures_core::stream::Stream>::poll_next
  14: <futures_util::stream::stream::forward::Forward<futures_util::stream::stream::map::Map<core::pin::Pin<alloc::boxed::Box<dyn futures_core::stream::Stream<Item = iced_runtime::Action<cosmic::action::Action<cosmic_greeter::greeter::Message>>> + core::marker::Send>>, core::result::Result<iced_runtime::Action<cosmic::action::Action<cosmic_greeter::greeter::Message>>, futures_channel::mpsc::SendError>::Ok>, iced_winit::proxy::Proxy<cosmic::action::Action<cosmic_greeter::greeter::Message>>, iced_runtime::Action<cosmic::action::Action<cosmic_greeter::greeter::Message>>> as core::future::future::Future>::poll
  15: <futures_util::future::future::map::Map<futures_util::stream::stream::Forward<futures_util::stream::stream::map::Map<core::pin::Pin<alloc::boxed::Box<dyn futures_core::stream::Stream<Item = iced_runtime::Action<cosmic::action::Action<cosmic_greeter::greeter::Message>>> + core::marker::Send>>, core::result::Result<iced_runtime::Action<cosmic::action::Action<cosmic_greeter::greeter::Message>>, futures_channel::mpsc::SendError>::Ok>, iced_winit::proxy::Proxy<cosmic::action::Action<cosmic_greeter::greeter::Message>>>, <iced_futures::runtime::Runtime<tokio::runtime::runtime::Runtime, iced_winit::proxy::Proxy<cosmic::action::Action<cosmic_greeter::greeter::Message>>, iced_runtime::Action<cosmic::action::Action<cosmic_greeter::greeter::Message>>>>::run::{closure#0}> as core::future::future::Future>::poll
  16: tokio::runtime::task::raw::poll::<futures_util::future::future::Map<futures_util::stream::stream::Forward<futures_util::stream::stream::map::Map<core::pin::Pin<alloc::boxed::Box<dyn futures_core::stream::Stream<Item = iced_runtime::Action<cosmic::action::Action<cosmic_greeter::greeter::Message>>> + core::marker::Send>>, core::result::Result<iced_runtime::Action<cosmic::action::Action<cosmic_greeter::greeter::Message>>, futures_channel::mpsc::SendError>::Ok>, iced_winit::proxy::Proxy<cosmic::action::Action<cosmic_greeter::greeter::Message>>>, <iced_futures::runtime::Runtime<tokio::runtime::runtime::Runtime, iced_winit::proxy::Proxy<cosmic::action::Action<cosmic_greeter::greeter::Message>>, iced_runtime::Action<cosmic::action::Action<cosmic_greeter::greeter::Message>>>>::run::{closure#0}>, alloc::sync::Arc<tokio::runtime::scheduler::multi_thread::handle::Handle>>
  17: <tokio::runtime::scheduler::multi_thread::worker::Context>::run_task
  18: <tokio::runtime::scheduler::multi_thread::worker::Context>::run
  19: <tokio::runtime::context::scoped::Scoped<tokio::runtime::scheduler::Context>>::set::<tokio::runtime::scheduler::multi_thread::worker::run::{closure#0}::{closure#0}, ()>
  20: tokio::runtime::context::runtime::enter_runtime::<tokio::runtime::scheduler::multi_thread::worker::run::{closure#0}, ()>
  21: tokio::runtime::scheduler::multi_thread::worker::run
  22: <tokio::runtime::blocking::task::BlockingTask<<tokio::runtime::scheduler::multi_thread::worker::Launch>::launch::{closure#0}> as core::future::future::Future>::poll
  23: <tokio::runtime::task::core::Core<tokio::runtime::blocking::task::BlockingTask<<tokio::runtime::scheduler::multi_thread::worker::Launch>::launch::{closure#0}>, tokio::runtime::blocking::schedule::BlockingSchedule>>::poll
  24: <tokio::runtime::task::harness::Harness<tokio::runtime::blocking::task::BlockingTask<<tokio::runtime::scheduler::multi_thread::worker::Launch>::launch::{closure#0}>, tokio::runtime::blocking::schedule::BlockingSchedule>>::poll
  25: <tokio::runtime::blocking::pool::Inner>::run
  26: std::sys::backtrace::__rust_begin_short_backtrace::<<tokio::runtime::blocking::pool::Spawner>::spawn_thread::{closure#0}, ()>
  27: <std::thread::lifecycle::spawn_unchecked<<tokio::runtime::blocking::pool::Spawner>::spawn_thread::{closure#0}, ()>::{closure#1} as core::ops::function::FnOnce<()>>::call_once::{shim:vtable#0}
  28: <std::sys::thread::unix::Thread>::new::thread_start
xkbcommon: ERROR: couldn't find a Compose file for locale "C" (mapped to "C")
xkbcommon: ERROR: couldn't find a Compose file for locale "C" (mapped to "C")
[2m1970-01-01T00:00:02.309656Z[0m [31mERROR[0m [2mcosmic::app::cosmic[0m[2m:[0m cosmic theme config update error [3mwhy[0m[2m=[0mGetKey("list_button", Os { code: 2, kind: NotFound, message: "No such file or directory" })
[2m1970-01-01T00:00:02.387074Z[0m [31mERROR[0m [2mcosmic::theme[0m[2m:[0m error loading system dark theme [3merror[0m[2m=[0mGetKey("list_button", Os { code: 2, kind: NotFound, message: "No such file or directory" })
[2m1970-01-01T00:00:02.387759Z[0m [31mERROR[0m [2mcosmic_greeter::greeter[0m[2m:[0m Randr error: could not exec `cosmic-randr`
[2m1970-01-01T00:00:02.388652Z[0m [32m INFO[0m [2mcosmic_greeter::greeter[0m[2m:[0m output wl_output@39: created
[2m1970-01-01T00:00:02.389169Z[0m [32m INFO[0m [2mcosmic_greeter::common[0m[2m:[0m updating wallpaper for "HDMI-A-1"
[2m1970-01-01T00:00:02.389999Z[0m [31mERROR[0m [2mcosmic_greeter::greeter[0m[2m:[0m Randr error: could not exec `cosmic-randr`
[2m1970-01-01T00:00:05.771340Z[0m [31mERROR[0m [2mcosmic_greeter::common[0m[2m:[0m no rectangle for surface Id(3)
[2m1970-01-01T00:00:43.329878Z[0m [33m WARN[0m [2mcalloop::loop_logic[0m[2m:[0m Received an event for non-existent source [3mreg_token[0m[2m=[0mTokenInner { id: 3, version: 0, sub_id: 0 }
profile: session starting, uid=1000 XDG_RUNTIME_DIR=/run/user/1000
[2m1970-01-01T00:00:43.862850Z[0m [32m INFO[0m [2mbusd[0m[2m:[0m reading configuration file /usr/share/dbus-1/session.conf ...
[2m1970-01-01T00:00:43.876629Z[0m [32m INFO[0m [2mbusd::bus[0m[2m:[0m Listening on UNIX socket file `/run/user/1000/bus`.
[2m1970-01-01T00:00:43.907156Z[0m [33m WARN[0m [2mcosmic_session[0m[2m:[0m failed to connect to journald
[2m1970-01-01T00:00:43.918855Z[0m [32m INFO[0m [2mcosmic_session[0m[2m:[0m Starting cosmic-session
[2m1970-01-01T00:00:43.921017Z[0m [32m INFO[0m [2mlaunch_pad[0m[2m:[0m starting process ' COSMIC_SESSION_SOCK=261 /bin/cosmic-comp  --no-xwayland'
[2m1970-01-01T00:00:48.920858Z[0m [33m WARN[0m [2mcosmic_session[0m[2m:[0m cosmic-comp env handshake did not complete; falling back to WAYLAND_DISPLAY=wayland-1
[2m1970-01-01T00:00:48.925992Z[0m [32m INFO[0m [2mcosmic_session[0m[2m:[0m got environmental variables from cosmic-comp: [("WAYLAND_DISPLAY", "wayland-1")]
[2m1970-01-01T00:00:48.931188Z[0m [33m WARN[0m [2mcosmic_session::systemd[0m[2m:[0m unable to start systemctl --user set-environment XDG_SESSION_TYPE=wayland: No such file or directory (os error 2)
[2m1970-01-01T00:00:48.937499Z[0m [32m INFO[0m [2mlaunch_pad[0m[2m:[0m starting process ' WAYLAND_DISPLAY=wayland-1 XDG_SESSION_TYPE=wayland cosmic-settings-daemon '
[2m1970-01-01T00:00:48.954879Z[0m [33m WARN[0m [2mcosmic_session::systemd[0m[2m:[0m unable to start systemctl --user start --no-block cosmic-session.target: No such file or directory (os error 2)
[2m1970-01-01T00:00:48.981506Z[0m [32m INFO[0m [2mlaunch_pad[0m[2m:[0m starting process ' WAYLAND_DISPLAY=wayland-1 XDG_SESSION_TYPE=wayland DAEMON_NOTIFICATIONS_FD=263 cosmic-notifications '
[2m1970-01-01T00:00:49.008275Z[0m [32m INFO[0m [2mlaunch_pad[0m[2m:[0m starting process ' WAYLAND_DISPLAY=wayland-1 XDG_SESSION_TYPE=wayland PANEL_NOTIFICATIONS_FD=262 cosmic-panel '
[2m1970-01-01T00:00:49.019999Z[0m [32m INFO[0m [2mlaunch_pad[0m[2m:[0m starting process ' WAYLAND_DISPLAY=wayland-1 XDG_SESSION_TYPE=wayland cosmic-app-library '
[2m1970-01-01T00:00:49.180155Z[0m [33m WARN[0m [2mbusd::peers[0m[2m:[0m unknown destination: org.freedesktop.locale1
[2m1970-01-01T00:00:49.181023Z[0m [32m INFO[0m [2mlaunch_pad[0m[2m:[0m starting process ' WAYLAND_DISPLAY=wayland-1 XDG_SESSION_TYPE=wayland cosmic-launcher '
[2m1970-01-01T00:00:49.223948Z[0m [33m WARN[0m [1mcosmic-settings-daemon[0m[2m:[0m [2mcosmic_session[0m[2m:[0m   \x1b[33m WARN\x1b[0m  \x1b[33mFailed to populate properties cache via GetAll: org.freedesktop.DBus.Error.ServiceUnknown: The name org.freedesktop.locale1 was not provided by any .service files. Property change streams will not produce values.\x1b[0m
[2m1970-01-01T00:00:49.235305Z[0m [33m WARN[0m [1mcosmic-settings-daemon[0m[2m:[0m [2mcosmic_session[0m[2m:[0m     \x1b[2;3mat\x1b[0m /Users/forain/.cargo/registry/src/index.crates.io-1949cf8c6b5b557f/zbus-5.16.0/src/proxy/mod.rs:301 \x1b[2;3mon\x1b[0m main
[2m1970-01-01T00:00:49.243023Z[0m [33m WARN[0m [1mcosmic-settings-daemon[0m[2m:[0m [2mcosmic_session[0m[2m:[0m     \x1b[2;3min\x1b[0m \x1b[1m{}\x1b[0m \x1b[2;3mwith\x1b[0m \x1b[3mtask_name\x1b[0m\x1b[2m=\x1b[0m"org.freedesktop.locale1 proxy caching"
[2m1970-01-01T00:00:49.252613Z[0m [33m WARN[0m [1mcosmic-settings-daemon[0m[2m:[0m [2mcosmic_session[0m[2m:[0m 
[2m1970-01-01T00:00:49.256233Z[0m [32m INFO[0m [1mcosmic-notifications[0m[2m:[0m [2mcosmic_session::notifications[0m[2m:[0m \x1b[2m1970-01-01T00:00:49.019999Z\x1b[0m \x1b[33m WARN\x1b[0m \x1b[2mcosmic_notifications\x1b[0m\x1b[2m:\x1b[0m Failed to connect to journald
[2m1970-01-01T00:00:49.276580Z[0m [32m INFO[0m [1mcosmic-notifications[0m[2m:[0m [2mcosmic_session::notifications[0m[2m:[0m \x1b[2m1970-01-01T00:00:49.019999Z\x1b[0m \x1b[32m INFO\x1b[0m \x1b[2mcosmic_notifications\x1b[0m\x1b[2m:\x1b[0m cosmic-notifications (com.system76.CosmicNotifications)
[2m1970-01-01T00:00:49.287222Z[0m [32m INFO[0m [1mcosmic-notifications[0m[2m:[0m [2mcosmic_session::notifications[0m[2m:[0m \x1b[2m1970-01-01T00:00:49.020481Z\x1b[0m \x1b[32m INFO\x1b[0m \x1b[2mcosmic_notifications\x1b[0m\x1b[2m:\x1b[0m Version: 0.1.0 (release)
[2m1970-01-01T00:00:49.293745Z[0m [33m WARN[0m [1mcosmic-app-library[0m[2m:[0m [2mcosmic_session[0m[2m:[0m  INFO  cosmic_app_library > Cosmic App Library (com.system76.CosmicAppLibrary)
[2m1970-01-01T00:00:49.299462Z[0m [33m WARN[0m [1mcosmic-app-library[0m[2m:[0m [2mcosmic_session[0m[2m:[0m  INFO  cosmic_app_library > Version: 0.1.0
[2m1970-01-01T00:00:49.303833Z[0m [33m WARN[0m [1mcosmic-app-library[0m[2m:[0m [2mcosmic_session[0m[2m:[0m  INFO  i18n_embed::requester > Current Locale: []
[2m1970-01-01T00:00:49.308625Z[0m [33m WARN[0m [1mcosmic-app-library[0m[2m:[0m [2mcosmic_session[0m[2m:[0m  INFO  i18n_embed            > Selecting translations for domain "cosmic_app_library"
[2m1970-01-01T00:00:49.321035Z[0m [32m INFO[0m [2mlaunch_pad[0m[2m:[0m starting process ' WAYLAND_DISPLAY=wayland-1 XDG_SESSION_TYPE=wayland cosmic-workspaces '
[2m1970-01-01T00:00:49.386238Z[0m [32m INFO[0m [1mcosmic-notifications[0m[2m:[0m [2mcosmic_session::notifications[0m[2m:[0m \x1b[2m1970-01-01T00:00:49.269999Z\x1b[0m \x1b[31mERROR\x1b[0m \x1b[2mcosmic::theme\x1b[0m\x1b[2m:\x1b[0m error loading system dark theme \x1b[3merror\x1b[0m\x1b[2m=\x1b[0mGetKey("list_button", Os { code: 2, kind: NotFound, message: "No such file or directory" })
[2m1970-01-01T00:00:49.398174Z[0m [32m INFO[0m [1mcosmic-notifications[0m[2m:[0m [2mcosmic_session::notifications[0m[2m:[0m \x1b[2m1970-01-01T00:00:49.270776Z\x1b[0m \x1b[33m WARN\x1b[0m \x1b[2mcosmic_text::font::system\x1b[0m\x1b[2m:\x1b[0m failed to get system locale, falling back to en-US
[2m1970-01-01T00:00:49.405014Z[0m [32m INFO[0m [1mcosmic-notifications[0m[2m:[0m [2mcosmic_session::notifications[0m[2m:[0m \x1b[2m1970-01-01T00:00:49.277910Z\x1b[0m \x1b[33m WARN\x1b[0m \x1b[2mfontdb\x1b[0m\x1b[2m:\x1b[0m Fallback to loading from known font dir paths.
[2m1970-01-01T00:00:49.409999Z[0m [32m INFO[0m [1mcosmic-panel[0m[2m:[0m [2mcosmic_session::notifications[0m[2m:[0m \x1b[2m1970-01-01T00:00:49.278384Z\x1b[0m \x1b[31mERROR\x1b[0m Panel Entry Error: GetKey("padding_overlap", Os { code: 2, kind: NotFound, message: "No such file or directory" })
[2m1970-01-01T00:00:49.416983Z[0m [32m INFO[0m [1mcosmic-panel[0m[2m:[0m [2mcosmic_session::notifications[0m[2m:[0m \x1b[2m1970-01-01T00:00:49.280599Z\x1b[0m \x1b[31mERROR\x1b[0m Panel Entry Error: GetKey("keep_style_on_maximize", Os { code: 2, kind: NotFound, message: "No such file or directory" })
[2m1970-01-01T00:00:49.430161Z[0m [32m INFO[0m [1mcosmic-panel[0m[2m:[0m [2mcosmic_session::notifications[0m[2m:[0m \x1b[2m1970-01-01T00:00:49.280609Z\x1b[0m \x1b[31mERROR\x1b[0m Panel Entry Error: GetKey("padding_overlap", Os { code: 2, kind: NotFound, message: "No such file or directory" })
[2m1970-01-01T00:00:49.439934Z[0m [32m INFO[0m [1mcosmic-panel[0m[2m:[0m [2mcosmic_session::notifications[0m[2m:[0m \x1b[2m1970-01-01T00:00:49.280617Z\x1b[0m \x1b[31mERROR\x1b[0m Panel Entry Error: GetKey("keep_style_on_maximize", Os { code: 2, kind: NotFound, message: "No such file or directory" })
[2m1970-01-01T00:00:49.440069Z[0m [32m INFO[0m [1mcosmic-launcher[0m[2m:[0m [2mcosmic_session[0m[2m:[0m 1970-01-01T00:00:49.293475Z  INFO cosmic-launcher (com.system76.CosmicLauncher)
[2m1970-01-01T00:00:49.445860Z[0m [32m INFO[0m [1mcosmic-launcher[0m[2m:[0m [2mcosmic_session[0m[2m:[0m 1970-01-01T00:00:49.297563Z  INFO Version: 1.0.12 (release)
[2m1970-01-01T00:00:49.450186Z[0m [32m INFO[0m [2mlaunch_pad[0m[2m:[0m starting process ' WAYLAND_DISPLAY=wayland-1 XDG_SESSION_TYPE=wayland cosmic-osd '
[2m1970-01-01T00:00:49.500724Z[0m [33m WARN[0m [1mcosmic-app-library[0m[2m:[0m [2mcosmic_session[0m[2m:[0m  ERROR cosmic::theme         > error loading system dark theme error=GetKey("list_button", Os { code: 2, kind: NotFound, message: "No such file or directory" })
[2m1970-01-01T00:00:49.506307Z[0m [33m WARN[0m [2mbusd::peers[0m[2m:[0m unknown destination: com.system76.CosmicAppLibrary
[2m1970-01-01T00:00:49.509999Z[0m [33m WARN[0m [1mcosmic-workspaces[0m[2m:[0m [2mcosmic_session[0m[2m:[0m [1970-01-01T00:00:49Z INFO  i18n_embed::requester] Current Locale: []
[2m1970-01-01T00:00:49.515176Z[0m [33m WARN[0m [1mcosmic-workspaces[0m[2m:[0m [2mcosmic_session[0m[2m:[0m [1970-01-01T00:00:49Z INFO  i18n_embed] Selecting translations for domain "cosmic_workspaces"
[2m1970-01-01T00:00:49.521413Z[0m [32m INFO[0m [2mlaunch_pad[0m[2m:[0m starting process ' WAYLAND_DISPLAY=wayland-1 XDG_SESSION_TYPE=wayland cosmic-bg '
[2m1970-01-01T00:00:49.573819Z[0m [33m WARN[0m [1mcosmic-app-library[0m[2m:[0m [2mcosmic_session[0m[2m:[0m  INFO  zbus::connection::handshake::common > write_command; command=Auth(Some(External), Some([49, 48, 48, 48]))
[2m1970-01-01T00:00:49.579999Z[0m [33m WARN[0m [1mcosmic-app-library[0m[2m:[0m [2mcosmic_session[0m[2m:[0m  INFO  zbus::connection::handshake::common > write_commands; commands=[Auth(Some(External), Some([49, 48, 48, 48]))] extra_bytes=None
[2m1970-01-01T00:00:49.583845Z[0m [33m WARN[0m [1mcosmic-app-library[0m[2m:[0m [2mcosmic_session[0m[2m:[0m  INFO  tracing::span                       > read_command;
[2m1970-01-01T00:00:49.587725Z[0m [33m WARN[0m [1mcosmic-app-library[0m[2m:[0m [2mcosmic_session[0m[2m:[0m  INFO  zbus::connection::handshake::common > read_commands; n_commands=1
[2m1970-01-01T00:00:49.591736Z[0m [33m WARN[0m [1mcosmic-app-library[0m[2m:[0m [2mcosmic_session[0m[2m:[0m  INFO  zbus::connection::handshake::common > write_commands; commands=[NegotiateUnixFD, Begin] extra_bytes=Some([108, 1, 0, 1, 0, 0, 0, 0, 1, 0, 0, 0, 109, 0, 0, 0, 1, 1, 111, 0, 21, 0, 0, 0, 47, 111, 114, 103, 47, 102, 114, 101, 101, 100, 101, 115, 107, 116, 111, 112, 47, 68, 66, 117, 115, 0, 0, 0, 2, 1, 115, 0, 20, 0, 0, 0, 111, 114, 103, 46, 102, 114, 101, 101, 100, 101, 115, 107, 116, 111, 112, 46, 68, 66, 117, 115, 0, 0, 0, 0, 3, 1, 115, 0, 5, 0, 0, 0, 72, 101, 108, 108, 111, 0, 0, 0, 6, 1, 115, 0, 20, 0, 0, 0, 111, 114, 103, 46, 102, 114, 101, 101, 100, 101, 115, 107, 116, 111, 112, 46, 68, 66, 117, 115, 0, 0, 0, 0])
[2m1970-01-01T00:00:49.621489Z[0m [33m WARN[0m [1mcosmic-app-library[0m[2m:[0m [2mcosmic_session[0m[2m:[0m  INFO  zbus::connection::handshake::common > read_commands; n_commands=1
[2m1970-01-01T00:00:49.626716Z[0m [33m WARN[0m [1mcosmic-app-library[0m[2m:[0m [2mcosmic_session[0m[2m:[0m  WARN  cosmic::app                         > Failed to activate another instance err=MethodError(OwnedErrorName("org.freedesktop.DBus.Error.ServiceUnknown"), Some("The name com.system76.CosmicAppLibrary was not provided by any .service files"), Msg { type: Error, serial: 55, sender: UniqueName("org.freedesktop.DBus"), reply-serial: 2, body: Str, fds: [] })
[2m1970-01-01T00:00:49.639999Z[0m [33m WARN[0m [1mcosmic-app-library[0m[2m:[0m [2mcosmic_session[0m[2m:[0m  WARN  cosmic_text::font::system           > failed to get system locale, falling back to en-US
[2m1970-01-01T00:00:49.646166Z[0m [33m WARN[0m [1mcosmic-app-library[0m[2m:[0m [2mcosmic_session[0m[2m:[0m  WARN  fontdb                              > Fallback to loading from known font dir paths.
[2m1970-01-01T00:00:49.651724Z[0m [32m INFO[0m [2mlaunch_pad[0m[2m:[0m starting process ' WAYLAND_DISPLAY=wayland-1 XDG_SESSION_TYPE=wayland cosmic-greeter '
[2m1970-01-01T00:00:49.677331Z[0m [33m WARN[0m [2mbusd::peers[0m[2m:[0m unknown destination: com.system76.CosmicLauncher
[2m1970-01-01T00:00:49.680293Z[0m [32m INFO[0m [1mcosmic-launcher[0m[2m:[0m [2mcosmic_session[0m[2m:[0m 1970-01-01T00:00:49.605845Z ERROR error loading system dark theme error=GetKey("list_button", Os { code: 2, kind: NotFound, message: "No such file or directory" })
[2m1970-01-01T00:00:49.687682Z[0m [31mERROR[0m [1mcosmic-greeter[0m[2m:[0m [2mcosmic_session[0m[2m:[0m failed to start cosmic-greeter: failed to start process: No such file or directory (os error 2)
[2m1970-01-01T00:00:49.695567Z[0m [32m INFO[0m [2mlaunch_pad[0m[2m:[0m starting process ' WAYLAND_DISPLAY=wayland-1 XDG_SESSION_TYPE=wayland cosmic-files-applet '
[2m1970-01-01T00:00:49.699781Z[0m [33m WARN[0m [2mbusd::peers[0m[2m:[0m unknown destination: org.a11y.Bus
[2m1970-01-01T00:00:49.740830Z[0m [32m INFO[0m [1mcosmic-launcher[0m[2m:[0m [2mcosmic_session[0m[2m:[0m 1970-01-01T00:00:49.680212Z  WARN Failed to activate another instance err=MethodError(OwnedErrorName("org.freedesktop.DBus.Error.ServiceUnknown"), Some("The name com.system76.CosmicLauncher was not provided by any .service files"), Msg { type: Error, serial: 61, sender: UniqueName("org.freedesktop.DBus"), reply-serial: 2, body: Str, fds: [] })
[2m1970-01-01T00:00:49.750121Z[0m [32m INFO[0m [2mlaunch_pad[0m[2m:[0m starting process ' WAYLAND_DISPLAY=wayland-1 XDG_SESSION_TYPE=wayland cosmic-idle '
[2m1970-01-01T00:00:49.764005Z[0m [33m WARN[0m [2mbusd::peers[0m[2m:[0m unknown destination: com.system76.CosmicWorkspaces
[2m1970-01-01T00:00:49.800102Z[0m [33m WARN[0m [1mcosmic-workspaces[0m[2m:[0m [2mcosmic_session[0m[2m:[0m [1970-01-01T00:00:49Z ERROR cosmic::theme] error loading system dark theme error=GetKey("list_button", Os { code: 2, kind: NotFound, message: "No such file or directory" })
[2m1970-01-01T00:00:49.809500Z[0m [33m WARN[0m [1mcosmic-workspaces[0m[2m:[0m [2mcosmic_session[0m[2m:[0m [1970-01-01T00:00:49Z INFO  zbus::connection::handshake::common] write_command; command=Auth(Some(External), Some([49, 48, 48, 48]))
[2m1970-01-01T00:00:49.810028Z[0m [33m WARN[0m [1mcosmic-workspaces[0m[2m:[0m [2mcosmic_session[0m[2m:[0m [1970-01-01T00:00:49Z INFO  zbus::connection::handshake::common] write_commands; commands=[Auth(Some(External), Some([49, 48, 48, 48]))] extra_bytes=None
[2m1970-01-01T00:00:49.816861Z[0m [33m WARN[0m [1mcosmic-workspaces[0m[2m:[0m [2mcosmic_session[0m[2m:[0m [1970-01-01T00:00:49Z INFO  tracing::span] read_command;
[2m1970-01-01T00:00:49.820019Z[0m [33m WARN[0m [1mcosmic-workspaces[0m[2m:[0m [2mcosmic_session[0m[2m:[0m [1970-01-01T00:00:49Z INFO  zbus::connection::handshake::common] read_commands; n_commands=1
[2m1970-01-01T00:00:49.827814Z[0m [33m WARN[0m [1mcosmic-workspaces[0m[2m:[0m [2mcosmic_session[0m[2m:[0m [1970-01-01T00:00:49Z INFO  zbus::connection::handshake::common] write_commands; commands=[NegotiateUnixFD, Begin] extra_bytes=Some([108, 1, 0, 1, 0, 0, 0, 0, 1, 0, 0, 0, 109, 0, 0, 0, 1, 1, 111, 0, 21, 0, 0, 0, 47, 111, 114, 103, 47, 102, 114, 101, 101, 100, 101, 115, 107, 116, 111, 112, 47, 68, 66, 117, 115, 0, 0, 0, 2, 1, 115, 0, 20, 0, 0, 0, 111, 114, 103, 46, 102, 114, 101, 101, 100, 101, 115, 107, 116, 111, 112, 46, 68, 66, 117, 115, 0, 0, 0, 0, 3, 1, 115, 0, 5, 0, 0, 0, 72, 101, 108, 108, 111, 0, 0, 0, 6, 1, 115, 0, 20, 0, 0, 0, 111, 114, 103, 46, 102, 114, 101, 101, 100, 101, 115, 107, 116, 111, 112, 46, 68, 66, 117, 115, 0, 0, 0, 0])
[2m1970-01-01T00:00:49.830052Z[0m [33m WARN[0m [1mcosmic-workspaces[0m[2m:[0m [2mcosmic_session[0m[2m:[0m [1970-01-01T00:00:49Z INFO  zbus::connection::handshake::common] read_commands; n_commands=1
[2m1970-01-01T00:00:49.861896Z[0m [33m WARN[0m [1mcosmic-workspaces[0m[2m:[0m [2mcosmic_session[0m[2m:[0m [1970-01-01T00:00:49Z WARN  cosmic::app] Failed to activate another instance err=MethodError(OwnedErrorName("org.freedesktop.DBus.Error.ServiceUnknown"), Some("The name com.system76.CosmicWorkspaces was not provided by any .service files"), Msg { type: Error, serial: 66, sender: UniqueName("org.freedesktop.DBus"), reply-serial: 2, body: Str, fds: [] })
[2m1970-01-01T00:00:49.875653Z[0m [33m WARN[0m [1mcosmic-workspaces[0m[2m:[0m [2mcosmic_session[0m[2m:[0m [1970-01-01T00:00:49Z WARN  cosmic_text::font::system] failed to get system locale, falling back to en-US
[2m1970-01-01T00:00:49.880702Z[0m [33m WARN[0m [1mcosmic-workspaces[0m[2m:[0m [2mcosmic_session[0m[2m:[0m [1970-01-01T00:00:49Z WARN  fontdb] Fallback to loading from known font dir paths.
[2m1970-01-01T00:00:49.887302Z[0m [33m WARN[0m [1mcosmic-osd[0m[2m:[0m [2mcosmic_session[0m[2m:[0m [1970-01-01T00:00:49Z ERROR cosmic::theme] error loading system dark theme error=GetKey("list_button", Os { code: 2, kind: NotFound, message: "No such file or directory" })
[2m1970-01-01T00:00:49.887603Z[0m [33m WARN[0m [2mbusd::peers[0m[2m:[0m unknown destination: com.system76.CosmicOnScreenDisplay
[2m1970-01-01T00:00:49.889999Z[0m [33m WARN[0m [1mcosmic-osd[0m[2m:[0m [2mcosmic_session[0m[2m:[0m [1970-01-01T00:00:49Z INFO  zbus::connection::handshake::common] write_command; command=Auth(Some(External), Some([49, 48, 48, 48]))
[2m1970-01-01T00:00:49.896454Z[0m [33m WARN[0m [1mcosmic-osd[0m[2m:[0m [2mcosmic_session[0m[2m:[0m [1970-01-01T00:00:49Z INFO  zbus::connection::handshake::common] write_commands; commands=[Auth(Some(External), Some([49, 48, 48, 48]))] extra_bytes=None
[2m1970-01-01T00:00:49.902620Z[0m [33m WARN[0m [1mcosmic-osd[0m[2m:[0m [2mcosmic_session[0m[2m:[0m [1970-01-01T00:00:49Z INFO  tracing::span] read_command;
[2m1970-01-01T00:00:49.906670Z[0m [33m WARN[0m [1mcosmic-osd[0m[2m:[0m [2mcosmic_session[0m[2m:[0m [1970-01-01T00:00:49Z INFO  zbus::connection::handshake::common] read_commands; n_commands=1
[2m1970-01-01T00:00:49.910122Z[0m [33m WARN[0m [1mcosmic-osd[0m[2m:[0m [2mcosmic_session[0m[2m:[0m [1970-01-01T00:00:49Z INFO  zbus::connection::handshake::common] write_commands; commands=[NegotiateUnixFD, Begin] extra_bytes=Some([108, 1, 0, 1, 0, 0, 0, 0, 1, 0, 0, 0, 109, 0, 0, 0, 1, 1, 111, 0, 21, 0, 0, 0, 47, 111, 114, 103, 47, 102, 114, 101, 101, 100, 101, 115, 107, 116, 111, 112, 47, 68, 66, 117, 115, 0, 0, 0, 2, 1, 115, 0, 20, 0, 0, 0, 111, 114, 103, 46, 102, 114, 101, 101, 100, 101, 115, 107, 116, 111, 112, 46, 68, 66, 117, 115, 0, 0, 0, 0, 3, 1, 115, 0, 5, 0, 0, 0, 72, 101, 108, 108, 111, 0, 0, 0, 6, 1, 115, 0, 20, 0, 0, 0, 111, 114, 103, 46, 102, 114, 101, 101, 100, 101, 115, 107, 116, 111, 112, 46, 68, 66, 117, 115, 0, 0, 0, 0])
[2m1970-01-01T00:00:49.930169Z[0m [33m WARN[0m [1mcosmic-osd[0m[2m:[0m [2mcosmic_session[0m[2m:[0m [1970-01-01T00:00:49Z INFO  zbus::connection::handshake::common] read_commands; n_commands=1
[2m1970-01-01T00:00:49.934847Z[0m [33m WARN[0m [1mcosmic-files-applet[0m[2m:[0m [2mcosmic_session[0m[2m:[0m   \x1b[32m INFO\x1b[0m  \x1b[32mCurrent Locale: []\x1b[0m
[2m1970-01-01T00:00:49.938844Z[0m [33m WARN[0m [1mcosmic-files-applet[0m[2m:[0m [2mcosmic_session[0m[2m:[0m     \x1b[2;3mat\x1b[0m /Users/forain/.cargo/registry/src/index.crates.io-1949cf8c6b5b557f/i18n-embed-0.16.0/src/requester.rs:299 \x1b[2;3mon\x1b[0m main
[2m1970-01-01T00:00:49.945237Z[0m [33m WARN[0m [1mcosmic-files-applet[0m[2m:[0m [2mcosmic_session[0m[2m:[0m 
[2m1970-01-01T00:00:49.949027Z[0m [33m WARN[0m [1mcosmic-files-applet[0m[2m:[0m [2mcosmic_session[0m[2m:[0m   \x1b[32m INFO\x1b[0m  \x1b[32mSelecting translations for domain "cosmic_files"\x1b[0m
[2m1970-01-01T00:00:49.953945Z[0m [33m WARN[0m [1mcosmic-files-applet[0m[2m:[0m [2mcosmic_session[0m[2m:[0m     \x1b[2;3mat\x1b[0m /Users/forain/.cargo/registry/src/index.crates.io-1949cf8c6b5b557f/i18n-embed-0.16.0/src/lib.rs:602 \x1b[2;3mon\x1b[0m main
[2m1970-01-01T00:00:49.961741Z[0m [33m WARN[0m [1mcosmic-files-applet[0m[2m:[0m [2mcosmic_session[0m[2m:[0m 
[2m1970-01-01T00:00:49.965215Z[0m [33m WARN[0m [1mcosmic-osd[0m[2m:[0m [2mcosmic_session[0m[2m:[0m [1970-01-01T00:00:49Z WARN  cosmic::app] Failed to activate another instance err=MethodError(OwnedErrorName("org.freedesktop.DBus.Error.ServiceUnknown"), Some("The name com.system76.CosmicOnScreenDisplay was not provided by any .service files"), Msg { type: Error, serial: 81, sender: UniqueName("org.freedesktop.DBus"), reply-serial: 2, body: Str, fds: [] })
[2m1970-01-01T00:00:49.978895Z[0m [33m WARN[0m [1mcosmic-osd[0m[2m:[0m [2mcosmic_session[0m[2m:[0m [1970-01-01T00:00:49Z WARN  cosmic_text::font::system] failed to get system locale, falling back to en-US
[2m1970-01-01T00:00:49.986950Z[0m [33m WARN[0m [1mcosmic-osd[0m[2m:[0m [2mcosmic_session[0m[2m:[0m [1970-01-01T00:00:49Z WARN  fontdb] Fallback to loading from known font dir paths.
[2m1970-01-01T00:00:50.105635Z[0m [33m WARN[0m [1mcosmic-files-applet[0m[2m:[0m [2mcosmic_session[0m[2m:[0m   \x1b[31mERROR\x1b[0m  \x1b[31merror loading system dark theme, \x1b[1;31merror\x1b[0m\x1b[31m: GetKey("list_button", Os { code: 2, kind: NotFound, message: "No such file or directory" })\x1b[0m
[2m1970-01-01T00:00:50.116293Z[0m [33m WARN[0m [1mcosmic-files-applet[0m[2m:[0m [2mcosmic_session[0m[2m:[0m     \x1b[2;3mat\x1b[0m /Users/forain/.cargo/git/checkouts/libcosmic-41009aea1d72760b/96a8204/src/theme/mod.rs:95 \x1b[2;3mon\x1b[0m main
[2m1970-01-01T00:00:50.123569Z[0m [33m WARN[0m [1mcosmic-files-applet[0m[2m:[0m [2mcosmic_session[0m[2m:[0m 
[2m1970-01-01T00:00:50.137633Z[0m [32m INFO[0m [1mcosmic-panel[0m[2m:[0m [2mcosmic_session::notifications[0m[2m:[0m \x1b[2m1970-01-01T00:00:50.137434Z\x1b[0m \x1b[33m WARN\x1b[0m Error loading light theme: GetKey("list_button", Os { code: 2, kind: NotFound, message: "No such file or directory" })
[2m1970-01-01T00:00:50.272587Z[0m [33m WARN[0m [1mcosmic-files-applet[0m[2m:[0m [2mcosmic_session[0m[2m:[0m   \x1b[31mERROR\x1b[0m  \x1b[31merror loading system dark theme, \x1b[1;31merror\x1b[0m\x1b[31m: GetKey("list_button", Os { code: 2, kind: NotFound, message: "No such file or directory" })\x1b[0m
[2m1970-01-01T00:00:50.280035Z[0m [33m WARN[0m [1mcosmic-files-applet[0m[2m:[0m [2mcosmic_session[0m[2m:[0m     \x1b[2;3mat\x1b[0m /Users/forain/.cargo/git/checkouts/libcosmic-41009aea1d72760b/96a8204/src/theme/mod.rs:95 \x1b[2;3mon\x1b[0m main
[2m1970-01-01T00:00:50.288158Z[0m [33m WARN[0m [1mcosmic-files-applet[0m[2m:[0m [2mcosmic_session[0m[2m:[0m 
[2m1970-01-01T00:00:50.290115Z[0m [32m INFO[0m [1mcosmic-panel[0m[2m:[0m [2mcosmic_session::notifications[0m[2m:[0m \x1b[2m1970-01-01T00:00:50.287712Z\x1b[0m \x1b[33m WARN\x1b[0m Error loading dark theme: GetKey("list_button", Os { code: 2, kind: NotFound, message: "No such file or directory" })
[2m1970-01-01T00:00:50.300012Z[0m [33m WARN[0m [1mcosmic-files-applet[0m[2m:[0m [2mcosmic_session[0m[2m:[0m   \x1b[33m WARN\x1b[0m  \x1b[33mfailed to locate desktop directory, falling back to /home/leandro/Desktop\x1b[0m
[2m1970-01-01T00:00:50.307997Z[0m [33m WARN[0m [1mcosmic-files-applet[0m[2m:[0m [2mcosmic_session[0m[2m:[0m     \x1b[2;3mat\x1b[0m src/lib.rs:50 \x1b[2;3mon\x1b[0m main
[2m1970-01-01T00:00:50.310027Z[0m [33m WARN[0m [1mcosmic-files-applet[0m[2m:[0m [2mcosmic_session[0m[2m:[0m 
[2m1970-01-01T00:00:50.313143Z[0m [33m WARN[0m [1mcosmic-files-applet[0m[2m:[0m [2mcosmic_session[0m[2m:[0m   \x1b[33m WARN\x1b[0m  \x1b[33mfailed to get system locale, falling back to en-US\x1b[0m
[2m1970-01-01T00:00:50.319979Z[0m [33m WARN[0m [1mcosmic-files-applet[0m[2m:[0m [2mcosmic_session[0m[2m:[0m     \x1b[2;3mat\x1b[0m /Users/forain/.cargo/registry/src/index.crates.io-1949cf8c6b5b557f/cosmic-text-0.19.0/src/font/system.rs:423 \x1b[2;3mon\x1b[0m main
[2m1970-01-01T00:00:50.320035Z[0m [33m WARN[0m [1mcosmic-files-applet[0m[2m:[0m [2mcosmic_session[0m[2m:[0m 
[2m1970-01-01T00:00:50.323382Z[0m [33m WARN[0m [1mcosmic-files-applet[0m[2m:[0m [2mcosmic_session[0m[2m:[0m   \x1b[33m WARN\x1b[0m  \x1b[33mFallback to loading from known font dir paths.\x1b[0m
[2m1970-01-01T00:00:50.329921Z[0m [33m WARN[0m [1mcosmic-files-applet[0m[2m:[0m [2mcosmic_session[0m[2m:[0m     \x1b[2;3mat\x1b[0m /Users/forain/.cargo/registry/src/index.crates.io-1949cf8c6b5b557f/fontdb-0.23.0/src/lib.rs:466 \x1b[2;3mon\x1b[0m main
[2m1970-01-01T00:00:50.330046Z[0m [33m WARN[0m [1mcosmic-files-applet[0m[2m:[0m [2mcosmic_session[0m[2m:[0m 
[2m1970-01-01T00:00:50.333178Z[0m [32m INFO[0m [1mcosmic-panel[0m[2m:[0m [2mcosmic_session::notifications[0m[2m:[0m \x1b[2m1970-01-01T00:00:50.301616Z\x1b[0m \x1b[32m INFO\x1b[0m Watching panel config entries for changes Config { system_path: Some("/usr/share/cosmic/com.system76.CosmicPanel/v1"), user_path: Some("/home/leandro/.config/cosmic/com.system76.CosmicPanel/v1"), previous: None }
[2m1970-01-01T00:00:50.340026Z[0m [32m INFO[0m [1mcosmic-panel[0m[2m:[0m [2mcosmic_session::notifications[0m[2m:[0m \x1b[2m1970-01-01T00:00:50.310014Z\x1b[0m \x1b[32m INFO\x1b[0m Watching panel config entry: Config { system_path: Some("/usr/share/cosmic/com.system76.CosmicPanel.Panel/v1"), user_path: Some("/home/leandro/.config/cosmic/com.system76.CosmicPanel.Panel/v1"), previous: None }
[2m1970-01-01T00:00:50.348882Z[0m [32m INFO[0m [1mcosmic-panel[0m[2m:[0m [2mcosmic_session::notifications[0m[2m:[0m \x1b[2m1970-01-01T00:00:50.319999Z\x1b[0m \x1b[32m INFO\x1b[0m Watching panel config entry: Config { system_path: Some("/usr/share/cosmic/com.system76.CosmicPanel.Dock/v1"), user_path: Some("/home/leandro/.config/cosmic/com.system76.CosmicPanel.Dock/v1"), previous: None }
[2m1970-01-01T00:00:50.350034Z[0m [32m INFO[0m [1mcosmic-panel[0m[2m:[0m [2mcosmic_session::notifications[0m[2m:[0m \x1b[2m1970-01-01T00:00:50.329999Z\x1b[0m \x1b[32m INFO\x1b[0m Watching panel config successful
[2m1970-01-01T00:00:50.355550Z[0m [32m INFO[0m [1mcosmic-panel[0m[2m:[0m [2mcosmic_session::notifications[0m[2m:[0m \x1b[2m1970-01-01T00:00:50.339999Z\x1b[0m \x1b[32m INFO\x1b[0m Connecting to notifications daemon
[2m1970-01-01T00:00:55.340958Z[0m [32m INFO[0m [1mcosmic-panel[0m[2m:[0m [2mcosmic_session::notifications[0m[2m:[0m \x1b[2m1970-01-01T00:00:55.340269Z\x1b[0m \x1b[31mERROR\x1b[0m Failed to connect to the notifications daemon.
[2m1970-01-01T00:01:28.964289Z[0m [31mERROR[0m [2mpanic[0m[2m:[0m thread 'main' panicked at 'called `Result::unwrap()` on an `Err` value: {"WAYLAND_DISPLAY": "wayland-1"}': src/comp.rs:37
   0: <log_panics::Config>::install_panic_hook::{closure#0}
   1: std::panicking::panic_with_hook
   2: std::panicking::panic_handler::{closure#0}
   3: std::sys::backtrace::__rust_end_short_backtrace::<std::panicking::panic_handler::{closure#0}, !>
   4: __rustc::rust_begin_unwind
   5: core::panicking::panic_fmt
   6: core::result::unwrap_failed
   7: cosmic_session::comp::parse_and_handle_ipc
   8: <core::future::poll_fn::PollFn<cosmic_session::comp::run_compositor::{closure#0}::{closure#1}> as core::future::future::Future>::poll
   9: cosmic_session::comp::run_compositor::{closure#0}
  10: <tokio::runtime::task::core::Core<cosmic_session::comp::run_compositor::{closure#0}, alloc::sync::Arc<tokio::runtime::scheduler::current_thread::Handle>>>::poll
  11: <tokio::runtime::task::harness::Harness<cosmic_session::comp::run_compositor::{closure#0}, alloc::sync::Arc<tokio::runtime::scheduler::current_thread::Handle>>>::poll
  12: <tokio::runtime::scheduler::current_thread::Context>::enter::<(), <tokio::runtime::scheduler::current_thread::Context>::run_task<(), <tokio::runtime::scheduler::current_thread::CoreGuard>::block_on<core::pin::Pin<&mut cosmic_session::main::{closure#0}>>::{closure#0}::{closure#1}>::{closure#0}>
  13: <tokio::runtime::context::scoped::Scoped<tokio::runtime::scheduler::Context>>::set::<<tokio::runtime::scheduler::current_thread::CoreGuard>::enter<<tokio::runtime::scheduler::current_thread::CoreGuard>::block_on<core::pin::Pin<&mut cosmic_session::main::{closure#0}>>::{closure#0}, core::option::Option<core::result::Result<(), eyre::Report>>>::{closure#0}, (alloc::boxed::Box<tokio::runtime::scheduler::current_thread::Core>, core::option::Option<core::result::Result<(), eyre::Report>>)>
  14: <tokio::runtime::scheduler::current_thread::CoreGuard>::block_on::<core::pin::Pin<&mut cosmic_session::main::{closure#0}>>
  15: tokio::runtime::context::runtime::enter_runtime::<<tokio::runtime::scheduler::current_thread::CurrentThread>::block_on<cosmic_session::main::{closure#0}>::{closure#0}, core::result::Result<(), eyre::Report>>
  16: <tokio::runtime::runtime::Runtime>::block_on::<cosmic_session::main::{closure#0}>
  17: cosmic_session::main
  18: std::sys::backtrace::__rust_begin_short_backtrace::<fn() -> core::result::Result<(), eyre::Report>, core::result::Result<(), eyre::Report>>
  19: std::rt::lang_start::<core::result::Result<(), eyre::Report>>::{closure#0}
  20: std::rt::lang_start_internal
  21: main

[2m1970-01-01T00:01:29.063482Z[0m [33m WARN[0m [2mbusd::peers[0m[2m:[0m unknown destination: com.system76.PowerDaemon
[2m1970-01-01T00:01:29.240595Z[0m [32m INFO[0m [1mcosmic-panel[0m[2m:[0m [2mcosmic_session::notifications[0m[2m:[0m \x1b[2m1970-01-01T00:01:29.238723Z\x1b[0m \x1b[32m INFO\x1b[0m \x1b[1minput_seat\x1b[0m\x1b[1m{\x1b[0m\x1b[3mname\x1b[0m\x1b[2m=\x1b[0m"seat-0"\x1b[1m}\x1b[0m\x1b[2m:\x1b[0m\x1b[1madd_keyboard_with_context_flags\x1b[0m\x1b[1m{\x1b[0m\x1b[3mxkb_config\x1b[0m\x1b[2m=\x1b[0mXkbConfig { rules: "", model: "", layout: "", variant: "", options: None } \x1b[3mrepeat_delay\x1b[0m\x1b[2m=\x1b[0m200 \x1b[3mrepeat_rate\x1b[0m\x1b[2m=\x1b[0m20 \x1b[3mcontext_flags\x1b[0m\x1b[2m=\x1b[0m0\x1b[1m}\x1b[0m\x1b[2m:\x1b[0m\x1b[1minput_keyboard\x1b[0m\x1b[2m:\x1b[0m Initializing a xkbcommon handler with keymap query
[2m1970-01-01T00:01:29.254632Z[0m [33m WARN[0m [1mcosmic-osd[0m[2m:[0m [2mcosmic_session[0m[2m:[0m xkbcommon: ERROR: couldn't find a Compose file for locale "C" (mapped to "C")
[2m1970-01-01T00:01:29.260390Z[0m [33m WARN[0m [1mcosmic-app-library[0m[2m:[0m [2mcosmic_session[0m[2m:[0m xkbcommon: ERROR: couldn't find a Compose file for locale "C" (mapped to "C")
[2m1970-01-01T00:01:29.275158Z[0m [33m WARN[0m [1mcosmic-launcher[0m[2m:[0m [2mcosmic_session[0m[2m:[0m xkbcommon: ERROR: couldn't find a Compose file for locale "C" (mapped to "C")
[2m1970-01-01T00:01:29.280137Z[0m [33m WARN[0m [1mcosmic-files-applet[0m[2m:[0m [2mcosmic_session[0m[2m:[0m xkbcommon: ERROR: couldn't find a Compose file for locale "C" (mapped to "C")
[2m1970-01-01T00:01:29.289677Z[0m [33m WARN[0m [1mcosmic-workspaces[0m[2m:[0m [2mcosmic_session[0m[2m:[0m xkbcommon: ERROR: couldn't find a Compose file for locale "C" (mapped to "C")
[2m1970-01-01T00:01:29.290325Z[0m [33m WARN[0m [1mcosmic-idle[0m[2m:[0m [2mcosmic_session[0m[2m:[0m [1970-01-01T00:01:29Z WARN  cosmic_settings_config::shortcuts] Skipping over invalid SystemAction (
[2m1970-01-01T00:01:29.292146Z[0m [33m WARN[0m [1mcosmic-idle[0m[2m:[0m [2mcosmic_session[0m[2m:[0m         /// Toggles the screen reader
[2m1970-01-01T00:01:29.293585Z[0m [33m WARN[0m [1mcosmic-idle[0m[2m:[0m [2mcosmic_session[0m[2m:[0m         ScreenReader): 3:5-3:17: Unexpected variant named `ScreenReader` in enum `System`, expected one of `AppLibrary`, `BrightnessDown`, `BrightnessUp`, `DisplayToggle`, `HomeFolder`, `InputSourceSwitch`, `KeyboardBrightnessDown`, `KeyboardBrightnessUp`, `Launcher`, `LockScreen`, `LogOut`, `Mute`, `MuteMic`, `PlayPause`, `PlayNext`, `PlayPrev`, `PowerOff`, `Screenshot`, `Suspend`, `Terminal`, `TouchpadToggle`, `VolumeLower`, `VolumeRaise`, `WebBrowser`, `WindowSwitcher`, `WindowSwitcherPrevious`, or `WorkspaceOverview` instead
[2m1970-01-01T00:01:29.306754Z[0m [33m WARN[0m [1mcosmic-idle[0m[2m:[0m [2mcosmic_session[0m[2m:[0m [1970-01-01T00:01:29Z WARN  cosmic_settings_config::shortcuts] Skipping over invalid SystemAction (
[2m1970-01-01T00:01:29.308691Z[0m [33m WARN[0m [1mcosmic-idle[0m[2m:[0m [2mcosmic_session[0m[2m:[0m         /// Toggles the screen reader
[2m1970-01-01T00:01:29.309811Z[0m [33m WARN[0m [1mcosmic-idle[0m[2m:[0m [2mcosmic_session[0m[2m:[0m         ScreenReader): 3:5-3:17: Unexpected variant named `ScreenReader` in enum `System`, expected one of `AppLibrary`, `BrightnessDown`, `BrightnessUp`, `DisplayToggle`, `HomeFolder`, `InputSourceSwitch`, `KeyboardBrightnessDown`, `KeyboardBrightnessUp`, `Launcher`, `LockScreen`, `LogOut`, `Mute`, `MuteMic`, `PlayPause`, `PlayNext`, `PlayPrev`, `PowerOff`, `Screenshot`, `Suspend`, `Terminal`, `TouchpadToggle`, `VolumeLower`, `VolumeRaise`, `WebBrowser`, `WindowSwitcher`, `WindowSwitcherPrevious`, or `WorkspaceOverview` instead
[2m1970-01-01T00:01:29.315021Z[0m [33m WARN[0m [1mcosmic-notifications[0m[2m:[0m [2mcosmic_session::notifications[0m[2m:[0m xkbcommon: ERROR: couldn't find a Compose file for locale "C" (mapped to "C")
[2m1970-01-01T00:01:29.333243Z[0m [33m WARN[0m [1mcosmic-app-library[0m[2m:[0m [2mcosmic_session[0m[2m:[0m  INFO  zbus::connection::handshake::common > write_command; command=Auth(Some(External), Some([49, 48, 48, 48]))
[2m1970-01-01T00:01:29.335063Z[0m [33m WARN[0m [1mcosmic-app-library[0m[2m:[0m [2mcosmic_session[0m[2m:[0m  INFO  zbus::connection::handshake::common > write_commands; commands=[Auth(Some(External), Some([49, 48, 48, 48]))] extra_bytes=None
[2m1970-01-01T00:01:29.336940Z[0m [33m WARN[0m [1mcosmic-app-library[0m[2m:[0m [2mcosmic_session[0m[2m:[0m  INFO  tracing::span                       > read_command;
[2m1970-01-01T00:01:29.338318Z[0m [33m WARN[0m [1mcosmic-app-library[0m[2m:[0m [2mcosmic_session[0m[2m:[0m  INFO  zbus::connection::handshake::common > read_commands; n_commands=1
[2m1970-01-01T00:01:29.339503Z[0m [33m WARN[0m [1mcosmic-osd[0m[2m:[0m [2mcosmic_session[0m[2m:[0m [1970-01-01T00:01:29Z INFO  zbus::connection::handshake::common] write_command; command=Auth(Some(External), Some([49, 48, 48, 48]))
[2m1970-01-01T00:01:29.340712Z[0m [33m WARN[0m [1mcosmic-osd[0m[2m:[0m [2mcosmic_session[0m[2m:[0m [1970-01-01T00:01:29Z INFO  zbus::connection::handshake::common] write_commands; commands=[Auth(Some(External), Some([49, 48, 48, 48]))] extra_bytes=None
[2m1970-01-01T00:01:29.342597Z[0m [33m WARN[0m [1mcosmic-osd[0m[2m:[0m [2mcosmic_session[0m[2m:[0m [1970-01-01T00:01:29Z INFO  tracing::span] read_command;
[2m1970-01-01T00:01:29.344117Z[0m [33m WARN[0m [1mcosmic-osd[0m[2m:[0m [2mcosmic_session[0m[2m:[0m [1970-01-01T00:01:29Z INFO  zbus::connection::handshake::common] read_commands; n_commands=1
[2m1970-01-01T00:01:29.345937Z[0m [33m WARN[0m [1mcosmic-app-library[0m[2m:[0m [2mcosmic_session[0m[2m:[0m  INFO  zbus::connection::handshake::common > write_commands; commands=[NegotiateUnixFD, Begin] extra_bytes=Some([108, 1, 0, 1, 0, 0, 0, 0, 3, 0, 0, 0, 109, 0, 0, 0, 1, 1, 111, 0, 21, 0, 0, 0, 47, 111, 114, 103, 47, 102, 114, 101, 101, 100, 101, 115, 107, 116, 111, 112, 47, 68, 66, 117, 115, 0, 0, 0, 2, 1, 115, 0, 20, 0, 0, 0, 111, 114, 103, 46, 102, 114, 101, 101, 100, 101, 115, 107, 116, 111, 112, 46, 68, 66, 117, 115, 0, 0, 0, 0, 3, 1, 115, 0, 5, 0, 0, 0, 72, 101, 108, 108, 111, 0, 0, 0, 6, 1, 115, 0, 20, 0, 0, 0, 111, 114, 103, 46, 102, 114, 101, 101, 100, 101, 115, 107, 116, 111, 112, 46, 68, 66, 117, 115, 0, 0, 0, 0])
[2m1970-01-01T00:01:29.362693Z[0m [33m WARN[0m [1mcosmic-app-library[0m[2m:[0m [2mcosmic_session[0m[2m:[0m  INFO  zbus::connection::handshake::common > read_commands; n_commands=1
[2m1970-01-01T00:01:29.363821Z[0m [33m WARN[0m [1mcosmic-osd[0m[2m:[0m [2mcosmic_session[0m[2m:[0m [1970-01-01T00:01:29Z INFO  zbus::connection::handshake::common] write_commands; commands=[NegotiateUnixFD, Begin] extra_bytes=Some([108, 1, 0, 1, 0, 0, 0, 0, 3, 0, 0, 0, 109, 0, 0, 0, 1, 1, 111, 0, 21, 0, 0, 0, 47, 111, 114, 103, 47, 102, 114, 101, 101, 100, 101, 115, 107, 116, 111, 112, 47, 68, 66, 117, 115, 0, 0, 0, 2, 1, 115, 0, 20, 0, 0, 0, 111, 114, 103, 46, 102, 114, 101, 101, 100, 101, 115, 107, 116, 111, 112, 46, 68, 66, 117, 115, 0, 0, 0, 0, 3, 1, 115, 0, 5, 0, 0, 0, 72, 101, 108, 108, 111, 0, 0, 0, 6, 1, 115, 0, 20, 0, 0, 0, 111, 114, 103, 46, 102, 114, 101, 101, 100, 101, 115, 107, 116, 111, 112, 46, 68, 66, 117, 115, 0, 0, 0, 0])
[2m1970-01-01T00:01:29.367335Z[0m [33m WARN[0m [1mcosmic-osd[0m[2m:[0m [2mcosmic_session[0m[2m:[0m [1970-01-01T00:01:29Z INFO  zbus::connection::handshake::common] read_commands; n_commands=1
[2m1970-01-01T00:01:29.367839Z[0m [33m WARN[0m [1mcosmic-idle[0m[2m:[0m [2mcosmic_session[0m[2m:[0m [1970-01-01T00:01:29Z INFO  tracing::span] perform;
[2m1970-01-01T00:01:29.368257Z[0m [33m WARN[0m [1mcosmic-idle[0m[2m:[0m [2mcosmic_session[0m[2m:[0m [1970-01-01T00:01:29Z INFO  tracing::span] authenticate;
[2m1970-01-01T00:01:29.368681Z[0m [33m WARN[0m [1mcosmic-idle[0m[2m:[0m [2mcosmic_session[0m[2m:[0m [1970-01-01T00:01:29Z INFO  zbus::connection::handshake::common] write_command; command=Auth(Some(External), Some([49, 48, 48, 48]))
[2m1970-01-01T00:01:29.369446Z[0m [33m WARN[0m [1mcosmic-idle[0m[2m:[0m [2mcosmic_session[0m[2m:[0m [1970-01-01T00:01:29Z INFO  zbus::connection::handshake::common] write_commands; commands=[Auth(Some(External), Some([49, 48, 48, 48]))] extra_bytes=None
[2m1970-01-01T00:01:29.370848Z[0m [33m WARN[0m [1mcosmic-idle[0m[2m:[0m [2mcosmic_session[0m[2m:[0m [1970-01-01T00:01:29Z INFO  tracing::span] read_command;
[2m1970-01-01T00:01:29.371248Z[0m [33m WARN[0m [1mcosmic-idle[0m[2m:[0m [2mcosmic_session[0m[2m:[0m [1970-01-01T00:01:29Z INFO  zbus::connection::handshake::common] read_commands; n_commands=1
[2m1970-01-01T00:01:29.394477Z[0m [33m WARN[0m [1mcosmic-idle[0m[2m:[0m [2mcosmic_session[0m[2m:[0m [1970-01-01T00:01:29Z INFO  tracing::span] perform;
[2m1970-01-01T00:01:29.395851Z[0m [33m WARN[0m [1mcosmic-idle[0m[2m:[0m [2mcosmic_session[0m[2m:[0m [1970-01-01T00:01:29Z INFO  tracing::span] authenticate;
[2m1970-01-01T00:01:29.396319Z[0m [33m WARN[0m [1mcosmic-idle[0m[2m:[0m [2mcosmic_session[0m[2m:[0m [1970-01-01T00:01:29Z INFO  zbus::connection::handshake::common] write_command; command=Auth(Some(External), Some([49, 48, 48, 48]))
[2m1970-01-01T00:01:29.397394Z[0m [33m WARN[0m [1mcosmic-idle[0m[2m:[0m [2mcosmic_session[0m[2m:[0m [1970-01-01T00:01:29Z INFO  zbus::connection::handshake::common] write_commands; commands=[Auth(Some(External), Some([49, 48, 48, 48]))] extra_bytes=None
[2m1970-01-01T00:01:29.399559Z[0m [33m WARN[0m [1mcosmic-idle[0m[2m:[0m [2mcosmic_session[0m[2m:[0m [1970-01-01T00:01:29Z INFO  tracing::span] read_command;
[2m1970-01-01T00:01:29.401026Z[0m [33m WARN[0m [1mcosmic-idle[0m[2m:[0m [2mcosmic_session[0m[2m:[0m [1970-01-01T00:01:29Z INFO  zbus::connection::handshake::common] read_commands; n_commands=1
[2m1970-01-01T00:01:29.402869Z[0m [32m INFO[0m [1mcosmic-panel[0m[2m:[0m [2mcosmic_session::notifications[0m[2m:[0m \x1b[2m1970-01-01T00:01:29.367691Z\x1b[0m \x1b[32m INFO\x1b[0m \x1b[1minput_seat\x1b[0m\x1b[1m{\x1b[0m\x1b[3mname\x1b[0m\x1b[2m=\x1b[0m"seat-0"\x1b[1m}\x1b[0m\x1b[2m:\x1b[0m\x1b[1madd_keyboard_with_context_flags\x1b[0m\x1b[1m{\x1b[0m\x1b[3mxkb_config\x1b[0m\x1b[2m=\x1b[0mXkbConfig { rules: "", model: "", layout: "", variant: "", options: None } \x1b[3mrepeat_delay\x1b[0m\x1b[2m=\x1b[0m200 \x1b[3mrepeat_rate\x1b[0m\x1b[2m=\x1b[0m20 \x1b[3mcontext_flags\x1b[0m\x1b[2m=\x1b[0m0\x1b[1m}\x1b[0m\x1b[2m:\x1b[0m\x1b[1minput_keyboard\x1b[0m\x1b[2m:\x1b[0m Loaded Keymap \x1b[3mname\x1b[0m\x1b[2m=\x1b[0m"English (US)"
[2m1970-01-01T00:01:29.425694Z[0m [33m WARN[0m [2mbusd::peers[0m[2m:[0m unknown destination: org.freedesktop.UPower
[2m1970-01-01T00:01:29.506264Z[0m [33m WARN[0m [2mbusd::peers[0m[2m:[0m unknown destination: org.freedesktop.portal.Desktop
[2m1970-01-01T00:01:29.508313Z[0m [33m WARN[0m [2mbusd::peers[0m[2m:[0m unknown destination: org.freedesktop.portal.Desktop
[2m1970-01-01T00:01:29.509374Z[0m [33m WARN[0m [2mbusd::peers[0m[2m:[0m unknown destination: org.freedesktop.portal.Desktop
[2m1970-01-01T00:01:29.514982Z[0m [33m WARN[0m [2mbusd::peers[0m[2m:[0m unknown destination: org.freedesktop.UPower
[2m1970-01-01T00:01:29.515007Z[0m [33m WARN[0m [1mcosmic-workspaces[0m[2m:[0m [2mcosmic_session[0m[2m:[0m [1970-01-01T00:01:29Z INFO  iced_winit] System theme: None
[2m1970-01-01T00:01:29.515792Z[0m [33m WARN[0m [1mcosmic-workspaces[0m[2m:[0m [2mcosmic_session[0m[2m:[0m [1970-01-01T00:01:29Z INFO  iced_winit::platform_specific::wayland::event_loop] SCTK setup complete.
[2m1970-01-01T00:01:29.517851Z[0m [33m WARN[0m [1mcosmic-workspaces[0m[2m:[0m [2mcosmic_session[0m[2m:[0m xkbcommon: ERROR: couldn't find a Compose file for locale "C" (mapped to "C")
[2m1970-01-01T00:01:29.519750Z[0m [33m WARN[0m [1mcosmic-workspaces[0m[2m:[0m [2mcosmic_session[0m[2m:[0m xkbcommon: ERROR: couldn't find a Compose file for locale "C" (mapped to "C")
[2m1970-01-01T00:01:29.560869Z[0m [33m WARN[0m [1mcosmic-idle[0m[2m:[0m [2mcosmic_session[0m[2m:[0m [1970-01-01T00:01:29Z INFO  tracing::span] send_secondary_commands;
[2m1970-01-01T00:01:29.562439Z[0m [33m WARN[0m [1mcosmic-idle[0m[2m:[0m [2mcosmic_session[0m[2m:[0m [1970-01-01T00:01:29Z INFO  zbus::connection::handshake::common] write_commands; commands=[NegotiateUnixFD, Begin] extra_bytes=Some([108, 1, 0, 1, 0, 0, 0, 0, 1, 0, 0, 0, 109, 0, 0, 0, 1, 1, 111, 0, 21, 0, 0, 0, 47, 111, 114, 103, 47, 102, 114, 101, 101, 100, 101, 115, 107, 116, 111, 112, 47, 68, 66, 117, 115, 0, 0, 0, 2, 1, 115, 0, 20, 0, 0, 0, 111, 114, 103, 46, 102, 114, 101, 101, 100, 101, 115, 107, 116, 111, 112, 46, 68, 66, 117, 115, 0, 0, 0, 0, 3, 1, 115, 0, 5, 0, 0, 0, 72, 101, 108, 108, 111, 0, 0, 0, 6, 1, 115, 0, 20, 0, 0, 0, 111, 114, 103, 46, 102, 114, 101, 101, 100, 101, 115, 107, 116, 111, 112, 46, 68, 66, 117, 115, 0, 0, 0, 0])
[2m1970-01-01T00:01:29.570656Z[0m [33m WARN[0m [1mcosmic-idle[0m[2m:[0m [2mcosmic_session[0m[2m:[0m [1970-01-01T00:01:29Z INFO  zbus::connection::handshake::client] receive_secondary_responses; expected_n_responses=1
[2m1970-01-01T00:01:29.572372Z[0m [33m WARN[0m [1mcosmic-idle[0m[2m:[0m [2mcosmic_session[0m[2m:[0m [1970-01-01T00:01:29Z INFO  zbus::connection::handshake::common] read_commands; n_commands=1
[2m1970-01-01T00:01:29.574631Z[0m [32m INFO[0m [1mcosmic-notifications[0m[2m:[0m [2mcosmic_session::notifications[0m[2m:[0m \x1b[2m1970-01-01T00:01:29.562886Z\x1b[0m \x1b[32m INFO\x1b[0m \x1b[2miced_winit\x1b[0m\x1b[2m:\x1b[0m System theme: None
[2m1970-01-01T00:01:29.575786Z[0m [32m INFO[0m [1mcosmic-panel[0m[2m:[0m [2mcosmic_session::notifications[0m[2m:[0m \x1b[2m1970-01-01T00:01:29.436365Z\x1b[0m \x1b[32m INFO\x1b[0m \x1b[1mnew\x1b[0m\x1b[1m{\x1b[0m\x1b[3mname\x1b[0m\x1b[2m=\x1b[0m"HDMI-A-1" \x1b[3mphysical\x1b[0m\x1b[2m=\x1b[0mPhysicalProperties { size: Size<smithay::utils::geometry::Raw> { w: 320, h: 200 }, subpixel: Unknown, make: "Unknown", model: "Unknown", serial_number: "Unknown" }\x1b[1m}\x1b[0m\x1b[2m:\x1b[0m Creating new Output \x1b[3mname\x1b[0m\x1b[2m=\x1b[0m"HDMI-A-1"
[2m1970-01-01T00:01:29.577793Z[0m [32m INFO[0m [1mcosmic-panel[0m[2m:[0m [2mcosmic_session::notifications[0m[2m:[0m \x1b[2m1970-01-01T00:01:29.437023Z\x1b[0m \x1b[32m INFO\x1b[0m Creating new wl_output \x1b[3moutput\x1b[0m\x1b[2m=\x1b[0m"HDMI-A-1"
[2m1970-01-01T00:01:29.578505Z[0m [32m INFO[0m [1mcosmic-panel[0m[2m:[0m [2mcosmic_session::notifications[0m[2m:[0m \x1b[2m1970-01-01T00:01:29.438975Z\x1b[0m \x1b[32m INFO\x1b[0m Spawning applets
[2m1970-01-01T00:01:29.579189Z[0m [33m WARN[0m [1mcosmic-panel[0m[2m:[0m [2mcosmic_session::notifications[0m[2m:[0m xkbcommon: ERROR: couldn't find a Compose file for locale "C" (mapped to "C")
[2m1970-01-01T00:01:29.579681Z[0m [33m WARN[0m [1mcosmic-app-library[0m[2m:[0m [2mcosmic_session[0m[2m:[0m  INFO  iced_winit                          > System theme: None
[2m1970-01-01T00:01:29.620029Z[0m [32m INFO[0m [1mcosmic-launcher[0m[2m:[0m [2mcosmic_session[0m[2m:[0m 1970-01-01T00:01:29.411883Z  INFO starting pop-launcher service
[2m1970-01-01T00:01:29.621813Z[0m [32m INFO[0m [1mcosmic-launcher[0m[2m:[0m [2mcosmic_session[0m[2m:[0m 1970-01-01T00:01:29.506981Z  WARN {}{task_name="org.freedesktop.portal.Settings proxy caching"}: Failed to populate properties cache via GetAll: org.freedesktop.DBus.Error.ServiceUnknown: The name org.freedesktop.portal.Desktop was not provided by any .service files. Property change streams will not produce values.
[2m1970-01-01T00:01:29.623217Z[0m [32m INFO[0m [1mcosmic-launcher[0m[2m:[0m [2mcosmic_session[0m[2m:[0m 1970-01-01T00:01:29.508818Z ERROR Failed to get the color scheme Portal(ZBus(MethodError(OwnedErrorName("org.freedesktop.DBus.Error.ServiceUnknown"), Some("The name org.freedesktop.portal.Desktop was not provided by any .service files"), Msg { type: Error, serial: 153, sender: UniqueName("org.freedesktop.DBus"), reply-serial: 17, body: Str, fds: [] })))
[2m1970-01-01T00:01:29.625868Z[0m [32m INFO[0m [1mcosmic-launcher[0m[2m:[0m [2mcosmic_session[0m[2m:[0m 1970-01-01T00:01:29.509538Z ERROR Failed to get the contrast Portal(ZBus(MethodError(OwnedErrorName("org.freedesktop.DBus.Error.ServiceUnknown"), Some("The name org.freedesktop.portal.Desktop was not provided by any .service files"), Msg { type: Error, serial: 168, sender: UniqueName("org.freedesktop.DBus"), reply-serial: 19, body: Str, fds: [] })))
[2m1970-01-01T00:01:29.629151Z[0m [32m INFO[0m [1mcosmic-launcher[0m[2m:[0m [2mcosmic_session[0m[2m:[0m 1970-01-01T00:01:29.514285Z ERROR pop-launcher failed to start: No such file or directory (os error 2)
[2m1970-01-01T00:01:29.669963Z[0m [33m WARN[0m [1mcosmic-launcher[0m[2m:[0m [2mcosmic_session[0m[2m:[0m xkbcommon: ERROR: couldn't find a Compose file for locale "C" (mapped to "C")
[2m1970-01-01T00:01:29.670638Z[0m [33m WARN[0m [1mcosmic-launcher[0m[2m:[0m [2mcosmic_session[0m[2m:[0m xkbcommon: ERROR: couldn't find a Compose file for locale "C" (mapped to "C")
[2m1970-01-01T00:01:29.671101Z[0m [33m WARN[0m [1mcosmic-osd[0m[2m:[0m [2mcosmic_session[0m[2m:[0m [1970-01-01T00:01:29Z ERROR cosmic_settings_airplane_mode_subscription] Failed to monitor rfkill: No such file or directory (os error 2)
[2m1970-01-01T00:01:29.671693Z[0m [33m WARN[0m [1mcosmic-osd[0m[2m:[0m [2mcosmic_session[0m[2m:[0m [1970-01-01T00:01:29Z INFO  zbus::connection::handshake::common] write_command; command=Auth(Some(External), Some([49, 48, 48, 48]))
[2m1970-01-01T00:01:29.673158Z[0m [33m WARN[0m [1mcosmic-osd[0m[2m:[0m [2mcosmic_session[0m[2m:[0m [1970-01-01T00:01:29Z INFO  zbus::connection::handshake::common] write_commands; commands=[Auth(Some(External), Some([49, 48, 48, 48]))] extra_bytes=None
[2m1970-01-01T00:01:29.675663Z[0m [33m WARN[0m [1mcosmic-osd[0m[2m:[0m [2mcosmic_session[0m[2m:[0m [1970-01-01T00:01:29Z INFO  zbus::connection::handshake::common] write_command; command=Auth(Some(External), Some([49, 48, 48, 48]))
[2m1970-01-01T00:01:29.677464Z[0m [33m WARN[0m [1mcosmic-osd[0m[2m:[0m [2mcosmic_session[0m[2m:[0m [1970-01-01T00:01:29Z INFO  zbus::connection::handshake::common] write_commands; commands=[Auth(Some(External), Some([49, 48, 48, 48]))] extra_bytes=None
[2m1970-01-01T00:01:29.679795Z[0m [33m WARN[0m [1mcosmic-osd[0m[2m:[0m [2mcosmic_session[0m[2m:[0m [1970-01-01T00:01:29Z INFO  zbus::connection::handshake::common] write_command; command=Auth(Some(External), Some([49, 48, 48, 48]))
[2m1970-01-01T00:01:29.730914Z[0m [33m WARN[0m [1mcosmic-osd[0m[2m:[0m [2mcosmic_session[0m[2m:[0m [1970-01-01T00:01:29Z INFO  zbus::connection::handshake::common] write_commands; commands=[Auth(Some(External), Some([49, 48, 48, 48]))] extra_bytes=None
[2m1970-01-01T00:01:29.733364Z[0m [33m WARN[0m [1mcosmic-osd[0m[2m:[0m [2mcosmic_session[0m[2m:[0m [1970-01-01T00:01:29Z INFO  tracing::span] read_command;
[2m1970-01-01T00:01:29.734848Z[0m [33m WARN[0m [1mcosmic-osd[0m[2m:[0m [2mcosmic_session[0m[2m:[0m [1970-01-01T00:01:29Z INFO  zbus::connection::handshake::common] read_commands; n_commands=1
[2m1970-01-01T00:01:29.736679Z[0m [33m WARN[0m [1mcosmic-osd[0m[2m:[0m [2mcosmic_session[0m[2m:[0m [1970-01-01T00:01:29Z INFO  tracing::span] read_command;
[2m1970-01-01T00:01:29.738238Z[0m [33m WARN[0m [1mcosmic-osd[0m[2m:[0m [2mcosmic_session[0m[2m:[0m [1970-01-01T00:01:29Z INFO  zbus::connection::handshake::common] read_commands; n_commands=1
[2m1970-01-01T00:01:29.750274Z[0m [33m WARN[0m [1mcosmic-osd[0m[2m:[0m [2mcosmic_session[0m[2m:[0m [1970-01-01T00:01:29Z INFO  tracing::span] read_command;
[2m1970-01-01T00:01:29.751946Z[0m [33m WARN[0m [1mcosmic-osd[0m[2m:[0m [2mcosmic_session[0m[2m:[0m [1970-01-01T00:01:29Z INFO  zbus::connection::handshake::common] read_commands; n_commands=1
[2m1970-01-01T00:01:29.753910Z[0m [33m WARN[0m [1mcosmic-osd[0m[2m:[0m [2mcosmic_session[0m[2m:[0m [1970-01-01T00:01:29Z INFO  iced_winit] System theme: None
[2m1970-01-01T00:01:29.755646Z[0m [33m WARN[0m [1mcosmic-osd[0m[2m:[0m [2mcosmic_session[0m[2m:[0m [1970-01-01T00:01:29Z INFO  iced_winit::platform_specific::wayland::event_loop] SCTK setup complete.
[2m1970-01-01T00:01:29.757655Z[0m [33m WARN[0m [1mcosmic-osd[0m[2m:[0m [2mcosmic_session[0m[2m:[0m xkbcommon: ERROR: couldn't find a Compose file for locale "C" (mapped to "C")
[2m1970-01-01T00:01:29.758273Z[0m [33m WARN[0m [2mbusd::peers[0m[2m:[0m unknown destination: org.a11y.Bus
[2m1970-01-01T00:01:29.759272Z[0m [33m WARN[0m [1mcosmic-osd[0m[2m:[0m [2mcosmic_session[0m[2m:[0m xkbcommon: ERROR: couldn't find a Compose file for locale "C" (mapped to "C")
[2m1970-01-01T00:01:29.759999Z[0m [33m WARN[0m [2mbusd::peers[0m[2m:[0m unknown destination: org.freedesktop.portal.Desktop
[2m1970-01-01T00:01:29.762061Z[0m [33m WARN[0m [2mbusd::peers[0m[2m:[0m unknown destination: org.freedesktop.portal.Desktop
[2m1970-01-01T00:01:29.770284Z[0m [33m WARN[0m [2mbusd::peers[0m[2m:[0m unknown destination: org.a11y.Bus
[2m1970-01-01T00:01:29.771005Z[0m [33m WARN[0m [2mbusd::peers[0m[2m:[0m unknown destination: org.freedesktop.portal.Desktop
[2m1970-01-01T00:01:29.775911Z[0m [33m WARN[0m [1mcosmic-osd[0m[2m:[0m [2mcosmic_session[0m[2m:[0m [1970-01-01T00:01:29Z INFO  zbus::connection::handshake::common] write_commands; commands=[NegotiateUnixFD, Begin] extra_bytes=Some([108, 1, 0, 1, 0, 0, 0, 0, 7, 0, 0, 0, 109, 0, 0, 0, 1, 1, 111, 0, 21, 0, 0, 0, 47, 111, 114, 103, 47, 102, 114, 101, 101, 100, 101, 115, 107, 116, 111, 112, 47, 68, 66, 117, 115, 0, 0, 0, 2, 1, 115, 0, 20, 0, 0, 0, 111, 114, 103, 46, 102, 114, 101, 101, 100, 101, 115, 107, 116, 111, 112, 46, 68, 66, 117, 115, 0, 0, 0, 0, 3, 1, 115, 0, 5, 0, 0, 0, 72, 101, 108, 108, 111, 0, 0, 0, 6, 1, 115, 0, 20, 0, 0, 0, 111, 114, 103, 46, 102, 114, 101, 101, 100, 101, 115, 107, 116, 111, 112, 46, 68, 66, 117, 115, 0, 0, 0, 0])
[2m1970-01-01T00:01:29.776065Z[0m [33m WARN[0m [2mbusd::peers[0m[2m:[0m unknown destination: org.freedesktop.login1
[2m1970-01-01T00:01:29.802017Z[0m [33m WARN[0m [1mcosmic-osd[0m[2m:[0m [2mcosmic_session[0m[2m:[0m [1970-01-01T00:01:29Z INFO  zbus::connection::handshake::common] read_commands; n_commands=1
[2m1970-01-01T00:01:29.804021Z[0m [33m WARN[0m [1mcosmic-osd[0m[2m:[0m [2mcosmic_session[0m[2m:[0m [1970-01-01T00:01:29Z INFO  zbus::connection::handshake::common] write_commands; commands=[NegotiateUnixFD, Begin] extra_bytes=Some([108, 1, 0, 1, 0, 0, 0, 0, 8, 0, 0, 0, 109, 0, 0, 0, 1, 1, 111, 0, 21, 0, 0, 0, 47, 111, 114, 103, 47, 102, 114, 101, 101, 100, 101, 115, 107, 116, 111, 112, 47, 68, 66, 117, 115, 0, 0, 0, 2, 1, 115, 0, 20, 0, 0, 0, 111, 114, 103, 46, 102, 114, 101, 101, 100, 101, 115, 107, 116, 111, 112, 46, 68, 66, 117, 115, 0, 0, 0, 0, 3, 1, 115, 0, 5, 0, 0, 0, 72, 101, 108, 108, 111, 0, 0, 0, 6, 1, 115, 0, 20, 0, 0, 0, 111, 114, 103, 46, 102, 114, 101, 101, 100, 101, 115, 107, 116, 111, 112, 46, 68, 66, 117, 115, 0, 0, 0, 0])
[2m1970-01-01T00:01:29.845105Z[0m [33m WARN[0m [1mcosmic-osd[0m[2m:[0m [2mcosmic_session[0m[2m:[0m [1970-01-01T00:01:29Z INFO  zbus::connection::handshake::common] read_commands; n_commands=1
[2m1970-01-01T00:01:29.847262Z[0m [33m WARN[0m [1mcosmic-osd[0m[2m:[0m [2mcosmic_session[0m[2m:[0m [1970-01-01T00:01:29Z INFO  zbus::connection::handshake::common] write_commands; commands=[NegotiateUnixFD, Begin] extra_bytes=Some([108, 1, 0, 1, 0, 0, 0, 0, 9, 0, 0, 0, 109, 0, 0, 0, 1, 1, 111, 0, 21, 0, 0, 0, 47, 111, 114, 103, 47, 102, 114, 101, 101, 100, 101, 115, 107, 116, 111, 112, 47, 68, 66, 117, 115, 0, 0, 0, 2, 1, 115, 0, 20, 0, 0, 0, 111, 114, 103, 46, 102, 114, 101, 101, 100, 101, 115, 107, 116, 111, 112, 46, 68, 66, 117, 115, 0, 0, 0, 0, 3, 1, 115, 0, 5, 0, 0, 0, 72, 101, 108, 108, 111, 0, 0, 0, 6, 1, 115, 0, 20, 0, 0, 0, 111, 114, 103, 46, 102, 114, 101, 101, 100, 101, 115, 107, 116, 111, 112, 46, 68, 66, 117, 115, 0, 0, 0, 0])
[2m1970-01-01T00:01:29.861594Z[0m [33m WARN[0m [1mcosmic-osd[0m[2m:[0m [2mcosmic_session[0m[2m:[0m [1970-01-01T00:01:29Z INFO  zbus::connection::handshake::common] read_commands; n_commands=1
[2m1970-01-01T00:01:29.863316Z[0m [33m WARN[0m [1mcosmic-osd[0m[2m:[0m [2mcosmic_session[0m[2m:[0m [1970-01-01T00:01:29Z INFO  zbus::connection] start_object_server; started_event=None
[2m1970-01-01T00:01:29.864931Z[0m [33m WARN[0m [1mcosmic-idle[0m[2m:[0m [2mcosmic_session[0m[2m:[0m [1970-01-01T00:01:29Z INFO  tracing::span] send_secondary_commands;
[2m1970-01-01T00:01:29.866617Z[0m [33m WARN[0m [1mcosmic-idle[0m[2m:[0m [2mcosmic_session[0m[2m:[0m [1970-01-01T00:01:29Z INFO  zbus::connection::handshake::common] write_commands; commands=[NegotiateUnixFD, Begin] extra_bytes=Some([108, 1, 0, 1, 0, 0, 0, 0, 2, 0, 0, 0, 109, 0, 0, 0, 1, 1, 111, 0, 21, 0, 0, 0, 47, 111, 114, 103, 47, 102, 114, 101, 101, 100, 101, 115, 107, 116, 111, 112, 47, 68, 66, 117, 115, 0, 0, 0, 2, 1, 115, 0, 20, 0, 0, 0, 111, 114, 103, 46, 102, 114, 101, 101, 100, 101, 115, 107, 116, 111, 112, 46, 68, 66, 117, 115, 0, 0, 0, 0, 3, 1, 115, 0, 5, 0, 0, 0, 72, 101, 108, 108, 111, 0, 0, 0, 6, 1, 115, 0, 20, 0, 0, 0, 111, 114, 103, 46, 102, 114, 101, 101, 100, 101, 115, 107, 116, 111, 112, 46, 68, 66, 117, 115, 0, 0, 0, 0])
[2m1970-01-01T00:01:29.898668Z[0m [33m WARN[0m [1mcosmic-idle[0m[2m:[0m [2mcosmic_session[0m[2m:[0m [1970-01-01T00:01:29Z INFO  zbus::connection::handshake::client] receive_secondary_responses; expected_n_responses=1
[2m1970-01-01T00:01:29.899999Z[0m [33m WARN[0m [1mcosmic-idle[0m[2m:[0m [2mcosmic_session[0m[2m:[0m [1970-01-01T00:01:29Z INFO  zbus::connection::handshake::common] read_commands; n_commands=1
[2m1970-01-01T00:01:29.901278Z[0m [33m WARN[0m [1mcosmic-idle[0m[2m:[0m [2mcosmic_session[0m[2m:[0m [1970-01-01T00:01:29Z INFO  tracing::span] new;
[2m1970-01-01T00:01:29.913103Z[0m [33m WARN[0m [1mcosmic-idle[0m[2m:[0m [2mcosmic_session[0m[2m:[0m [1970-01-01T00:01:29Z INFO  zbus::proxy] {}; task_name="org.freedesktop.UPower proxy caching"
[2m1970-01-01T00:01:29.914920Z[0m [33m WARN[0m [1mcosmic-idle[0m[2m:[0m [2mcosmic_session[0m[2m:[0m [1970-01-01T00:01:29Z INFO  zbus::connection] start_object_server; started_event=Some(Event { listeners_notified: 0, listeners_total: 1 })
[2m1970-01-01T00:01:29.917095Z[0m [33m WARN[0m [1mcosmic-idle[0m[2m:[0m [2mcosmic_session[0m[2m:[0m [1970-01-01T00:01:29Z INFO  tracing::span] obj_server_task;
[2m1970-01-01T00:01:29.918766Z[0m [33m WARN[0m [1mcosmic-idle[0m[2m:[0m [2mcosmic_session[0m[2m:[0m [1970-01-01T00:01:29Z INFO  tracing::span] socket reader;
[2m1970-01-01T00:01:29.919999Z[0m [33m WARN[0m [1mcosmic-idle[0m[2m:[0m [2mcosmic_session[0m[2m:[0m [1970-01-01T00:01:29Z INFO  tracing::span] read_socket;
[2m1970-01-01T00:01:29.920384Z[0m [33m WARN[0m [1mcosmic-idle[0m[2m:[0m [2mcosmic_session[0m[2m:[0m [1970-01-01T00:01:29Z INFO  tracing::span] read_socket;
[2m1970-01-01T00:01:29.921241Z[0m [33m WARN[0m [1mcosmic-idle[0m[2m:[0m [2mcosmic_session[0m[2m:[0m [1970-01-01T00:01:29Z INFO  tracing::span] socket reader;
[2m1970-01-01T00:01:29.952752Z[0m [33m WARN[0m [1mcosmic-idle[0m[2m:[0m [2mcosmic_session[0m[2m:[0m [1970-01-01T00:01:29Z INFO  tracing::span] read_socket;
[2m1970-01-01T00:01:29.954423Z[0m [33m WARN[0m [1mcosmic-idle[0m[2m:[0m [2mcosmic_session[0m[2m:[0m [1970-01-01T00:01:29Z INFO  tracing::span] read_socket;
[2m1970-01-01T00:01:29.955601Z[0m [33m WARN[0m [1mcosmic-idle[0m[2m:[0m [2mcosmic_session[0m[2m:[0m [1970-01-01T00:01:29Z INFO  tracing::span] read_socket;
[2m1970-01-01T00:01:29.957189Z[0m [33m WARN[0m [1mcosmic-idle[0m[2m:[0m [2mcosmic_session[0m[2m:[0m [1970-01-01T00:01:29Z INFO  tracing::span] read_socket;
[2m1970-01-01T00:01:29.958981Z[0m [33m WARN[0m [1mcosmic-idle[0m[2m:[0m [2mcosmic_session[0m[2m:[0m [1970-01-01T00:01:29Z INFO  tracing::span] read_socket;
[2m1970-01-01T00:01:29.960590Z[0m [33m WARN[0m [1mcosmic-idle[0m[2m:[0m [2mcosmic_session[0m[2m:[0m [1970-01-01T00:01:29Z INFO  tracing::span] read_socket;
[2m1970-01-01T00:01:29.962185Z[0m [33m WARN[0m [1mcosmic-idle[0m[2m:[0m [2mcosmic_session[0m[2m:[0m [1970-01-01T00:01:29Z INFO  tracing::span] read_socket;
[2m1970-01-01T00:01:29.974940Z[0m [33m WARN[0m [1mcosmic-idle[0m[2m:[0m [2mcosmic_session[0m[2m:[0m [1970-01-01T00:01:29Z INFO  tracing::span] read_socket;
[2m1970-01-01T00:01:29.975493Z[0m [33m WARN[0m [1mcosmic-idle[0m[2m:[0m [2mcosmic_session[0m[2m:[0m [1970-01-01T00:01:29Z INFO  tracing::span] read_socket;
[2m1970-01-01T00:01:29.975902Z[0m [33m WARN[0m [1mcosmic-idle[0m[2m:[0m [2mcosmic_session[0m[2m:[0m [1970-01-01T00:01:29Z INFO  tracing::span] read_socket;
[2m1970-01-01T00:01:29.976309Z[0m [33m WARN[0m [1mcosmic-idle[0m[2m:[0m [2mcosmic_session[0m[2m:[0m [1970-01-01T00:01:29Z INFO  tracing::span] read_socket;
[2m1970-01-01T00:01:29.977653Z[0m [33m WARN[0m [1mcosmic-idle[0m[2m:[0m [2mcosmic_session[0m[2m:[0m [1970-01-01T00:01:29Z INFO  tracing::span] read_socket;
[2m1970-01-01T00:01:29.979338Z[0m [33m WARN[0m [1mcosmic-idle[0m[2m:[0m [2mcosmic_session[0m[2m:[0m [1970-01-01T00:01:29Z INFO  zbus::connection] monitor_name_lost; name=org.freedesktop.ScreenSaver
[2m1970-01-01T00:01:29.981420Z[0m [33m WARN[0m [1mcosmic-idle[0m[2m:[0m [2mcosmic_session[0m[2m:[0m [1970-01-01T00:01:29Z INFO  tracing::span] read_socket;
[2m1970-01-01T00:01:29.982906Z[0m [33m WARN[0m [1mcosmic-idle[0m[2m:[0m [2mcosmic_session[0m[2m:[0m [1970-01-01T00:01:29Z INFO  tracing::span] read_socket;
[2m1970-01-01T00:01:29.983811Z[0m [33m WARN[0m [1mcosmic-idle[0m[2m:[0m [2mcosmic_session[0m[2m:[0m [1970-01-01T00:01:29Z INFO  tracing::span] read_socket;
[2m1970-01-01T00:01:29.984220Z[0m [33m WARN[0m [1mcosmic-idle[0m[2m:[0m [2mcosmic_session[0m[2m:[0m [1970-01-01T00:01:29Z INFO  tracing::span] read_socket;
[2m1970-01-01T00:01:29.984627Z[0m [33m WARN[0m [1mcosmic-idle[0m[2m:[0m [2mcosmic_session[0m[2m:[0m [1970-01-01T00:01:29Z INFO  tracing::span] read_socket;
[2m1970-01-01T00:01:30.001509Z[0m [33m WARN[0m [1mcosmic-idle[0m[2m:[0m [2mcosmic_session[0m[2m:[0m [1970-01-01T00:01:29Z INFO  tracing::span] read_socket;
[2m1970-01-01T00:01:30.003110Z[0m [33m WARN[0m [1mcosmic-idle[0m[2m:[0m [2mcosmic_session[0m[2m:[0m [1970-01-01T00:01:29Z INFO  tracing::span] read_socket;
[2m1970-01-01T00:01:30.005142Z[0m [33m WARN[0m [1mcosmic-notifications[0m[2m:[0m [2mcosmic_session::notifications[0m[2m:[0m xkbcommon: ERROR: couldn't find a Compose file for locale "C" (mapped to "C")
[2m1970-01-01T00:01:30.007211Z[0m [32m INFO[0m [1mcosmic-notifications[0m[2m:[0m [2mcosmic_session::notifications[0m[2m:[0m \x1b[2m1970-01-01T00:01:29.602092Z\x1b[0m \x1b[32m INFO\x1b[0m \x1b[2miced_winit::platform_specific::wayland::event_loop\x1b[0m\x1b[2m:\x1b[0m SCTK setup complete.
[2m1970-01-01T00:01:30.009999Z[0m [32m INFO[0m [1mcosmic-notifications[0m[2m:[0m [2mcosmic_session::notifications[0m[2m:[0m \x1b[2m1970-01-01T00:01:29.604815Z\x1b[0m \x1b[32m INFO\x1b[0m \x1b[2mcosmic_notifications::subscriptions::applet\x1b[0m\x1b[2m:\x1b[0m Connecting to daemon on fd 263
[2m1970-01-01T00:01:30.012040Z[0m [32m INFO[0m [1mcosmic-notifications[0m[2m:[0m [2mcosmic_session::notifications[0m[2m:[0m \x1b[2m1970-01-01T00:01:29.660408Z\x1b[0m \x1b[31mERROR\x1b[0m \x1b[2mcosmic_notifications::subscriptions::notifications\x1b[0m\x1b[2m:\x1b[0m Failed to setup panel dbus server I/O error: Broken pipe (os error 32)
[2m1970-01-01T00:01:30.020071Z[0m [33m WARN[0m [1mcosmic-notifications[0m[2m:[0m [2mcosmic_session::notifications[0m[2m:[0m xkbcommon: ERROR: couldn't find a Compose file for locale "C" (mapped to "C")
[2m1970-01-01T00:01:30.022386Z[0m [32m INFO[0m [1mcosmic-panel[0m[2m:[0m [2mcosmic_session::notifications[0m[2m:[0m \x1b[2m1970-01-01T00:01:29.440582Z\x1b[0m \x1b[32m INFO\x1b[0m [(PanelClient { name: "com.system76.CosmicPanelWorkspacesButton", path: None, client: Some(Client { id: InnerClientId { ptr: 0xa4ef86e0, alive: true }, data: ClientData { .. } }), stream: Some(UnixStream { fd: FileDesc(OwnedFd { fd: 264 }) }), security_ctx: None, exec: None, minimize_priority: None, requests_wayland_display: None, is_notification_applet: None, shrink_priority: None, shrink_min_size: None, padding_shrinkable: false, auto_popup_hover_press: None }, Mutex { data: "<locked>", poisoned: false, .. }, WingStart), (PanelClient { name: "com.system76.CosmicPanelAppButton", path: None, client: Some(Client { id: InnerClientId { ptr: 0xeb827390, alive: true }, data: ClientData { .. } }), stream: Some(UnixStream { fd: FileDesc(OwnedFd { fd: 267 }) }), security_ctx: None, exec: None, minimize_priority: None, requests_wayland_display: None, is_notification_applet: None, shrink_priority: None, shrink_min_size: None, padding_shrinkable: false, auto_popup_hover_press: None }, Mutex { data: "<locked>", poisoned: false, .. }, WingStart), (PanelClient { name: "com.system76.CosmicAppletTime", path: None, client: Some(Client { id: InnerClientId { ptr: 0xeb827570, alive: true }, data: ClientData { .. } }), stream: Some(UnixStream { fd: FileDesc(OwnedFd { fd: 270 }) }), security_ctx: None, exec: None, minimize_priority: None, requests_wayland_display: None, is_notification_applet: None, shrink_priority: None, shrink_min_size: None, padding_shrinkable: false, auto_popup_hover_press: None }, Mutex { data: "<locked>", poisoned: false, .. }, Center), (PanelClient { name: "com.system76.CosmicAppletInputSources", path: None, client: Some(Client { id: InnerClientId { ptr: 0xeb827660, alive: true }, data: ClientData { .. } }), stream: Some(UnixStream { fd: FileDesc(OwnedFd { fd: 273 }) }), security_ctx: None, exec: None, minimize_priority: None, requests_wayland_display: None, is_notification_applet: None, shrink_priority: None, shrink_min_size: None, padding_shrinkable: false, auto_popup_hover_press: None }, Mutex { data: "<locked>", poisoned: false, .. }, WingEnd), (PanelClient { name: "com.system76.CosmicAppletA11y", path: None, client: Some(Client { id: InnerClientId { ptr: 0xeb827f60, alive: true }, data: ClientData { .. } }), stream: Some(UnixStream { fd: FileDesc(OwnedFd { fd: 276 }) }), security_ctx: None, exec: None, minimize_priority: None, requests_wayland_display: None, is_notification_applet: None, shrink_priority: None, shrink_min_size: None, padding_shrinkable: false, auto_popup_hover_press: None }, Mutex { data: "<locked>", poisoned: false, .. }, WingEnd), (PanelClient { name: "com.system76.CosmicAppletStatusArea", path: None, client: Some(Client { id: InnerClientId { ptr: 0xeb828050, alive: true }, data: ClientData { .. } }), stream: Some(UnixStream { fd: FileDesc(OwnedFd { fd: 279 }) }), security_ctx: None, exec: None, minimize_priority: None, requests_wayland_display: None, is_notification_applet: None, shrink_priority: None, shrink_min_size: None, padding_shrinkable: false, auto_popup_hover_press: None }, Mutex { data: "<locked>", poisoned: false, .. }, WingEnd), (PanelClient { name: "com.system76.CosmicAppletTiling", path: None, client: Some(Client { id: InnerClientId { ptr: 0xeb828140, alive: true }, data: ClientData { .. } }), stream: Some(UnixStream { fd: FileDesc(OwnedFd { fd: 282 }) }), security_ctx: None, exec: None, minimize_priority: None, requests_wayland_display: None, is_notification_applet: None, shrink_priority: None, shrink_min_size: None, padding_shrinkable: false, auto_popup_hover_press: None }, Mutex { data: "<locked>", poisoned: false, .. }, WingEnd), (PanelClient { name: "com.system76.CosmicAppletAudio", path: None, client: Some(Client { id: InnerClientId { ptr: 0xeb828230, alive: true }, data: ClientData { .. } }), stream: Some(UnixStream { fd: FileDesc(OwnedFd { fd: 285 }) }), security_ctx: None, exec: None, minimize_priority: None, requests_wayland_display: None, is_notification_applet: None, shrink_priority: None, shrink_min_size: None, padding_shrinkable: false, auto_popup_hover_press: None }, Mutex { data: "<locked>", poisoned: false, .. }, WingEnd), (PanelClient { name: "com.system76.CosmicAppletBluetooth", path: None, client: Some(Client { id: InnerClientId { ptr: 0xeb818410, alive: true }, data: ClientData { .. } }), stream: Some(UnixStream { fd: FileDesc(OwnedFd { fd: 288 }) }), security_ctx: None, exec: None, minimize_priority: None, requests_wayland_display: None, is_notification_applet: None, shrink_priority: None, shrink_min_size: None, padding_shrinkable: false, auto_popup_hover_press: None }, Mutex { data: "<locked>", poisoned: false, .. }, WingEnd), (PanelClient { name: "com.system76.CosmicAppletNetwork", path: None, client: Some(Client { id: InnerClientId { ptr: 0xeb818500, alive: true }, data: ClientData { .. } }), stream: Some(UnixStream { fd: FileDesc(OwnedFd { fd: 291 }) }), security_ctx: None, exec: None, minimize_priority: None, requests_wayland_display: None, is_notification_applet: None, shrink_priority: None, shrink_min_size: None, padding_shrinkable: false, auto_popup_hover_press: None }, Mutex { data: "<locked>", poisoned: false, .. }, WingEnd), (PanelClient { name: "com.system76.CosmicAppletBattery", path: None, client: Some(Client { id: InnerClientId { ptr: 0xeb8185f0, alive: true }, data: ClientData { .. } }), stream: Some(UnixStream { fd: FileDesc(OwnedFd { fd: 294 }) }), security_ctx: None, exec: None, minimize_priority: None, requests_wayland_display: None, is_notification_applet: None, shrink_priority: None, shrink_min_size: None, padding_shrinkable: false, auto_popup_hover_press: None }, Mutex { data: "<locked>", poisoned: false, .. }, WingEnd), (PanelClient { name: "com.system76.CosmicAppletNotifications", path: None, client: Some(Client { id: InnerClientId { ptr: 0xeb8186e0, alive: true }, data: ClientData { .. } }), stream: Some(UnixStream { fd: FileDesc(OwnedFd { fd: 297 }) }), security_ctx: None, exec: None, minimize_priority: None, requests_wayland_display: None, is_notification_applet: None, shrink_priority: None, shrink_min_size: None, padding_shrinkable: false, auto_popup_hover_press: None }, Mutex { data: "<locked>", poisoned: false, .. }, WingEnd), (PanelClient { name: "com.system76.CosmicAppletPower", path: None, client: Some(Client { id: InnerClientId { ptr: 0xeef84020, alive: true }, data: ClientData { .. } }), stream: Some(UnixStream { fd: FileDesc(OwnedFd { fd: 300 }) }), security_ctx: None, exec: None, minimize_priority: None, requests_wayland_display: None, is_notification_applet: None, shrink_priority: None, shrink_min_size: None, padding_shrinkable: false, auto_popup_hover_press: None }, Mutex { data: "<locked>", poisoned: false, .. }, WingEnd)]
[2m1970-01-01T00:01:30.203886Z[0m [32m INFO[0m [1mcosmic-panel[0m[2m:[0m [2mcosmic_session::notifications[0m[2m:[0m \x1b[2m1970-01-01T00:01:29.516040Z\x1b[0m \x1b[32m INFO\x1b[0m \x1b[3mpanel_client.name\x1b[0m\x1b[2m=\x1b[0m"com.system76.CosmicAppletTime"
[2m1970-01-01T00:01:30.206475Z[0m [32m INFO[0m [1mcosmic-panel[0m[2m:[0m [2mcosmic_session::notifications[0m[2m:[0m \x1b[2m1970-01-01T00:01:29.516676Z\x1b[0m \x1b[32m INFO\x1b[0m Starting: /bin/leandros-applet
[2m1970-01-01T00:01:30.208577Z[0m [32m INFO[0m [1mcosmic-panel[0m[2m:[0m [2mcosmic_session::notifications[0m[2m:[0m \x1b[2m1970-01-01T00:01:29.516693Z\x1b[0m \x1b[32m INFO\x1b[0m Done spawning applets
[2m1970-01-01T00:01:30.225328Z[0m [32m INFO[0m [1mcosmic-panel[0m[2m:[0m [2mcosmic_session::notifications[0m[2m:[0m \x1b[2m1970-01-01T00:01:29.516758Z\x1b[0m \x1b[32m INFO\x1b[0m Spawning applets
[2m1970-01-01T00:01:30.227494Z[0m [33m WARN[0m [1mcosmic-app-library[0m[2m:[0m [2mcosmic_session[0m[2m:[0m  INFO  iced_winit::platform_specific::wayland::event_loop > SCTK setup complete.
[2m1970-01-01T00:01:30.229463Z[0m [33m WARN[0m [1mcosmic-app-library[0m[2m:[0m [2mcosmic_session[0m[2m:[0m xkbcommon: ERROR: couldn't find a Compose file for locale "C" (mapped to "C")
[2m1970-01-01T00:01:30.231470Z[0m [33m WARN[0m [1mcosmic-app-library[0m[2m:[0m [2mcosmic_session[0m[2m:[0m xkbcommon: ERROR: couldn't find a Compose file for locale "C" (mapped to "C")
[2m1970-01-01T00:01:30.233270Z[0m [33m WARN[0m [1mcosmic-app-library[0m[2m:[0m [2mcosmic_session[0m[2m:[0m  INFO  zbus::connection::handshake::common                > write_command; command=Auth(Some(External), Some([49, 48, 48, 48]))
[2m1970-01-01T00:01:30.245539Z[0m [33m WARN[0m [1mcosmic-app-library[0m[2m:[0m [2mcosmic_session[0m[2m:[0m  INFO  zbus::connection::handshake::common                > write_commands; commands=[Auth(Some(External), Some([49, 48, 48, 48]))] extra_bytes=None
[2m1970-01-01T00:01:30.247953Z[0m [33m WARN[0m [1mcosmic-app-library[0m[2m:[0m [2mcosmic_session[0m[2m:[0m  INFO  tracing::span                                      > read_command;
[2m1970-01-01T00:01:30.249820Z[0m [33m WARN[0m [1mcosmic-app-library[0m[2m:[0m [2mcosmic_session[0m[2m:[0m  INFO  zbus::connection::handshake::common                > read_commands; n_commands=1
[2m1970-01-01T00:01:30.251804Z[0m [33m WARN[0m [1mcosmic-app-library[0m[2m:[0m [2mcosmic_session[0m[2m:[0m  INFO  zbus::connection::handshake::common                > write_commands; commands=[NegotiateUnixFD, Begin] extra_bytes=Some([108, 1, 0, 1, 0, 0, 0, 0, 8, 0, 0, 0, 109, 0, 0, 0, 1, 1, 111, 0, 21, 0, 0, 0, 47, 111, 114, 103, 47, 102, 114, 101, 101, 100, 101, 115, 107, 116, 111, 112, 47, 68, 66, 117, 115, 0, 0, 0, 2, 1, 115, 0, 20, 0, 0, 0, 111, 114, 103, 46, 102, 114, 101, 101, 100, 101, 115, 107, 116, 111, 112, 46, 68, 66, 117, 115, 0, 0, 0, 0, 3, 1, 115, 0, 5, 0, 0, 0, 72, 101, 108, 108, 111, 0, 0, 0, 6, 1, 115, 0, 20, 0, 0, 0, 111, 114, 103, 46, 102, 114, 101, 101, 100, 101, 115, 107, 116, 111, 112, 46, 68, 66, 117, 115, 0, 0, 0, 0])
[2m1970-01-01T00:01:30.280033Z[0m [33m WARN[0m [1mcosmic-app-library[0m[2m:[0m [2mcosmic_session[0m[2m:[0m  INFO  zbus::connection::handshake::common                > read_commands; n_commands=1
[2m1970-01-01T00:01:30.281998Z[0m [33m WARN[0m [1mcosmic-app-library[0m[2m:[0m [2mcosmic_session[0m[2m:[0m  INFO  zbus::connection::handshake::common                > write_command; command=Auth(Some(External), Some([49, 48, 48, 48]))
[2m1970-01-01T00:01:30.284537Z[0m [33m WARN[0m [1mcosmic-app-library[0m[2m:[0m [2mcosmic_session[0m[2m:[0m  INFO  zbus::connection::handshake::common                > write_commands; commands=[Auth(Some(External), Some([49, 48, 48, 48]))] extra_bytes=None
[2m1970-01-01T00:01:30.287087Z[0m [33m WARN[0m [1mcosmic-app-library[0m[2m:[0m [2mcosmic_session[0m[2m:[0m  INFO  zbus::connection::handshake::common                > write_command; command=Auth(Some(External), Some([49, 48, 48, 48]))
[2m1970-01-01T00:01:30.289335Z[0m [33m WARN[0m [1mcosmic-app-library[0m[2m:[0m [2mcosmic_session[0m[2m:[0m  INFO  zbus::connection::handshake::common                > write_commands; commands=[Auth(Some(External), Some([49, 48, 48, 48]))] extra_bytes=None
[2m1970-01-01T00:01:30.320015Z[0m [33m WARN[0m [1mcosmic-app-library[0m[2m:[0m [2mcosmic_session[0m[2m:[0m  INFO  tracing::span                                      > read_command;
[2m1970-01-01T00:01:30.321763Z[0m [33m WARN[0m [1mcosmic-app-library[0m[2m:[0m [2mcosmic_session[0m[2m:[0m  INFO  zbus::connection::handshake::common                > read_commands; n_commands=1
[2m1970-01-01T00:01:30.323682Z[0m [33m WARN[0m [1mcosmic-app-library[0m[2m:[0m [2mcosmic_session[0m[2m:[0m  INFO  tracing::span                                      > read_command;
[2m1970-01-01T00:01:30.325542Z[0m [33m WARN[0m [1mcosmic-app-library[0m[2m:[0m [2mcosmic_session[0m[2m:[0m  INFO  zbus::connection::handshake::common                > read_commands; n_commands=1
[2m1970-01-01T00:01:30.327468Z[0m [33m WARN[0m [1mcosmic-app-library[0m[2m:[0m [2mcosmic_session[0m[2m:[0m  INFO  zbus::connection::handshake::common                > write_commands; commands=[NegotiateUnixFD, Begin] extra_bytes=Some([108, 1, 0, 1, 0, 0, 0, 0, 9, 0, 0, 0, 109, 0, 0, 0, 1, 1, 111, 0, 21, 0, 0, 0, 47, 111, 114, 103, 47, 102, 114, 101, 101, 100, 101, 115, 107, 116, 111, 112, 47, 68, 66, 117, 115, 0, 0, 0, 2, 1, 115, 0, 20, 0, 0, 0, 111, 114, 103, 46, 102, 114, 101, 101, 100, 101, 115, 107, 116, 111, 112, 46, 68, 66, 117, 115, 0, 0, 0, 0, 3, 1, 115, 0, 5, 0, 0, 0, 72, 101, 108, 108, 111, 0, 0, 0, 6, 1, 115, 0, 20, 0, 0, 0, 111, 114, 103, 46, 102, 114, 101, 101, 100, 101, 115, 107, 116, 111, 112, 46, 68, 66, 117, 115, 0, 0, 0, 0])
[2m1970-01-01T00:01:30.334173Z[0m [33m WARN[0m [1mcosmic-app-library[0m[2m:[0m [2mcosmic_session[0m[2m:[0m  INFO  zbus::connection::handshake::common                > read_commands; n_commands=1
[2m1970-01-01T00:01:30.336016Z[0m [33m WARN[0m [1mcosmic-app-library[0m[2m:[0m [2mcosmic_session[0m[2m:[0m  INFO  zbus::connection::handshake::common                > write_commands; commands=[NegotiateUnixFD, Begin] extra_bytes=Some([108, 1, 0, 1, 0, 0, 0, 0, 10, 0, 0, 0, 109, 0, 0, 0, 1, 1, 111, 0, 21, 0, 0, 0, 47, 111, 114, 103, 47, 102, 114, 101, 101, 100, 101, 115, 107, 116, 111, 112, 47, 68, 66, 117, 115, 0, 0, 0, 2, 1, 115, 0, 20, 0, 0, 0, 111, 114, 103, 46, 102, 114, 101, 101, 100, 101, 115, 107, 116, 111, 112, 46, 68, 66, 117, 115, 0, 0, 0, 0, 3, 1, 115, 0, 5, 0, 0, 0, 72, 101, 108, 108, 111, 0, 0, 0, 6, 1, 115, 0, 20, 0, 0, 0, 111, 114, 103, 46, 102, 114, 101, 101, 100, 101, 115, 107, 116, 111, 112, 46, 68, 66, 117, 115, 0, 0, 0, 0])
[2m1970-01-01T00:01:30.357523Z[0m [33m WARN[0m [1mcosmic-app-library[0m[2m:[0m [2mcosmic_session[0m[2m:[0m  INFO  zbus::connection::handshake::common                > read_commands; n_commands=1
[2m1970-01-01T00:01:30.359468Z[0m [33m WARN[0m [1mcosmic-app-library[0m[2m:[0m [2mcosmic_session[0m[2m:[0m  INFO  zbus::proxy                                        > {}; task_name="org.a11y.Status proxy caching"
[2m1970-01-01T00:01:30.360819Z[0m [33m WARN[0m [1mcosmic-app-library[0m[2m:[0m [2mcosmic_session[0m[2m:[0m  INFO  zbus::connection                                   > start_object_server; started_event=None
[2m1970-01-01T00:01:30.362866Z[0m [33m WARN[0m [1mcosmic-app-library[0m[2m:[0m [2mcosmic_session[0m[2m:[0m  INFO  tracing::span                                      > obj_server_task;
[2m1970-01-01T00:01:30.364637Z[0m [32m INFO[0m [1mcosmic-launcher[0m[2m:[0m [2mcosmic_session[0m[2m:[0m 1970-01-01T00:01:29.760580Z  WARN {}{task_name="org.a11y.Status proxy caching"}: Failed to populate properties cache via GetAll: org.freedesktop.DBus.Error.ServiceUnknown: The name org.a11y.Bus was not provided by any .service files. Property change streams will not produce values.
[2m1970-01-01T00:01:30.380036Z[0m [33m WARN[0m [1mcosmic-osd[0m[2m:[0m [2mcosmic_session[0m[2m:[0m [1970-01-01T00:01:29Z INFO  tracing::span] obj_server_task;
[2m1970-01-01T00:01:30.381589Z[0m [33m WARN[0m [1mcosmic-osd[0m[2m:[0m [2mcosmic_session[0m[2m:[0m [1970-01-01T00:01:29Z WARN  zbus::connection] Requesting name `com.system76.CosmicOsd` before setting up the object server. Method calls arriving before interfaces are registered may be lost. Consider using `connection::Builder::serve_at()` and `::name()` instead.
[2m1970-01-01T00:01:30.385109Z[0m [33m WARN[0m [1mcosmic-osd[0m[2m:[0m [2mcosmic_session[0m[2m:[0m [1970-01-01T00:01:29Z ERROR cosmic_settings_upower_subscription::kbdbacklight] Error listening to KbdBacklight: org.freedesktop.DBus.Error.ServiceUnknown: The name org.freedesktop.UPower was not provided by any .service files
[2m1970-01-01T00:01:30.388499Z[0m [33m WARN[0m [1mcosmic-osd[0m[2m:[0m [2mcosmic_session[0m[2m:[0m [1970-01-01T00:01:29Z INFO  zbus::connection] monitor_name_lost; name=com.system76.CosmicOsd
[2m1970-01-01T00:01:30.421237Z[0m [33m WARN[0m [1mcosmic-osd[0m[2m:[0m [2mcosmic_session[0m[2m:[0m [1970-01-01T00:01:29Z INFO  zbus::connection] monitor_name_lost; name=com.system76.CosmicOnScreenDisplay
[2m1970-01-01T00:01:30.423251Z[0m [33m WARN[0m [1mcosmic-osd[0m[2m:[0m [2mcosmic_session[0m[2m:[0m [1970-01-01T00:01:29Z INFO  zbus::connection::handshake::common] write_command; command=Auth(Some(External), Some([49, 48, 48, 48]))
[2m1970-01-01T00:01:30.427026Z[0m [33m WARN[0m [1mcosmic-osd[0m[2m:[0m [2mcosmic_session[0m[2m:[0m [1970-01-01T00:01:29Z INFO  zbus::connection::handshake::common] write_commands; commands=[Auth(Some(External), Some([49, 48, 48, 48]))] extra_bytes=None
[2m1970-01-01T00:01:30.429523Z[0m [33m WARN[0m [1mcosmic-osd[0m[2m:[0m [2mcosmic_session[0m[2m:[0m [1970-01-01T00:01:29Z INFO  tracing::span] read_command;
[2m1970-01-01T00:01:30.430540Z[0m [33m WARN[0m [1mcosmic-osd[0m[2m:[0m [2mcosmic_session[0m[2m:[0m [1970-01-01T00:01:29Z INFO  zbus::connection::handshake::common] read_commands; n_commands=1
[2m1970-01-01T00:01:30.432324Z[0m [33m WARN[0m [1mcosmic-osd[0m[2m:[0m [2mcosmic_session[0m[2m:[0m [1970-01-01T00:01:29Z INFO  zbus::connection::handshake::common] write_commands; commands=[NegotiateUnixFD, Begin] extra_bytes=Some([108, 1, 0, 1, 0, 0, 0, 0, 18, 0, 0, 0, 109, 0, 0, 0, 1, 1, 111, 0, 21, 0, 0, 0, 47, 111, 114, 103, 47, 102, 114, 101, 101, 100, 101, 115, 107, 116, 111, 112, 47, 68, 66, 117, 115, 0, 0, 0, 2, 1, 115, 0, 20, 0, 0, 0, 111, 114, 103, 46, 102, 114, 101, 101, 100, 101, 115, 107, 116, 111, 112, 46, 68, 66, 117, 115, 0, 0, 0, 0, 3, 1, 115, 0, 5, 0, 0, 0, 72, 101, 108, 108, 111, 0, 0, 0, 6, 1, 115, 0, 20, 0, 0, 0, 111, 114, 103, 46, 102, 114, 101, 101, 100, 101, 115, 107, 116, 111, 112, 46, 68, 66, 117, 115, 0, 0, 0, 0])
[2m1970-01-01T00:01:30.439999Z[0m [33m WARN[0m [1mcosmic-osd[0m[2m:[0m [2mcosmic_session[0m[2m:[0m [1970-01-01T00:01:29Z INFO  zbus::connection::handshake::common] read_commands; n_commands=1
[2m1970-01-01T00:01:30.440594Z[0m [33m WARN[0m [1mcosmic-osd[0m[2m:[0m [2mcosmic_session[0m[2m:[0m [1970-01-01T00:01:29Z INFO  zbus::proxy] {}; task_name="com.system76.CosmicSettingsDaemon proxy caching"
[2m1970-01-01T00:01:30.442566Z[0m [33m WARN[0m [1mcosmic-osd[0m[2m:[0m [2mcosmic_session[0m[2m:[0m [1970-01-01T00:01:29Z INFO  zbus::connection] start_object_server; started_event=None
[2m1970-01-01T00:01:30.444539Z[0m [33m WARN[0m [1mcosmic-osd[0m[2m:[0m [2mcosmic_session[0m[2m:[0m [1970-01-01T00:01:29Z INFO  tracing::span] obj_server_task;
[2m1970-01-01T00:01:30.446174Z[0m [33m WARN[0m [1mcosmic-osd[0m[2m:[0m [2mcosmic_session[0m[2m:[0m [1970-01-01T00:01:29Z INFO  zbus::proxy] {}; task_name="org.freedesktop.login1.Session proxy caching"
[2m1970-01-01T00:01:30.448331Z[0m [33m WARN[0m [1mcosmic-osd[0m[2m:[0m [2mcosmic_session[0m[2m:[0m [1970-01-01T00:01:29Z WARN  zbus::proxy] Failed to populate properties cache via GetAll: org.freedesktop.DBus.Error.ServiceUnknown: The name org.freedesktop.login1 was not provided by any .service files. Property change streams will not produce values.
[2m1970-01-01T00:01:30.480057Z[0m [33m WARN[0m [1mcosmic-osd[0m[2m:[0m [2mcosmic_session[0m[2m:[0m [1970-01-01T00:01:29Z WARN  cosmic_osd::subscriptions::polkit_agent] Failed to register PolicyKit agent: org.freedesktop.DBus.Error.ServiceUnknown: The name org.freedesktop.login1 was not provided by any .service files. This is normal if an agent is already registered.
[2m1970-01-01T00:01:30.483942Z[0m [33m WARN[0m [1mcosmic-idle[0m[2m:[0m [2mcosmic_session[0m[2m:[0m [1970-01-01T00:01:29Z INFO  tracing::span] read_socket;
[2m1970-01-01T00:01:30.485384Z[0m [33m WARN[0m [1mcosmic-idle[0m[2m:[0m [2mcosmic_session[0m[2m:[0m [1970-01-01T00:01:29Z INFO  tracing::span] read_socket;
[2m1970-01-01T00:01:30.486996Z[0m [33m WARN[0m [1mcosmic-idle[0m[2m:[0m [2mcosmic_session[0m[2m:[0m [1970-01-01T00:01:29Z INFO  tracing::span] read_socket;
[2m1970-01-01T00:01:30.488525Z[0m [33m WARN[0m [1mcosmic-idle[0m[2m:[0m [2mcosmic_session[0m[2m:[0m [1970-01-01T00:01:29Z INFO  tracing::span] read_socket;
[2m1970-01-01T00:01:30.489999Z[0m [33m WARN[0m [1mcosmic-idle[0m[2m:[0m [2mcosmic_session[0m[2m:[0m [1970-01-01T00:01:29Z INFO  tracing::span] read_socket;
[2m1970-01-01T00:01:30.490565Z[0m [33m WARN[0m [1mcosmic-idle[0m[2m:[0m [2mcosmic_session[0m[2m:[0m [1970-01-01T00:01:29Z INFO  tracing::span] read_socket;
[2m1970-01-01T00:01:30.492029Z[0m [33m WARN[0m [1mcosmic-idle[0m[2m:[0m [2mcosmic_session[0m[2m:[0m [1970-01-01T00:01:29Z INFO  tracing::span] read_socket;
[2m1970-01-01T00:01:30.493644Z[0m [33m WARN[0m [1mcosmic-idle[0m[2m:[0m [2mcosmic_session[0m[2m:[0m [1970-01-01T00:01:29Z INFO  tracing::span] read_socket;
[2m1970-01-01T00:01:30.495409Z[0m [33m WARN[0m [1mcosmic-idle[0m[2m:[0m [2mcosmic_session[0m[2m:[0m [1970-01-01T00:01:29Z INFO  tracing::span] read_socket;
[2m1970-01-01T00:01:30.510038Z[0m [33m WARN[0m [1mcosmic-idle[0m[2m:[0m [2mcosmic_session[0m[2m:[0m [1970-01-01T00:01:29Z INFO  tracing::span] read_socket;
[2m1970-01-01T00:01:30.511774Z[0m [33m WARN[0m [1mcosmic-idle[0m[2m:[0m [2mcosmic_session[0m[2m:[0m [1970-01-01T00:01:29Z INFO  tracing::span] read_socket;
[2m1970-01-01T00:01:30.513347Z[0m [33m WARN[0m [1mcosmic-idle[0m[2m:[0m [2mcosmic_session[0m[2m:[0m [1970-01-01T00:01:29Z INFO  tracing::span] read_socket;
[2m1970-01-01T00:01:30.514938Z[0m [33m WARN[0m [1mcosmic-idle[0m[2m:[0m [2mcosmic_session[0m[2m:[0m [1970-01-01T00:01:29Z INFO  tracing::span] read_socket;
[2m1970-01-01T00:01:30.516491Z[0m [33m WARN[0m [1mcosmic-idle[0m[2m:[0m [2mcosmic_session[0m[2m:[0m [1970-01-01T00:01:29Z INFO  tracing::span] read_socket;
[2m1970-01-01T00:01:30.518345Z[0m [33m WARN[0m [1mcosmic-idle[0m[2m:[0m [2mcosmic_session[0m[2m:[0m [1970-01-01T00:01:29Z INFO  tracing::span] read_socket;
[2m1970-01-01T00:01:30.519936Z[0m [33m WARN[0m [1mcosmic-idle[0m[2m:[0m [2mcosmic_session[0m[2m:[0m [1970-01-01T00:01:29Z INFO  tracing::span] read_socket;
[2m1970-01-01T00:01:30.531223Z[0m [33m WARN[0m [1mcosmic-idle[0m[2m:[0m [2mcosmic_session[0m[2m:[0m [1970-01-01T00:01:29Z INFO  tracing::span] read_socket;
[2m1970-01-01T00:01:30.532862Z[0m [33m WARN[0m [1mcosmic-idle[0m[2m:[0m [2mcosmic_session[0m[2m:[0m [1970-01-01T00:01:29Z INFO  tracing::span] read_socket;
[2m1970-01-01T00:01:30.534494Z[0m [33m WARN[0m [1mcosmic-idle[0m[2m:[0m [2mcosmic_session[0m[2m:[0m [1970-01-01T00:01:29Z INFO  tracing::span] read_socket;
[2m1970-01-01T00:01:30.536101Z[0m [33m WARN[0m [1mcosmic-idle[0m[2m:[0m [2mcosmic_session[0m[2m:[0m [1970-01-01T00:01:29Z INFO  tracing::span] read_socket;
[2m1970-01-01T00:01:30.537626Z[0m [33m WARN[0m [1mcosmic-idle[0m[2m:[0m [2mcosmic_session[0m[2m:[0m [1970-01-01T00:01:29Z INFO  tracing::span] read_socket;
[2m1970-01-01T00:01:30.539136Z[0m [33m WARN[0m [1mcosmic-idle[0m[2m:[0m [2mcosmic_session[0m[2m:[0m [1970-01-01T00:01:29Z INFO  tracing::span] read_socket;
[2m1970-01-01T00:01:30.554269Z[0m [32m INFO[0m [1mcosmic-panel[0m[2m:[0m [2mcosmic_session::notifications[0m[2m:[0m \x1b[2m1970-01-01T00:01:29.516920Z\x1b[0m \x1b[32m INFO\x1b[0m [(PanelClient { name: "com.system76.CosmicPanelLauncherButton", path: None, client: Some(Client { id: InnerClientId { ptr: 0xeef842f0, alive: true }, data: ClientData { .. } }), stream: Some(UnixStream { fd: FileDesc(OwnedFd { fd: 303 }) }), security_ctx: None, exec: None, minimize_priority: None, requests_wayland_display: None, is_notification_applet: None, shrink_priority: None, shrink_min_size: None, padding_shrinkable: false, auto_popup_hover_press: None }, Mutex { data: "<locked>", poisoned: false, .. }, Center), (PanelClient { name: "com.system76.CosmicPanelWorkspacesButton", path: None, client: Some(Client { id: InnerClientId { ptr: 0xeef843e0, alive: true }, data: ClientData { .. } }), stream: Some(UnixStream { fd: FileDesc(OwnedFd { fd: 306 }) }), security_ctx: None, exec: None, minimize_priority: None, requests_wayland_display: None, is_notification_applet: None, shrink_priority: None, shrink_min_size: None, padding_shrinkable: false, auto_popup_hover_press: None }, Mutex { data: "<locked>", poisoned: false, .. }, Center), (PanelClient { name: "com.system76.CosmicPanelAppButton", path: None, client: Some(Client { id: InnerClientId { ptr: 0xeef844d0, alive: true }, data: ClientData { .. } }), stream: Some(UnixStream { fd: FileDesc(OwnedFd { fd: 309 }) }), security_ctx: None, exec: None, minimize_priority: None, requests_wayland_display: None, is_notification_applet: None, shrink_priority: None, shrink_min_size: None, padding_shrinkable: false, auto_popup_hover_press: None }, Mutex { data: "<locked>", poisoned: false, .. }, Center), (PanelClient { name: "com.system76.CosmicAppList", path: None, client: Some(Client { id: InnerClientId { ptr: 0xeef845c0, alive: true }, data: ClientData { .. } }), stream: Some(UnixStream { fd: FileDesc(OwnedFd { fd: 312 }) }), security_ctx: None, exec: None, minimize_priority: None, requests_wayland_display: None, is_notification_applet: None, shrink_priority: None, shrink_min_size: None, padding_shrinkable: false, auto_popup_hover_press: None }, Mutex { data: "<locked>", poisoned: false, .. }, Center), (PanelClient { name: "com.system76.CosmicAppletMinimize", path: None, client: Some(Client { id: InnerClientId { ptr: 0xeef846b0, alive: true }, data: ClientData { .. } }), stream: Some(UnixStream { fd: FileDesc(OwnedFd { fd: 315 }) }), security_ctx: None, exec: None, minimize_priority: None, requests_wayland_display: None, is_notification_applet: None, shrink_priority: None, shrink_min_size: None, padding_shrinkable: false, auto_popup_hover_press: None }, Mutex { data: "<locked>", poisoned: false, .. }, Center)]
[2m1970-01-01T00:01:30.582516Z[0m [32m INFO[0m [1mcosmic-panel[0m[2m:[0m [2mcosmic_session::notifications[0m[2m:[0m \x1b[2m1970-01-01T00:01:29.563176Z\x1b[0m \x1b[32m INFO\x1b[0m Done spawning applets
[2m1970-01-01T00:01:30.584443Z[0m [32m INFO[0m [1mcosmic-panel[0m[2m:[0m [2mcosmic_session::notifications[0m[2m:[0m \x1b[2m1970-01-01T00:01:29.568225Z\x1b[0m \x1b[32m INFO\x1b[0m Waiting for configure event
[2m1970-01-01T00:01:30.586535Z[0m [32m INFO[0m [1mcosmic-panel[0m[2m:[0m [2mcosmic_session::notifications[0m[2m:[0m \x1b[2m1970-01-01T00:01:29.568234Z\x1b[0m \x1b[32m INFO\x1b[0m Waiting for configure event
[2m1970-01-01T00:01:30.588594Z[0m [32m INFO[0m [1mcosmic-panel[0m[2m:[0m [2mcosmic_session::notifications[0m[2m:[0m \x1b[2m1970-01-01T00:01:29.587274Z\x1b[0m \x1b[32m INFO\x1b[0m Scale factor changed 1 for as surface in space "Panel" on HDMI-A-1
[2m1970-01-01T00:01:30.613285Z[0m [32m INFO[0m [1mcosmic-panel[0m[2m:[0m [2mcosmic_session::notifications[0m[2m:[0m \x1b[2m1970-01-01T00:01:29.830163Z\x1b[0m \x1b[32m INFO\x1b[0m Successfully selected EGL platform: PLATFORM_WAYLAND_KHR
[2m1970-01-01T00:01:30.615761Z[0m [32m INFO[0m [1mcosmic-panel[0m[2m:[0m [2mcosmic_session::notifications[0m[2m:[0m \x1b[2m1970-01-01T00:01:29.975251Z\x1b[0m \x1b[32m INFO\x1b[0m EGL Initialized
[2m1970-01-01T00:01:30.617751Z[0m [32m INFO[0m [1mcosmic-panel[0m[2m:[0m [2mcosmic_session::notifications[0m[2m:[0m \x1b[2m1970-01-01T00:01:29.975267Z\x1b[0m \x1b[32m INFO\x1b[0m EGL Version: (1, 5)
[2m1970-01-01T00:01:30.619903Z[0m [32m INFO[0m [1mcosmic-panel[0m[2m:[0m [2mcosmic_session::notifications[0m[2m:[0m \x1b[2m1970-01-01T00:01:29.975285Z\x1b[0m \x1b[32m INFO\x1b[0m Supported EGL display extensions: EGLExtensions { extensions: ["EGL_EXT_buffer_age", "EGL_EXT_config_select_group", "EGL_EXT_present_opaque", "EGL_EXT_surface_compression", "EGL_EXT_swap_buffers_with_damage", "EGL_KHR_cl_event2", "EGL_KHR_config_attribs", "EGL_KHR_context_flush_control", "EGL_KHR_create_context", "EGL_KHR_create_context_no_error", "EGL_KHR_fence_sync", "EGL_KHR_get_all_proc_addresses", "EGL_KHR_gl_colorspace", "EGL_KHR_gl_renderbuffer_image", "EGL_KHR_gl_texture_2D_image", "EGL_KHR_gl_texture_3D_image", "EGL_KHR_gl_texture_cubemap_image", "EGL_KHR_image_base", "EGL_KHR_no_config_context", "EGL_KHR_reusable_sync", "EGL_KHR_surfaceless_context", "EGL_KHR_swap_buffers_with_damage", "EGL_EXT_pixel_format_float", "EGL_KHR_wait_sync", "EGL_MESA_configless_context", "EGL_MESA_gl_interop", "EGL_MESA_query_driver", "EGL_MESA_x11_native_visual_id", ""], has_fences: true, has_native_fences: false, has_image_base: true, has_import_dmabuf: false, has_import_dmabuf_modifiers: false, has_export_dmabuf: false }
[2m1970-01-01T00:01:30.637861Z[0m [32m INFO[0m [1mcosmic-panel[0m[2m:[0m [2mcosmic_session::notifications[0m[2m:[0m \x1b[2m1970-01-01T00:01:29.975299Z\x1b[0m \x1b[33m WARN\x1b[0m Dmabuf import extension not available
[2m1970-01-01T00:01:30.639999Z[0m [33m WARN[0m [1mcosmic-app-library[0m[2m:[0m [2mcosmic_session[0m[2m:[0m  INFO  zbus::proxy                                        > {}; task_name="org.freedesktop.portal.Settings proxy caching"
[2m1970-01-01T00:01:30.640722Z[0m [33m WARN[0m [1mcosmic-app-library[0m[2m:[0m [2mcosmic_session[0m[2m:[0m  INFO  zbus::connection                                   > monitor_name_lost; name=com.system76.CosmicAppLibrary
[2m1970-01-01T00:01:30.642711Z[0m [33m WARN[0m [1mcosmic-app-library[0m[2m:[0m [2mcosmic_session[0m[2m:[0m  WARN  zbus::proxy                                        > Failed to populate properties cache via GetAll: org.freedesktop.DBus.Error.ServiceUnknown: The name org.freedesktop.portal.Desktop was not provided by any .service files. Property change streams will not produce values.
[2m1970-01-01T00:01:30.650059Z[0m [33m WARN[0m [1mcosmic-app-library[0m[2m:[0m [2mcosmic_session[0m[2m:[0m  ERROR cosmic::theme::portal                              > Failed to get the color scheme Portal(ZBus(MethodError(OwnedErrorName("org.freedesktop.DBus.Error.ServiceUnknown"), Some("The name org.freedesktop.portal.Desktop was not provided by any .service files"), Msg { type: Error, serial: 240, sender: UniqueName("org.freedesktop.DBus"), reply-serial: 21, body: Str, fds: [] })))
[2m1970-01-01T00:01:30.654513Z[0m [33m WARN[0m [1mcosmic-app-library[0m[2m:[0m [2mcosmic_session[0m[2m:[0m  WARN  zbus::proxy                                        > Failed to populate properties cache via GetAll: org.freedesktop.DBus.Error.ServiceUnknown: The name org.a11y.Bus was not provided by any .service files. Property change streams will not produce values.
[2m1970-01-01T00:01:30.658054Z[0m [33m WARN[0m [1mcosmic-app-library[0m[2m:[0m [2mcosmic_session[0m[2m:[0m  ERROR cosmic::theme::portal                              > Failed to get the contrast Portal(ZBus(MethodError(OwnedErrorName("org.freedesktop.DBus.Error.ServiceUnknown"), Some("The name org.freedesktop.portal.Desktop was not provided by any .service files"), Msg { type: Error, serial: 246, sender: UniqueName("org.freedesktop.DBus"), reply-serial: 24, body: Str, fds: [] })))
[2m1970-01-01T00:01:30.662572Z[0m [33m WARN[0m [1mcosmic-app-library[0m[2m:[0m [2mcosmic_session[0m[2m:[0m  INFO  iced_winit::platform_specific::wayland::event_loop::state > Failed to find surface for blur action
[2m1970-01-01T00:01:30.664870Z[0m [33m WARN[0m [1mcosmic-app-library[0m[2m:[0m [2mcosmic_session[0m[2m:[0m  INFO  iced_winit::platform_specific::wayland::event_loop::state > Failed to find surface for blur action
[2m1970-01-01T00:01:30.667244Z[0m [33m WARN[0m [1mcosmic-workspaces[0m[2m:[0m [2mcosmic_session[0m[2m:[0m [1970-01-01T00:01:30Z ERROR cosmic_workspaces] Failed to load compositor config: [GetKey("workspaces", Os { code: 2, kind: NotFound, message: "No such file or directory" }), GetKey("pinned_workspaces", Os { code: 2, kind: NotFound, message: "No such file or directory" }), GetKey("input_default", Os { code: 2, kind: NotFound, message: "No such file or directory" }), GetKey("input_touchpad_override", Os { code: 2, kind: NotFound, message: "No such file or directory" }), GetKey("input_devices", Os { code: 2, kind: NotFound, message: "No such file or directory" }), GetKey("xkb_config", Os { code: 2, kind: NotFound, message: "No such file or directory" }), GetKey("keyboard_config", Os { code: 2, kind: NotFound, message: "No such file or directory" }), GetKey("autotile", Os { code: 2, kind: NotFound, message: "No such file or directory" }), GetKey("autotile_behavior", Os { code: 2, kind: NotFound, message: "No such file or directory" }), GetKey("active_hint", Os { code: 2, kind: NotFound, message: "No such file or directory" }), GetKey("focus_follows_cursor", Os { code: 2, kind: NotFound, message: "No such file or directory" }), GetKey("cursor_follows_focus", Os { code: 2, kind: NotFound, message: "No such file or directory" }), GetKey("focus_follows_cursor_delay", Os { code: 2, kind: NotFound, message: "No such file or directory" }), GetKey("descale_xwayland", Os { code: 2, kind: NotFound, message: "No such file or directory" }), GetKey("xwayland_eavesdropping", Os { code: 2, kind: NotFound, message: "No such file or directory" }), GetKey("edge_snap_threshold", Os { code: 2, kind: NotFound, message: "No such file or directory" }), GetKey("accessibility_zoom", Os { code: 2, kind: NotFound, message: "No such file or directory" }), GetKey("appearance_settings", Os { code: 2, kind: NotFound, message: "No such file or directory" }), GetKey("cursor_hide_timeout", Os { code: 2, kind: NotFound, message: "No such file or directory" }), GetKey("activation_policy", Os { code: 2, kind: NotFound, message: "No such file or directory" })]
[2m1970-01-01T00:01:30.738156Z[0m [33m WARN[0m [1mcosmic-workspaces[0m[2m:[0m [2mcosmic_session[0m[2m:[0m [1970-01-01T00:01:30Z ERROR cosmic::app::cosmic] cosmic theme config update error why=GetKey("list_button", Os { code: 2, kind: NotFound, message: "No such file or directory" })
[2m1970-01-01T00:01:30.740690Z[0m [33m WARN[0m [1mcosmic-workspaces[0m[2m:[0m [2mcosmic_session[0m[2m:[0m [1970-01-01T00:01:30Z INFO  zbus::connection::handshake::common] write_command; command=Auth(Some(External), Some([49, 48, 48, 48]))
[2m1970-01-01T00:01:30.742805Z[0m [33m WARN[0m [1mcosmic-workspaces[0m[2m:[0m [2mcosmic_session[0m[2m:[0m [1970-01-01T00:01:30Z INFO  zbus::connection::handshake::common] write_commands; commands=[Auth(Some(External), Some([49, 48, 48, 48]))] extra_bytes=None
[2m1970-01-01T00:01:30.745523Z[0m [33m WARN[0m [1mcosmic-workspaces[0m[2m:[0m [2mcosmic_session[0m[2m:[0m [1970-01-01T00:01:30Z INFO  tracing::span] read_command;
[2m1970-01-01T00:01:30.747086Z[0m [33m WARN[0m [1mcosmic-workspaces[0m[2m:[0m [2mcosmic_session[0m[2m:[0m [1970-01-01T00:01:30Z INFO  zbus::connection::handshake::common] read_commands; n_commands=1
[2m1970-01-01T00:01:30.753438Z[0m [33m WARN[0m [1mcosmic-workspaces[0m[2m:[0m [2mcosmic_session[0m[2m:[0m [1970-01-01T00:01:30Z INFO  zbus::connection::handshake::common] write_commands; commands=[NegotiateUnixFD, Begin] extra_bytes=Some([108, 1, 0, 1, 0, 0, 0, 0, 3, 0, 0, 0, 109, 0, 0, 0, 1, 1, 111, 0, 21, 0, 0, 0, 47, 111, 114, 103, 47, 102, 114, 101, 101, 100, 101, 115, 107, 116, 111, 112, 47, 68, 66, 117, 115, 0, 0, 0, 2, 1, 115, 0, 20, 0, 0, 0, 111, 114, 103, 46, 102, 114, 101, 101, 100, 101, 115, 107, 116, 111, 112, 46, 68, 66, 117, 115, 0, 0, 0, 0, 3, 1, 115, 0, 5, 0, 0, 0, 72, 101, 108, 108, 111, 0, 0, 0, 6, 1, 115, 0, 20, 0, 0, 0, 111, 114, 103, 46, 102, 114, 101, 101, 100, 101, 115, 107, 116, 111, 112, 46, 68, 66, 117, 115, 0, 0, 0, 0])
[2m1970-01-01T00:01:30.761168Z[0m [33m WARN[0m [1mcosmic-workspaces[0m[2m:[0m [2mcosmic_session[0m[2m:[0m [1970-01-01T00:01:30Z INFO  zbus::connection::handshake::common] read_commands; n_commands=1
[2m1970-01-01T00:01:30.763053Z[0m [33m WARN[0m [1mcosmic-workspaces[0m[2m:[0m [2mcosmic_session[0m[2m:[0m [1970-01-01T00:01:30Z INFO  zbus::connection] start_object_server; started_event=None
[2m1970-01-01T00:01:30.776291Z[0m [33m WARN[0m [1mcosmic-workspaces[0m[2m:[0m [2mcosmic_session[0m[2m:[0m [1970-01-01T00:01:30Z INFO  tracing::span] obj_server_task;
[2m1970-01-01T00:01:30.778010Z[0m [33m WARN[0m [1mcosmic-workspaces[0m[2m:[0m [2mcosmic_session[0m[2m:[0m [1970-01-01T00:01:30Z INFO  zbus::connection] monitor_name_lost; name=com.system76.CosmicWorkspaces
[2m1970-01-01T00:01:30.779954Z[0m [33m WARN[0m [1mcosmic-files-applet[0m[2m:[0m [2mcosmic_session[0m[2m:[0m   \x1b[32m INFO\x1b[0m  \x1b[32mdetected desktop entry, \x1b[1;32mid\x1b[0m\x1b[32m: "com.system76.CosmicAppletTime"\x1b[0m
[2m1970-01-01T00:01:30.782251Z[0m [33m WARN[0m [1mcosmic-files-applet[0m[2m:[0m [2mcosmic_session[0m[2m:[0m     \x1b[2;3mat\x1b[0m src/mime_app.rs:359 \x1b[2;3mon\x1b[0m main
[2m1970-01-01T00:01:30.784028Z[0m [33m WARN[0m [1mcosmic-files-applet[0m[2m:[0m [2mcosmic_session[0m[2m:[0m 
[2m1970-01-01T00:01:30.785147Z[0m [33m WARN[0m [1mcosmic-files-applet[0m[2m:[0m [2mcosmic_session[0m[2m:[0m   \x1b[32m INFO\x1b[0m  \x1b[32mloaded mime app cache in 142.437792ms\x1b[0m
[2m1970-01-01T00:01:30.791526Z[0m [33m WARN[0m [1mcosmic-files-applet[0m[2m:[0m [2mcosmic_session[0m[2m:[0m     \x1b[2;3mat\x1b[0m src/mime_app.rs:501 \x1b[2;3mon\x1b[0m main
[2m1970-01-01T00:01:30.793032Z[0m [33m WARN[0m [1mcosmic-files-applet[0m[2m:[0m [2mcosmic_session[0m[2m:[0m 
[2m1970-01-01T00:01:30.794028Z[0m [33m WARN[0m [1mcosmic-idle[0m[2m:[0m [2mcosmic_session[0m[2m:[0m [1970-01-01T00:01:30Z INFO  tracing::span] read_socket;
[2m1970-01-01T00:01:30.795516Z[0m [33m WARN[0m [1mcosmic-idle[0m[2m:[0m [2mcosmic_session[0m[2m:[0m [1970-01-01T00:01:30Z INFO  tracing::span] read_socket;
[2m1970-01-01T00:01:30.797260Z[0m [32m INFO[0m [1mcosmic-panel[0m[2m:[0m [2mcosmic_session::notifications[0m[2m:[0m \x1b[2m1970-01-01T00:01:29.975317Z\x1b[0m \x1b[32m INFO\x1b[0m \x1b[1megl\x1b[0m\x1b[1m{\x1b[0m\x1b[3mplatform\x1b[0m\x1b[2m=\x1b[0m"PLATFORM_WAYLAND_KHR" \x1b[3mversion\x1b[0m\x1b[2m=\x1b[0m(1, 5)\x1b[1m}\x1b[0m\x1b[2m:\x1b[0m\x1b[1megl_context\x1b[0m\x1b[2m:\x1b[0m Selected color format: PixelFormat { hardware_accelerated: true, color_bits: 24, alpha_bits: 8, depth_bits: 24, stencil_bits: 8, stereoscopy: false, multisampling: None, srgb: false }
[2m1970-01-01T00:01:30.828140Z[0m [32m INFO[0m [1mcosmic-panel[0m[2m:[0m [2mcosmic_session::notifications[0m[2m:[0m \x1b[2m1970-01-01T00:01:30.103405Z\x1b[0m \x1b[32m INFO\x1b[0m \x1b[1megl\x1b[0m\x1b[1m{\x1b[0m\x1b[3mplatform\x1b[0m\x1b[2m=\x1b[0m"PLATFORM_WAYLAND_KHR" \x1b[3mversion\x1b[0m\x1b[2m=\x1b[0m(1, 5)\x1b[1m}\x1b[0m\x1b[2m:\x1b[0m\x1b[1megl_context\x1b[0m\x1b[1m{\x1b[0m\x1b[3mptr\x1b[0m\x1b[2m=\x1b[0m3951187472\x1b[1m}\x1b[0m\x1b[2m:\x1b[0m EGL context created \x1b[3mpriority\x1b[0m\x1b[2m=\x1b[0mNone
[2m1970-01-01T00:01:30.832769Z[0m [32m INFO[0m [1mcosmic-panel[0m[2m:[0m [2mcosmic_session::notifications[0m[2m:[0m \x1b[2m1970-01-01T00:01:30.105195Z\x1b[0m \x1b[32m INFO\x1b[0m \x1b[1megl\x1b[0m\x1b[1m{\x1b[0m\x1b[3mplatform\x1b[0m\x1b[2m=\x1b[0m"PLATFORM_WAYLAND_KHR" \x1b[3mversion\x1b[0m\x1b[2m=\x1b[0m(1, 5)\x1b[1m}\x1b[0m\x1b[2m:\x1b[0m\x1b[1megl_context\x1b[0m\x1b[1m{\x1b[0m\x1b[3mptr\x1b[0m\x1b[2m=\x1b[0m3951187472\x1b[1m}\x1b[0m\x1b[2m:\x1b[0m\x1b[1mrenderer_gles2\x1b[0m\x1b[2m:\x1b[0m Initializing OpenGL ES Renderer
[2m1970-01-01T00:01:30.840014Z[0m [32m INFO[0m [1mcosmic-panel[0m[2m:[0m [2mcosmic_session::notifications[0m[2m:[0m \x1b[2m1970-01-01T00:01:30.105205Z\x1b[0m \x1b[32m INFO\x1b[0m \x1b[1megl\x1b[0m\x1b[1m{\x1b[0m\x1b[3mplatform\x1b[0m\x1b[2m=\x1b[0m"PLATFORM_WAYLAND_KHR" \x1b[3mversion\x1b[0m\x1b[2m=\x1b[0m(1, 5)\x1b[1m}\x1b[0m\x1b[2m:\x1b[0m\x1b[1megl_context\x1b[0m\x1b[1m{\x1b[0m\x1b[3mptr\x1b[0m\x1b[2m=\x1b[0m3951187472\x1b[1m}\x1b[0m\x1b[2m:\x1b[0m\x1b[1mrenderer_gles2\x1b[0m\x1b[2m:\x1b[0m GL Version: "OpenGL ES 3.1 Mesa 25.3.6"
[2m1970-01-01T00:01:30.845066Z[0m [32m INFO[0m [1mcosmic-panel[0m[2m:[0m [2mcosmic_session::notifications[0m[2m:[0m \x1b[2m1970-01-01T00:01:30.105216Z\x1b[0m \x1b[32m INFO\x1b[0m \x1b[1megl\x1b[0m\x1b[1m{\x1b[0m\x1b[3mplatform\x1b[0m\x1b[2m=\x1b[0m"PLATFORM_WAYLAND_KHR" \x1b[3mversion\x1b[0m\x1b[2m=\x1b[0m(1, 5)\x1b[1m}\x1b[0m\x1b[2m:\x1b[0m\x1b[1megl_context\x1b[0m\x1b[1m{\x1b[0m\x1b[3mptr\x1b[0m\x1b[2m=\x1b[0m3951187472\x1b[1m}\x1b[0m\x1b[2m:\x1b[0m\x1b[1mrenderer_gles2\x1b[0m\x1b[2m:\x1b[0m GL Vendor: "Mesa"
[2m1970-01-01T00:01:30.860033Z[0m [32m INFO[0m [1mcosmic-panel[0m[2m:[0m [2mcosmic_session::notifications[0m[2m:[0m \x1b[2m1970-01-01T00:01:30.105223Z\x1b[0m \x1b[32m INFO\x1b[0m \x1b[1megl\x1b[0m\x1b[1m{\x1b[0m\x1b[3mplatform\x1b[0m\x1b[2m=\x1b[0m"PLATFORM_WAYLAND_KHR" \x1b[3mversion\x1b[0m\x1b[2m=\x1b[0m(1, 5)\x1b[1m}\x1b[0m\x1b[2m:\x1b[0m\x1b[1megl_context\x1b[0m\x1b[1m{\x1b[0m\x1b[3mptr\x1b[0m\x1b[2m=\x1b[0m3951187472\x1b[1m}\x1b[0m\x1b[2m:\x1b[0m\x1b[1mrenderer_gles2\x1b[0m\x1b[2m:\x1b[0m GL Renderer: "softpipe"
[2m1970-01-01T00:01:30.865075Z[0m [32m INFO[0m [1mcosmic-launcher[0m[2m:[0m [2mcosmic_session[0m[2m:[0m 1970-01-01T00:01:30.784809Z ERROR error loading system dark theme error=GetKey("list_button", Os { code: 2, kind: NotFound, message: "No such file or directory" })
[2m1970-01-01T00:01:30.867714Z[0m [33m WARN[0m [1mcosmic-workspaces[0m[2m:[0m [2mcosmic_session[0m[2m:[0m [1970-01-01T00:01:30Z ERROR cosmic::theme] error loading system dark theme error=GetKey("list_button", Os { code: 2, kind: NotFound, message: "No such file or directory" })
[2m1970-01-01T00:01:30.869999Z[0m [33m WARN[0m [1mcosmic-workspaces[0m[2m:[0m [2mcosmic_session[0m[2m:[0m [1970-01-01T00:01:30Z WARN  cosmic_workspaces::backend::wayland] dmabuf feedback not supported, only shm: the 'zwp_linux_dmabuf_v1' global was not available
[2m1970-01-01T00:01:30.872412Z[0m [33m WARN[0m [1mcosmic-workspaces[0m[2m:[0m [2mcosmic_session[0m[2m:[0m [1970-01-01T00:01:30Z INFO  cosmic_workspaces::backend::wayland] Unable to initialize Vulkan: Error loading shared library libvulkan.so.1: No such file or directory. Assuming now GPU workarounds needed.
[2m1970-01-01T00:01:30.875589Z[0m [32m INFO[0m [1mcosmic-panel[0m[2m:[0m [2mcosmic_session::notifications[0m[2m:[0m \x1b[2m1970-01-01T00:01:30.105231Z\x1b[0m \x1b[32m INFO\x1b[0m \x1b[1megl\x1b[0m\x1b[1m{\x1b[0m\x1b[3mplatform\x1b[0m\x1b[2m=\x1b[0m"PLATFORM_WAYLAND_KHR" \x1b[3mversion\x1b[0m\x1b[2m=\x1b[0m(1, 5)\x1b[1m}\x1b[0m\x1b[2m:\x1b[0m\x1b[1megl_context\x1b[0m\x1b[1m{\x1b[0m\x1b[3mptr\x1b[0m\x1b[2m=\x1b[0m3951187472\x1b[1m}\x1b[0m\x1b[2m:\x1b[0m\x1b[1mrenderer_gles2\x1b[0m\x1b[2m:\x1b[0m Supported GL Extensions: ["GL_EXT_blend_minmax", "GL_EXT_multi_draw_arrays", "GL_EXT_texture_filter_anisotropic", "GL_EXT_texture_compression_s3tc", "GL_EXT_texture_compression_dxt1", "GL_EXT_texture_compression_rgtc", "GL_EXT_texture_format_BGRA8888", "GL_OES_compressed_ETC1_RGB8_texture", "GL_OES_depth24", "GL_OES_element_index_uint", "GL_OES_fbo_render_mipmap", "GL_OES_mapbuffer", "GL_OES_rgb8_rgba8", "GL_OES_standard_derivatives", "GL_OES_stencil8", "GL_OES_texture_3D", "GL_OES_texture_float", "GL_OES_texture_float_linear", "GL_OES_texture_half_float", "GL_OES_texture_half_float_linear", "GL_OES_texture_npot", "GL_OES_vertex_half_float", "GL_EXT_draw_instanced", "GL_EXT_texture_sRGB_decode", "GL_OES_EGL_image", "GL_OES_depth_texture", "GL_OES_packed_depth_stencil", "GL_EXT_texture_type_2_10_10_10_REV", "GL_NV_conditional_render", "GL_OES_get_program_binary", "GL_APPLE_texture_max_level", "GL_EXT_discard_framebuffer", "GL_EXT_read_format_bgra", "GL_EXT_texture_storage", "GL_NV_pack_subimage", "GL_EXT_frag_depth", "GL_NV_fbo_color_attachments", "GL_OES_EGL_image_external", "GL_OES_EGL_sync", "GL_OES_vertex_array_object", "GL_OES_viewport_array", "GL_ANGLE_pack_reverse_row_order", "GL_ANGLE_texture_compression_dxt3", "GL_ANGLE_texture_compression_dxt5", "GL_EXT_occlusion_query_boolean", "GL_EXT_sRGB", "GL_EXT_texture_rg", "GL_EXT_unpack_subimage", "GL_NV_draw_buffers", "GL_NV_read_buffer", "GL_NV_read_depth", "GL_NV_read_depth_stencil", "GL_NV_read_stencil", "GL_APPLE_sync", "GL_EXT_draw_buffers", "GL_EXT_instanced_arrays", "GL_EXT_map_buffer_range", "GL_EXT_shadow_samplers", "GL_KHR_debug", "GL_KHR_texture_compression_astc_ldr", "GL_NV_generate_mipmap_sRGB", "GL_NV_pixel_buffer_object", "GL_OES_depth_texture_cube_map", "GL_OES_required_internalformat", "GL_OES_surfaceless_context", "GL_EXT_color_buffer_float", "GL_EXT_debug_label", "GL_EXT_sRGB_write_control", "GL_EXT_separate_shader_objects", "GL_EXT_shader_implicit_conversions", "GL_EXT_shader_integer_mix", "GL_EXT_base_instance", "GL_EXT_compressed_ETC1_RGB8_sub_texture", "GL_EXT_copy_image", "GL_EXT_draw_buffers_indexed", "GL_EXT_draw_elements_base_vertex", "GL_EXT_gpu_shader5", "GL_EXT_multi_draw_indirect", "GL_EXT_primitive_bounding_box", "GL_EXT_render_snorm", "GL_EXT_shader_io_blocks", "GL_EXT_texture_border_clamp", "GL_EXT_texture_buffer", "GL_EXT_texture_cube_map_array", "GL_EXT_texture_norm16", "GL_EXT_texture_view", "GL_KHR_context_flush_control", "GL_NV_image_formats", "GL_NV_shader_noperspective_interpolation", "GL_OES_copy_image", "GL_OES_draw_buffers_indexed", "GL_OES_draw_elements_base_vertex", "GL_OES_gpu_shader5", "GL_OES_primitive_bounding_box", "GL_OES_shader_io_blocks", "GL_OES_texture_border_clamp", "GL_OES_texture_buffer", "GL_OES_texture_cube_map_array", "GL_OES_texture_stencil8", "GL_OES_texture_storage_multisample_2d_array", "GL_OES_texture_view", "GL_EXT_blend_func_extended", "GL_EXT_buffer_storage", "GL_EXT_float_blend", "GL_EXT_geometry_point_size", "GL_EXT_geometry_shader", "GL_EXT_texture_sRGB_R8", "GL_EXT_texture_sRGB_RG8", "GL_KHR_no_error", "GL_KHR_texture_compression_astc_sliced_3d", "GL_OES_EGL_image_external_essl3", "GL_OES_geometry_point_size", "GL_OES_geometry_shader", "GL_OES_shader_image_atomic", "GL_EXT_clear_texture", "GL_EXT_clip_cull_distance", "GL_EXT_conservative_depth", "GL_EXT_disjoint_timer_query", "GL_EXT_texture_compression_s3tc_srgb", "GL_MESA_shader_integer_functions", "GL_EXT_clip_control", "GL_EXT_color_buffer_half_float", "GL_EXT_texture_compression_bptc", "GL_EXT_texture_mirror_clamp_to_edge", "GL_KHR_parallel_shader_compile", "GL_EXT_EGL_image_storage", "GL_MESA_framebuffer_flip_y", "GL_EXT_depth_clamp", "GL_EXT_texture_query_lod", "GL_MESA_sampler_objects", "GL_EXT_EGL_image_storage_compression", "GL_EXT_texture_storage_compression", "GL_MESA_bgra", ""]
[2m1970-01-01T00:01:30.950037Z[0m [32m INFO[0m [1mcosmic-panel[0m[2m:[0m [2mcosmic_session::notifications[0m[2m:[0m \x1b[2m1970-01-01T00:01:30.185366Z\x1b[0m \x1b[32m INFO\x1b[0m Scale factor changed 1 for as surface in space "Dock" on HDMI-A-1
[2m1970-01-01T00:01:30.952306Z[0m [32m INFO[0m [1mcosmic-panel[0m[2m:[0m [2mcosmic_session::notifications[0m[2m:[0m \x1b[2m1970-01-01T00:01:30.185457Z\x1b[0m \x1b[32m INFO\x1b[0m \x1b[1megl\x1b[0m\x1b[1m{\x1b[0m\x1b[3mplatform\x1b[0m\x1b[2m=\x1b[0m"PLATFORM_WAYLAND_KHR" \x1b[3mversion\x1b[0m\x1b[2m=\x1b[0m(1, 5)\x1b[1m}\x1b[0m\x1b[2m:\x1b[0m\x1b[1megl_context\x1b[0m\x1b[2m:\x1b[0m Selected color format: PixelFormat { hardware_accelerated: true, color_bits: 24, alpha_bits: 8, depth_bits: 24, stencil_bits: 8, stereoscopy: false, multisampling: None, srgb: false }
[2m1970-01-01T00:01:30.957824Z[0m [32m INFO[0m [1mcosmic-panel[0m[2m:[0m [2mcosmic_session::notifications[0m[2m:[0m \x1b[2m1970-01-01T00:01:30.360181Z\x1b[0m \x1b[32m INFO\x1b[0m \x1b[1megl\x1b[0m\x1b[1m{\x1b[0m\x1b[3mplatform\x1b[0m\x1b[2m=\x1b[0m"PLATFORM_WAYLAND_KHR" \x1b[3mversion\x1b[0m\x1b[2m=\x1b[0m(1, 5)\x1b[1m}\x1b[0m\x1b[2m:\x1b[0m\x1b[1megl_context\x1b[0m\x1b[1m{\x1b[0m\x1b[3mptr\x1b[0m\x1b[2m=\x1b[0m4055932144\x1b[1m}\x1b[0m\x1b[2m:\x1b[0m EGL context created \x1b[3mpriority\x1b[0m\x1b[2m=\x1b[0mNone
[2m1970-01-01T00:01:30.966534Z[0m [32m INFO[0m [1mcosmic-panel[0m[2m:[0m [2mcosmic_session::notifications[0m[2m:[0m \x1b[2m1970-01-01T00:01:30.415855Z\x1b[0m \x1b[32m INFO\x1b[0m Cell { value: None }
[2m1970-01-01T00:01:30.968571Z[0m [32m INFO[0m [1mcosmic-panel[0m[2m:[0m [2mcosmic_session::notifications[0m[2m:[0m \x1b[2m1970-01-01T00:01:30.415899Z\x1b[0m \x1b[32m INFO\x1b[0m Cell { value: None }
[2m1970-01-01T00:01:30.970829Z[0m [32m INFO[0m [1mcosmic-panel[0m[2m:[0m [2mcosmic_session::notifications[0m[2m:[0m \x1b[2m1970-01-01T00:01:30.418399Z\x1b[0m \x1b[31mERROR\x1b[0m \x1b[1mstderr\x1b[0m\x1b[1m{\x1b[0m\x1b[3mclient\x1b[0m\x1b[2m=\x1b[0mInnerClientId { ptr: 0xeb827570, alive: true }\x1b[1m}\x1b[0m\x1b[2m:\x1b[0m com.system76.CosmicAppletTime: leandros-applet: entering event loop
[2m1970-01-01T00:01:30.974798Z[0m [32m INFO[0m [1mcosmic-panel[0m[2m:[0m [2mcosmic_session::notifications[0m[2m:[0m \x1b[2m1970-01-01T00:01:30.418471Z\x1b[0m \x1b[31mERROR\x1b[0m \x1b[1mstderr\x1b[0m\x1b[1m{\x1b[0m\x1b[3mclient\x1b[0m\x1b[2m=\x1b[0mInnerClientId { ptr: 0xeb827570, alive: true }\x1b[1m}\x1b[0m\x1b[2m:\x1b[0m com.system76.CosmicAppletTime: leandros-applet: tick: 1000ms
[2m1970-01-01T00:01:30.980012Z[0m [32m INFO[0m [1mcosmic-panel[0m[2m:[0m [2mcosmic_session::notifications[0m[2m:[0m \x1b[2m1970-01-01T00:01:30.420980Z\x1b[0m \x1b[32m INFO\x1b[0m Requires relayout: resizing list
[2m1970-01-01T00:01:30.980552Z[0m [32m INFO[0m [1mcosmic-panel[0m[2m:[0m [2mcosmic_session::notifications[0m[2m:[0m 
[2m1970-01-01T00:01:30.980861Z[0m [32m INFO[0m [1mcosmic-panel[0m[2m:[0m [2mcosmic_session::notifications[0m[2m:[0m Stack backtrace:
[2m1970-01-01T00:01:30.981201Z[0m [32m INFO[0m [1mcosmic-panel[0m[2m:[0m [2mcosmic_session::notifications[0m[2m:[0m    0: <unknown>
[2m1970-01-01T00:01:30.981539Z[0m [32m INFO[0m [1mcosmic-panel[0m[2m:[0m [2mcosmic_session::notifications[0m[2m:[0m    1: <unknown>
[2m1970-01-01T00:01:30.982588Z[0m [32m INFO[0m [1mcosmic-panel[0m[2m:[0m [2mcosmic_session::notifications[0m[2m:[0m    2: <unknown>
[2m1970-01-01T00:01:30.984042Z[0m [32m INFO[0m [1mcosmic-panel[0m[2m:[0m [2mcosmic_session::notifications[0m[2m:[0m    3: <unknown>
[2m1970-01-01T00:01:30.985425Z[0m [32m INFO[0m [1mcosmic-panel[0m[2m:[0m [2mcosmic_session::notifications[0m[2m:[0m    4: <unknown>
[2m1970-01-01T00:01:30.986876Z[0m [32m INFO[0m [1mcosmic-panel[0m[2m:[0m [2mcosmic_session::notifications[0m[2m:[0m    5: <unknown>
[2m1970-01-01T00:01:30.988335Z[0m [32m INFO[0m [1mcosmic-panel[0m[2m:[0m [2mcosmic_session::notifications[0m[2m:[0m    6: <unknown>
[2m1970-01-01T00:01:30.989736Z[0m [32m INFO[0m [1mcosmic-panel[0m[2m:[0m [2mcosmic_session::notifications[0m[2m:[0m    7: <unknown>
[2m1970-01-01T00:01:30.990076Z[0m [32m INFO[0m [1mcosmic-panel[0m[2m:[0m [2mcosmic_session::notifications[0m[2m:[0m    8: <unknown>
[2m1970-01-01T00:01:30.991566Z[0m [32m INFO[0m [1mcosmic-panel[0m[2m:[0m [2mcosmic_session::notifications[0m[2m:[0m    9: <unknown>
[2m1970-01-01T00:01:30.992949Z[0m [32m INFO[0m [1mcosmic-panel[0m[2m:[0m [2mcosmic_session::notifications[0m[2m:[0m \x1b[2m1970-01-01T00:01:30.439999Z\x1b[0m \x1b[32m INFO\x1b[0m Cell { value: None }
[2m1970-01-01T00:01:30.995270Z[0m [32m INFO[0m [1mcosmic-panel[0m[2m:[0m [2mcosmic_session::notifications[0m[2m:[0m \x1b[2m1970-01-01T00:01:30.440976Z\x1b[0m \x1b[31mERROR\x1b[0m \x1b[1mstderr\x1b[0m\x1b[1m{\x1b[0m\x1b[3mclient\x1b[0m\x1b[2m=\x1b[0mInnerClientId { ptr: 0xeb827570, alive: true }\x1b[1m}\x1b[0m\x1b[2m:\x1b[0m com.system76.CosmicAppletTime: leandros-applet: committed 220x32 clock
[2m1970-01-01T00:01:30.999006Z[0m [32m INFO[0m [1mcosmic-panel[0m[2m:[0m [2mcosmic_session::notifications[0m[2m:[0m \x1b[2m1970-01-01T00:01:30.450707Z\x1b[0m \x1b[32m INFO\x1b[0m Requires relayout: resizing list
[2m1970-01-01T00:01:31.001142Z[0m [32m INFO[0m [1mcosmic-panel[0m[2m:[0m [2mcosmic_session::notifications[0m[2m:[0m 
[2m1970-01-01T00:01:31.002501Z[0m [32m INFO[0m [1mcosmic-panel[0m[2m:[0m [2mcosmic_session::notifications[0m[2m:[0m Stack backtrace:
[2m1970-01-01T00:01:31.004006Z[0m [32m INFO[0m [1mcosmic-panel[0m[2m:[0m [2mcosmic_session::notifications[0m[2m:[0m    0: <unknown>
[2m1970-01-01T00:01:31.005412Z[0m [32m INFO[0m [1mcosmic-panel[0m[2m:[0m [2mcosmic_session::notifications[0m[2m:[0m    1: <unknown>
[2m1970-01-01T00:01:31.006843Z[0m [32m INFO[0m [1mcosmic-panel[0m[2m:[0m [2mcosmic_session::notifications[0m[2m:[0m    2: <unknown>
[2m1970-01-01T00:01:31.008416Z[0m [32m INFO[0m [1mcosmic-panel[0m[2m:[0m [2mcosmic_session::notifications[0m[2m:[0m    3: <unknown>
[2m1970-01-01T00:01:31.009041Z[0m [32m INFO[0m [1mcosmic-panel[0m[2m:[0m [2mcosmic_session::notifications[0m[2m:[0m    4: <unknown>
[2m1970-01-01T00:01:31.010495Z[0m [32m INFO[0m [1mcosmic-panel[0m[2m:[0m [2mcosmic_session::notifications[0m[2m:[0m    5: <unknown>
[2m1970-01-01T00:01:31.011755Z[0m [32m INFO[0m [1mcosmic-panel[0m[2m:[0m [2mcosmic_session::notifications[0m[2m:[0m    6: <unknown>
[2m1970-01-01T00:01:31.013230Z[0m [32m INFO[0m [1mcosmic-panel[0m[2m:[0m [2mcosmic_session::notifications[0m[2m:[0m    7: <unknown>
[2m1970-01-01T00:01:31.014622Z[0m [32m INFO[0m [1mcosmic-panel[0m[2m:[0m [2mcosmic_session::notifications[0m[2m:[0m    8: <unknown>
[2m1970-01-01T00:01:31.015993Z[0m [32m INFO[0m [1mcosmic-panel[0m[2m:[0m [2mcosmic_session::notifications[0m[2m:[0m    9: <unknown>
[2m1970-01-01T00:01:31.017381Z[0m [32m INFO[0m [1mcosmic-panel[0m[2m:[0m [2mcosmic_session::notifications[0m[2m:[0m \x1b[2m1970-01-01T00:01:30.456644Z\x1b[0m \x1b[32m INFO\x1b[0m Cell { value: None }
[2m1970-01-01T00:01:31.019526Z[0m [33m WARN[0m [1mcosmic-osd[0m[2m:[0m [2mcosmic_session[0m[2m:[0m [1970-01-01T00:01:30Z ERROR cosmic::theme] error loading system dark theme error=GetKey("list_button", Os { code: 2, kind: NotFound, message: "No such file or directory" })
[2m1970-01-01T00:01:31.022479Z[0m [33m WARN[0m [1mcosmic-app-library[0m[2m:[0m [2mcosmic_session[0m[2m:[0m  ERROR cosmic::theme                                             > error loading system dark theme error=GetKey("list_button", Os { code: 2, kind: NotFound, message: "No such file or directory" })
[2m1970-01-01T00:01:31.025544Z[0m [33m WARN[0m [1mcosmic-app-library[0m[2m:[0m [2mcosmic_session[0m[2m:[0m  INFO  iced_winit::platform_specific::wayland::event_loop::state > Failed to find surface for blur action
[2m1970-01-01T00:01:31.085852Z[0m [32m INFO[0m [1mcosmic-notifications[0m[2m:[0m [2mcosmic_session::notifications[0m[2m:[0m \x1b[2m1970-01-01T00:01:31.085507Z\x1b[0m \x1b[31mERROR\x1b[0m \x1b[2mcosmic::theme\x1b[0m\x1b[2m:\x1b[0m error loading system dark theme \x1b[3merror\x1b[0m\x1b[2m=\x1b[0mGetKey("list_button", Os { code: 2, kind: NotFound, message: "No such file or directory" })
[2m1970-01-01T00:01:32.159456Z[0m [33m WARN[0m [1mcosmic-files-applet[0m[2m:[0m [2mcosmic_session[0m[2m:[0m   \x1b[31mERROR\x1b[0m  \x1b[31merror loading system dark theme, \x1b[1;31merror\x1b[0m\x1b[31m: GetKey("list_button", Os { code: 2, kind: NotFound, message: "No such file or directory" })\x1b[0m
[2m1970-01-01T00:01:32.160023Z[0m [33m WARN[0m [1mcosmic-files-applet[0m[2m:[0m [2mcosmic_session[0m[2m:[0m     \x1b[2;3mat\x1b[0m /Users/forain/.cargo/git/checkouts/libcosmic-41009aea1d72760b/96a8204/src/theme/mod.rs:95 \x1b[2;3mon\x1b[0m main
[2m1970-01-01T00:01:32.161855Z[0m [33m WARN[0m [1mcosmic-files-applet[0m[2m:[0m [2mcosmic_session[0m[2m:[0m 
[2m1970-01-01T00:01:32.162428Z[0m [33m WARN[0m [1mcosmic-files-applet[0m[2m:[0m [2mcosmic_session[0m[2m:[0m   \x1b[33m WARN\x1b[0m  \x1b[33mNo valid locale found in environment, using fallback\x1b[0m
[2m1970-01-01T00:01:32.163639Z[0m [33m WARN[0m [1mcosmic-files-applet[0m[2m:[0m [2mcosmic_session[0m[2m:[0m     \x1b[2;3mat\x1b[0m src/localize.rs:69 \x1b[2;3mon\x1b[0m main
[2m1970-01-01T00:01:32.164548Z[0m [33m WARN[0m [1mcosmic-files-applet[0m[2m:[0m [2mcosmic_session[0m[2m:[0m 
[2m1970-01-01T00:01:32.165128Z[0m [33m WARN[0m [1mcosmic-files-applet[0m[2m:[0m [2mcosmic_session[0m[2m:[0m   \x1b[32m INFO\x1b[0m  \x1b[32mrescan_tab Entity(1v1) Desktop("/home/leandro/Desktop", "", DesktopConfig { grid_spacing: 100, icon_size: 100, show_content: true, show_mounted_drives: false, show_trash: false }) None\x1b[0m
[2m1970-01-01T00:01:32.165908Z[0m [33m WARN[0m [1mcosmic-files-applet[0m[2m:[0m [2mcosmic_session[0m[2m:[0m     \x1b[2;3mat\x1b[0m src/app.rs:1512 \x1b[2;3mon\x1b[0m main
[2m1970-01-01T00:01:32.166313Z[0m [33m WARN[0m [1mcosmic-files-applet[0m[2m:[0m [2mcosmic_session[0m[2m:[0m 
[2m1970-01-01T00:01:32.172893Z[0m [33m WARN[0m [1mcosmic-files-applet[0m[2m:[0m [2mcosmic_session[0m[2m:[0m   \x1b[33m WARN\x1b[0m  \x1b[33mfailed to read directory /home/leandro/Desktop: No such file or directory (os error 2)\x1b[0m
[2m1970-01-01T00:01:32.175146Z[0m [33m WARN[0m [1mcosmic-files-applet[0m[2m:[0m [2mcosmic_session[0m[2m:[0m     \x1b[2;3mat\x1b[0m src/tab.rs:1086 \x1b[2;3mon\x1b[0m tokio-rt-worker
[2m1970-01-01T00:01:32.177053Z[0m [33m WARN[0m [1mcosmic-files-applet[0m[2m:[0m [2mcosmic_session[0m[2m:[0m 
[2m1970-01-01T00:01:32.177862Z[0m [33m WARN[0m [1mcosmic-files-applet[0m[2m:[0m [2mcosmic_session[0m[2m:[0m   \x1b[33m WARN\x1b[0m  \x1b[33mfailed to get item for /home/leandro/Desktop: failed to read metadata for /home/leandro/Desktop: No such file or directory (os error 2)\x1b[0m
[2m1970-01-01T00:01:32.185233Z[0m [33m WARN[0m [1mcosmic-files-applet[0m[2m:[0m [2mcosmic_session[0m[2m:[0m     \x1b[2;3mat\x1b[0m src/tab.rs:1611 \x1b[2;3mon\x1b[0m tokio-rt-worker
[2m1970-01-01T00:01:32.187099Z[0m [33m WARN[0m [1mcosmic-files-applet[0m[2m:[0m [2mcosmic_session[0m[2m:[0m 
[2m1970-01-01T00:01:32.188267Z[0m [33m WARN[0m [1mcosmic-files-applet[0m[2m:[0m [2mcosmic_session[0m[2m:[0m   \x1b[32m INFO\x1b[0m  \x1b[32mSystem theme: None\x1b[0m
[2m1970-01-01T00:01:32.190035Z[0m [33m WARN[0m [1mcosmic-files-applet[0m[2m:[0m [2mcosmic_session[0m[2m:[0m     \x1b[2;3mat\x1b[0m /Users/forain/.cargo/git/checkouts/libcosmic-41009aea1d72760b/96a8204/iced/winit/src/lib.rs:843 \x1b[2;3mon\x1b[0m main
[2m1970-01-01T00:01:32.192424Z[0m [33m WARN[0m [1mcosmic-files-applet[0m[2m:[0m [2mcosmic_session[0m[2m:[0m 
[2m1970-01-01T00:01:32.193751Z[0m [33m WARN[0m [1mcosmic-files-applet[0m[2m:[0m [2mcosmic_session[0m[2m:[0m   \x1b[32m INFO\x1b[0m  \x1b[32mSCTK setup complete.\x1b[0m
[2m1970-01-01T00:01:32.197583Z[0m [33m WARN[0m [1mcosmic-files-applet[0m[2m:[0m [2mcosmic_session[0m[2m:[0m     \x1b[2;3mat\x1b[0m /Users/forain/.cargo/git/checkouts/libcosmic-41009aea1d72760b/96a8204/iced/winit/src/platform_specific/wayland/event_loop/mod.rs:465 \x1b[2;3mon\x1b[0m 
[2m1970-01-01T00:01:32.199524Z[0m [33m WARN[0m [1mcosmic-files-applet[0m[2m:[0m [2mcosmic_session[0m[2m:[0m 
[2m1970-01-01T00:01:32.207420Z[0m [33m WARN[0m [1mcosmic-files-applet[0m[2m:[0m [2mcosmic_session[0m[2m:[0m xkbcommon: ERROR: couldn't find a Compose file for locale "C" (mapped to "C")
[2m1970-01-01T00:01:32.208345Z[0m [33m WARN[0m [1mcosmic-files-applet[0m[2m:[0m [2mcosmic_session[0m[2m:[0m xkbcommon: ERROR: couldn't find a Compose file for locale "C" (mapped to "C")
[2m1970-01-01T00:01:32.216298Z[0m [33m WARN[0m [1mcosmic-files-applet[0m[2m:[0m [2mcosmic_session[0m[2m:[0m   \x1b[33m WARN\x1b[0m  \x1b[33mcould not find any valid trash bins to watch: Unknown { description: "The 'home trash' either does not exist or is not a directory (or a link pointing to a dir)" }\x1b[0m
[2m1970-01-01T00:01:32.217147Z[0m [33m WARN[0m [1mcosmic-files-applet[0m[2m:[0m [2mcosmic_session[0m[2m:[0m     \x1b[2;3mat\x1b[0m src/app.rs:6864 \x1b[2;3mon\x1b[0m tokio-rt-worker
[2m1970-01-01T00:01:32.217598Z[0m [33m WARN[0m [1mcosmic-files-applet[0m[2m:[0m [2mcosmic_session[0m[2m:[0m 
[2m1970-01-01T00:01:32.318128Z[0m [33m WARN[0m [1mcosmic-files-applet[0m[2m:[0m [2mcosmic_session[0m[2m:[0m   \x1b[31mERROR\x1b[0m  \x1b[31mcosmic theme config update error, \x1b[1;31mwhy\x1b[0m\x1b[31m: GetKey("list_button", Os { code: 2, kind: NotFound, message: "No such file or directory" })\x1b[0m
[2m1970-01-01T00:01:32.321676Z[0m [33m WARN[0m [1mcosmic-files-applet[0m[2m:[0m [2mcosmic_session[0m[2m:[0m     \x1b[2;3mat\x1b[0m /Users/forain/.cargo/git/checkouts/libcosmic-41009aea1d72760b/96a8204/src/app/cosmic.rs:658 \x1b[2;3mon\x1b[0m tokio-rt-worker
[2m1970-01-01T00:01:32.324359Z[0m [33m WARN[0m [1mcosmic-files-applet[0m[2m:[0m [2mcosmic_session[0m[2m:[0m 
[2m1970-01-01T00:01:32.401351Z[0m [33m WARN[0m [1mcosmic-files-applet[0m[2m:[0m [2mcosmic_session[0m[2m:[0m   \x1b[31mERROR\x1b[0m  \x1b[31merror loading system dark theme, \x1b[1;31merror\x1b[0m\x1b[31m: GetKey("list_button", Os { code: 2, kind: NotFound, message: "No such file or directory" })\x1b[0m
[2m1970-01-01T00:01:32.402097Z[0m [33m WARN[0m [1mcosmic-files-applet[0m[2m:[0m [2mcosmic_session[0m[2m:[0m     \x1b[2;3mat\x1b[0m /Users/forain/.cargo/git/checkouts/libcosmic-41009aea1d72760b/96a8204/src/theme/mod.rs:95 \x1b[2;3mon\x1b[0m main
[2m1970-01-01T00:01:32.403034Z[0m [33m WARN[0m [1mcosmic-files-applet[0m[2m:[0m [2mcosmic_session[0m[2m:[0m 
[2m1970-01-01T00:01:32.494433Z[0m [33m WARN[0m [1mcosmic-files-applet[0m[2m:[0m [2mcosmic_session[0m[2m:[0m   \x1b[31mERROR\x1b[0m  \x1b[31merror loading system dark theme, \x1b[1;31merror\x1b[0m\x1b[31m: GetKey("list_button", Os { code: 2, kind: NotFound, message: "No such file or directory" })\x1b[0m
[2m1970-01-01T00:01:32.497507Z[0m [33m WARN[0m [1mcosmic-files-applet[0m[2m:[0m [2mcosmic_session[0m[2m:[0m     \x1b[2;3mat\x1b[0m /Users/forain/.cargo/git/checkouts/libcosmic-41009aea1d72760b/96a8204/src/theme/mod.rs:95 \x1b[2;3mon\x1b[0m main
[2m1970-01-01T00:01:32.499985Z[0m [33m WARN[0m [1mcosmic-files-applet[0m[2m:[0m [2mcosmic_session[0m[2m:[0m 
[2m1970-01-01T00:01:32.572674Z[0m [33m WARN[0m [1mcosmic-files-applet[0m[2m:[0m [2mcosmic_session[0m[2m:[0m   \x1b[31mERROR\x1b[0m  \x1b[31merror loading system dark theme, \x1b[1;31merror\x1b[0m\x1b[31m: GetKey("list_button", Os { code: 2, kind: NotFound, message: "No such file or directory" })\x1b[0m
[2m1970-01-01T00:01:32.575013Z[0m [33m WARN[0m [1mcosmic-files-applet[0m[2m:[0m [2mcosmic_session[0m[2m:[0m     \x1b[2;3mat\x1b[0m /Users/forain/.cargo/git/checkouts/libcosmic-41009aea1d72760b/96a8204/src/theme/mod.rs:95 \x1b[2;3mon\x1b[0m main
[2m1970-01-01T00:01:32.577485Z[0m [33m WARN[0m [1mcosmic-files-applet[0m[2m:[0m [2mcosmic_session[0m[2m:[0m 
[2m1970-01-01T00:01:32.656770Z[0m [33m WARN[0m [1mcosmic-files-applet[0m[2m:[0m [2mcosmic_session[0m[2m:[0m   \x1b[31mERROR\x1b[0m  \x1b[31merror loading system dark theme, \x1b[1;31merror\x1b[0m\x1b[31m: GetKey("list_button", Os { code: 2, kind: NotFound, message: "No such file or directory" })\x1b[0m
[2m1970-01-01T00:01:32.658898Z[0m [33m WARN[0m [1mcosmic-files-applet[0m[2m:[0m [2mcosmic_session[0m[2m:[0m     \x1b[2;3mat\x1b[0m /Users/forain/.cargo/git/checkouts/libcosmic-41009aea1d72760b/96a8204/src/theme/mod.rs:95 \x1b[2;3mon\x1b[0m main
[2m1970-01-01T00:01:32.661838Z[0m [33m WARN[0m [1mcosmic-files-applet[0m[2m:[0m [2mcosmic_session[0m[2m:[0m 
[2m1970-01-01T00:01:32.662190Z[0m [33m WARN[0m [1mcosmic-files-applet[0m[2m:[0m [2mcosmic_session[0m[2m:[0m   \x1b[32m INFO\x1b[0m  \x1b[32moutput wl_output@39: created\x1b[0m
[2m1970-01-01T00:01:32.662631Z[0m [33m WARN[0m [1mcosmic-files-applet[0m[2m:[0m [2mcosmic_session[0m[2m:[0m     \x1b[2;3mat\x1b[0m src/app.rs:5258 \x1b[2;3mon\x1b[0m main
[2m1970-01-01T00:01:32.663049Z[0m [33m WARN[0m [1mcosmic-files-applet[0m[2m:[0m [2mcosmic_session[0m[2m:[0m 
[2m1970-01-01T00:01:32.663599Z[0m [33m WARN[0m [1mcosmic-files-applet[0m[2m:[0m [2mcosmic_session[0m[2m:[0m   \x1b[33m WARN\x1b[0m  \x1b[33mfailed to locate desktop directory, falling back to /home/leandro/Desktop\x1b[0m
[2m1970-01-01T00:01:32.664328Z[0m [33m WARN[0m [1mcosmic-files-applet[0m[2m:[0m [2mcosmic_session[0m[2m:[0m     \x1b[2;3mat\x1b[0m src/lib.rs:50 \x1b[2;3mon\x1b[0m main
[2m1970-01-01T00:01:32.664950Z[0m [33m WARN[0m [1mcosmic-files-applet[0m[2m:[0m [2mcosmic_session[0m[2m:[0m 
[2m1970-01-01T00:01:32.665482Z[0m [33m WARN[0m [1mcosmic-files-applet[0m[2m:[0m [2mcosmic_session[0m[2m:[0m   \x1b[32m INFO\x1b[0m  \x1b[32mrescan_tab Entity(2v1) Desktop("/home/leandro/Desktop", "HDMI-A-1", DesktopConfig { grid_spacing: 100, icon_size: 100, show_content: true, show_mounted_drives: false, show_trash: false }) None\x1b[0m
[2m1970-01-01T00:01:32.667400Z[0m [33m WARN[0m [1mcosmic-files-applet[0m[2m:[0m [2mcosmic_session[0m[2m:[0m     \x1b[2;3mat\x1b[0m src/app.rs:1512 \x1b[2;3mon\x1b[0m main
[2m1970-01-01T00:01:32.667822Z[0m [33m WARN[0m [1mcosmic-files-applet[0m[2m:[0m [2mcosmic_session[0m[2m:[0m 
[2m1970-01-01T00:01:32.668103Z[0m [33m WARN[0m [1mcosmic-files-applet[0m[2m:[0m [2mcosmic_session[0m[2m:[0m   \x1b[33m WARN\x1b[0m  \x1b[33mfailed to read directory /home/leandro/Desktop: No such file or directory (os error 2)\x1b[0m
[2m1970-01-01T00:01:32.668661Z[0m [33m WARN[0m [1mcosmic-files-applet[0m[2m:[0m [2mcosmic_session[0m[2m:[0m     \x1b[2;3mat\x1b[0m src/tab.rs:1086 \x1b[2;3mon\x1b[0m tokio-rt-worker
[2m1970-01-01T00:01:32.669123Z[0m [33m WARN[0m [1mcosmic-files-applet[0m[2m:[0m [2mcosmic_session[0m[2m:[0m 
[2m1970-01-01T00:01:32.669577Z[0m [33m WARN[0m [1mcosmic-files-applet[0m[2m:[0m [2mcosmic_session[0m[2m:[0m   \x1b[33m WARN\x1b[0m  \x1b[33mfailed to get item for /home/leandro/Desktop: failed to read metadata for /home/leandro/Desktop: No such file or directory (os error 2)\x1b[0m
[2m1970-01-01T00:01:32.672127Z[0m [33m WARN[0m [1mcosmic-files-applet[0m[2m:[0m [2mcosmic_session[0m[2m:[0m     \x1b[2;3mat\x1b[0m src/tab.rs:1611 \x1b[2;3mon\x1b[0m tokio-rt-worker
[2m1970-01-01T00:01:32.672619Z[0m [33m WARN[0m [1mcosmic-files-applet[0m[2m:[0m [2mcosmic_session[0m[2m:[0m 
[2m1970-01-01T00:01:32.672894Z[0m [33m WARN[0m [1mcosmic-files-applet[0m[2m:[0m [2mcosmic_session[0m[2m:[0m   \x1b[31mERROR\x1b[0m  \x1b[31mOverlap notify subscription cannot be created for surface. No matching layer surface found.\x1b[0m
[2m1970-01-01T00:01:32.673450Z[0m [33m WARN[0m [1mcosmic-files-applet[0m[2m:[0m [2mcosmic_session[0m[2m:[0m     \x1b[2;3mat\x1b[0m /Users/forain/.cargo/git/checkouts/libcosmic-41009aea1d72760b/96a8204/iced/winit/src/platform_specific/wayland/event_loop/state.rs:1678 \x1b[2;3mon\x1b[0m 
[2m1970-01-01T00:01:32.674363Z[0m [33m WARN[0m [1mcosmic-files-applet[0m[2m:[0m [2mcosmic_session[0m[2m:[0m 
[2m1970-01-01T00:01:32.828089Z[0m [33m WARN[0m [1mcosmic-app-library[0m[2m:[0m [2mcosmic_session[0m[2m:[0m  INFO  iced_winit::platform_specific::wayland::event_loop::state > Failed to find surface for blur action
