[0m[?25l[48;1H[J[39mbrush-0.5# [38;5;14m[38;5;5m[0m[0mnosuchbinary_xyz4278[?25h
[?2004l[31merror:[39m command not found: nosuchbinary_xyz42
[?2004h[0m[?25l[50;1H[J[39mbrush-0.5# [38;5;14m[38;5;5m[0m[0m78[?25h[0m[?25l[50;1H[J[39mbrush-0.5# [38;5;14m[38;5;5m[0m[0mbrush /bin/m12c-input78[?25h
[?2004lM13: BEGIN
M13: ==== BEGIN shims ====
ls: cannot access '/usr/lib/libudev.so.1.0.0': No such file or directory
ls: cannot access '/usr/lib/libseat.so.1.0.0': No such file or directory
M13: ==== END shims ====
M13: tracedir=/run/user/0/m13/trace
[DRMSTAT] t=0x0000000000002008 flips_sub=0x0000000000000000 flips_del=0x0000000000000000 dirtyfb=0x0000000000000000 clips=0x0000000000000000 flip_us=0x0000000000000000 dmg_full=0x0000000000000000 dmg_rect=0x0000000000000000 dmg_skip=0x0000000000000000 dmg_px=0x0000000000000000 blobs=0x0000000000000000 curs_up=0x0000000000000000 curs_mv=0x0000000000000000 atomic=0x0000000000000000 atest=0x0000000000000000 cplane=0x0000000000000000 evpush=0x0000000000000066 bo_dumb=0x0000000000000000 bo_dumbret=0x0000000000000000 bo_blob=0x0000000000000000 bo_bhnd=0x0000000000000000
[EVSTAT] t=0x2008 dev=0x0 push=0x66 drop=0x0 depth=0x0 reads=0x0 eagain=0x0 deliv=0x0 polls=0x0 pollin=0x0 ioctls=0x0 enotty=0x0 lastnr=0x0 conspop=0x66 rpid=0x0 ipid=0x0
[EVSTAT] t=0x2008 dev=0x1 push=0x0 drop=0x0 depth=0x0 reads=0x0 eagain=0x0 deliv=0x0 polls=0x0 pollin=0x0 ioctls=0x0 enotty=0x0 lastnr=0x0 conspop=0x0 rpid=0x0 ipid=0x0
M13: wayland-1 after 1s
[DRMSTAT] t=0x00000000000020D0 flips_sub=0x0000000000000000 flips_del=0x0000000000000000 dirtyfb=0x0000000000000000 clips=0x0000000000000000 flip_us=0x0000000000000000 dmg_full=0x0000000000000000 dmg_rect=0x0000000000000000 dmg_skip=0x0000000000000000 dmg_px=0x0000000000000000 blobs=0x0000000000000000 curs_up=0x0000000000000000 curs_mv=0x0000000000000000 atomic=0x0000000000000000 atest=0x0000000000000000 cplane=0x0000000000000000 evpush=0x0000000000000066 bo_dumb=0x0000000000000000 bo_dumbret=0x0000000000000000 bo_blob=0x0000000000000000 bo_bhnd=0x0000000000000000
[EVSTAT] t=0x20d0 dev=0x0 push=0x66 drop=0x0 depth=0x0 reads=0x0 eagain=0x0 deliv=0x0 polls=0x0 pollin=0x0 ioctls=0x0 enotty=0x0 lastnr=0x0 conspop=0x66 rpid=0x0 ipid=0x0
[EVSTAT] t=0x20d0 dev=0x1 push=0x0 drop=0x0 depth=0x0 reads=0x0 eagain=0x0 deliv=0x0 polls=0x0 pollin=0x0 ioctls=0x0 enotty=0x0 lastnr=0x0 conspop=0x0 rpid=0x0 ipid=0x0
[DRMSTAT] t=0x0000000000002198 flips_sub=0x0000000000000000 flips_del=0x0000000000000000 dirtyfb=0x0000000000000000 clips=0x0000000000000000 flip_us=0x0000000000000000 dmg_full=0x0000000000000000 dmg_rect=0x0000000000000000 dmg_skip=0x0000000000000000 dmg_px=0x0000000000000000 blobs=0x0000000000000000 curs_up=0x0000000000000000 curs_mv=0x0000000000000000 atomic=0x0000000000000000 atest=0x0000000000000000 cplane=0x0000000000000000 evpush=0x0000000000000066 bo_dumb=0x0000000000000000 bo_dumbret=0x0000000000000000 bo_blob=0x0000000000000000 bo_bhnd=0x0000000000000000
[EVSTAT] t=0x2198 dev=0x0 push=0x66 drop=0x0 depth=0x0 reads=0x0 eagain=0x0 deliv=0x0 polls=0x0 pollin=0x0 ioctls=0x0 enotty=0x0 lastnr=0x0 conspop=0x66 rpid=0x0 ipid=0x0
[EVSTAT] t=0x2198 dev=0x1 push=0x0 drop=0x0 depth=0x0 reads=0x0 eagain=0x0 deliv=0x0 polls=0x0 pollin=0x0 ioctls=0x0 enotty=0x0 lastnr=0x0 conspop=0x0 rpid=0x0 ipid=0x0
[DRMSTAT] t=0x0000000000002260 flips_sub=0x0000000000000000 flips_del=0x0000000000000000 dirtyfb=0x0000000000000000 clips=0x0000000000000000 flip_us=0x0000000000000000 dmg_full=0x0000000000000000 dmg_rect=0x0000000000000000 dmg_skip=0x0000000000000000 dmg_px=0x0000000000000000 blobs=0x0000000000000000 curs_up=0x0000000000000000 curs_mv=0x0000000000000000 atomic=0x0000000000000000 atest=0x0000000000000000 cplane=0x0000000000000000 evpush=0x0000000000000066 bo_dumb=0x0000000000000000 bo_dumbret=0x0000000000000000 bo_blob=0x0000000000000000 bo_bhnd=0x0000000000000000
[EVSTAT] t=0x2260 dev=0x0 push=0x66 drop=0x0 depth=0x0 reads=0x0 eagain=0x0 deliv=0x0 polls=0x0 pollin=0x0 ioctls=0x0 enotty=0x0 lastnr=0x0 conspop=0x66 rpid=0x0 ipid=0x0
[EVSTAT] t=0x2260 dev=0x1 push=0x0 drop=0x0 depth=0x0 reads=0x0 eagain=0x0 deliv=0x0 polls=0x0 pollin=0x0 ioctls=0x0 enotty=0x0 lastnr=0x0 conspop=0x0 rpid=0x0 ipid=0x0
[DRMSTAT] t=0x0000000000002328 flips_sub=0x0000000000000000 flips_del=0x0000000000000000 dirtyfb=0x0000000000000000 clips=0x0000000000000000 flip_us=0x0000000000000000 dmg_full=0x0000000000000000 dmg_rect=0x0000000000000000 dmg_skip=0x0000000000000000 dmg_px=0x0000000000000000 blobs=0x0000000000000000 curs_up=0x0000000000000000 curs_mv=0x0000000000000000 atomic=0x0000000000000000 atest=0x0000000000000000 cplane=0x0000000000000000 evpush=0x0000000000000066 bo_dumb=0x0000000000000000 bo_dumbret=0x0000000000000000 bo_blob=0x0000000000000000 bo_bhnd=0x0000000000000000
[EVSTAT] t=0x2328 dev=0x0 push=0x66 drop=0x0 depth=0x0 reads=0x0 eagain=0x0 deliv=0x0 polls=0x0 pollin=0x0 ioctls=0x0 enotty=0x0 lastnr=0x0 conspop=0x66 rpid=0x0 ipid=0x0
[EVSTAT] t=0x2328 dev=0x1 push=0x0 drop=0x0 depth=0x0 reads=0x0 eagain=0x0 deliv=0x0 polls=0x0 pollin=0x0 ioctls=0x0 enotty=0x0 lastnr=0x0 conspop=0x0 rpid=0x0 ipid=0x0
[DRMSTAT] t=0x00000000000023F0 flips_sub=0x0000000000000000 flips_del=0x0000000000000000 dirtyfb=0x0000000000000000 clips=0x0000000000000000 flip_us=0x0000000000000000 dmg_full=0x0000000000000000 dmg_rect=0x0000000000000000 dmg_skip=0x0000000000000000 dmg_px=0x0000000000000000 blobs=0x0000000000000000 curs_up=0x0000000000000000 curs_mv=0x0000000000000000 atomic=0x0000000000000000 atest=0x0000000000000000 cplane=0x0000000000000000 evpush=0x0000000000000066 bo_dumb=0x0000000000000000 bo_dumbret=0x0000000000000000 bo_blob=0x0000000000000000 bo_bhnd=0x0000000000000000
[EVSTAT] t=0x23f0 dev=0x0 push=0x66 drop=0x0 depth=0x0 reads=0x0 eagain=0x0 deliv=0x0 polls=0x0 pollin=0x0 ioctls=0x0 enotty=0x0 lastnr=0x0 conspop=0x66 rpid=0x0 ipid=0x0
[EVSTAT] t=0x23f0 dev=0x1 push=0x0 drop=0x0 depth=0x0 reads=0x0 eagain=0x0 deliv=0x0 polls=0x0 pollin=0x0 ioctls=0x0 enotty=0x0 lastnr=0x0 conspop=0x0 rpid=0x0 ipid=0x0
[DRMSTAT] t=0x00000000000024B8 flips_sub=0x0000000000000000 flips_del=0x0000000000000000 dirtyfb=0x0000000000000000 clips=0x0000000000000000 flip_us=0x0000000000000000 dmg_full=0x0000000000000000 dmg_rect=0x0000000000000000 dmg_skip=0x0000000000000000 dmg_px=0x0000000000000000 blobs=0x0000000000000000 curs_up=0x0000000000000000 curs_mv=0x0000000000000000 atomic=0x0000000000000000 atest=0x0000000000000000 cplane=0x0000000000000000 evpush=0x0000000000000066 bo_dumb=0x0000000000000000 bo_dumbret=0x0000000000000000 bo_blob=0x0000000000000000 bo_bhnd=0x0000000000000000
[EVSTAT] t=0x24b8 dev=0x0 push=0x66 drop=0x0 depth=0x0 reads=0x0 eagain=0x0 deliv=0x0 polls=0x0 pollin=0x0 ioctls=0x0 enotty=0x0 lastnr=0x0 conspop=0x66 rpid=0x0 ipid=0x0
[EVSTAT] t=0x24b8 dev=0x1 push=0x0 drop=0x0 depth=0x0 reads=0x0 eagain=0x0 deliv=0x0 polls=0x0 pollin=0x0 ioctls=0x0 enotty=0x0 lastnr=0x0 conspop=0x0 rpid=0x0 ipid=0x0
[DRMSTAT] t=0x0000000000002580 flips_sub=0x0000000000000000 flips_del=0x0000000000000000 dirtyfb=0x0000000000000000 clips=0x0000000000000000 flip_us=0x0000000000000000 dmg_full=0x0000000000000000 dmg_rect=0x0000000000000000 dmg_skip=0x0000000000000000 dmg_px=0x0000000000000000 blobs=0x0000000000000000 curs_up=0x0000000000000000 curs_mv=0x0000000000000000 atomic=0x0000000000000000 atest=0x0000000000000000 cplane=0x0000000000000000 evpush=0x0000000000000066 bo_dumb=0x0000000000000000 bo_dumbret=0x0000000000000000 bo_blob=0x0000000000000000 bo_bhnd=0x0000000000000000
[EVSTAT] t=0x2580 dev=0x0 push=0x66 drop=0x0 depth=0x0 reads=0x0 eagain=0x0 deliv=0x0 polls=0x0 pollin=0x0 ioctls=0x0 enotty=0x0 lastnr=0x0 conspop=0x66 rpid=0x0 ipid=0x0
[EVSTAT] t=0x2580 dev=0x1 push=0x0 drop=0x0 depth=0x0 reads=0x0 eagain=0x0 deliv=0x0 polls=0x0 pollin=0x0 ioctls=0x0 enotty=0x0 lastnr=0x0 conspop=0x0 rpid=0x0 ipid=0x0
[DRMSTAT] t=0x0000000000002648 flips_sub=0x0000000000000000 flips_del=0x0000000000000000 dirtyfb=0x0000000000000000 clips=0x0000000000000000 flip_us=0x0000000000000000 dmg_full=0x0000000000000000 dmg_rect=0x0000000000000000 dmg_skip=0x0000000000000000 dmg_px=0x0000000000000000 blobs=0x0000000000000000 curs_up=0x0000000000000000 curs_mv=0x0000000000000000 atomic=0x0000000000000000 atest=0x0000000000000000 cplane=0x0000000000000000 evpush=0x0000000000000066 bo_dumb=0x0000000000000000 bo_dumbret=0x0000000000000000 bo_blob=0x0000000000000000 bo_bhnd=0x0000000000000000
[EVSTAT] t=0x2648 dev=0x0 push=0x66 drop=0x0 depth=0x0 reads=0x0 eagain=0x0 deliv=0x0 polls=0x0 pollin=0x0 ioctls=0x0 enotty=0x0 lastnr=0x0 conspop=0x66 rpid=0x0 ipid=0x0
[EVSTAT] t=0x2648 dev=0x1 push=0x0 drop=0x0 depth=0x0 reads=0x0 eagain=0x0 deliv=0x0 polls=0x0 pollin=0x0 ioctls=0x0 enotty=0x0 lastnr=0x0 conspop=0x0 rpid=0x0 ipid=0x0
[DRMSTAT] t=0x0000000000002710 flips_sub=0x0000000000000000 flips_del=0x0000000000000000 dirtyfb=0x0000000000000000 clips=0x0000000000000000 flip_us=0x0000000000000000 dmg_full=0x0000000000000000 dmg_rect=0x0000000000000000 dmg_skip=0x0000000000000000 dmg_px=0x0000000000000000 blobs=0x0000000000000000 curs_up=0x0000000000000000 curs_mv=0x0000000000000000 atomic=0x0000000000000000 atest=0x0000000000000000 cplane=0x0000000000000000 evpush=0x0000000000000066 bo_dumb=0x0000000000000000 bo_dumbret=0x0000000000000000 bo_blob=0x0000000000000000 bo_bhnd=0x0000000000000000
[EVSTAT] t=0x2710 dev=0x0 push=0x66 drop=0x0 depth=0x0 reads=0x0 eagain=0x0 deliv=0x0 polls=0x0 pollin=0x0 ioctls=0x0 enotty=0x0 lastnr=0x0 conspop=0x66 rpid=0x0 ipid=0x0
[EVSTAT] t=0x2710 dev=0x1 push=0x0 drop=0x0 depth=0x0 reads=0x0 eagain=0x0 deliv=0x0 polls=0x0 pollin=0x0 ioctls=0x0 enotty=0x0 lastnr=0x0 conspop=0x0 rpid=0x0 ipid=0x0
[DRMSTAT] t=0x00000000000027D8 flips_sub=0x0000000000000000 flips_del=0x0000000000000000 dirtyfb=0x0000000000000000 clips=0x0000000000000000 flip_us=0x0000000000000000 dmg_full=0x0000000000000000 dmg_rect=0x0000000000000000 dmg_skip=0x0000000000000000 dmg_px=0x0000000000000000 blobs=0x0000000000000000 curs_up=0x0000000000000000 curs_mv=0x0000000000000000 atomic=0x0000000000000000 atest=0x0000000000000000 cplane=0x0000000000000000 evpush=0x0000000000000066 bo_dumb=0x0000000000000000 bo_dumbret=0x0000000000000000 bo_blob=0x0000000000000000 bo_bhnd=0x0000000000000000
[EVSTAT] t=0x27d8 dev=0x0 push=0x66 drop=0x0 depth=0x0 reads=0x0 eagain=0x0 deliv=0x0 polls=0x0 pollin=0x0 ioctls=0x0 enotty=0x0 lastnr=0x0 conspop=0x66 rpid=0x0 ipid=0x0
[EVSTAT] t=0x27d8 dev=0x1 push=0x0 drop=0x0 depth=0x0 reads=0x0 eagain=0x0 deliv=0x0 polls=0x0 pollin=0x0 ioctls=0x0 enotty=0x0 lastnr=0x0 conspop=0x0 rpid=0x0 ipid=0x0
[DRMSTAT] t=0x00000000000028A0 flips_sub=0x0000000000000000 flips_del=0x0000000000000000 dirtyfb=0x0000000000000000 clips=0x0000000000000000 flip_us=0x0000000000000000 dmg_full=0x0000000000000000 dmg_rect=0x0000000000000000 dmg_skip=0x0000000000000000 dmg_px=0x0000000000000000 blobs=0x0000000000000000 curs_up=0x0000000000000000 curs_mv=0x0000000000000000 atomic=0x0000000000000000 atest=0x0000000000000000 cplane=0x0000000000000000 evpush=0x0000000000000066 bo_dumb=0x0000000000000000 bo_dumbret=0x0000000000000000 bo_blob=0x0000000000000000 bo_bhnd=0x0000000000000000
[EVSTAT] t=0x28a0 dev=0x0 push=0x66 drop=0x0 depth=0x0 reads=0x0 eagain=0x0 deliv=0x0 polls=0x0 pollin=0x0 ioctls=0x0 enotty=0x0 lastnr=0x0 conspop=0x66 rpid=0x0 ipid=0x0
[EVSTAT] t=0x28a0 dev=0x1 push=0x0 drop=0x0 depth=0x0 reads=0x0 eagain=0x0 deliv=0x0 polls=0x0 pollin=0x0 ioctls=0x0 enotty=0x0 lastnr=0x0 conspop=0x0 rpid=0x0 ipid=0x0
[DRMSTAT] t=0x0000000000002968 flips_sub=0x0000000000000000 flips_del=0x0000000000000000 dirtyfb=0x0000000000000000 clips=0x0000000000000000 flip_us=0x0000000000000000 dmg_full=0x0000000000000000 dmg_rect=0x0000000000000000 dmg_skip=0x0000000000000000 dmg_px=0x0000000000000000 blobs=0x0000000000000000 curs_up=0x0000000000000000 curs_mv=0x0000000000000000 atomic=0x0000000000000000 atest=0x0000000000000000 cplane=0x0000000000000000 evpush=0x0000000000000066 bo_dumb=0x0000000000000000 bo_dumbret=0x0000000000000000 bo_blob=0x0000000000000000 bo_bhnd=0x0000000000000000
[EVSTAT] t=0x2968 dev=0x0 push=0x66 drop=0x0 depth=0x0 reads=0x0 eagain=0x0 deliv=0x0 polls=0x0 pollin=0x0 ioctls=0x0 enotty=0x0 lastnr=0x0 conspop=0x66 rpid=0x0 ipid=0x0
[EVSTAT] t=0x2968 dev=0x1 push=0x0 drop=0x0 depth=0x0 reads=0x0 eagain=0x0 deliv=0x0 polls=0x0 pollin=0x0 ioctls=0x0 enotty=0x0 lastnr=0x0 conspop=0x0 rpid=0x0 ipid=0x0
[DRMSTAT] t=0x0000000000002A30 flips_sub=0x0000000000000000 flips_del=0x0000000000000000 dirtyfb=0x0000000000000000 clips=0x0000000000000000 flip_us=0x0000000000000000 dmg_full=0x0000000000000000 dmg_rect=0x0000000000000000 dmg_skip=0x0000000000000000 dmg_px=0x0000000000000000 blobs=0x0000000000000000 curs_up=0x0000000000000000 curs_mv=0x0000000000000000 atomic=0x0000000000000000 atest=0x0000000000000000 cplane=0x0000000000000000 evpush=0x0000000000000066 bo_dumb=0x0000000000000000 bo_dumbret=0x0000000000000000 bo_blob=0x0000000000000000 bo_bhnd=0x0000000000000000
[EVSTAT] t=0x2a30 dev=0x0 push=0x66 drop=0x0 depth=0x0 reads=0x0 eagain=0x0 deliv=0x0 polls=0x0 pollin=0x0 ioctls=0x0 enotty=0x0 lastnr=0x0 conspop=0x66 rpid=0x0 ipid=0x0
[EVSTAT] t=0x2a30 dev=0x1 push=0x0 drop=0x0 depth=0x0 reads=0x0 eagain=0x0 deliv=0x0 polls=0x0 pollin=0x0 ioctls=0x0 enotty=0x0 lastnr=0x0 conspop=0x0 rpid=0x0 ipid=0x0
[DRMSTAT] t=0x0000000000002AF8 flips_sub=0x0000000000000000 flips_del=0x0000000000000000 dirtyfb=0x0000000000000000 clips=0x0000000000000000 flip_us=0x0000000000000000 dmg_full=0x0000000000000000 dmg_rect=0x0000000000000000 dmg_skip=0x0000000000000000 dmg_px=0x0000000000000000 blobs=0x0000000000000000 curs_up=0x0000000000000000 curs_mv=0x0000000000000000 atomic=0x0000000000000000 atest=0x0000000000000000 cplane=0x0000000000000000 evpush=0x0000000000000066 bo_dumb=0x0000000000000000 bo_dumbret=0x0000000000000000 bo_blob=0x0000000000000000 bo_bhnd=0x0000000000000000
[EVSTAT] t=0x2af8 dev=0x0 push=0x66 drop=0x0 depth=0x0 reads=0x0 eagain=0x0 deliv=0x0 polls=0x0 pollin=0x0 ioctls=0x0 enotty=0x0 lastnr=0x0 conspop=0x66 rpid=0x0 ipid=0x0
[EVSTAT] t=0x2af8 dev=0x1 push=0x0 drop=0x0 depth=0x0 reads=0x0 eagain=0x0 deliv=0x0 polls=0x0 pollin=0x0 ioctls=0x0 enotty=0x0 lastnr=0x0 conspop=0x0 rpid=0x0 ipid=0x0
[DRMSTAT] t=0x0000000000002BC0 flips_sub=0x0000000000000000 flips_del=0x0000000000000000 dirtyfb=0x0000000000000000 clips=0x0000000000000000 flip_us=0x0000000000000000 dmg_full=0x0000000000000000 dmg_rect=0x0000000000000000 dmg_skip=0x0000000000000000 dmg_px=0x0000000000000000 blobs=0x0000000000000000 curs_up=0x0000000000000000 curs_mv=0x0000000000000000 atomic=0x0000000000000000 atest=0x0000000000000000 cplane=0x0000000000000000 evpush=0x0000000000000066 bo_dumb=0x0000000000000000 bo_dumbret=0x0000000000000000 bo_blob=0x0000000000000000 bo_bhnd=0x0000000000000000
[EVSTAT] t=0x2bc0 dev=0x0 push=0x66 drop=0x0 depth=0x0 reads=0x0 eagain=0x0 deliv=0x0 polls=0x0 pollin=0x0 ioctls=0x0 enotty=0x0 lastnr=0x0 conspop=0x66 rpid=0x0 ipid=0x0
[EVSTAT] t=0x2bc0 dev=0x1 push=0x0 drop=0x0 depth=0x0 reads=0x0 eagain=0x0 deliv=0x0 polls=0x0 pollin=0x0 ioctls=0x0 enotty=0x0 lastnr=0x0 conspop=0x0 rpid=0x0 ipid=0x0
[DRMSTAT] t=0x0000000000002C88 flips_sub=0x0000000000000000 flips_del=0x0000000000000000 dirtyfb=0x0000000000000000 clips=0x0000000000000000 flip_us=0x0000000000000000 dmg_full=0x0000000000000000 dmg_rect=0x0000000000000000 dmg_skip=0x0000000000000000 dmg_px=0x0000000000000000 blobs=0x0000000000000000 curs_up=0x0000000000000000 curs_mv=0x0000000000000000 atomic=0x0000000000000000 atest=0x0000000000000000 cplane=0x0000000000000000 evpush=0x0000000000000066 bo_dumb=0x0000000000000000 bo_dumbret=0x0000000000000000 bo_blob=0x0000000000000000 bo_bhnd=0x0000000000000000
[EVSTAT] t=0x2c88 dev=0x0 push=0x66 drop=0x0 depth=0x0 reads=0x0 eagain=0x0 deliv=0x0 polls=0x0 pollin=0x0 ioctls=0x0 enotty=0x0 lastnr=0x0 conspop=0x66 rpid=0x0 ipid=0x0
[EVSTAT] t=0x2c88 dev=0x1 push=0x0 drop=0x0 depth=0x0 reads=0x0 eagain=0x0 deliv=0x0 polls=0x0 pollin=0x0 ioctls=0x0 enotty=0x0 lastnr=0x0 conspop=0x0 rpid=0x0 ipid=0x0
[DRMSTAT] t=0x0000000000002D50 flips_sub=0x0000000000000000 flips_del=0x0000000000000000 dirtyfb=0x0000000000000000 clips=0x0000000000000000 flip_us=0x0000000000000000 dmg_full=0x0000000000000000 dmg_rect=0x0000000000000000 dmg_skip=0x0000000000000000 dmg_px=0x0000000000000000 blobs=0x0000000000000000 curs_up=0x0000000000000000 curs_mv=0x0000000000000000 atomic=0x0000000000000000 atest=0x0000000000000000 cplane=0x0000000000000000 evpush=0x0000000000000066 bo_dumb=0x0000000000000000 bo_dumbret=0x0000000000000000 bo_blob=0x0000000000000000 bo_bhnd=0x0000000000000000
[EVSTAT] t=0x2d50 dev=0x0 push=0x66 drop=0x0 depth=0x0 reads=0x0 eagain=0x0 deliv=0x0 polls=0x0 pollin=0x0 ioctls=0x0 enotty=0x0 lastnr=0x0 conspop=0x66 rpid=0x0 ipid=0x0
[EVSTAT] t=0x2d50 dev=0x1 push=0x0 drop=0x0 depth=0x0 reads=0x0 eagain=0x0 deliv=0x0 polls=0x0 pollin=0x0 ioctls=0x0 enotty=0x0 lastnr=0x0 conspop=0x0 rpid=0x0 ipid=0x0
[DRMSTAT] t=0x0000000000002E18 flips_sub=0x0000000000000000 flips_del=0x0000000000000000 dirtyfb=0x0000000000000000 clips=0x0000000000000000 flip_us=0x0000000000000000 dmg_full=0x0000000000000000 dmg_rect=0x0000000000000000 dmg_skip=0x0000000000000000 dmg_px=0x0000000000000000 blobs=0x0000000000000000 curs_up=0x0000000000000000 curs_mv=0x0000000000000000 atomic=0x0000000000000000 atest=0x0000000000000000 cplane=0x0000000000000000 evpush=0x0000000000000066 bo_dumb=0x0000000000000000 bo_dumbret=0x0000000000000000 bo_blob=0x0000000000000000 bo_bhnd=0x0000000000000000
[EVSTAT] t=0x2e18 dev=0x0 push=0x66 drop=0x0 depth=0x0 reads=0x0 eagain=0x0 deliv=0x0 polls=0x0 pollin=0x0 ioctls=0x0 enotty=0x0 lastnr=0x0 conspop=0x66 rpid=0x0 ipid=0x0
[EVSTAT] t=0x2e18 dev=0x1 push=0x0 drop=0x0 depth=0x0 reads=0x0 eagain=0x0 deliv=0x0 polls=0x0 pollin=0x0 ioctls=0x0 enotty=0x0 lastnr=0x0 conspop=0x0 rpid=0x0 ipid=0x0
[DRMSTAT] t=0x0000000000002EE0 flips_sub=0x0000000000000000 flips_del=0x0000000000000000 dirtyfb=0x0000000000000000 clips=0x0000000000000000 flip_us=0x0000000000000000 dmg_full=0x0000000000000000 dmg_rect=0x0000000000000000 dmg_skip=0x0000000000000000 dmg_px=0x0000000000000000 blobs=0x0000000000000000 curs_up=0x0000000000000000 curs_mv=0x0000000000000000 atomic=0x0000000000000000 atest=0x0000000000000000 cplane=0x0000000000000000 evpush=0x0000000000000066 bo_dumb=0x0000000000000000 bo_dumbret=0x0000000000000000 bo_blob=0x0000000000000000 bo_bhnd=0x0000000000000000
[EVSTAT] t=0x2ee0 dev=0x0 push=0x66 drop=0x0 depth=0x0 reads=0x0 eagain=0x0 deliv=0x0 polls=0x0 pollin=0x0 ioctls=0x0 enotty=0x0 lastnr=0x0 conspop=0x66 rpid=0x0 ipid=0x0
[EVSTAT] t=0x2ee0 dev=0x1 push=0x0 drop=0x0 depth=0x0 reads=0x0 eagain=0x0 deliv=0x0 polls=0x0 pollin=0x0 ioctls=0x0 enotty=0x0 lastnr=0x0 conspop=0x0 rpid=0x0 ipid=0x0
[DRMSTAT] t=0x0000000000002FA8 flips_sub=0x0000000000000000 flips_del=0x0000000000000000 dirtyfb=0x0000000000000000 clips=0x0000000000000000 flip_us=0x0000000000000000 dmg_full=0x0000000000000000 dmg_rect=0x0000000000000000 dmg_skip=0x0000000000000000 dmg_px=0x0000000000000000 blobs=0x0000000000000000 curs_up=0x0000000000000000 curs_mv=0x0000000000000000 atomic=0x0000000000000000 atest=0x0000000000000000 cplane=0x0000000000000000 evpush=0x0000000000000066 bo_dumb=0x0000000000000000 bo_dumbret=0x0000000000000000 bo_blob=0x0000000000000000 bo_bhnd=0x0000000000000000
[EVSTAT] t=0x2fa8 dev=0x0 push=0x66 drop=0x0 depth=0x0 reads=0x0 eagain=0x0 deliv=0x0 polls=0x0 pollin=0x0 ioctls=0x0 enotty=0x0 lastnr=0x0 conspop=0x66 rpid=0x0 ipid=0x0
[EVSTAT] t=0x2fa8 dev=0x1 push=0x0 drop=0x0 depth=0x0 reads=0x0 eagain=0x0 deliv=0x0 polls=0x0 pollin=0x0 ioctls=0x0 enotty=0x0 lastnr=0x0 conspop=0x0 rpid=0x0 ipid=0x0
[DRMSTAT] t=0x0000000000003070 flips_sub=0x0000000000000000 flips_del=0x0000000000000000 dirtyfb=0x0000000000000000 clips=0x0000000000000000 flip_us=0x0000000000000000 dmg_full=0x0000000000000000 dmg_rect=0x0000000000000000 dmg_skip=0x0000000000000000 dmg_px=0x0000000000000000 blobs=0x0000000000000000 curs_up=0x0000000000000000 curs_mv=0x0000000000000000 atomic=0x0000000000000000 atest=0x0000000000000000 cplane=0x0000000000000000 evpush=0x0000000000000066 bo_dumb=0x0000000000000000 bo_dumbret=0x0000000000000000 bo_blob=0x0000000000000000 bo_bhnd=0x0000000000000000
[EVSTAT] t=0x3070 dev=0x0 push=0x66 drop=0x0 depth=0x0 reads=0x0 eagain=0x0 deliv=0x0 polls=0x0 pollin=0x0 ioctls=0x0 enotty=0x0 lastnr=0x0 conspop=0x66 rpid=0x0 ipid=0x0
[EVSTAT] t=0x3070 dev=0x1 push=0x0 drop=0x0 depth=0x0 reads=0x0 eagain=0x0 deliv=0x0 polls=0x0 pollin=0x0 ioctls=0x0 enotty=0x0 lastnr=0x0 conspop=0x0 rpid=0x0 ipid=0x0
[DRMSTAT] t=0x0000000000003138 flips_sub=0x0000000000000000 flips_del=0x0000000000000000 dirtyfb=0x0000000000000000 clips=0x0000000000000000 flip_us=0x0000000000000000 dmg_full=0x0000000000000000 dmg_rect=0x0000000000000000 dmg_skip=0x0000000000000000 dmg_px=0x0000000000000000 blobs=0x0000000000000000 curs_up=0x0000000000000000 curs_mv=0x0000000000000000 atomic=0x0000000000000000 atest=0x0000000000000000 cplane=0x0000000000000000 evpush=0x0000000000000066 bo_dumb=0x0000000000000000 bo_dumbret=0x0000000000000000 bo_blob=0x0000000000000000 bo_bhnd=0x0000000000000000
[EVSTAT] t=0x3138 dev=0x0 push=0x66 drop=0x0 depth=0x0 reads=0x0 eagain=0x0 deliv=0x0 polls=0x0 pollin=0x0 ioctls=0x0 enotty=0x0 lastnr=0x0 conspop=0x66 rpid=0x0 ipid=0x0
[EVSTAT] t=0x3138 dev=0x1 push=0x0 drop=0x0 depth=0x0 reads=0x0 eagain=0x0 deliv=0x0 polls=0x0 pollin=0x0 ioctls=0x0 enotty=0x0 lastnr=0x0 conspop=0x0 rpid=0x0 ipid=0x0
[DRMSTAT] t=0x0000000000003200 flips_sub=0x0000000000000000 flips_del=0x0000000000000000 dirtyfb=0x0000000000000000 clips=0x0000000000000000 flip_us=0x0000000000000000 dmg_full=0x0000000000000000 dmg_rect=0x0000000000000000 dmg_skip=0x0000000000000000 dmg_px=0x0000000000000000 blobs=0x0000000000000000 curs_up=0x0000000000000000 curs_mv=0x0000000000000000 atomic=0x0000000000000000 atest=0x0000000000000000 cplane=0x0000000000000000 evpush=0x0000000000000066 bo_dumb=0x0000000000000000 bo_dumbret=0x0000000000000000 bo_blob=0x0000000000000000 bo_bhnd=0x0000000000000000
[EVSTAT] t=0x3200 dev=0x0 push=0x66 drop=0x0 depth=0x0 reads=0x0 eagain=0x0 deliv=0x0 polls=0x0 pollin=0x0 ioctls=0x0 enotty=0x0 lastnr=0x0 conspop=0x66 rpid=0x0 ipid=0x0
[EVSTAT] t=0x3200 dev=0x1 push=0x0 drop=0x0 depth=0x0 reads=0x0 eagain=0x0 deliv=0x0 polls=0x0 pollin=0x0 ioctls=0x0 enotty=0x0 lastnr=0x0 conspop=0x0 rpid=0x0 ipid=0x0
[DRMSTAT] t=0x00000000000032C8 flips_sub=0x0000000000000000 flips_del=0x0000000000000000 dirtyfb=0x0000000000000000 clips=0x0000000000000000 flip_us=0x0000000000000000 dmg_full=0x0000000000000000 dmg_rect=0x0000000000000000 dmg_skip=0x0000000000000000 dmg_px=0x0000000000000000 blobs=0x0000000000000000 curs_up=0x0000000000000000 curs_mv=0x0000000000000000 atomic=0x0000000000000000 atest=0x0000000000000000 cplane=0x0000000000000000 evpush=0x0000000000000066 bo_dumb=0x0000000000000000 bo_dumbret=0x0000000000000000 bo_blob=0x0000000000000000 bo_bhnd=0x0000000000000000
[EVSTAT] t=0x32c8 dev=0x0 push=0x66 drop=0x0 depth=0x0 reads=0x0 eagain=0x0 deliv=0x0 polls=0x0 pollin=0x0 ioctls=0x0 enotty=0x0 lastnr=0x0 conspop=0x66 rpid=0x0 ipid=0x0
[EVSTAT] t=0x32c8 dev=0x1 push=0x0 drop=0x0 depth=0x0 reads=0x0 eagain=0x0 deliv=0x0 polls=0x0 pollin=0x0 ioctls=0x0 enotty=0x0 lastnr=0x0 conspop=0x0 rpid=0x0 ipid=0x0
[DRMSTAT] t=0x0000000000003390 flips_sub=0x0000000000000000 flips_del=0x0000000000000000 dirtyfb=0x0000000000000000 clips=0x0000000000000000 flip_us=0x0000000000000000 dmg_full=0x0000000000000000 dmg_rect=0x0000000000000000 dmg_skip=0x0000000000000000 dmg_px=0x0000000000000000 blobs=0x0000000000000000 curs_up=0x0000000000000000 curs_mv=0x0000000000000000 atomic=0x0000000000000000 atest=0x0000000000000000 cplane=0x0000000000000000 evpush=0x0000000000000066 bo_dumb=0x0000000000000000 bo_dumbret=0x0000000000000000 bo_blob=0x0000000000000000 bo_bhnd=0x0000000000000000
[EVSTAT] t=0x3390 dev=0x0 push=0x66 drop=0x0 depth=0x0 reads=0x0 eagain=0x0 deliv=0x0 polls=0x0 pollin=0x0 ioctls=0x0 enotty=0x0 lastnr=0x0 conspop=0x66 rpid=0x0 ipid=0x0
[EVSTAT] t=0x3390 dev=0x1 push=0x0 drop=0x0 depth=0x0 reads=0x0 eagain=0x0 deliv=0x0 polls=0x0 pollin=0x0 ioctls=0x0 enotty=0x0 lastnr=0x0 conspop=0x0 rpid=0x0 ipid=0x0
[DRMSTAT] t=0x0000000000003458 flips_sub=0x0000000000000000 flips_del=0x0000000000000000 dirtyfb=0x0000000000000000 clips=0x0000000000000000 flip_us=0x0000000000000000 dmg_full=0x0000000000000000 dmg_rect=0x0000000000000000 dmg_skip=0x0000000000000000 dmg_px=0x0000000000000000 blobs=0x0000000000000000 curs_up=0x0000000000000000 curs_mv=0x0000000000000000 atomic=0x0000000000000000 atest=0x0000000000000000 cplane=0x0000000000000000 evpush=0x0000000000000066 bo_dumb=0x0000000000000000 bo_dumbret=0x0000000000000000 bo_blob=0x0000000000000000 bo_bhnd=0x0000000000000000
[EVSTAT] t=0x3458 dev=0x0 push=0x66 drop=0x0 depth=0x0 reads=0x0 eagain=0x0 deliv=0x0 polls=0x0 pollin=0x0 ioctls=0x0 enotty=0x0 lastnr=0x0 conspop=0x66 rpid=0x0 ipid=0x0
[EVSTAT] t=0x3458 dev=0x1 push=0x0 drop=0x0 depth=0x0 reads=0x0 eagain=0x0 deliv=0x0 polls=0x0 pollin=0x0 ioctls=0x0 enotty=0x0 lastnr=0x0 conspop=0x0 rpid=0x0 ipid=0x0
[DRMSTAT] t=0x0000000000003520 flips_sub=0x0000000000000000 flips_del=0x0000000000000000 dirtyfb=0x0000000000000000 clips=0x0000000000000000 flip_us=0x0000000000000000 dmg_full=0x0000000000000000 dmg_rect=0x0000000000000000 dmg_skip=0x0000000000000000 dmg_px=0x0000000000000000 blobs=0x0000000000000000 curs_up=0x0000000000000000 curs_mv=0x0000000000000000 atomic=0x0000000000000000 atest=0x0000000000000000 cplane=0x0000000000000000 evpush=0x0000000000000066 bo_dumb=0x0000000000000000 bo_dumbret=0x0000000000000000 bo_blob=0x0000000000000000 bo_bhnd=0x0000000000000000
[EVSTAT] t=0x3520 dev=0x0 push=0x66 drop=0x0 depth=0x0 reads=0x0 eagain=0x0 deliv=0x0 polls=0x0 pollin=0x0 ioctls=0x0 enotty=0x0 lastnr=0x0 conspop=0x66 rpid=0x0 ipid=0x0
[EVSTAT] t=0x3520 dev=0x1 push=0x0 drop=0x0 depth=0x0 reads=0x0 eagain=0x0 deliv=0x0 polls=0x0 pollin=0x0 ioctls=0x0 enotty=0x0 lastnr=0x0 conspop=0x0 rpid=0x0 ipid=0x0
[DRMSTAT] t=0x00000000000035E8 flips_sub=0x0000000000000000 flips_del=0x0000000000000000 dirtyfb=0x0000000000000000 clips=0x0000000000000000 flip_us=0x0000000000000000 dmg_full=0x0000000000000000 dmg_rect=0x0000000000000000 dmg_skip=0x0000000000000000 dmg_px=0x0000000000000000 blobs=0x0000000000000000 curs_up=0x0000000000000000 curs_mv=0x0000000000000000 atomic=0x0000000000000000 atest=0x0000000000000000 cplane=0x0000000000000000 evpush=0x0000000000000066 bo_dumb=0x0000000000000000 bo_dumbret=0x0000000000000000 bo_blob=0x0000000000000000 bo_bhnd=0x0000000000000000
[EVSTAT] t=0x35e8 dev=0x0 push=0x66 drop=0x0 depth=0x0 reads=0x0 eagain=0x0 deliv=0x0 polls=0x0 pollin=0x0 ioctls=0x0 enotty=0x0 lastnr=0x0 conspop=0x66 rpid=0x0 ipid=0x0
[EVSTAT] t=0x35e8 dev=0x1 push=0x0 drop=0x0 depth=0x0 reads=0x0 eagain=0x0 deliv=0x0 polls=0x0 pollin=0x0 ioctls=0x0 enotty=0x0 lastnr=0x0 conspop=0x0 rpid=0x0 ipid=0x0
[DRMSTAT] t=0x00000000000036B0 flips_sub=0x0000000000000000 flips_del=0x0000000000000000 dirtyfb=0x0000000000000000 clips=0x0000000000000000 flip_us=0x0000000000000000 dmg_full=0x0000000000000000 dmg_rect=0x0000000000000000 dmg_skip=0x0000000000000000 dmg_px=0x0000000000000000 blobs=0x0000000000000000 curs_up=0x0000000000000000 curs_mv=0x0000000000000000 atomic=0x0000000000000000 atest=0x0000000000000000 cplane=0x0000000000000000 evpush=0x0000000000000066 bo_dumb=0x0000000000000000 bo_dumbret=0x0000000000000000 bo_blob=0x0000000000000000 bo_bhnd=0x0000000000000000
[EVSTAT] t=0x36b0 dev=0x0 push=0x66 drop=0x0 depth=0x0 reads=0x0 eagain=0x0 deliv=0x0 polls=0x0 pollin=0x0 ioctls=0x0 enotty=0x0 lastnr=0x0 conspop=0x66 rpid=0x0 ipid=0x0
[EVSTAT] t=0x36b0 dev=0x1 push=0x0 drop=0x0 depth=0x0 reads=0x0 eagain=0x0 deliv=0x0 polls=0x0 pollin=0x0 ioctls=0x0 enotty=0x0 lastnr=0x0 conspop=0x0 rpid=0x0 ipid=0x0
[DRMSTAT] t=0x0000000000003778 flips_sub=0x0000000000000000 flips_del=0x0000000000000000 dirtyfb=0x0000000000000000 clips=0x0000000000000000 flip_us=0x0000000000000000 dmg_full=0x0000000000000000 dmg_rect=0x0000000000000000 dmg_skip=0x0000000000000000 dmg_px=0x0000000000000000 blobs=0x0000000000000000 curs_up=0x0000000000000000 curs_mv=0x0000000000000000 atomic=0x0000000000000000 atest=0x0000000000000000 cplane=0x0000000000000000 evpush=0x0000000000000066 bo_dumb=0x0000000000000000 bo_dumbret=0x0000000000000000 bo_blob=0x0000000000000000 bo_bhnd=0x0000000000000000
[EVSTAT] t=0x3778 dev=0x0 push=0x66 drop=0x0 depth=0x0 reads=0x0 eagain=0x0 deliv=0x0 polls=0x0 pollin=0x0 ioctls=0x0 enotty=0x0 lastnr=0x0 conspop=0x66 rpid=0x0 ipid=0x0
[EVSTAT] t=0x3778 dev=0x1 push=0x0 drop=0x0 depth=0x0 reads=0x0 eagain=0x0 deliv=0x0 polls=0x0 pollin=0x0 ioctls=0x0 enotty=0x0 lastnr=0x0 conspop=0x0 rpid=0x0 ipid=0x0
[DRMSTAT] t=0x0000000000003840 flips_sub=0x0000000000000000 flips_del=0x0000000000000000 dirtyfb=0x0000000000000000 clips=0x0000000000000000 flip_us=0x0000000000000000 dmg_full=0x0000000000000000 dmg_rect=0x0000000000000000 dmg_skip=0x0000000000000000 dmg_px=0x0000000000000000 blobs=0x0000000000000000 curs_up=0x0000000000000000 curs_mv=0x0000000000000000 atomic=0x0000000000000000 atest=0x0000000000000000 cplane=0x0000000000000000 evpush=0x0000000000000066 bo_dumb=0x0000000000000000 bo_dumbret=0x0000000000000000 bo_blob=0x0000000000000000 bo_bhnd=0x0000000000000000
[EVSTAT] t=0x3840 dev=0x0 push=0x66 drop=0x0 depth=0x0 reads=0x0 eagain=0x0 deliv=0x0 polls=0x0 pollin=0x0 ioctls=0x0 enotty=0x0 lastnr=0x0 conspop=0x66 rpid=0x0 ipid=0x0
[EVSTAT] t=0x3840 dev=0x1 push=0x0 drop=0x0 depth=0x0 reads=0x0 eagain=0x0 deliv=0x0 polls=0x0 pollin=0x0 ioctls=0x0 enotty=0x0 lastnr=0x0 conspop=0x0 rpid=0x0 ipid=0x0
[DRMSTAT] t=0x0000000000003908 flips_sub=0x0000000000000000 flips_del=0x0000000000000000 dirtyfb=0x0000000000000000 clips=0x0000000000000000 flip_us=0x0000000000000000 dmg_full=0x0000000000000000 dmg_rect=0x0000000000000000 dmg_skip=0x0000000000000000 dmg_px=0x0000000000000000 blobs=0x0000000000000000 curs_up=0x0000000000000000 curs_mv=0x0000000000000000 atomic=0x0000000000000000 atest=0x0000000000000000 cplane=0x0000000000000000 evpush=0x0000000000000066 bo_dumb=0x0000000000000000 bo_dumbret=0x0000000000000000 bo_blob=0x0000000000000000 bo_bhnd=0x0000000000000000
[EVSTAT] t=0x3908 dev=0x0 push=0x66 drop=0x0 depth=0x0 reads=0x0 eagain=0x0 deliv=0x0 polls=0x0 pollin=0x0 ioctls=0x0 enotty=0x0 lastnr=0x0 conspop=0x66 rpid=0x0 ipid=0x0
[EVSTAT] t=0x3908 dev=0x1 push=0x0 drop=0x0 depth=0x0 reads=0x0 eagain=0x0 deliv=0x0 polls=0x0 pollin=0x0 ioctls=0x0 enotty=0x0 lastnr=0x0 conspop=0x0 rpid=0x0 ipid=0x0
[DRMSTAT] t=0x00000000000039D0 flips_sub=0x0000000000000000 flips_del=0x0000000000000000 dirtyfb=0x0000000000000000 clips=0x0000000000000000 flip_us=0x0000000000000000 dmg_full=0x0000000000000000 dmg_rect=0x0000000000000000 dmg_skip=0x0000000000000000 dmg_px=0x0000000000000000 blobs=0x0000000000000000 curs_up=0x0000000000000000 curs_mv=0x0000000000000000 atomic=0x0000000000000000 atest=0x0000000000000000 cplane=0x0000000000000000 evpush=0x0000000000000066 bo_dumb=0x0000000000000000 bo_dumbret=0x0000000000000000 bo_blob=0x0000000000000000 bo_bhnd=0x0000000000000000
[EVSTAT] t=0x39d0 dev=0x0 push=0x66 drop=0x0 depth=0x0 reads=0x0 eagain=0x0 deliv=0x0 polls=0x0 pollin=0x0 ioctls=0x0 enotty=0x0 lastnr=0x0 conspop=0x66 rpid=0x0 ipid=0x0
[EVSTAT] t=0x39d0 dev=0x1 push=0x0 drop=0x0 depth=0x0 reads=0x0 eagain=0x0 deliv=0x0 polls=0x0 pollin=0x0 ioctls=0x0 enotty=0x0 lastnr=0x0 conspop=0x0 rpid=0x0 ipid=0x0
[DRMSTAT] t=0x0000000000003A98 flips_sub=0x0000000000000000 flips_del=0x0000000000000000 dirtyfb=0x0000000000000000 clips=0x0000000000000000 flip_us=0x0000000000000000 dmg_full=0x0000000000000000 dmg_rect=0x0000000000000000 dmg_skip=0x0000000000000000 dmg_px=0x0000000000000000 blobs=0x0000000000000000 curs_up=0x0000000000000000 curs_mv=0x0000000000000000 atomic=0x0000000000000000 atest=0x0000000000000000 cplane=0x0000000000000000 evpush=0x0000000000000066 bo_dumb=0x0000000000000000 bo_dumbret=0x0000000000000000 bo_blob=0x0000000000000000 bo_bhnd=0x0000000000000000
[EVSTAT] t=0x3a98 dev=0x0 push=0x66 drop=0x0 depth=0x0 reads=0x0 eagain=0x0 deliv=0x0 polls=0x0 pollin=0x0 ioctls=0x0 enotty=0x0 lastnr=0x0 conspop=0x66 rpid=0x0 ipid=0x0
[EVSTAT] t=0x3a98 dev=0x1 push=0x0 drop=0x0 depth=0x0 reads=0x0 eagain=0x0 deliv=0x0 polls=0x0 pollin=0x0 ioctls=0x0 enotty=0x0 lastnr=0x0 conspop=0x0 rpid=0x0 ipid=0x0
[DRMSTAT] t=0x0000000000003B60 flips_sub=0x0000000000000000 flips_del=0x0000000000000000 dirtyfb=0x0000000000000000 clips=0x0000000000000000 flip_us=0x0000000000000000 dmg_full=0x0000000000000000 dmg_rect=0x0000000000000000 dmg_skip=0x0000000000000000 dmg_px=0x0000000000000000 blobs=0x0000000000000000 curs_up=0x0000000000000000 curs_mv=0x0000000000000000 atomic=0x0000000000000000 atest=0x0000000000000000 cplane=0x0000000000000000 evpush=0x0000000000000066 bo_dumb=0x0000000000000000 bo_dumbret=0x0000000000000000 bo_blob=0x0000000000000000 bo_bhnd=0x0000000000000000
[EVSTAT] t=0x3b60 dev=0x0 push=0x66 drop=0x0 depth=0x0 reads=0x0 eagain=0x0 deliv=0x0 polls=0x0 pollin=0x0 ioctls=0x0 enotty=0x0 lastnr=0x0 conspop=0x66 rpid=0x0 ipid=0x0
[EVSTAT] t=0x3b60 dev=0x1 push=0x0 drop=0x0 depth=0x0 reads=0x0 eagain=0x0 deliv=0x0 polls=0x0 pollin=0x0 ioctls=0x0 enotty=0x0 lastnr=0x0 conspop=0x0 rpid=0x0 ipid=0x0
[DRMSTAT] t=0x0000000000003C28 flips_sub=0x0000000000000000 flips_del=0x0000000000000000 dirtyfb=0x0000000000000000 clips=0x0000000000000000 flip_us=0x0000000000000000 dmg_full=0x0000000000000000 dmg_rect=0x0000000000000000 dmg_skip=0x0000000000000000 dmg_px=0x0000000000000000 blobs=0x0000000000000000 curs_up=0x0000000000000000 curs_mv=0x0000000000000000 atomic=0x0000000000000000 atest=0x0000000000000000 cplane=0x0000000000000000 evpush=0x0000000000000066 bo_dumb=0x0000000000000000 bo_dumbret=0x0000000000000000 bo_blob=0x0000000000000000 bo_bhnd=0x0000000000000000
[EVSTAT] t=0x3c28 dev=0x0 push=0x66 drop=0x0 depth=0x0 reads=0x0 eagain=0x0 deliv=0x0 polls=0x0 pollin=0x0 ioctls=0x0 enotty=0x0 lastnr=0x0 conspop=0x66 rpid=0x0 ipid=0x0
[EVSTAT] t=0x3c28 dev=0x1 push=0x0 drop=0x0 depth=0x0 reads=0x0 eagain=0x0 deliv=0x0 polls=0x0 pollin=0x0 ioctls=0x0 enotty=0x0 lastnr=0x0 conspop=0x0 rpid=0x0 ipid=0x0
[DRMSTAT] t=0x0000000000003CF0 flips_sub=0x0000000000000000 flips_del=0x0000000000000000 dirtyfb=0x0000000000000000 clips=0x0000000000000000 flip_us=0x0000000000000000 dmg_full=0x0000000000000000 dmg_rect=0x0000000000000000 dmg_skip=0x0000000000000000 dmg_px=0x0000000000000000 blobs=0x0000000000000000 curs_up=0x0000000000000000 curs_mv=0x0000000000000000 atomic=0x0000000000000000 atest=0x0000000000000000 cplane=0x0000000000000000 evpush=0x0000000000000066 bo_dumb=0x0000000000000000 bo_dumbret=0x0000000000000000 bo_blob=0x0000000000000000 bo_bhnd=0x0000000000000000
[EVSTAT] t=0x3cf0 dev=0x0 push=0x66 drop=0x0 depth=0x0 reads=0x0 eagain=0x0 deliv=0x0 polls=0x0 pollin=0x0 ioctls=0x0 enotty=0x0 lastnr=0x0 conspop=0x66 rpid=0x0 ipid=0x0
[EVSTAT] t=0x3cf0 dev=0x1 push=0x0 drop=0x0 depth=0x0 reads=0x0 eagain=0x0 deliv=0x0 polls=0x0 pollin=0x0 ioctls=0x0 enotty=0x0 lastnr=0x0 conspop=0x0 rpid=0x0 ipid=0x0
[DRMSTAT] t=0x0000000000003DB8 flips_sub=0x0000000000000000 flips_del=0x0000000000000000 dirtyfb=0x0000000000000000 clips=0x0000000000000000 flip_us=0x0000000000000000 dmg_full=0x0000000000000000 dmg_rect=0x0000000000000000 dmg_skip=0x0000000000000000 dmg_px=0x0000000000000000 blobs=0x0000000000000000 curs_up=0x0000000000000000 curs_mv=0x0000000000000000 atomic=0x0000000000000000 atest=0x0000000000000000 cplane=0x0000000000000000 evpush=0x0000000000000066 bo_dumb=0x0000000000000000 bo_dumbret=0x0000000000000000 bo_blob=0x0000000000000000 bo_bhnd=0x0000000000000000
[EVSTAT] t=0x3db8 dev=0x0 push=0x66 drop=0x0 depth=0x0 reads=0x0 eagain=0x0 deliv=0x0 polls=0x0 pollin=0x0 ioctls=0x0 enotty=0x0 lastnr=0x0 conspop=0x66 rpid=0x0 ipid=0x0
[EVSTAT] t=0x3db8 dev=0x1 push=0x0 drop=0x0 depth=0x0 reads=0x0 eagain=0x0 deliv=0x0 polls=0x0 pollin=0x0 ioctls=0x0 enotty=0x0 lastnr=0x0 conspop=0x0 rpid=0x0 ipid=0x0
[DRMSTAT] t=0x0000000000003E80 flips_sub=0x0000000000000000 flips_del=0x0000000000000000 dirtyfb=0x0000000000000000 clips=0x0000000000000000 flip_us=0x0000000000000000 dmg_full=0x0000000000000000 dmg_rect=0x0000000000000000 dmg_skip=0x0000000000000000 dmg_px=0x0000000000000000 blobs=0x0000000000000000 curs_up=0x0000000000000000 curs_mv=0x0000000000000000 atomic=0x0000000000000000 atest=0x0000000000000000 cplane=0x0000000000000000 evpush=0x0000000000000066 bo_dumb=0x0000000000000000 bo_dumbret=0x0000000000000000 bo_blob=0x0000000000000000 bo_bhnd=0x0000000000000000
[EVSTAT] t=0x3e80 dev=0x0 push=0x66 drop=0x0 depth=0x0 reads=0x0 eagain=0x0 deliv=0x0 polls=0x0 pollin=0x0 ioctls=0x0 enotty=0x0 lastnr=0x0 conspop=0x66 rpid=0x0 ipid=0x0
[EVSTAT] t=0x3e80 dev=0x1 push=0x0 drop=0x0 depth=0x0 reads=0x0 eagain=0x0 deliv=0x0 polls=0x0 pollin=0x0 ioctls=0x0 enotty=0x0 lastnr=0x0 conspop=0x0 rpid=0x0 ipid=0x0
[DRMSTAT] t=0x0000000000003F48 flips_sub=0x0000000000000000 flips_del=0x0000000000000000 dirtyfb=0x0000000000000000 clips=0x0000000000000000 flip_us=0x0000000000000000 dmg_full=0x0000000000000000 dmg_rect=0x0000000000000000 dmg_skip=0x0000000000000000 dmg_px=0x0000000000000000 blobs=0x0000000000000000 curs_up=0x0000000000000000 curs_mv=0x0000000000000000 atomic=0x0000000000000000 atest=0x0000000000000000 cplane=0x0000000000000000 evpush=0x0000000000000066 bo_dumb=0x0000000000000000 bo_dumbret=0x0000000000000000 bo_blob=0x0000000000000000 bo_bhnd=0x0000000000000000
[EVSTAT] t=0x3f48 dev=0x0 push=0x66 drop=0x0 depth=0x0 reads=0x0 eagain=0x0 deliv=0x0 polls=0x0 pollin=0x0 ioctls=0x0 enotty=0x0 lastnr=0x0 conspop=0x66 rpid=0x0 ipid=0x0
[EVSTAT] t=0x3f48 dev=0x1 push=0x0 drop=0x0 depth=0x0 reads=0x0 eagain=0x0 deliv=0x0 polls=0x0 pollin=0x0 ioctls=0x0 enotty=0x0 lastnr=0x0 conspop=0x0 rpid=0x0 ipid=0x0
[GPU] SHARED_MEMORY_CFG shmid=0x00000001 phys=0x000038000x00000000 len=0x000000010x00000000
[GPU] device features hi=0x00000101 lo=0x3000001B
[GPU] acked features hi=0x00000001 lo=0x0000001B
[DRMSTAT] t=0x0000000000004010 flips_sub=0x0000000000000000 flips_del=0x0000000000000000 dirtyfb=0x0000000000000000 clips=0x0000000000000000 flip_us=0x0000000000000000 dmg_full=0x0000000000000000 dmg_rect=0x0000000000000000 dmg_skip=0x0000000000000000 dmg_px=0x0000000000000000 blobs=0x0000000000000000 curs_up=0x0000000000000000 curs_mv=0x0000000000000000 atomic=0x0000000000000000 atest=0x0000000000000000 cplane=0x0000000000000000 evpush=0x0000000000000066 bo_dumb=0x0000000000000000 bo_dumbret=0x0000000000000000 bo_blob=0x0000000000000000 bo_bhnd=0x0000000000000000
[EVSTAT] t=0x4010 dev=0x0 push=0x66 drop=0x0 depth=0x0 reads=0x1 eagain=0x1 deliv=0x0 polls=0x0 pollin=0x0 ioctls=0x13 enotty=0x0 lastnr=0x0 conspop=0x66 rpid=0x1a ipid=0x1a
[EVSTAT] t=0x4010 dev=0x1 push=0x0 drop=0x0 depth=0x0 reads=0x1 eagain=0x1 deliv=0x0 polls=0x0 pollin=0x0 ioctls=0x15 enotty=0x0 lastnr=0x0 conspop=0x0 rpid=0x1a ipid=0x1a
[DRM] unimplemented ioctl cmd=0xC00864BF nr=0x000000BF type=0x00000064 size=0x00000008 (reported once per boot)
[DRM-SRV] mmap token=0x000000006B800000 map_info=0x01 -> writeback
[DRM-SRV] mmap token=0x000000006C800000 map_info=0x01 -> writeback
M13: globals captured
M13: MARK IDLE 20
[DRMSTAT] t=0x00000000000040D8 flips_sub=0x0000000000000005 flips_del=0x0000000000000002 dirtyfb=0x0000000000000000 clips=0x0000000000000000 flip_us=0x000000000002BD57 dmg_full=0x0000000000000003 dmg_rect=0x0000000000000002 dmg_skip=0x0000000000000000 dmg_px=0x00000000003F4800 blobs=0x0000000000000006 curs_up=0x0000000000000001 curs_mv=0x0000000000000001 atomic=0x0000000000000005 atest=0x0000000000000006 cplane=0x0000000000000064 evpush=0x0000000000000066 bo_dumb=0x0000000000000004 bo_dumbret=0x0000000000000000 bo_blob=0x0000000000000000 bo_bhnd=0x0000000000000000
[EVSTAT] t=0x40d8 dev=0x0 push=0x66 drop=0x0 depth=0x0 reads=0x1 eagain=0x1 deliv=0x0 polls=0x517 pollin=0x0 ioctls=0x13 enotty=0x0 lastnr=0x0 conspop=0x66 rpid=0x1a ipid=0x1a
[EVSTAT] t=0x40d8 dev=0x1 push=0x0 drop=0x0 depth=0x0 reads=0x1 eagain=0x1 deliv=0x0 polls=0x545 pollin=0x0 ioctls=0x15 enotty=0x0 lastnr=0x0 conspop=0x0 rpid=0x1a ipid=0x1a
[DRMSTAT] t=0x00000000000041A0 flips_sub=0x0000000000000009 flips_del=0x0000000000000005 dirtyfb=0x0000000000000000 clips=0x0000000000000000 flip_us=0x000000000005FC4F dmg_full=0x0000000000000003 dmg_rect=0x0000000000000006 dmg_skip=0x0000000000000000 dmg_px=0x0000000000BDD800 blobs=0x000000000000000A curs_up=0x0000000000000001 curs_mv=0x0000000000000005 atomic=0x0000000000000009 atest=0x0000000000000006 cplane=0x000000000000008C evpush=0x0000000000000066 bo_dumb=0x0000000000000004 bo_dumbret=0x0000000000000000 bo_blob=0x0000000000000000 bo_bhnd=0x0000000000000000
[EVSTAT] t=0x41a0 dev=0x0 push=0x66 drop=0x0 depth=0x0 reads=0x1 eagain=0x1 deliv=0x0 polls=0x7d72 pollin=0x0 ioctls=0x13 enotty=0x0 lastnr=0x0 conspop=0x66 rpid=0x1a ipid=0x1a
[EVSTAT] t=0x41a0 dev=0x1 push=0x0 drop=0x0 depth=0x0 reads=0x1 eagain=0x1 deliv=0x0 polls=0x7d80 pollin=0x0 ioctls=0x15 enotty=0x0 lastnr=0x0 conspop=0x0 rpid=0x1a ipid=0x1a
[DRMSTAT] t=0x0000000000004268 flips_sub=0x000000000000000C flips_del=0x0000000000000009 dirtyfb=0x0000000000000000 clips=0x0000000000000000 flip_us=0x000000000007802B dmg_full=0x0000000000000003 dmg_rect=0x0000000000000009 dmg_skip=0x0000000000000000 dmg_px=0x0000000000FE1000 blobs=0x000000000000000D curs_up=0x0000000000000001 curs_mv=0x0000000000000008 atomic=0x000000000000000C atest=0x0000000000000006 cplane=0x00000000000000AA evpush=0x0000000000000066 bo_dumb=0x0000000000000004 bo_dumbret=0x0000000000000000 bo_blob=0x0000000000000000 bo_bhnd=0x0000000000000000
[EVSTAT] t=0x4268 dev=0x0 push=0x66 drop=0x0 depth=0x0 reads=0x1 eagain=0x1 deliv=0x0 polls=0x10daf pollin=0x0 ioctls=0x13 enotty=0x0 lastnr=0x0 conspop=0x66 rpid=0x1a ipid=0x1a
[EVSTAT] t=0x4268 dev=0x1 push=0x0 drop=0x0 depth=0x0 reads=0x1 eagain=0x1 deliv=0x0 polls=0x10dd4 pollin=0x0 ioctls=0x15 enotty=0x0 lastnr=0x0 conspop=0x0 rpid=0x1a ipid=0x1a
[DRMSTAT] t=0x0000000000004330 flips_sub=0x000000000000000E flips_del=0x000000000000000B dirtyfb=0x0000000000000000 clips=0x0000000000000000 flip_us=0x00000000000808C2 dmg_full=0x0000000000000003 dmg_rect=0x000000000000000B dmg_skip=0x0000000000000000 dmg_px=0x0000000000FFF000 blobs=0x000000000000000F curs_up=0x0000000000000001 curs_mv=0x000000000000000A atomic=0x000000000000000E atest=0x0000000000000006 cplane=0x00000000000000BE evpush=0x0000000000000066 bo_dumb=0x0000000000000004 bo_dumbret=0x0000000000000000 bo_blob=0x0000000000000000 bo_bhnd=0x0000000000000000
[EVSTAT] t=0x4330 dev=0x0 push=0x66 drop=0x0 depth=0x0 reads=0x1 eagain=0x1 deliv=0x0 polls=0x1a112 pollin=0x0 ioctls=0x13 enotty=0x0 lastnr=0x0 conspop=0x66 rpid=0x1a ipid=0x1a
[EVSTAT] t=0x4330 dev=0x1 push=0x0 drop=0x0 depth=0x0 reads=0x1 eagain=0x1 deliv=0x0 polls=0x1a13f pollin=0x0 ioctls=0x15 enotty=0x0 lastnr=0x0 conspop=0x0 rpid=0x1a ipid=0x1a
[DRMSTAT] t=0x00000000000043F8 flips_sub=0x0000000000000010 flips_del=0x000000000000000D dirtyfb=0x0000000000000000 clips=0x0000000000000000 flip_us=0x000000000008921E dmg_full=0x0000000000000003 dmg_rect=0x000000000000000D dmg_skip=0x0000000000000000 dmg_px=0x000000000101D000 blobs=0x0000000000000011 curs_up=0x0000000000000001 curs_mv=0x000000000000000C atomic=0x0000000000000010 atest=0x0000000000000006 cplane=0x00000000000000D2 evpush=0x0000000000000066 bo_dumb=0x0000000000000004 bo_dumbret=0x0000000000000000 bo_blob=0x0000000000000000 bo_bhnd=0x0000000000000000
[EVSTAT] t=0x43f8 dev=0x0 push=0x66 drop=0x0 depth=0x0 reads=0x1 eagain=0x1 deliv=0x0 polls=0x233dc pollin=0x0 ioctls=0x13 enotty=0x0 lastnr=0x0 conspop=0x66 rpid=0x1a ipid=0x1a
[EVSTAT] t=0x43f8 dev=0x1 push=0x0 drop=0x0 depth=0x0 reads=0x1 eagain=0x1 deliv=0x0 polls=0x23408 pollin=0x0 ioctls=0x15 enotty=0x0 lastnr=0x0 conspop=0x0 rpid=0x1a ipid=0x1a
[DRMSTAT] t=0x00000000000044C0 flips_sub=0x0000000000000012 flips_del=0x000000000000000F dirtyfb=0x0000000000000000 clips=0x0000000000000000 flip_us=0x00000000000920C6 dmg_full=0x0000000000000003 dmg_rect=0x000000000000000F dmg_skip=0x0000000000000000 dmg_px=0x000000000103B000 blobs=0x0000000000000013 curs_up=0x0000000000000001 curs_mv=0x000000000000000E atomic=0x0000000000000012 atest=0x0000000000000006 cplane=0x00000000000000E6 evpush=0x0000000000000066 bo_dumb=0x0000000000000004 bo_dumbret=0x0000000000000000 bo_blob=0x0000000000000000 bo_bhnd=0x0000000000000000
[EVSTAT] t=0x44c0 dev=0x0 push=0x66 drop=0x0 depth=0x0 reads=0x1 eagain=0x1 deliv=0x0 polls=0x2c6d6 pollin=0x0 ioctls=0x13 enotty=0x0 lastnr=0x0 conspop=0x66 rpid=0x1a ipid=0x1a
[EVSTAT] t=0x44c0 dev=0x1 push=0x0 drop=0x0 depth=0x0 reads=0x1 eagain=0x1 deliv=0x0 polls=0x2c702 pollin=0x0 ioctls=0x15 enotty=0x0 lastnr=0x0 conspop=0x0 rpid=0x1a ipid=0x1a
[DRMSTAT] t=0x0000000000004588 flips_sub=0x0000000000000014 flips_del=0x0000000000000011 dirtyfb=0x0000000000000000 clips=0x0000000000000000 flip_us=0x000000000009AF47 dmg_full=0x0000000000000003 dmg_rect=0x0000000000000011 dmg_skip=0x0000000000000000 dmg_px=0x0000000001059000 blobs=0x0000000000000015 curs_up=0x0000000000000001 curs_mv=0x0000000000000010 atomic=0x0000000000000014 atest=0x0000000000000006 cplane=0x00000000000000FA evpush=0x0000000000000066 bo_dumb=0x0000000000000004 bo_dumbret=0x0000000000000000 bo_blob=0x0000000000000000 bo_bhnd=0x0000000000000000
[EVSTAT] t=0x4588 dev=0x0 push=0x66 drop=0x0 depth=0x0 reads=0x1 eagain=0x1 deliv=0x0 polls=0x3751a pollin=0x0 ioctls=0x13 enotty=0x0 lastnr=0x0 conspop=0x66 rpid=0x1a ipid=0x1a
[EVSTAT] t=0x4588 dev=0x1 push=0x0 drop=0x0 depth=0x0 reads=0x1 eagain=0x1 deliv=0x0 polls=0x37547 pollin=0x0 ioctls=0x15 enotty=0x0 lastnr=0x0 conspop=0x0 rpid=0x1a ipid=0x1a
[DRMSTAT] t=0x0000000000004650 flips_sub=0x0000000000000016 flips_del=0x0000000000000013 dirtyfb=0x0000000000000000 clips=0x0000000000000000 flip_us=0x00000000000A3CE4 dmg_full=0x0000000000000003 dmg_rect=0x0000000000000013 dmg_skip=0x0000000000000000 dmg_px=0x0000000001077000 blobs=0x0000000000000017 curs_up=0x0000000000000001 curs_mv=0x0000000000000012 atomic=0x0000000000000016 atest=0x0000000000000006 cplane=0x000000000000010E evpush=0x0000000000000066 bo_dumb=0x0000000000000004 bo_dumbret=0x0000000000000000 bo_blob=0x0000000000000000 bo_bhnd=0x0000000000000000
[EVSTAT] t=0x4650 dev=0x0 push=0x66 drop=0x0 depth=0x0 reads=0x1 eagain=0x1 deliv=0x0 polls=0x408e2 pollin=0x0 ioctls=0x13 enotty=0x0 lastnr=0x0 conspop=0x66 rpid=0x1a ipid=0x1a
[EVSTAT] t=0x4650 dev=0x1 push=0x0 drop=0x0 depth=0x0 reads=0x1 eagain=0x1 deliv=0x0 polls=0x4090a pollin=0x0 ioctls=0x15 enotty=0x0 lastnr=0x0 conspop=0x0 rpid=0x1a ipid=0x1a
[DRMSTAT] t=0x0000000000004718 flips_sub=0x0000000000000018 flips_del=0x0000000000000015 dirtyfb=0x0000000000000000 clips=0x0000000000000000 flip_us=0x00000000000ACC67 dmg_full=0x0000000000000003 dmg_rect=0x0000000000000015 dmg_skip=0x0000000000000000 dmg_px=0x0000000001095000 blobs=0x0000000000000019 curs_up=0x0000000000000001 curs_mv=0x0000000000000014 atomic=0x0000000000000018 atest=0x0000000000000006 cplane=0x0000000000000122 evpush=0x0000000000000066 bo_dumb=0x0000000000000004 bo_dumbret=0x0000000000000000 bo_blob=0x0000000000000000 bo_bhnd=0x0000000000000000
[EVSTAT] t=0x4718 dev=0x0 push=0x66 drop=0x0 depth=0x0 reads=0x1 eagain=0x1 deliv=0x0 polls=0x49a7c pollin=0x0 ioctls=0x13 enotty=0x0 lastnr=0x0 conspop=0x66 rpid=0x1a ipid=0x1a
[EVSTAT] t=0x4718 dev=0x1 push=0x0 drop=0x0 depth=0x0 reads=0x1 eagain=0x1 deliv=0x0 polls=0x49a9d pollin=0x0 ioctls=0x15 enotty=0x0 lastnr=0x0 conspop=0x0 rpid=0x1a ipid=0x1a
[DRMSTAT] t=0x00000000000047E0 flips_sub=0x000000000000001A flips_del=0x0000000000000017 dirtyfb=0x0000000000000000 clips=0x0000000000000000 flip_us=0x00000000000B52C3 dmg_full=0x0000000000000003 dmg_rect=0x0000000000000017 dmg_skip=0x0000000000000000 dmg_px=0x00000000010B3000 blobs=0x000000000000001B curs_up=0x0000000000000001 curs_mv=0x0000000000000016 atomic=0x000000000000001A atest=0x0000000000000006 cplane=0x0000000000000136 evpush=0x0000000000000066 bo_dumb=0x0000000000000004 bo_dumbret=0x0000000000000000 bo_blob=0x0000000000000000 bo_bhnd=0x0000000000000000
[EVSTAT] t=0x47e0 dev=0x0 push=0x66 drop=0x0 depth=0x0 reads=0x1 eagain=0x1 deliv=0x0 polls=0x52e0e pollin=0x0 ioctls=0x13 enotty=0x0 lastnr=0x0 conspop=0x66 rpid=0x1a ipid=0x1a
[EVSTAT] t=0x47e0 dev=0x1 push=0x0 drop=0x0 depth=0x0 reads=0x1 eagain=0x1 deliv=0x0 polls=0x52e34 pollin=0x0 ioctls=0x15 enotty=0x0 lastnr=0x0 conspop=0x0 rpid=0x1a ipid=0x1a
M13: ENDMARK IDLE
M13: MARK POINTER 45
[DRMSTAT] t=0x00000000000048A8 flips_sub=0x000000000000001C flips_del=0x0000000000000019 dirtyfb=0x0000000000000000 clips=0x0000000000000000 flip_us=0x00000000000BDD69 dmg_full=0x0000000000000003 dmg_rect=0x0000000000000019 dmg_skip=0x0000000000000000 dmg_px=0x00000000010D1000 blobs=0x000000000000001D curs_up=0x0000000000000001 curs_mv=0x0000000000000018 atomic=0x000000000000001C atest=0x0000000000000006 cplane=0x000000000000014A evpush=0x0000000000000066 bo_dumb=0x0000000000000004 bo_dumbret=0x0000000000000000 bo_blob=0x0000000000000000 bo_bhnd=0x0000000000000000
[EVSTAT] t=0x48a8 dev=0x0 push=0x66 drop=0x0 depth=0x0 reads=0x1 eagain=0x1 deliv=0x0 polls=0x5c108 pollin=0x0 ioctls=0x13 enotty=0x0 lastnr=0x0 conspop=0x66 rpid=0x1a ipid=0x1a
[EVSTAT] t=0x48a8 dev=0x1 push=0x0 drop=0x0 depth=0x0 reads=0x1 eagain=0x1 deliv=0x0 polls=0x5c135 pollin=0x0 ioctls=0x15 enotty=0x0 lastnr=0x0 conspop=0x0 rpid=0x1a ipid=0x1a
[DRMSTAT] t=0x0000000000004970 flips_sub=0x0000000000000021 flips_del=0x000000000000001E dirtyfb=0x0000000000000000 clips=0x0000000000000000 flip_us=0x00000000000F2072 dmg_full=0x0000000000000003 dmg_rect=0x000000000000001E dmg_skip=0x0000000000000000 dmg_px=0x00000000018B8200 blobs=0x0000000000000023 curs_up=0x0000000000000001 curs_mv=0x000000000000001E atomic=0x0000000000000022 atest=0x0000000000000006 cplane=0x0000000000000186 evpush=0x0000000000000222 bo_dumb=0x0000000000000004 bo_dumbret=0x0000000000000000 bo_blob=0x0000000000000000 bo_bhnd=0x0000000000000000
[EVSTAT] t=0x4970 dev=0x0 push=0x66 drop=0x0 depth=0x0 reads=0x1 eagain=0x1 deliv=0x0 polls=0xe7389 pollin=0x0 ioctls=0x13 enotty=0x0 lastnr=0x0 conspop=0x66 rpid=0x1a ipid=0x1a
[EVSTAT] t=0x4970 dev=0x1 push=0x1bc drop=0x0 depth=0x0 reads=0xe9 eagain=0x75 deliv=0x1bc polls=0xe738c pollin=0x107 ioctls=0x15 enotty=0x0 lastnr=0x0 conspop=0x0 rpid=0x1a ipid=0x1a
[DRMSTAT] t=0x0000000000004A38 flips_sub=0x0000000000000026 flips_del=0x0000000000000023 dirtyfb=0x0000000000000000 clips=0x0000000000000000 flip_us=0x00000000001311A5 dmg_full=0x0000000000000003 dmg_rect=0x0000000000000023 dmg_skip=0x0000000000000000 dmg_px=0x000000000227B080 blobs=0x0000000000000027 curs_up=0x0000000000000001 curs_mv=0x0000000000000022 atomic=0x0000000000000026 atest=0x0000000000000006 cplane=0x00000000000001AE evpush=0x0000000000000242 bo_dumb=0x0000000000000004 bo_dumbret=0x0000000000000000 bo_blob=0x0000000000000000 bo_bhnd=0x0000000000000000
[EVSTAT] t=0x4a38 dev=0x0 push=0x66 drop=0x0 depth=0x0 reads=0x1 eagain=0x1 deliv=0x0 polls=0xf0104 pollin=0x0 ioctls=0x13 enotty=0x0 lastnr=0x0 conspop=0x66 rpid=0x1a ipid=0x1a
[EVSTAT] t=0x4a38 dev=0x1 push=0x1dc drop=0x0 depth=0x0 reads=0xeb eagain=0x76 deliv=0x1dc polls=0xf012e pollin=0x109 ioctls=0x15 enotty=0x0 lastnr=0x0 conspop=0x0 rpid=0x1a ipid=0x1a
[DRMSTAT] t=0x0000000000004B00 flips_sub=0x0000000000000029 flips_del=0x0000000000000026 dirtyfb=0x0000000000000000 clips=0x0000000000000000 flip_us=0x000000000013D873 dmg_full=0x0000000000000003 dmg_rect=0x0000000000000026 dmg_skip=0x0000000000000000 dmg_px=0x00000000022A8080 blobs=0x000000000000002A curs_up=0x0000000000000001 curs_mv=0x0000000000000025 atomic=0x0000000000000029 atest=0x0000000000000006 cplane=0x00000000000001CC evpush=0x0000000000000242 bo_dumb=0x0000000000000004 bo_dumbret=0x0000000000000000 bo_blob=0x0000000000000000 bo_bhnd=0x0000000000000000
[EVSTAT] t=0x4b00 dev=0x0 push=0x66 drop=0x0 depth=0x0 reads=0x1 eagain=0x1 deliv=0x0 polls=0xf9563 pollin=0x0 ioctls=0x13 enotty=0x0 lastnr=0x0 conspop=0x66 rpid=0x1a ipid=0x1a
[EVSTAT] t=0x4b00 dev=0x1 push=0x1dc drop=0x0 depth=0x0 reads=0xeb eagain=0x76 deliv=0x1dc polls=0xf9590 pollin=0x109 ioctls=0x15 enotty=0x0 lastnr=0x0 conspop=0x0 rpid=0x1a ipid=0x1a
[DRMSTAT] t=0x0000000000004BC8 flips_sub=0x000000000000002B flips_del=0x0000000000000028 dirtyfb=0x0000000000000000 clips=0x0000000000000000 flip_us=0x000000000014622A dmg_full=0x0000000000000003 dmg_rect=0x0000000000000028 dmg_skip=0x0000000000000000 dmg_px=0x00000000022C6080 blobs=0x000000000000002C curs_up=0x0000000000000001 curs_mv=0x0000000000000027 atomic=0x000000000000002B atest=0x0000000000000006 cplane=0x00000000000001E0 evpush=0x0000000000000242 bo_dumb=0x0000000000000004 bo_dumbret=0x0000000000000000 bo_blob=0x0000000000000000 bo_bhnd=0x0000000000000000
[EVSTAT] t=0x4bc8 dev=0x0 push=0x66 drop=0x0 depth=0x0 reads=0x1 eagain=0x1 deliv=0x0 polls=0x10256c pollin=0x0 ioctls=0x13 enotty=0x0 lastnr=0x0 conspop=0x66 rpid=0x1a ipid=0x1a
[EVSTAT] t=0x4bc8 dev=0x1 push=0x1dc drop=0x0 depth=0x0 reads=0xeb eagain=0x76 deliv=0x1dc polls=0x10258f pollin=0x109 ioctls=0x15 enotty=0x0 lastnr=0x0 conspop=0x0 rpid=0x1a ipid=0x1a
[DRMSTAT] t=0x0000000000004C90 flips_sub=0x000000000000002D flips_del=0x000000000000002A dirtyfb=0x0000000000000000 clips=0x0000000000000000 flip_us=0x000000000014F2F5 dmg_full=0x0000000000000003 dmg_rect=0x000000000000002A dmg_skip=0x0000000000000000 dmg_px=0x00000000022E4080 blobs=0x000000000000002E curs_up=0x0000000000000001 curs_mv=0x0000000000000029 atomic=0x000000000000002D atest=0x0000000000000006 cplane=0x00000000000001F4 evpush=0x0000000000000242 bo_dumb=0x0000000000000004 bo_dumbret=0x0000000000000000 bo_blob=0x0000000000000000 bo_bhnd=0x0000000000000000
[EVSTAT] t=0x4c90 dev=0x0 push=0x66 drop=0x0 depth=0x0 reads=0x1 eagain=0x1 deliv=0x0 polls=0x10b62f pollin=0x0 ioctls=0x13 enotty=0x0 lastnr=0x0 conspop=0x66 rpid=0x1a ipid=0x1a
[EVSTAT] t=0x4c90 dev=0x1 push=0x1dc drop=0x0 depth=0x0 reads=0xeb eagain=0x76 deliv=0x1dc polls=0x10b65b pollin=0x109 ioctls=0x15 enotty=0x0 lastnr=0x0 conspop=0x0 rpid=0x1a ipid=0x1a
[DRMSTAT] t=0x0000000000004D58 flips_sub=0x000000000000002F flips_del=0x000000000000002C dirtyfb=0x0000000000000000 clips=0x0000000000000000 flip_us=0x0000000000158126 dmg_full=0x0000000000000003 dmg_rect=0x000000000000002C dmg_skip=0x0000000000000000 dmg_px=0x0000000002302080 blobs=0x0000000000000030 curs_up=0x0000000000000001 curs_mv=0x000000000000002B atomic=0x000000000000002F atest=0x0000000000000006 cplane=0x0000000000000208 evpush=0x0000000000000242 bo_dumb=0x0000000000000004 bo_dumbret=0x0000000000000000 bo_blob=0x0000000000000000 bo_bhnd=0x0000000000000000
[EVSTAT] t=0x4d58 dev=0x0 push=0x66 drop=0x0 depth=0x0 reads=0x1 eagain=0x1 deliv=0x0 polls=0x114862 pollin=0x0 ioctls=0x13 enotty=0x0 lastnr=0x0 conspop=0x66 rpid=0x1a ipid=0x1a
[EVSTAT] t=0x4d58 dev=0x1 push=0x1dc drop=0x0 depth=0x0 reads=0xeb eagain=0x76 deliv=0x1dc polls=0x114891 pollin=0x109 ioctls=0x15 enotty=0x0 lastnr=0x0 conspop=0x0 rpid=0x1a ipid=0x1a
[DRMSTAT] t=0x0000000000004E20 flips_sub=0x0000000000000031 flips_del=0x000000000000002E dirtyfb=0x0000000000000000 clips=0x0000000000000000 flip_us=0x00000000001612FD dmg_full=0x0000000000000003 dmg_rect=0x000000000000002E dmg_skip=0x0000000000000000 dmg_px=0x0000000002320080 blobs=0x0000000000000032 curs_up=0x0000000000000001 curs_mv=0x000000000000002D atomic=0x0000000000000031 atest=0x0000000000000006 cplane=0x000000000000021C evpush=0x0000000000000242 bo_dumb=0x0000000000000004 bo_dumbret=0x0000000000000000 bo_blob=0x0000000000000000 bo_bhnd=0x0000000000000000
[EVSTAT] t=0x4e20 dev=0x0 push=0x66 drop=0x0 depth=0x0 reads=0x1 eagain=0x1 deliv=0x0 polls=0x11daf3 pollin=0x0 ioctls=0x13 enotty=0x0 lastnr=0x0 conspop=0x66 rpid=0x1a ipid=0x1a
[EVSTAT] t=0x4e20 dev=0x1 push=0x1dc drop=0x0 depth=0x0 reads=0xeb eagain=0x76 deliv=0x1dc polls=0x11db1f pollin=0x109 ioctls=0x15 enotty=0x0 lastnr=0x0 conspop=0x0 rpid=0x1a ipid=0x1a
[DRMSTAT] t=0x0000000000004EE8 flips_sub=0x0000000000000033 flips_del=0x0000000000000030 dirtyfb=0x0000000000000000 clips=0x0000000000000000 flip_us=0x0000000000169B62 dmg_full=0x0000000000000003 dmg_rect=0x0000000000000030 dmg_skip=0x0000000000000000 dmg_px=0x000000000233E080 blobs=0x0000000000000034 curs_up=0x0000000000000001 curs_mv=0x000000000000002F atomic=0x0000000000000033 atest=0x0000000000000006 cplane=0x0000000000000230 evpush=0x0000000000000242 bo_dumb=0x0000000000000004 bo_dumbret=0x0000000000000000 bo_blob=0x0000000000000000 bo_bhnd=0x0000000000000000
[EVSTAT] t=0x4ee8 dev=0x0 push=0x66 drop=0x0 depth=0x0 reads=0x1 eagain=0x1 deliv=0x0 polls=0x126d11 pollin=0x0 ioctls=0x13 enotty=0x0 lastnr=0x0 conspop=0x66 rpid=0x1a ipid=0x1a
[EVSTAT] t=0x4ee8 dev=0x1 push=0x1dc drop=0x0 depth=0x0 reads=0xeb eagain=0x76 deliv=0x1dc polls=0x126d3e pollin=0x109 ioctls=0x15 enotty=0x0 lastnr=0x0 conspop=0x0 rpid=0x1a ipid=0x1a
[DRMSTAT] t=0x0000000000004FB0 flips_sub=0x0000000000000035 flips_del=0x0000000000000032 dirtyfb=0x0000000000000000 clips=0x0000000000000000 flip_us=0x0000000000172A12 dmg_full=0x0000000000000003 dmg_rect=0x0000000000000032 dmg_skip=0x0000000000000000 dmg_px=0x000000000235C080 blobs=0x0000000000000036 curs_up=0x0000000000000001 curs_mv=0x0000000000000031 atomic=0x0000000000000035 atest=0x0000000000000006 cplane=0x0000000000000244 evpush=0x0000000000000242 bo_dumb=0x0000000000000004 bo_dumbret=0x0000000000000000 bo_blob=0x0000000000000000 bo_bhnd=0x0000000000000000
[EVSTAT] t=0x4fb0 dev=0x0 push=0x66 drop=0x0 depth=0x0 reads=0x1 eagain=0x1 deliv=0x0 polls=0x1301fa pollin=0x0 ioctls=0x13 enotty=0x0 lastnr=0x0 conspop=0x66 rpid=0x1a ipid=0x1a
[EVSTAT] t=0x4fb0 dev=0x1 push=0x1dc drop=0x0 depth=0x0 reads=0xeb eagain=0x76 deliv=0x1dc polls=0x130227 pollin=0x109 ioctls=0x15 enotty=0x0 lastnr=0x0 conspop=0x0 rpid=0x1a ipid=0x1a
[DRMSTAT] t=0x0000000000005078 flips_sub=0x0000000000000037 flips_del=0x0000000000000034 dirtyfb=0x0000000000000000 clips=0x0000000000000000 flip_us=0x000000000017B6FA dmg_full=0x0000000000000003 dmg_rect=0x0000000000000034 dmg_skip=0x0000000000000000 dmg_px=0x000000000237A080 blobs=0x0000000000000038 curs_up=0x0000000000000001 curs_mv=0x0000000000000033 atomic=0x0000000000000037 atest=0x0000000000000006 cplane=0x0000000000000258 evpush=0x0000000000000242 bo_dumb=0x0000000000000004 bo_dumbret=0x0000000000000000 bo_blob=0x0000000000000000 bo_bhnd=0x0000000000000000
[EVSTAT] t=0x5078 dev=0x0 push=0x66 drop=0x0 depth=0x0 reads=0x1 eagain=0x1 deliv=0x0 polls=0x139441 pollin=0x0 ioctls=0x13 enotty=0x0 lastnr=0x0 conspop=0x66 rpid=0x1a ipid=0x1a
[EVSTAT] t=0x5078 dev=0x1 push=0x1dc drop=0x0 depth=0x0 reads=0xeb eagain=0x76 deliv=0x1dc polls=0x13946f pollin=0x109 ioctls=0x15 enotty=0x0 lastnr=0x0 conspop=0x0 rpid=0x1a ipid=0x1a
[DRMSTAT] t=0x0000000000005140 flips_sub=0x0000000000000039 flips_del=0x0000000000000036 dirtyfb=0x0000000000000000 clips=0x0000000000000000 flip_us=0x0000000000184714 dmg_full=0x0000000000000003 dmg_rect=0x0000000000000036 dmg_skip=0x0000000000000000 dmg_px=0x0000000002398080 blobs=0x000000000000003A curs_up=0x0000000000000001 curs_mv=0x0000000000000035 atomic=0x0000000000000039 atest=0x0000000000000006 cplane=0x000000000000026C evpush=0x0000000000000242 bo_dumb=0x0000000000000004 bo_dumbret=0x0000000000000000 bo_blob=0x0000000000000000 bo_bhnd=0x0000000000000000
[EVSTAT] t=0x5140 dev=0x0 push=0x66 drop=0x0 depth=0x0 reads=0x1 eagain=0x1 deliv=0x0 polls=0x1427e4 pollin=0x0 ioctls=0x13 enotty=0x0 lastnr=0x0 conspop=0x66 rpid=0x1a ipid=0x1a
[EVSTAT] t=0x5140 dev=0x1 push=0x1dc drop=0x0 depth=0x0 reads=0xeb eagain=0x76 deliv=0x1dc polls=0x142807 pollin=0x109 ioctls=0x15 enotty=0x0 lastnr=0x0 conspop=0x0 rpid=0x1a ipid=0x1a
[DRMSTAT] t=0x0000000000005208 flips_sub=0x000000000000003B flips_del=0x0000000000000038 dirtyfb=0x0000000000000000 clips=0x0000000000000000 flip_us=0x000000000018DA3F dmg_full=0x0000000000000003 dmg_rect=0x0000000000000038 dmg_skip=0x0000000000000000 dmg_px=0x00000000023B6080 blobs=0x000000000000003C curs_up=0x0000000000000001 curs_mv=0x0000000000000037 atomic=0x000000000000003B atest=0x0000000000000006 cplane=0x0000000000000280 evpush=0x0000000000000242 bo_dumb=0x0000000000000004 bo_dumbret=0x0000000000000000 bo_blob=0x0000000000000000 bo_bhnd=0x0000000000000000
[EVSTAT] t=0x5208 dev=0x0 push=0x66 drop=0x0 depth=0x0 reads=0x1 eagain=0x1 deliv=0x0 polls=0x14bbf7 pollin=0x0 ioctls=0x13 enotty=0x0 lastnr=0x0 conspop=0x66 rpid=0x1a ipid=0x1a
[EVSTAT] t=0x5208 dev=0x1 push=0x1dc drop=0x0 depth=0x0 reads=0xeb eagain=0x76 deliv=0x1dc polls=0x14bc1e pollin=0x109 ioctls=0x15 enotty=0x0 lastnr=0x0 conspop=0x0 rpid=0x1a ipid=0x1a
[DRMSTAT] t=0x00000000000052D0 flips_sub=0x000000000000003D flips_del=0x000000000000003A dirtyfb=0x0000000000000000 clips=0x0000000000000000 flip_us=0x000000000019626F dmg_full=0x0000000000000003 dmg_rect=0x000000000000003A dmg_skip=0x0000000000000000 dmg_px=0x00000000023D4080 blobs=0x000000000000003E curs_up=0x0000000000000001 curs_mv=0x0000000000000039 atomic=0x000000000000003D atest=0x0000000000000006 cplane=0x0000000000000294 evpush=0x0000000000000242 bo_dumb=0x0000000000000004 bo_dumbret=0x0000000000000000 bo_blob=0x0000000000000000 bo_bhnd=0x0000000000000000
[EVSTAT] t=0x52d0 dev=0x0 push=0x66 drop=0x0 depth=0x0 reads=0x1 eagain=0x1 deliv=0x0 polls=0x1551cb pollin=0x0 ioctls=0x13 enotty=0x0 lastnr=0x0 conspop=0x66 rpid=0x1a ipid=0x1a
[EVSTAT] t=0x52d0 dev=0x1 push=0x1dc drop=0x0 depth=0x0 reads=0xeb eagain=0x76 deliv=0x1dc polls=0x1551f9 pollin=0x109 ioctls=0x15 enotty=0x0 lastnr=0x0 conspop=0x0 rpid=0x1a ipid=0x1a
[DRMSTAT] t=0x0000000000005398 flips_sub=0x000000000000003F flips_del=0x000000000000003C dirtyfb=0x0000000000000000 clips=0x0000000000000000 flip_us=0x000000000019E71C dmg_full=0x0000000000000003 dmg_rect=0x000000000000003C dmg_skip=0x0000000000000000 dmg_px=0x00000000023F2080 blobs=0x0000000000000040 curs_up=0x0000000000000001 curs_mv=0x000000000000003B atomic=0x000000000000003F atest=0x0000000000000006 cplane=0x00000000000002A8 evpush=0x0000000000000242 bo_dumb=0x0000000000000004 bo_dumbret=0x0000000000000000 bo_blob=0x0000000000000000 bo_bhnd=0x0000000000000000
[EVSTAT] t=0x5398 dev=0x0 push=0x66 drop=0x0 depth=0x0 reads=0x1 eagain=0x1 deliv=0x0 polls=0x15e528 pollin=0x0 ioctls=0x13 enotty=0x0 lastnr=0x0 conspop=0x66 rpid=0x1a ipid=0x1a
[EVSTAT] t=0x5398 dev=0x1 push=0x1dc drop=0x0 depth=0x0 reads=0xeb eagain=0x76 deliv=0x1dc polls=0x15e557 pollin=0x109 ioctls=0x15 enotty=0x0 lastnr=0x0 conspop=0x0 rpid=0x1a ipid=0x1a
[DRMSTAT] t=0x0000000000005460 flips_sub=0x0000000000000041 flips_del=0x000000000000003E dirtyfb=0x0000000000000000 clips=0x0000000000000000 flip_us=0x00000000001A701D dmg_full=0x0000000000000003 dmg_rect=0x000000000000003E dmg_skip=0x0000000000000000 dmg_px=0x0000000002410080 blobs=0x0000000000000042 curs_up=0x0000000000000001 curs_mv=0x000000000000003D atomic=0x0000000000000041 atest=0x0000000000000006 cplane=0x00000000000002BC evpush=0x0000000000000242 bo_dumb=0x0000000000000004 bo_dumbret=0x0000000000000000 bo_blob=0x0000000000000000 bo_bhnd=0x0000000000000000
[EVSTAT] t=0x5460 dev=0x0 push=0x66 drop=0x0 depth=0x0 reads=0x1 eagain=0x1 deliv=0x0 polls=0x1679b4 pollin=0x0 ioctls=0x13 enotty=0x0 lastnr=0x0 conspop=0x66 rpid=0x1a ipid=0x1a
[EVSTAT] t=0x5460 dev=0x1 push=0x1dc drop=0x0 depth=0x0 reads=0xeb eagain=0x76 deliv=0x1dc polls=0x1679df pollin=0x109 ioctls=0x15 enotty=0x0 lastnr=0x0 conspop=0x0 rpid=0x1a ipid=0x1a
[DRMSTAT] t=0x0000000000005528 flips_sub=0x0000000000000043 flips_del=0x0000000000000040 dirtyfb=0x0000000000000000 clips=0x0000000000000000 flip_us=0x00000000001B0548 dmg_full=0x0000000000000003 dmg_rect=0x0000000000000040 dmg_skip=0x0000000000000000 dmg_px=0x000000000242E080 blobs=0x0000000000000044 curs_up=0x0000000000000001 curs_mv=0x000000000000003F atomic=0x0000000000000043 atest=0x0000000000000006 cplane=0x00000000000002D0 evpush=0x0000000000000242 bo_dumb=0x0000000000000004 bo_dumbret=0x0000000000000000 bo_blob=0x0000000000000000 bo_bhnd=0x0000000000000000
[EVSTAT] t=0x5528 dev=0x0 push=0x66 drop=0x0 depth=0x0 reads=0x1 eagain=0x1 deliv=0x0 polls=0x170e5a pollin=0x0 ioctls=0x13 enotty=0x0 lastnr=0x0 conspop=0x66 rpid=0x1a ipid=0x1a
[EVSTAT] t=0x5528 dev=0x1 push=0x1dc drop=0x0 depth=0x0 reads=0xeb eagain=0x76 deliv=0x1dc polls=0x170e87 pollin=0x109 ioctls=0x15 enotty=0x0 lastnr=0x0 conspop=0x0 rpid=0x1a ipid=0x1a
[DRMSTAT] t=0x00000000000055F0 flips_sub=0x0000000000000045 flips_del=0x0000000000000042 dirtyfb=0x0000000000000000 clips=0x0000000000000000 flip_us=0x00000000001B903A dmg_full=0x0000000000000003 dmg_rect=0x0000000000000042 dmg_skip=0x0000000000000000 dmg_px=0x000000000244C080 blobs=0x0000000000000046 curs_up=0x0000000000000001 curs_mv=0x0000000000000041 atomic=0x0000000000000045 atest=0x0000000000000006 cplane=0x00000000000002E4 evpush=0x0000000000000242 bo_dumb=0x0000000000000004 bo_dumbret=0x0000000000000000 bo_blob=0x0000000000000000 bo_bhnd=0x0000000000000000
[EVSTAT] t=0x55f0 dev=0x0 push=0x66 drop=0x0 depth=0x0 reads=0x1 eagain=0x1 deliv=0x0 polls=0x17a2cb pollin=0x0 ioctls=0x13 enotty=0x0 lastnr=0x0 conspop=0x66 rpid=0x1a ipid=0x1a
[EVSTAT] t=0x55f0 dev=0x1 push=0x1dc drop=0x0 depth=0x0 reads=0xeb eagain=0x76 deliv=0x1dc polls=0x17a2f8 pollin=0x109 ioctls=0x15 enotty=0x0 lastnr=0x0 conspop=0x0 rpid=0x1a ipid=0x1a
[DRMSTAT] t=0x00000000000056B8 flips_sub=0x0000000000000047 flips_del=0x0000000000000044 dirtyfb=0x0000000000000000 clips=0x0000000000000000 flip_us=0x00000000001C1CC4 dmg_full=0x0000000000000003 dmg_rect=0x0000000000000044 dmg_skip=0x0000000000000000 dmg_px=0x000000000246A080 blobs=0x0000000000000048 curs_up=0x0000000000000001 curs_mv=0x0000000000000043 atomic=0x0000000000000047 atest=0x0000000000000006 cplane=0x00000000000002F8 evpush=0x0000000000000242 bo_dumb=0x0000000000000004 bo_dumbret=0x0000000000000000 bo_blob=0x0000000000000000 bo_bhnd=0x0000000000000000
[EVSTAT] t=0x56b8 dev=0x0 push=0x66 drop=0x0 depth=0x0 reads=0x1 eagain=0x1 deliv=0x0 polls=0x183618 pollin=0x0 ioctls=0x13 enotty=0x0 lastnr=0x0 conspop=0x66 rpid=0x1a ipid=0x1a
[EVSTAT] t=0x56b8 dev=0x1 push=0x1dc drop=0x0 depth=0x0 reads=0xeb eagain=0x76 deliv=0x1dc polls=0x183643 pollin=0x109 ioctls=0x15 enotty=0x0 lastnr=0x0 conspop=0x0 rpid=0x1a ipid=0x1a
[DRMSTAT] t=0x0000000000005780 flips_sub=0x0000000000000049 flips_del=0x0000000000000046 dirtyfb=0x0000000000000000 clips=0x0000000000000000 flip_us=0x00000000001CA368 dmg_full=0x0000000000000003 dmg_rect=0x0000000000000046 dmg_skip=0x0000000000000000 dmg_px=0x0000000002488080 blobs=0x000000000000004A curs_up=0x0000000000000001 curs_mv=0x0000000000000045 atomic=0x0000000000000049 atest=0x0000000000000006 cplane=0x000000000000030C evpush=0x0000000000000242 bo_dumb=0x0000000000000004 bo_dumbret=0x0000000000000000 bo_blob=0x0000000000000000 bo_bhnd=0x0000000000000000
[EVSTAT] t=0x5780 dev=0x0 push=0x66 drop=0x0 depth=0x0 reads=0x1 eagain=0x1 deliv=0x0 polls=0x18c85d pollin=0x0 ioctls=0x13 enotty=0x0 lastnr=0x0 conspop=0x66 rpid=0x1a ipid=0x1a
[EVSTAT] t=0x5780 dev=0x1 push=0x1dc drop=0x0 depth=0x0 reads=0xeb eagain=0x76 deliv=0x1dc polls=0x18c88e pollin=0x109 ioctls=0x15 enotty=0x0 lastnr=0x0 conspop=0x0 rpid=0x1a ipid=0x1a
[DRMSTAT] t=0x0000000000005848 flips_sub=0x000000000000004B flips_del=0x0000000000000048 dirtyfb=0x0000000000000000 clips=0x0000000000000000 flip_us=0x00000000001D2C12 dmg_full=0x0000000000000003 dmg_rect=0x0000000000000048 dmg_skip=0x0000000000000000 dmg_px=0x00000000024A6080 blobs=0x000000000000004C curs_up=0x0000000000000001 curs_mv=0x0000000000000047 atomic=0x000000000000004B atest=0x0000000000000006 cplane=0x0000000000000320 evpush=0x0000000000000242 bo_dumb=0x0000000000000004 bo_dumbret=0x0000000000000000 bo_blob=0x0000000000000000 bo_bhnd=0x0000000000000000
[EVSTAT] t=0x5848 dev=0x0 push=0x66 drop=0x0 depth=0x0 reads=0x1 eagain=0x1 deliv=0x0 polls=0x195bc7 pollin=0x0 ioctls=0x13 enotty=0x0 lastnr=0x0 conspop=0x66 rpid=0x1a ipid=0x1a
[EVSTAT] t=0x5848 dev=0x1 push=0x1dc drop=0x0 depth=0x0 reads=0xeb eagain=0x76 deliv=0x1dc polls=0x195bf5 pollin=0x109 ioctls=0x15 enotty=0x0 lastnr=0x0 conspop=0x0 rpid=0x1a ipid=0x1a
[DRMSTAT] t=0x0000000000005910 flips_sub=0x000000000000004D flips_del=0x000000000000004A dirtyfb=0x0000000000000000 clips=0x0000000000000000 flip_us=0x00000000001DB666 dmg_full=0x0000000000000003 dmg_rect=0x000000000000004A dmg_skip=0x0000000000000000 dmg_px=0x00000000024C4080 blobs=0x000000000000004E curs_up=0x0000000000000001 curs_mv=0x0000000000000049 atomic=0x000000000000004D atest=0x0000000000000006 cplane=0x0000000000000334 evpush=0x0000000000000242 bo_dumb=0x0000000000000004 bo_dumbret=0x0000000000000000 bo_blob=0x0000000000000000 bo_bhnd=0x0000000000000000
[EVSTAT] t=0x5910 dev=0x0 push=0x66 drop=0x0 depth=0x0 reads=0x1 eagain=0x1 deliv=0x0 polls=0x19efdd pollin=0x0 ioctls=0x13 enotty=0x0 lastnr=0x0 conspop=0x66 rpid=0x1a ipid=0x1a
[EVSTAT] t=0x5910 dev=0x1 push=0x1dc drop=0x0 depth=0x0 reads=0xeb eagain=0x76 deliv=0x1dc polls=0x19f001 pollin=0x109 ioctls=0x15 enotty=0x0 lastnr=0x0 conspop=0x0 rpid=0x1a ipid=0x1a
[DRMSTAT] t=0x00000000000059D8 flips_sub=0x000000000000004F flips_del=0x000000000000004C dirtyfb=0x0000000000000000 clips=0x0000000000000000 flip_us=0x00000000001E411C dmg_full=0x0000000000000003 dmg_rect=0x000000000000004C dmg_skip=0x0000000000000000 dmg_px=0x00000000024E2080 blobs=0x0000000000000050 curs_up=0x0000000000000001 curs_mv=0x000000000000004B atomic=0x000000000000004F atest=0x0000000000000006 cplane=0x0000000000000348 evpush=0x0000000000000242 bo_dumb=0x0000000000000004 bo_dumbret=0x0000000000000000 bo_blob=0x0000000000000000 bo_bhnd=0x0000000000000000
[EVSTAT] t=0x59d8 dev=0x0 push=0x66 drop=0x0 depth=0x0 reads=0x1 eagain=0x1 deliv=0x0 polls=0x1a82e3 pollin=0x0 ioctls=0x13 enotty=0x0 lastnr=0x0 conspop=0x66 rpid=0x1a ipid=0x1a
[EVSTAT] t=0x59d8 dev=0x1 push=0x1dc drop=0x0 depth=0x0 reads=0xeb eagain=0x76 deliv=0x1dc polls=0x1a8310 pollin=0x109 ioctls=0x15 enotty=0x0 lastnr=0x0 conspop=0x0 rpid=0x1a ipid=0x1a
M13: ENDMARK POINTER
M13: MARK CLICKKEY 30
[DRMSTAT] t=0x0000000000005AA0 flips_sub=0x0000000000000053 flips_del=0x0000000000000050 dirtyfb=0x0000000000000000 clips=0x0000000000000000 flip_us=0x0000000000208BBF dmg_full=0x0000000000000003 dmg_rect=0x0000000000000050 dmg_skip=0x0000000000000000 dmg_px=0x00000000028D5980 blobs=0x0000000000000055 curs_up=0x0000000000000001 curs_mv=0x0000000000000050 atomic=0x0000000000000054 atest=0x0000000000000006 cplane=0x000000000000037A evpush=0x000000000000024E bo_dumb=0x0000000000000004 bo_dumbret=0x0000000000000000 bo_blob=0x0000000000000000 bo_bhnd=0x0000000000000000
[EVSTAT] t=0x5aa0 dev=0x0 push=0x66 drop=0x0 depth=0x0 reads=0x1 eagain=0x1 deliv=0x0 polls=0x1dfbf9 pollin=0x0 ioctls=0x13 enotty=0x0 lastnr=0x0 conspop=0x66 rpid=0x1a ipid=0x1a
[EVSTAT] t=0x5aa0 dev=0x1 push=0x1e8 drop=0x0 depth=0x0 reads=0xf3 eagain=0x7a deliv=0x1e8 polls=0x1dfc13 pollin=0x112 ioctls=0x15 enotty=0x0 lastnr=0x0 conspop=0x0 rpid=0x1a ipid=0x1a
[DRMSTAT] t=0x0000000000005B68 flips_sub=0x0000000000000058 flips_del=0x0000000000000055 dirtyfb=0x0000000000000000 clips=0x0000000000000000 flip_us=0x000000000024081D dmg_full=0x0000000000000003 dmg_rect=0x0000000000000055 dmg_skip=0x0000000000000000 dmg_px=0x00000000032A7800 blobs=0x0000000000000059 curs_up=0x0000000000000001 curs_mv=0x0000000000000054 atomic=0x0000000000000058 atest=0x0000000000000006 cplane=0x00000000000003A2 evpush=0x000000000000028E bo_dumb=0x0000000000000004 bo_dumbret=0x0000000000000000 bo_blob=0x0000000000000000 bo_bhnd=0x0000000000000000
[EVSTAT] t=0x5b68 dev=0x0 push=0x86 drop=0x0 depth=0x0 reads=0x3 eagain=0x2 deliv=0x20 polls=0x1e89fc pollin=0x2 ioctls=0x13 enotty=0x0 lastnr=0x0 conspop=0x66 rpid=0x1a ipid=0x1a
[EVSTAT] t=0x5b68 dev=0x1 push=0x208 drop=0x0 depth=0x0 reads=0xf5 eagain=0x7b deliv=0x208 polls=0x1e8a28 pollin=0x113 ioctls=0x15 enotty=0x0 lastnr=0x0 conspop=0x0 rpid=0x1a ipid=0x1a
[DRMSTAT] t=0x0000000000005C30 flips_sub=0x000000000000005A flips_del=0x0000000000000057 dirtyfb=0x0000000000000000 clips=0x0000000000000000 flip_us=0x0000000000249D51 dmg_full=0x0000000000000003 dmg_rect=0x0000000000000057 dmg_skip=0x0000000000000000 dmg_px=0x00000000032C5800 blobs=0x000000000000005B curs_up=0x0000000000000001 curs_mv=0x0000000000000056 atomic=0x000000000000005A atest=0x0000000000000006 cplane=0x00000000000003B6 evpush=0x000000000000028E bo_dumb=0x0000000000000004 bo_dumbret=0x0000000000000000 bo_blob=0x0000000000000000 bo_bhnd=0x0000000000000000
[EVSTAT] t=0x5c30 dev=0x0 push=0x86 drop=0x0 depth=0x0 reads=0x3 eagain=0x2 deliv=0x20 polls=0x1f1d06 pollin=0x2 ioctls=0x13 enotty=0x0 lastnr=0x0 conspop=0x66 rpid=0x1a ipid=0x1a
[EVSTAT] t=0x5c30 dev=0x1 push=0x208 drop=0x0 depth=0x0 reads=0xf5 eagain=0x7b deliv=0x208 polls=0x1f1d33 pollin=0x113 ioctls=0x15 enotty=0x0 lastnr=0x0 conspop=0x0 rpid=0x1a ipid=0x1a
[DRMSTAT] t=0x0000000000005CF8 flips_sub=0x000000000000005C flips_del=0x0000000000000059 dirtyfb=0x0000000000000000 clips=0x0000000000000000 flip_us=0x0000000000252DE5 dmg_full=0x0000000000000003 dmg_rect=0x0000000000000059 dmg_skip=0x0000000000000000 dmg_px=0x00000000032E3800 blobs=0x000000000000005D curs_up=0x0000000000000001 curs_mv=0x0000000000000058 atomic=0x000000000000005C atest=0x0000000000000006 cplane=0x00000000000003CA evpush=0x000000000000028E bo_dumb=0x0000000000000004 bo_dumbret=0x0000000000000000 bo_blob=0x0000000000000000 bo_bhnd=0x0000000000000000
[EVSTAT] t=0x5cf8 dev=0x0 push=0x86 drop=0x0 depth=0x0 reads=0x3 eagain=0x2 deliv=0x20 polls=0x1fb1a7 pollin=0x2 ioctls=0x13 enotty=0x0 lastnr=0x0 conspop=0x66 rpid=0x1a ipid=0x1a
[EVSTAT] t=0x5cf8 dev=0x1 push=0x208 drop=0x0 depth=0x0 reads=0xf5 eagain=0x7b deliv=0x208 polls=0x1fb1d2 pollin=0x113 ioctls=0x15 enotty=0x0 lastnr=0x0 conspop=0x0 rpid=0x1a ipid=0x1a
[DRMSTAT] t=0x0000000000005DC0 flips_sub=0x000000000000005E flips_del=0x000000000000005B dirtyfb=0x0000000000000000 clips=0x0000000000000000 flip_us=0x000000000025BF8C dmg_full=0x0000000000000003 dmg_rect=0x000000000000005B dmg_skip=0x0000000000000000 dmg_px=0x0000000003301800 blobs=0x000000000000005F curs_up=0x0000000000000001 curs_mv=0x000000000000005A atomic=0x000000000000005E atest=0x0000000000000006 cplane=0x00000000000003DE evpush=0x000000000000028E bo_dumb=0x0000000000000004 bo_dumbret=0x0000000000000000 bo_blob=0x0000000000000000 bo_bhnd=0x0000000000000000
[EVSTAT] t=0x5dc0 dev=0x0 push=0x86 drop=0x0 depth=0x0 reads=0x3 eagain=0x2 deliv=0x20 polls=0x2045b0 pollin=0x2 ioctls=0x13 enotty=0x0 lastnr=0x0 conspop=0x66 rpid=0x1a ipid=0x1a
[EVSTAT] t=0x5dc0 dev=0x1 push=0x208 drop=0x0 depth=0x0 reads=0xf5 eagain=0x7b deliv=0x208 polls=0x2045db pollin=0x113 ioctls=0x15 enotty=0x0 lastnr=0x0 conspop=0x0 rpid=0x1a ipid=0x1a
[DRMSTAT] t=0x0000000000005E88 flips_sub=0x0000000000000060 flips_del=0x000000000000005D dirtyfb=0x0000000000000000 clips=0x0000000000000000 flip_us=0x00000000002648BA dmg_full=0x0000000000000003 dmg_rect=0x000000000000005D dmg_skip=0x0000000000000000 dmg_px=0x000000000331F800 blobs=0x0000000000000061 curs_up=0x0000000000000001 curs_mv=0x000000000000005C atomic=0x0000000000000060 atest=0x0000000000000006 cplane=0x00000000000003F2 evpush=0x000000000000028E bo_dumb=0x0000000000000004 bo_dumbret=0x0000000000000000 bo_blob=0x0000000000000000 bo_bhnd=0x0000000000000000
[EVSTAT] t=0x5e88 dev=0x0 push=0x86 drop=0x0 depth=0x0 reads=0x3 eagain=0x2 deliv=0x20 polls=0x20dc90 pollin=0x2 ioctls=0x13 enotty=0x0 lastnr=0x0 conspop=0x66 rpid=0x1a ipid=0x1a
[EVSTAT] t=0x5e88 dev=0x1 push=0x208 drop=0x0 depth=0x0 reads=0xf5 eagain=0x7b deliv=0x208 polls=0x20dcbc pollin=0x113 ioctls=0x15 enotty=0x0 lastnr=0x0 conspop=0x0 rpid=0x1a ipid=0x1a
[DRMSTAT] t=0x0000000000005F50 flips_sub=0x0000000000000062 flips_del=0x000000000000005F dirtyfb=0x0000000000000000 clips=0x0000000000000000 flip_us=0x000000000026CF17 dmg_full=0x0000000000000003 dmg_rect=0x000000000000005F dmg_skip=0x0000000000000000 dmg_px=0x000000000333D800 blobs=0x0000000000000063 curs_up=0x0000000000000001 curs_mv=0x000000000000005E atomic=0x0000000000000062 atest=0x0000000000000006 cplane=0x0000000000000406 evpush=0x000000000000028E bo_dumb=0x0000000000000004 bo_dumbret=0x0000000000000000 bo_blob=0x0000000000000000 bo_bhnd=0x0000000000000000
[EVSTAT] t=0x5f50 dev=0x0 push=0x86 drop=0x0 depth=0x0 reads=0x3 eagain=0x2 deliv=0x20 polls=0x2171e3 pollin=0x2 ioctls=0x13 enotty=0x0 lastnr=0x0 conspop=0x66 rpid=0x1a ipid=0x1a
[EVSTAT] t=0x5f50 dev=0x1 push=0x208 drop=0x0 depth=0x0 reads=0xf5 eagain=0x7b deliv=0x208 polls=0x21720e pollin=0x113 ioctls=0x15 enotty=0x0 lastnr=0x0 conspop=0x0 rpid=0x1a ipid=0x1a
[DRMSTAT] t=0x0000000000006018 flips_sub=0x0000000000000064 flips_del=0x0000000000000061 dirtyfb=0x0000000000000000 clips=0x0000000000000000 flip_us=0x000000000027556A dmg_full=0x0000000000000003 dmg_rect=0x0000000000000061 dmg_skip=0x0000000000000000 dmg_px=0x000000000335B800 blobs=0x0000000000000065 curs_up=0x0000000000000001 curs_mv=0x0000000000000060 atomic=0x0000000000000064 atest=0x0000000000000006 cplane=0x000000000000041A evpush=0x000000000000028E bo_dumb=0x0000000000000004 bo_dumbret=0x0000000000000000 bo_blob=0x0000000000000000 bo_bhnd=0x0000000000000000
[EVSTAT] t=0x6018 dev=0x0 push=0x86 drop=0x0 depth=0x0 reads=0x3 eagain=0x2 deliv=0x20 polls=0x220979 pollin=0x2 ioctls=0x13 enotty=0x0 lastnr=0x0 conspop=0x66 rpid=0x1a ipid=0x1a
[EVSTAT] t=0x6018 dev=0x1 push=0x208 drop=0x0 depth=0x0 reads=0xf5 eagain=0x7b deliv=0x208 polls=0x2209a6 pollin=0x113 ioctls=0x15 enotty=0x0 lastnr=0x0 conspop=0x0 rpid=0x1a ipid=0x1a
[DRMSTAT] t=0x00000000000060E0 flips_sub=0x0000000000000066 flips_del=0x0000000000000063 dirtyfb=0x0000000000000000 clips=0x0000000000000000 flip_us=0x000000000027E5EA dmg_full=0x0000000000000003 dmg_rect=0x0000000000000063 dmg_skip=0x0000000000000000 dmg_px=0x0000000003379800 blobs=0x0000000000000067 curs_up=0x0000000000000001 curs_mv=0x0000000000000062 atomic=0x0000000000000066 atest=0x0000000000000006 cplane=0x000000000000042E evpush=0x000000000000028E bo_dumb=0x0000000000000004 bo_dumbret=0x0000000000000000 bo_blob=0x0000000000000000 bo_bhnd=0x0000000000000000
[EVSTAT] t=0x60e0 dev=0x0 push=0x86 drop=0x0 depth=0x0 reads=0x3 eagain=0x2 deliv=0x20 polls=0x22a04b pollin=0x2 ioctls=0x13 enotty=0x0 lastnr=0x0 conspop=0x66 rpid=0x1a ipid=0x1a
[EVSTAT] t=0x60e0 dev=0x1 push=0x208 drop=0x0 depth=0x0 reads=0xf5 eagain=0x7b deliv=0x208 polls=0x22a077 pollin=0x113 ioctls=0x15 enotty=0x0 lastnr=0x0 conspop=0x0 rpid=0x1a ipid=0x1a
[DRMSTAT] t=0x00000000000061A8 flips_sub=0x0000000000000068 flips_del=0x0000000000000065 dirtyfb=0x0000000000000000 clips=0x0000000000000000 flip_us=0x0000000000287163 dmg_full=0x0000000000000003 dmg_rect=0x0000000000000065 dmg_skip=0x0000000000000000 dmg_px=0x0000000003397800 blobs=0x0000000000000069 curs_up=0x0000000000000001 curs_mv=0x0000000000000064 atomic=0x0000000000000068 atest=0x0000000000000006 cplane=0x0000000000000442 evpush=0x000000000000028E bo_dumb=0x0000000000000004 bo_dumbret=0x0000000000000000 bo_blob=0x0000000000000000 bo_bhnd=0x0000000000000000
[EVSTAT] t=0x61a8 dev=0x0 push=0x86 drop=0x0 depth=0x0 reads=0x3 eagain=0x2 deliv=0x20 polls=0x233594 pollin=0x2 ioctls=0x13 enotty=0x0 lastnr=0x0 conspop=0x66 rpid=0x1a ipid=0x1a
[EVSTAT] t=0x61a8 dev=0x1 push=0x208 drop=0x0 depth=0x0 reads=0xf5 eagain=0x7b deliv=0x208 polls=0x2335c1 pollin=0x113 ioctls=0x15 enotty=0x0 lastnr=0x0 conspop=0x0 rpid=0x1a ipid=0x1a
[DRMSTAT] t=0x0000000000006270 flips_sub=0x000000000000006A flips_del=0x0000000000000067 dirtyfb=0x0000000000000000 clips=0x0000000000000000 flip_us=0x000000000028FDB4 dmg_full=0x0000000000000003 dmg_rect=0x0000000000000067 dmg_skip=0x0000000000000000 dmg_px=0x00000000033B5800 blobs=0x000000000000006B curs_up=0x0000000000000001 curs_mv=0x0000000000000066 atomic=0x000000000000006A atest=0x0000000000000006 cplane=0x0000000000000456 evpush=0x000000000000028E bo_dumb=0x0000000000000004 bo_dumbret=0x0000000000000000 bo_blob=0x0000000000000000 bo_bhnd=0x0000000000000000
[EVSTAT] t=0x6270 dev=0x0 push=0x86 drop=0x0 depth=0x0 reads=0x3 eagain=0x2 deliv=0x20 polls=0x23cb71 pollin=0x2 ioctls=0x13 enotty=0x0 lastnr=0x0 conspop=0x66 rpid=0x1a ipid=0x1a
[EVSTAT] t=0x6270 dev=0x1 push=0x208 drop=0x0 depth=0x0 reads=0xf5 eagain=0x7b deliv=0x208 polls=0x23cb9d pollin=0x113 ioctls=0x15 enotty=0x0 lastnr=0x0 conspop=0x0 rpid=0x1a ipid=0x1a
[DRMSTAT] t=0x0000000000006338 flips_sub=0x000000000000006D flips_del=0x000000000000006A dirtyfb=0x0000000000000000 clips=0x0000000000000000 flip_us=0x000000000029CC99 dmg_full=0x0000000000000003 dmg_rect=0x000000000000006A dmg_skip=0x0000000000000000 dmg_px=0x00000000033E2800 blobs=0x000000000000006E curs_up=0x0000000000000001 curs_mv=0x0000000000000069 atomic=0x000000000000006D atest=0x0000000000000006 cplane=0x0000000000000474 evpush=0x000000000000028E bo_dumb=0x0000000000000004 bo_dumbret=0x0000000000000000 bo_blob=0x0000000000000000 bo_bhnd=0x0000000000000000
[EVSTAT] t=0x6338 dev=0x0 push=0x86 drop=0x0 depth=0x0 reads=0x3 eagain=0x2 deliv=0x20 polls=0x245f15 pollin=0x2 ioctls=0x13 enotty=0x0 lastnr=0x0 conspop=0x66 rpid=0x1a ipid=0x1a
[EVSTAT] t=0x6338 dev=0x1 push=0x208 drop=0x0 depth=0x0 reads=0xf5 eagain=0x7b deliv=0x208 polls=0x245f42 pollin=0x113 ioctls=0x15 enotty=0x0 lastnr=0x0 conspop=0x0 rpid=0x1a ipid=0x1a
[DRMSTAT] t=0x0000000000006400 flips_sub=0x000000000000006F flips_del=0x000000000000006C dirtyfb=0x0000000000000000 clips=0x0000000000000000 flip_us=0x00000000002A552A dmg_full=0x0000000000000003 dmg_rect=0x000000000000006C dmg_skip=0x0000000000000000 dmg_px=0x0000000003400800 blobs=0x0000000000000070 curs_up=0x0000000000000001 curs_mv=0x000000000000006B atomic=0x000000000000006F atest=0x0000000000000006 cplane=0x0000000000000488 evpush=0x000000000000028E bo_dumb=0x0000000000000004 bo_dumbret=0x0000000000000000 bo_blob=0x0000000000000000 bo_bhnd=0x0000000000000000
[EVSTAT] t=0x6400 dev=0x0 push=0x86 drop=0x0 depth=0x0 reads=0x3 eagain=0x2 deliv=0x20 polls=0x24f1d2 pollin=0x2 ioctls=0x13 enotty=0x0 lastnr=0x0 conspop=0x66 rpid=0x1a ipid=0x1a
[EVSTAT] t=0x6400 dev=0x1 push=0x208 drop=0x0 depth=0x0 reads=0xf5 eagain=0x7b deliv=0x208 polls=0x24f1fb pollin=0x113 ioctls=0x15 enotty=0x0 lastnr=0x0 conspop=0x0 rpid=0x1a ipid=0x1a
[DRMSTAT] t=0x00000000000064C8 flips_sub=0x0000000000000071 flips_del=0x000000000000006E dirtyfb=0x0000000000000000 clips=0x0000000000000000 flip_us=0x00000000002ADF87 dmg_full=0x0000000000000003 dmg_rect=0x000000000000006E dmg_skip=0x0000000000000000 dmg_px=0x000000000341E800 blobs=0x0000000000000072 curs_up=0x0000000000000001 curs_mv=0x000000000000006D atomic=0x0000000000000071 atest=0x0000000000000006 cplane=0x000000000000049C evpush=0x000000000000028E bo_dumb=0x0000000000000004 bo_dumbret=0x0000000000000000 bo_blob=0x0000000000000000 bo_bhnd=0x0000000000000000
[EVSTAT] t=0x64c8 dev=0x0 push=0x86 drop=0x0 depth=0x0 reads=0x3 eagain=0x2 deliv=0x20 polls=0x258423 pollin=0x2 ioctls=0x13 enotty=0x0 lastnr=0x0 conspop=0x66 rpid=0x1a ipid=0x1a
[EVSTAT] t=0x64c8 dev=0x1 push=0x208 drop=0x0 depth=0x0 reads=0xf5 eagain=0x7b deliv=0x208 polls=0x25844e pollin=0x113 ioctls=0x15 enotty=0x0 lastnr=0x0 conspop=0x0 rpid=0x1a ipid=0x1a
[DRMSTAT] t=0x0000000000006590 flips_sub=0x0000000000000073 flips_del=0x0000000000000070 dirtyfb=0x0000000000000000 clips=0x0000000000000000 flip_us=0x00000000002B6FF9 dmg_full=0x0000000000000003 dmg_rect=0x0000000000000070 dmg_skip=0x0000000000000000 dmg_px=0x000000000343C800 blobs=0x0000000000000074 curs_up=0x0000000000000001 curs_mv=0x000000000000006F atomic=0x0000000000000073 atest=0x0000000000000006 cplane=0x00000000000004B0 evpush=0x000000000000028E bo_dumb=0x0000000000000004 bo_dumbret=0x0000000000000000 bo_blob=0x0000000000000000 bo_bhnd=0x0000000000000000
[EVSTAT] t=0x6590 dev=0x0 push=0x86 drop=0x0 depth=0x0 reads=0x3 eagain=0x2 deliv=0x20 polls=0x261713 pollin=0x2 ioctls=0x13 enotty=0x0 lastnr=0x0 conspop=0x66 rpid=0x1a ipid=0x1a
[EVSTAT] t=0x6590 dev=0x1 push=0x208 drop=0x0 depth=0x0 reads=0xf5 eagain=0x7b deliv=0x208 polls=0x26173e pollin=0x113 ioctls=0x15 enotty=0x0 lastnr=0x0 conspop=0x0 rpid=0x1a ipid=0x1a
M13: ENDMARK CLICKKEY
M13: MARK IDLE2 20
[DRMSTAT] t=0x0000000000006658 flips_sub=0x0000000000000075 flips_del=0x0000000000000072 dirtyfb=0x0000000000000000 clips=0x0000000000000000 flip_us=0x00000000002C0391 dmg_full=0x0000000000000003 dmg_rect=0x0000000000000072 dmg_skip=0x0000000000000000 dmg_px=0x000000000345A800 blobs=0x0000000000000076 curs_up=0x0000000000000001 curs_mv=0x0000000000000071 atomic=0x0000000000000075 atest=0x0000000000000006 cplane=0x00000000000004C4 evpush=0x000000000000028E bo_dumb=0x0000000000000004 bo_dumbret=0x0000000000000000 bo_blob=0x0000000000000000 bo_bhnd=0x0000000000000000
[EVSTAT] t=0x6658 dev=0x0 push=0x86 drop=0x0 depth=0x0 reads=0x3 eagain=0x2 deliv=0x20 polls=0x26abfe pollin=0x2 ioctls=0x13 enotty=0x0 lastnr=0x0 conspop=0x66 rpid=0x1a ipid=0x1a
[EVSTAT] t=0x6658 dev=0x1 push=0x208 drop=0x0 depth=0x0 reads=0xf5 eagain=0x7b deliv=0x208 polls=0x26ac2a pollin=0x113 ioctls=0x15 enotty=0x0 lastnr=0x0 conspop=0x0 rpid=0x1a ipid=0x1a
[DRMSTAT] t=0x0000000000006720 flips_sub=0x0000000000000077 flips_del=0x0000000000000074 dirtyfb=0x0000000000000000 clips=0x0000000000000000 flip_us=0x00000000002C8700 dmg_full=0x0000000000000003 dmg_rect=0x0000000000000074 dmg_skip=0x0000000000000000 dmg_px=0x0000000003478800 blobs=0x0000000000000078 curs_up=0x0000000000000001 curs_mv=0x0000000000000073 atomic=0x0000000000000077 atest=0x0000000000000006 cplane=0x00000000000004D8 evpush=0x000000000000028E bo_dumb=0x0000000000000004 bo_dumbret=0x0000000000000000 bo_blob=0x0000000000000000 bo_bhnd=0x0000000000000000
[EVSTAT] t=0x6720 dev=0x0 push=0x86 drop=0x0 depth=0x0 reads=0x3 eagain=0x2 deliv=0x20 polls=0x273e9c pollin=0x2 ioctls=0x13 enotty=0x0 lastnr=0x0 conspop=0x66 rpid=0x1a ipid=0x1a
[EVSTAT] t=0x6720 dev=0x1 push=0x208 drop=0x0 depth=0x0 reads=0xf5 eagain=0x7b deliv=0x208 polls=0x273ec8 pollin=0x113 ioctls=0x15 enotty=0x0 lastnr=0x0 conspop=0x0 rpid=0x1a ipid=0x1a
[DRMSTAT] t=0x00000000000067E8 flips_sub=0x0000000000000079 flips_del=0x0000000000000076 dirtyfb=0x0000000000000000 clips=0x0000000000000000 flip_us=0x00000000002D0E35 dmg_full=0x0000000000000003 dmg_rect=0x0000000000000076 dmg_skip=0x0000000000000000 dmg_px=0x0000000003496800 blobs=0x000000000000007A curs_up=0x0000000000000001 curs_mv=0x0000000000000075 atomic=0x0000000000000079 atest=0x0000000000000006 cplane=0x00000000000004EC evpush=0x000000000000028E bo_dumb=0x0000000000000004 bo_dumbret=0x0000000000000000 bo_blob=0x0000000000000000 bo_bhnd=0x0000000000000000
[EVSTAT] t=0x67e8 dev=0x0 push=0x86 drop=0x0 depth=0x0 reads=0x3 eagain=0x2 deliv=0x20 polls=0x27d44c pollin=0x2 ioctls=0x13 enotty=0x0 lastnr=0x0 conspop=0x66 rpid=0x1a ipid=0x1a
[EVSTAT] t=0x67e8 dev=0x1 push=0x208 drop=0x0 depth=0x0 reads=0xf5 eagain=0x7b deliv=0x208 polls=0x27d478 pollin=0x113 ioctls=0x15 enotty=0x0 lastnr=0x0 conspop=0x0 rpid=0x1a ipid=0x1a
[DRMSTAT] t=0x00000000000068B0 flips_sub=0x000000000000007B flips_del=0x0000000000000078 dirtyfb=0x0000000000000000 clips=0x0000000000000000 flip_us=0x00000000002D9577 dmg_full=0x0000000000000003 dmg_rect=0x0000000000000078 dmg_skip=0x0000000000000000 dmg_px=0x00000000034B4800 blobs=0x000000000000007C curs_up=0x0000000000000001 curs_mv=0x0000000000000077 atomic=0x000000000000007B atest=0x0000000000000006 cplane=0x0000000000000500 evpush=0x000000000000028E bo_dumb=0x0000000000000004 bo_dumbret=0x0000000000000000 bo_blob=0x0000000000000000 bo_bhnd=0x0000000000000000
[EVSTAT] t=0x68b0 dev=0x0 push=0x86 drop=0x0 depth=0x0 reads=0x3 eagain=0x2 deliv=0x20 polls=0x2867c6 pollin=0x2 ioctls=0x13 enotty=0x0 lastnr=0x0 conspop=0x66 rpid=0x1a ipid=0x1a
[EVSTAT] t=0x68b0 dev=0x1 push=0x208 drop=0x0 depth=0x0 reads=0xf5 eagain=0x7b deliv=0x208 polls=0x2867f2 pollin=0x113 ioctls=0x15 enotty=0x0 lastnr=0x0 conspop=0x0 rpid=0x1a ipid=0x1a
[DRMSTAT] t=0x0000000000006978 flips_sub=0x000000000000007D flips_del=0x000000000000007A dirtyfb=0x0000000000000000 clips=0x0000000000000000 flip_us=0x00000000002E1EB6 dmg_full=0x0000000000000003 dmg_rect=0x000000000000007A dmg_skip=0x0000000000000000 dmg_px=0x00000000034D2800 blobs=0x000000000000007E curs_up=0x0000000000000001 curs_mv=0x0000000000000079 atomic=0x000000000000007D atest=0x0000000000000006 cplane=0x0000000000000514 evpush=0x000000000000028E bo_dumb=0x0000000000000004 bo_dumbret=0x0000000000000000 bo_blob=0x0000000000000000 bo_bhnd=0x0000000000000000
[EVSTAT] t=0x6978 dev=0x0 push=0x86 drop=0x0 depth=0x0 reads=0x3 eagain=0x2 deliv=0x20 polls=0x28f8ef pollin=0x2 ioctls=0x13 enotty=0x0 lastnr=0x0 conspop=0x66 rpid=0x1a ipid=0x1a
[EVSTAT] t=0x6978 dev=0x1 push=0x208 drop=0x0 depth=0x0 reads=0xf5 eagain=0x7b deliv=0x208 polls=0x28f91a pollin=0x113 ioctls=0x15 enotty=0x0 lastnr=0x0 conspop=0x0 rpid=0x1a ipid=0x1a
[DRMSTAT] t=0x0000000000006A40 flips_sub=0x000000000000007F flips_del=0x000000000000007C dirtyfb=0x0000000000000000 clips=0x0000000000000000 flip_us=0x00000000002EAFC2 dmg_full=0x0000000000000003 dmg_rect=0x000000000000007C dmg_skip=0x0000000000000000 dmg_px=0x00000000034F0800 blobs=0x0000000000000080 curs_up=0x0000000000000001 curs_mv=0x000000000000007B atomic=0x000000000000007F atest=0x0000000000000006 cplane=0x0000000000000528 evpush=0x000000000000028E bo_dumb=0x0000000000000004 bo_dumbret=0x0000000000000000 bo_blob=0x0000000000000000 bo_bhnd=0x0000000000000000
[EVSTAT] t=0x6a40 dev=0x0 push=0x86 drop=0x0 depth=0x0 reads=0x3 eagain=0x2 deliv=0x20 polls=0x298b5d pollin=0x2 ioctls=0x13 enotty=0x0 lastnr=0x0 conspop=0x66 rpid=0x1a ipid=0x1a
[EVSTAT] t=0x6a40 dev=0x1 push=0x208 drop=0x0 depth=0x0 reads=0xf5 eagain=0x7b deliv=0x208 polls=0x298b7c pollin=0x113 ioctls=0x15 enotty=0x0 lastnr=0x0 conspop=0x0 rpid=0x1a ipid=0x1a
[DRMSTAT] t=0x0000000000006B08 flips_sub=0x0000000000000081 flips_del=0x000000000000007E dirtyfb=0x0000000000000000 clips=0x0000000000000000 flip_us=0x00000000002F3793 dmg_full=0x0000000000000003 dmg_rect=0x000000000000007E dmg_skip=0x0000000000000000 dmg_px=0x000000000350E800 blobs=0x0000000000000082 curs_up=0x0000000000000001 curs_mv=0x000000000000007D atomic=0x0000000000000081 atest=0x0000000000000006 cplane=0x000000000000053C evpush=0x000000000000028E bo_dumb=0x0000000000000004 bo_dumbret=0x0000000000000000 bo_blob=0x0000000000000000 bo_bhnd=0x0000000000000000
[EVSTAT] t=0x6b08 dev=0x0 push=0x86 drop=0x0 depth=0x0 reads=0x3 eagain=0x2 deliv=0x20 polls=0x2a1eec pollin=0x2 ioctls=0x13 enotty=0x0 lastnr=0x0 conspop=0x66 rpid=0x1a ipid=0x1a
[EVSTAT] t=0x6b08 dev=0x1 push=0x208 drop=0x0 depth=0x0 reads=0xf5 eagain=0x7b deliv=0x208 polls=0x2a1f17 pollin=0x113 ioctls=0x15 enotty=0x0 lastnr=0x0 conspop=0x0 rpid=0x1a ipid=0x1a
[DRMSTAT] t=0x0000000000006BD0 flips_sub=0x0000000000000083 flips_del=0x0000000000000080 dirtyfb=0x0000000000000000 clips=0x0000000000000000 flip_us=0x00000000002FC28B dmg_full=0x0000000000000003 dmg_rect=0x0000000000000080 dmg_skip=0x0000000000000000 dmg_px=0x000000000352C800 blobs=0x0000000000000084 curs_up=0x0000000000000001 curs_mv=0x000000000000007F atomic=0x0000000000000083 atest=0x0000000000000006 cplane=0x0000000000000550 evpush=0x000000000000028E bo_dumb=0x0000000000000004 bo_dumbret=0x0000000000000000 bo_blob=0x0000000000000000 bo_bhnd=0x0000000000000000
[EVSTAT] t=0x6bd0 dev=0x0 push=0x86 drop=0x0 depth=0x0 reads=0x3 eagain=0x2 deliv=0x20 polls=0x2ab29e pollin=0x2 ioctls=0x13 enotty=0x0 lastnr=0x0 conspop=0x66 rpid=0x1a ipid=0x1a
[EVSTAT] t=0x6bd0 dev=0x1 push=0x208 drop=0x0 depth=0x0 reads=0xf5 eagain=0x7b deliv=0x208 polls=0x2ab2c9 pollin=0x113 ioctls=0x15 enotty=0x0 lastnr=0x0 conspop=0x0 rpid=0x1a ipid=0x1a
[DRMSTAT] t=0x0000000000006C98 flips_sub=0x0000000000000085 flips_del=0x0000000000000082 dirtyfb=0x0000000000000000 clips=0x0000000000000000 flip_us=0x0000000000305596 dmg_full=0x0000000000000003 dmg_rect=0x0000000000000082 dmg_skip=0x0000000000000000 dmg_px=0x000000000354A800 blobs=0x0000000000000086 curs_up=0x0000000000000001 curs_mv=0x0000000000000081 atomic=0x0000000000000085 atest=0x0000000000000006 cplane=0x0000000000000564 evpush=0x000000000000028E bo_dumb=0x0000000000000004 bo_dumbret=0x0000000000000000 bo_blob=0x0000000000000000 bo_bhnd=0x0000000000000000
[EVSTAT] t=0x6c98 dev=0x0 push=0x86 drop=0x0 depth=0x0 reads=0x3 eagain=0x2 deliv=0x20 polls=0x2b4598 pollin=0x2 ioctls=0x13 enotty=0x0 lastnr=0x0 conspop=0x66 rpid=0x1a ipid=0x1a
[EVSTAT] t=0x6c98 dev=0x1 push=0x208 drop=0x0 depth=0x0 reads=0xf5 eagain=0x7b deliv=0x208 polls=0x2b45c2 pollin=0x113 ioctls=0x15 enotty=0x0 lastnr=0x0 conspop=0x0 rpid=0x1a ipid=0x1a
[DRMSTAT] t=0x0000000000006D60 flips_sub=0x0000000000000087 flips_del=0x0000000000000084 dirtyfb=0x0000000000000000 clips=0x0000000000000000 flip_us=0x000000000030DF38 dmg_full=0x0000000000000003 dmg_rect=0x0000000000000084 dmg_skip=0x0000000000000000 dmg_px=0x0000000003568800 blobs=0x0000000000000088 curs_up=0x0000000000000001 curs_mv=0x0000000000000083 atomic=0x0000000000000087 atest=0x0000000000000006 cplane=0x0000000000000578 evpush=0x000000000000028E bo_dumb=0x0000000000000004 bo_dumbret=0x0000000000000000 bo_blob=0x0000000000000000 bo_bhnd=0x0000000000000000
[EVSTAT] t=0x6d60 dev=0x0 push=0x86 drop=0x0 depth=0x0 reads=0x3 eagain=0x2 deliv=0x20 polls=0x2bd8b1 pollin=0x2 ioctls=0x13 enotty=0x0 lastnr=0x0 conspop=0x66 rpid=0x1a ipid=0x1a
[EVSTAT] t=0x6d60 dev=0x1 push=0x208 drop=0x0 depth=0x0 reads=0xf5 eagain=0x7b deliv=0x208 polls=0x2bd8de pollin=0x113 ioctls=0x15 enotty=0x0 lastnr=0x0 conspop=0x0 rpid=0x1a ipid=0x1a
M13: ENDMARK IDLE2
M13: CAPTURES DONE
M13: ==== BEGIN globals.log ====
[WLG] BEGIN pid=77 uid=0 dir=/run/user/0 delay=0 passes=1 interval=0
[WLG] PASS 1/1 sockets=1 [wayland-1]
[WLG] TRY sock=wayland-1 path=/run/user/0/wayland-1
[WLG] OPEN sock=wayland-1
[WLG] G sock=wayland-1 name=53 iface=cosmic_a11y_manager_v1 ver=2
[WLG] G sock=wayland-1 name=3 iface=cosmic_corner_radius_manager_v1 ver=2
[WLG] G sock=wayland-1 name=38 iface=ext_background_effect_manager_v1 ver=1
[WLG] G sock=wayland-1 name=41 iface=ext_data_control_manager_v1 ver=1
[WLG] G sock=wayland-1 name=16 iface=ext_foreign_toplevel_image_capture_source_manager_v1 ver=1
[WLG] G sock=wayland-1 name=49 iface=ext_foreign_toplevel_list_v1 ver=1
[WLG] G sock=wayland-1 name=39 iface=ext_idle_notifier_v1 ver=2
[WLG] G sock=wayland-1 name=17 iface=ext_image_copy_capture_manager_v1 ver=1
[WLG] G sock=wayland-1 name=15 iface=ext_output_image_capture_source_manager_v1 ver=1
[WLG] G sock=wayland-1 name=23 iface=ext_session_lock_manager_v1 ver=1
[WLG] G sock=wayland-1 name=51 iface=ext_workspace_manager_v1 ver=1
[WLG] G sock=wayland-1 name=21 iface=org_kde_kwin_server_decoration_manager ver=1
[WLG] G sock=wayland-1 name=1 iface=wl_compositor ver=5
[WLG] G sock=wayland-1 name=4 iface=wl_data_device_manager ver=3
[WLG] G sock=wayland-1 name=36 iface=wl_fixes ver=1
[WLG] G sock=wayland-1 name=55 iface=wl_output ver=4
[WLG] G sock=wayland-1 name=56 iface=wl_seat ver=9
[WLG] G sock=wayland-1 name=18 iface=wl_shm ver=2
[WLG] G sock=wayland-1 name=2 iface=wl_subcompositor ver=1
[WLG] G sock=wayland-1 name=34 iface=wp_alpha_modifier_v1 ver=1
[WLG] G sock=wayland-1 name=19 iface=wp_cursor_shape_manager_v1 ver=2
[WLG] G sock=wayland-1 name=5 iface=wp_fractional_scale_manager_v1 ver=1
[WLG] G sock=wayland-1 name=27 iface=wp_pointer_warp_v1 ver=1
[WLG] G sock=wayland-1 name=12 iface=wp_presentation ver=2
[WLG] G sock=wayland-1 name=30 iface=wp_security_context_manager_v1 ver=1
[WLG] G sock=wayland-1 name=35 iface=wp_single_pixel_buffer_manager_v1 ver=1
[WLG] G sock=wayland-1 name=20 iface=wp_viewporter ver=1
[WLG] G sock=wayland-1 name=45 iface=xdg_activation_v1 ver=1
[WLG] G sock=wayland-1 name=44 iface=xdg_wm_base ver=7
[WLG] G sock=wayland-1 name=37 iface=zcosmic_keyboard_layout_manager_v1 ver=1
[WLG] G sock=wayland-1 name=9 iface=zcosmic_output_manager_v1 ver=3
[WLG] G sock=wayland-1 name=11 iface=zcosmic_overlap_notify_v1 ver=1
[WLG] G sock=wayland-1 name=48 iface=zcosmic_toplevel_info_v1 ver=3
[WLG] G sock=wayland-1 name=50 iface=zcosmic_toplevel_manager_v1 ver=4
[WLG] G sock=wayland-1 name=14 iface=zcosmic_workspace_image_capture_source_manager_v1 ver=1
[WLG] G sock=wayland-1 name=52 iface=zcosmic_workspace_manager_v2 ver=2
[WLG] G sock=wayland-1 name=42 iface=zwlr_data_control_manager_v1 ver=2
[WLG] G sock=wayland-1 name=43 iface=zwlr_layer_shell_v1 ver=5
[WLG] G sock=wayland-1 name=8 iface=zwlr_output_manager_v1 ver=4
[WLG] G sock=wayland-1 name=10 iface=zwlr_output_power_manager_v1 ver=1
[WLG] G sock=wayland-1 name=40 iface=zwp_idle_inhibit_manager_v1 ver=1
[WLG] G sock=wayland-1 name=31 iface=zwp_input_method_manager_v2 ver=1
[WLG] G sock=wayland-1 name=6 iface=zwp_keyboard_shortcuts_inhibit_manager_v1 ver=1
[WLG] G sock=wayland-1 name=26 iface=zwp_pointer_constraints_v1 ver=1
[WLG] G sock=wayland-1 name=28 iface=zwp_pointer_gestures_v1 ver=3
[WLG] G sock=wayland-1 name=13 iface=zwp_primary_selection_device_manager_v1 ver=1
[WLG] G sock=wayland-1 name=54 iface=zwp_relative_pointer_manager_v1 ver=1
[WLG] G sock=wayland-1 name=29 iface=zwp_tablet_manager_v2 ver=1
[WLG] G sock=wayland-1 name=32 iface=zwp_text_input_manager_v3 ver=1
[WLG] G sock=wayland-1 name=33 iface=zwp_virtual_keyboard_manager_v1 ver=1
[WLG] G sock=wayland-1 name=22 iface=zxdg_decoration_manager_v1 ver=1
[WLG] G sock=wayland-1 name=46 iface=zxdg_exporter_v2 ver=1
[WLG] G sock=wayland-1 name=47 iface=zxdg_importer_v2 ver=1
[WLG] G sock=wayland-1 name=7 iface=zxdg_output_manager_v1 ver=3
[WLG] COUNT sock=wayland-1 n=54
[WLG] MATCH sock=wayland-1 wl_compositor=1 wl_shm=1 wl_seat=1 xdg_wm_base=1 zwlr_layer_shell_v1=1 wl_output=1 zwp_linux_dmabuf_v1=0 wl_drm=0
[WLG] SEAT sock=wayland-1 got_caps=1 caps=0x7 pointer=1 keyboard=1 touch=1 got_name=1 name=seat-0 ver=9
[WLG] SEATOBJ sock=wayland-1 pointer_obj=1 keyboard_obj=1 keymap_fd=1 keymap_size=65528
[WLG] PASSEND 1/1
[WLG] END
M13: ==== END globals.log ====
M13: ==== BEGIN tracefiles ====
total 33
-rw-r--r-- 1 root root   498 Jan  1 00:00 seatshim.26.log
-rw-r--r-- 1 root root 32768 Jan  1 00:00 udevshim.26.log
-rw-r--r-- 1 root root   806 Jan  1 00:00 udevshim.36.log
M13: ==== END tracefiles ====
M13: ==== BEGIN /run/user/0/m13/trace/seatshim.26.log ====
[SEATSHIM] pid=26 open_seat listener=0x1cb2f28 -> seat=0x42e6c920 fd=22
[SEATSHIM] pid=26 seat_name seat=0x42e6c920 -> seat0
[SEATSHIM] pid=26 dispatch seat=0x42e6c920 timeout=0
[SEATSHIM] pid=26 open_device seat=0x42e6c920 path=/dev/input/event0 -> id=26 fd=26 errno=0
[SEATSHIM] pid=26 open_device seat=0x42e6c920 path=/dev/input/event1 -> id=27 fd=27 errno=0
[SEATSHIM] pid=26 get_fd seat=0x42e6c920 -> 22
[SEATSHIM] pid=26 open_device seat=0x42e6c920 path=/dev/dri/card0 -> id=28 fd=28 errno=0
M13: ==== END /run/user/0/m13/trace/seatshim.26.log ====
M13: ==== BEGIN /run/user/0/m13/trace/udevshim.26.log ====
363 /run/user/0/m13/trace/udevshim.26.log
[UDEVSHIM] pid=26 udev_new ctx=0x42e6c7e0
[UDEVSHIM] pid=26 udev_new ctx=0x42e6c800
[UDEVSHIM] pid=26 dev_from_syspath path=/sys/devices/virtual/dmi/id -> dev=0
[UDEVSHIM] pid=26 mon_new src=udev mon=0x483c2e30
[UDEVSHIM] pid=26 mon_filter mon=0x483c2e30 sub=input devtype=(null)
[UDEVSHIM] pid=26 mon_enable mon=0x483c2e30 rc=0
[UDEVSHIM] pid=26 mon_fd mon=0x483c2e30 fd=259
[UDEVSHIM] pid=26 enum_new e=0x483d3070
[UDEVSHIM] pid=26 enum_match_subsystem e=0x483d3070 sub=input
[UDEVSHIM] pid=26 enum_scan e=0x483d3070 rc=0 n=2
[UDEVSHIM] pid=26 enum_entry e=0x483d3070 syspath=/sys/class/input/event0
[UDEVSHIM] pid=26 enum_entry e=0x483d3070 syspath=/sys/class/input/event1
[UDEVSHIM] pid=26 enum_get_list e=0x483d3070 head=0x483c23a0
[UDEVSHIM] pid=26 dev_from_syspath path=/sys/class/input/event0 -> dev=0x483b9b20
[UDEVSHIM] pid=26 dev_is_init syspath=/sys/class/input/event0 -> 1
[UDEVSHIM] pid=26 dev_prop syspath=/sys/class/input/event0 key=ID_SEAT -> seat0
[UDEVSHIM] pid=26 dev_prop syspath=/sys/class/input/event0 key=LIBINPUT_TEST_DEVICE -> (null)
[UDEVSHIM] pid=26 dev_devnode dev=0x483b9b20 syspath=/sys/class/input/event0 -> /dev/input/event0
[UDEVSHIM] pid=26 dev_prop syspath=/sys/class/input/event0 key=WL_SEAT -> (null)
[UDEVSHIM] pid=26 dev_devnode dev=0x483b9b20 syspath=/sys/class/input/event0 -> /dev/input/event0
[UDEVSHIM] pid=26 dev_prop syspath=/sys/class/input/event0 key=LIBINPUT_IGNORE_DEVICE -> (null)
[UDEVSHIM] pid=26 dev_from_devnum type=c major=13 minor=64 -> dev=0x42c56c10
[UDEVSHIM] pid=26 dev_prop syspath=/sys/class/input/event0 key=MOUSE_WHEEL_CLICK_COUNT -> (null)
[UDEVSHIM] pid=26 dev_prop syspath=/sys/class/input/event0 key=MOUSE_WHEEL_CLICK_ANGLE -> (null)
[UDEVSHIM] pid=26 dev_prop syspath=/sys/class/input/event0 key=MOUSE_WHEEL_CLICK_COUNT_HORIZONTAL -> (null)
[UDEVSHIM] pid=26 dev_prop syspath=/sys/class/input/event0 key=MOUSE_WHEEL_CLICK_ANGLE_HORIZONTAL -> (null)
[UDEVSHIM] pid=26 dev_devnode dev=0x483b9b20 syspath=/sys/class/input/event0 -> /dev/input/event0
[UDEVSHIM] pid=26 dev_prop syspath=/sys/class/input/event0 key=NAME -> (null)
[UDEVSHIM] pid=26 dev_parent syspath=/sys/class/input/event0 sub=- devtype=- -> /sys/class/input/input0
[UDEVSHIM] pid=26 dev_prop syspath=/sys/class/input/input0 key=NAME -> (null)
[UDEVSHIM] pid=26 dev_parent syspath=/sys/class/input/input0 sub=- devtype=- -> (null)
[UDEVSHIM] pid=26 dev_prop syspath=/sys/class/input/event0 key=UNIQ -> (null)
[UDEVSHIM] pid=26 dev_parent syspath=/sys/class/input/event0 sub=- devtype=- -> /sys/class/input/input0
[UDEVSHIM] pid=26 dev_prop syspath=/sys/class/input/input0 key=UNIQ -> (null)
[UDEVSHIM] pid=26 dev_parent syspath=/sys/class/input/input0 sub=- devtype=- -> (null)
[UDEVSHIM] pid=26 dev_prop syspath=/sys/class/input/event0 key=PRODUCT -> (null)
[UDEVSHIM] pid=26 dev_parent syspath=/sys/class/input/event0 sub=- devtype=- -> /sys/class/input/input0
[UDEVSHIM] pid=26 dev_prop syspath=/sys/class/input/input0 key=PRODUCT -> (null)
[UDEVSHIM] pid=26 dev_parent syspath=/sys/class/input/input0 sub=- devtype=- -> (null)
[UDEVSHIM] pid=26 dev_prop syspath=/sys/class/input/event0 key=ID_INPUT_MOUSE -> (null)
[UDEVSHIM] pid=26 dev_parent syspath=/sys/class/input/event0 sub=- devtype=- -> /sys/class/input/input0
[UDEVSHIM] pid=26 dev_prop syspath=/sys/class/input/input0 key=ID_INPUT_MOUSE -> (null)
[UDEVSHIM] pid=26 dev_parent syspath=/sys/class/input/input0 sub=- devtype=- -> (null)
[UDEVSHIM] pid=26 dev_prop syspath=/sys/class/input/event0 key=ID_INPUT_POINTINGSTICK -> (null)
[UDEVSHIM] pid=26 dev_parent syspath=/sys/class/input/event0 sub=- devtype=- -> /sys/class/input/input0
[UDEVSHIM] pid=26 dev_prop syspath=/sys/class/input/input0 key=ID_INPUT_POINTINGSTICK -> (null)
[UDEVSHIM] pid=26 dev_parent syspath=/sys/class/input/input0 sub=- devtype=- -> (null)
[UDEVSHIM] pid=26 dev_prop syspath=/sys/class/input/event0 key=ID_INPUT_TOUCHPAD -> (null)
[UDEVSHIM] pid=26 dev_parent syspath=/sys/class/input/event0 sub=- devtype=- -> /sys/class/input/input0
[UDEVSHIM] pid=26 dev_prop syspath=/sys/class/input/input0 key=ID_INPUT_TOUCHPAD -> (null)
[UDEVSHIM] pid=26 dev_parent syspath=/sys/class/input/input0 sub=- devtype=- -> (null)
[UDEVSHIM] pid=26 dev_prop syspath=/sys/class/input/event0 key=ID_INPUT_TABLET -> (null)
[UDEVSHIM] pid=26 dev_parent syspath=/sys/class/input/event0 sub=- devtype=- -> /sys/class/input/input0
[UDEVSHIM] pid=26 dev_prop syspath=/sys/class/input/input0 key=ID_INPUT_TABLET -> (null)
[UDEVSHIM] pid=26 dev_parent syspath=/sys/class/input/input0 sub=- devtype=- -> (null)
[UDEVSHIM] pid=26 dev_prop syspath=/sys/class/input/event0 key=ID_INPUT_TABLET_PAD -> (null)
[UDEVSHIM] pid=26 dev_parent syspath=/sys/class/input/event0 sub=- devtype=- -> /sys/class/input/input0
[UDEVSHIM] pid=26 dev_prop syspath=/sys/class/input/input0 key=ID_INPUT_TABLET_PAD -> (null)
[UDEVSHIM] pid=26 dev_parent syspath=/sys/class/input/input0 sub=- devtype=- -> (null)
[UDEVSHIM] pid=26 dev_prop syspath=/sys/class/input/event0 key=ID_INPUT_JOYSTICK -> (null)
[UDEVSHIM] pid=26 dev_parent syspath=/sys/class/input/event0 sub=- devtype=- -> /sys/class/input/input0
[UDEVSHIM] pid=26 dev_prop syspath=/sys/class/input/input0 key=ID_INPUT_JOYSTICK -> (null)
[UDEVSHIM] pid=26 dev_parent syspath=/sys/class/input/input0 sub=- devtype=- -> (null)
[UDEVSHIM] pid=26 dev_prop syspath=/sys/class/input/event0 key=ID_INPUT_KEYBOARD -> 1
[UDEVSHIM] pid=26 dev_parent syspath=/sys/class/input/event0 sub=- devtype=- -> /sys/class/input/input0
[UDEVSHIM] pid=26 dev_prop syspath=/sys/class/input/event0 key=ID_INPUT_KEY -> (null)
[UDEVSHIM] pid=26 dev_parent syspath=/sys/class/input/event0 sub=- devtype=- -> /sys/class/input/input0
[UDEVSHIM] pid=26 dev_prop syspath=/sys/class/input/input0 key=ID_INPUT_KEY -> (null)
[UDEVSHIM] pid=26 dev_parent syspath=/sys/class/input/input0 sub=- devtype=- -> (null)
[UDEVSHIM] pid=26 dev_prop syspath=/sys/class/input/event0 key=ID_INPUT_TRACKBALL -> (null)
[UDEVSHIM] pid=26 dev_prop syspath=/sys/class/input/event0 key=LIBINPUT_MODEL_LENOVO_X220_TOUCHPAD_FW81 -> (null)
[UDEVSHIM] pid=26 dev_prop syspath=/sys/class/input/event0 key=LIBINPUT_TEST_DEVICE -> (null)
[UDEVSHIM] pid=26 dev_devnode dev=0x483b9b20 syspath=/sys/class/input/event0 -> /dev/input/event0
[UDEVSHIM] pid=26 dev_prop syspath=/sys/class/input/event0 key=NAME -> (null)
[UDEVSHIM] pid=26 dev_parent syspath=/sys/class/input/event0 sub=- devtype=- -> /sys/class/input/input0
[UDEVSHIM] pid=26 dev_prop syspath=/sys/class/input/input0 key=NAME -> (null)
[UDEVSHIM] pid=26 dev_parent syspath=/sys/class/input/input0 sub=- devtype=- -> (null)
[UDEVSHIM] pid=26 dev_prop syspath=/sys/class/input/event0 key=UNIQ -> (null)
[UDEVSHIM] pid=26 dev_parent syspath=/sys/class/input/event0 sub=- devtype=- -> /sys/class/input/input0
[UDEVSHIM] pid=26 dev_prop syspath=/sys/class/input/input0 key=UNIQ -> (null)
[UDEVSHIM] pid=26 dev_parent syspath=/sys/class/input/input0 sub=- devtype=- -> (null)
[UDEVSHIM] pid=26 dev_prop syspath=/sys/class/input/event0 key=PRODUCT -> (null)
[UDEVSHIM] pid=26 dev_parent syspath=/sys/class/input/event0 sub=- devtype=- -> /sys/class/input/input0
[UDEVSHIM] pid=26 dev_prop syspath=/sys/class/input/input0 key=PRODUCT -> (null)
[UDEVSHIM] pid=26 dev_parent syspath=/sys/class/input/input0 sub=- devtype=- -> (null)
[UDEVSHIM] pid=26 dev_prop syspath=/sys/class/input/event0 key=ID_INPUT_MOUSE -> (null)
[UDEVSHIM] pid=26 dev_parent syspath=/sys/class/input/event0 sub=- devtype=- -> /sys/class/input/input0
[UDEVSHIM] pid=26 dev_prop syspath=/sys/class/input/input0 key=ID_INPUT_MOUSE -> (null)
[UDEVSHIM] pid=26 dev_parent syspath=/sys/class/input/input0 sub=- devtype=- -> (null)
[UDEVSHIM] pid=26 dev_prop syspath=/sys/class/input/event0 key=ID_INPUT_POINTINGSTICK -> (null)
[UDEVSHIM] pid=26 dev_parent syspath=/sys/class/input/event0 sub=- devtype=- -> /sys/class/input/input0
[UDEVSHIM] pid=26 dev_prop syspath=/sys/class/input/input0 key=ID_INPUT_POINTINGSTICK -> (null)
[UDEVSHIM] pid=26 dev_parent syspath=/sys/class/input/input0 sub=- devtype=- -> (null)
[UDEVSHIM] pid=26 dev_prop syspath=/sys/class/input/event0 key=ID_INPUT_TOUCHPAD -> (null)
[UDEVSHIM] pid=26 dev_parent syspath=/sys/class/input/event0 sub=- devtype=- -> /sys/class/input/input0
[UDEVSHIM] pid=26 dev_prop syspath=/sys/class/input/input0 key=ID_INPUT_TOUCHPAD -> (null)
[UDEVSHIM] pid=26 dev_parent syspath=/sys/class/input/input0 sub=- devtype=- -> (null)
[UDEVSHIM] pid=26 dev_prop syspath=/sys/class/input/event0 key=ID_INPUT_TABLET -> (null)
[UDEVSHIM] pid=26 dev_parent syspath=/sys/class/input/event0 sub=- devtype=- -> /sys/class/input/input0
[UDEVSHIM] pid=26 dev_prop syspath=/sys/class/input/input0 key=ID_INPUT_TABLET -> (null)
[UDEVSHIM] pid=26 dev_parent syspath=/sys/class/input/input0 sub=- devtype=- -> (null)
[UDEVSHIM] pid=26 dev_prop syspath=/sys/class/input/event0 key=ID_INPUT_TABLET_PAD -> (null)
[UDEVSHIM] pid=26 dev_parent syspath=/sys/class/input/event0 sub=- devtype=- -> /sys/class/input/input0
[UDEVSHIM] pid=26 dev_prop syspath=/sys/class/input/input0 key=ID_INPUT_TABLET_PAD -> (null)
[UDEVSHIM] pid=26 dev_parent syspath=/sys/class/input/input0 sub=- devtype=- -> (null)
[UDEVSHIM] pid=26 dev_prop syspath=/sys/class/input/event0 key=ID_INPUT_JOYSTICK -> (null)
[UDEVSHIM] pid=26 dev_parent syspath=/sys/class/input/event0 sub=- devtype=- -> /sys/class/input/input0
[UDEVSHIM] pid=26 dev_prop syspath=/sys/class/input/input0 key=ID_INPUT_JOYSTICK -> (null)
[UDEVSHIM] pid=26 dev_parent syspath=/sys/class/input/input0 sub=- devtype=- -> (null)
[UDEVSHIM] pid=26 dev_prop syspath=/sys/class/input/event0 key=ID_INPUT_KEYBOARD -> 1
[UDEVSHIM] pid=26 dev_parent syspath=/sys/class/input/event0 sub=- devtype=- -> /sys/class/input/input0
[UDEVSHIM] pid=26 dev_prop syspath=/sys/class/input/event0 key=ID_INPUT_KEY -> (null)
[UDEVSHIM] pid=26 dev_parent syspath=/sys/class/input/event0 sub=- devtype=- -> /sys/class/input/input0
[UDEVSHIM] pid=26 dev_prop syspath=/sys/class/input/input0 key=ID_INPUT_KEY -> (null)
[UDEVSHIM] pid=26 dev_parent syspath=/sys/class/input/input0 sub=- devtype=- -> (null)
[UDEVSHIM] pid=26 dev_devnode dev=0x483b9b20 syspath=/sys/class/input/event0 -> /dev/input/event0
[UDEVSHIM] pid=26 dev_prop syspath=/sys/class/input/event0 key=NAME -> (null)
[UDEVSHIM] pid=26 dev_parent syspath=/sys/class/input/event0 sub=- devtype=- -> /sys/class/input/input0
[UDEVSHIM] pid=26 dev_prop syspath=/sys/class/input/input0 key=NAME -> (null)
[UDEVSHIM] pid=26 dev_parent syspath=/sys/class/input/input0 sub=- devtype=- -> (null)
[UDEVSHIM] pid=26 dev_prop syspath=/sys/class/input/event0 key=UNIQ -> (null)
[UDEVSHIM] pid=26 dev_parent syspath=/sys/class/input/event0 sub=- devtype=- -> /sys/class/input/input0
[UDEVSHIM] pid=26 dev_prop syspath=/sys/class/input/input0 key=UNIQ -> (null)
[UDEVSHIM] pid=26 dev_parent syspath=/sys/class/input/input0 sub=- devtype=- -> (null)
[UDEVSHIM] pid=26 dev_prop syspath=/sys/class/input/event0 key=PRODUCT -> (null)
[UDEVSHIM] pid=26 dev_parent syspath=/sys/class/input/event0 sub=- devtype=- -> /sys/class/input/input0
[UDEVSHIM] pid=26 dev_prop syspath=/sys/class/input/input0 key=PRODUCT -> (null)
[UDEVSHIM] pid=26 dev_parent syspath=/sys/class/input/input0 sub=- devtype=- -> (null)
[UDEVSHIM] pid=26 dev_prop syspath=/sys/class/input/event0 key=ID_INPUT_MOUSE -> (null)
[UDEVSHIM] pid=26 dev_parent syspath=/sys/class/input/event0 sub=- devtype=- -> /sys/class/input/input0
[UDEVSHIM] pid=26 dev_prop syspath=/sys/class/input/input0 key=ID_INPUT_MOUSE -> (null)
[UDEVSHIM] pid=26 dev_parent syspath=/sys/class/input/input0 sub=- devtype=- -> (null)
[UDEVSHIM] pid=26 dev_prop syspath=/sys/class/input/event0 key=ID_INPUT_POINTINGSTICK -> (null)
[UDEVSHIM] pid=26 dev_parent syspath=/sys/class/input/event0 sub=- devtype=- -> /sys/class/input/input0
[UDEVSHIM] pid=26 dev_prop syspath=/sys/class/input/input0 key=ID_INPUT_POINTINGSTICK -> (null)
[UDEVSHIM] pid=26 dev_parent syspath=/sys/class/input/input0 sub=- devtype=- -> (null)
[UDEVSHIM] pid=26 dev_prop syspath=/sys/class/input/event0 key=ID_INPUT_TOUCHPAD -> (null)
[UDEVSHIM] pid=26 dev_parent syspath=/sys/class/input/event0 sub=- devtype=- -> /sys/class/input/input0
[UDEVSHIM] pid=26 dev_prop syspath=/sys/class/input/input0 key=ID_INPUT_TOUCHPAD -> (null)
[UDEVSHIM] pid=26 dev_parent syspath=/sys/class/input/input0 sub=- devtype=- -> (null)
[UDEVSHIM] pid=26 dev_prop syspath=/sys/class/input/event0 key=ID_INPUT_TABLET -> (null)
[UDEVSHIM] pid=26 dev_parent syspath=/sys/class/input/event0 sub=- devtype=- -> /sys/class/input/input0
[UDEVSHIM] pid=26 dev_prop syspath=/sys/class/input/input0 key=ID_INPUT_TABLET -> (null)
[UDEVSHIM] pid=26 dev_parent syspath=/sys/class/input/input0 sub=- devtype=- -> (null)
[UDEVSHIM] pid=26 dev_prop syspath=/sys/class/input/event0 key=ID_INPUT_TABLET_PAD -> (null)
[UDEVSHIM] pid=26 dev_parent syspath=/sys/class/input/event0 sub=- devtype=- -> /sys/class/input/input0
[UDEVSHIM] pid=26 dev_prop syspath=/sys/class/input/input0 key=ID_INPUT_TABLET_PAD -> (null)
[UDEVSHIM] pid=26 dev_parent syspath=/sys/class/input/input0 sub=- devtype=- -> (null)
[UDEVSHIM] pid=26 dev_prop syspath=/sys/class/input/event0 key=ID_INPUT_JOYSTICK -> (null)
[UDEVSHIM] pid=26 dev_parent syspath=/sys/class/input/event0 sub=- devtype=- -> /sys/class/input/input0
[UDEVSHIM] pid=26 dev_prop syspath=/sys/class/input/input0 key=ID_INPUT_JOYSTICK -> (null)
[UDEVSHIM] pid=26 dev_parent syspath=/sys/class/input/input0 sub=- devtype=- -> (null)
[UDEVSHIM] pid=26 dev_prop syspath=/sys/class/input/event0 key=ID_INPUT_KEYBOARD -> 1
[UDEVSHIM] pid=26 dev_parent syspath=/sys/class/input/event0 sub=- devtype=- -> /sys/class/input/input0
[UDEVSHIM] pid=26 dev_prop syspath=/sys/class/input/event0 key=ID_INPUT_KEY -> (null)
[UDEVSHIM] pid=26 dev_parent syspath=/sys/class/input/event0 sub=- devtype=- -> /sys/class/input/input0
[UDEVSHIM] pid=26 dev_prop syspath=/sys/class/input/input0 key=ID_INPUT_KEY -> (null)
[UDEVSHIM] pid=26 dev_parent syspath=/sys/class/input/input0 sub=- devtype=- -> (null)
[UDEVSHIM] pid=26 dev_prop syspath=/sys/class/input/event0 key=ID_INPUT -> 1
[UDEVSHIM] pid=26 dev_prop syspath=/sys/class/input/event0 key=ID_INPUT_KEYBOARD -> 1
[UDEVSHIM] pid=26 dev_prop syspath=/sys/class/input/event0 key=ID_INPUT_KEY -> (null)
[UDEVSHIM] pid=26 dev_prop syspath=/sys/class/input/event0 key=ID_INPUT_MOUSE -> (null)
[UDEVSHIM] pid=26 dev_prop syspath=/sys/class/input/event0 key=ID_INPUT_TOUCHPAD -> (null)
[UDEVSHIM] pid=26 dev_prop syspath=/sys/class/input/event0 key=ID_INPUT_TOUCHSCREEN -> (null)
[UDEVSHIM] pid=26 dev_prop syspath=/sys/class/input/event0 key=ID_INPUT_TABLET -> (null)
[UDEVSHIM] pid=26 dev_prop syspath=/sys/class/input/event0 key=ID_INPUT_TABLET_PAD -> (null)
[UDEVSHIM] pid=26 dev_prop syspath=/sys/class/input/event0 key=ID_INPUT_JOYSTICK -> (null)
[UDEVSHIM] pid=26 dev_prop syspath=/sys/class/input/event0 key=ID_INPUT_ACCELEROMETER -> (null)
[UDEVSHIM] pid=26 dev_prop syspath=/sys/class/input/event0 key=ID_INPUT_POINTINGSTICK -> (null)
[UDEVSHIM] pid=26 dev_prop syspath=/sys/class/input/event0 key=ID_INPUT_TRACKBALL -> (null)
[UDEVSHIM] pid=26 dev_prop syspath=/sys/class/input/event0 key=ID_INPUT_SWITCH -> (null)
[UDEVSHIM] pid=26 dev_parent syspath=/sys/class/input/event0 sub=- devtype=- -> /sys/class/input/input0
[UDEVSHIM] pid=26 dev_prop syspath=/sys/class/input/input0 key=ID_INPUT -> (null)
[UDEVSHIM] pid=26 dev_prop syspath=/sys/class/input/input0 key=ID_INPUT_KEYBOARD -> (null)
[UDEVSHIM] pid=26 dev_prop syspath=/sys/class/input/input0 key=ID_INPUT_KEY -> (null)
[UDEVSHIM] pid=26 dev_prop syspath=/sys/class/input/input0 key=ID_INPUT_MOUSE -> (null)
[UDEVSHIM] pid=26 dev_prop syspath=/sys/class/input/input0 key=ID_INPUT_TOUCHPAD -> (null)
[UDEVSHIM] pid=26 dev_prop syspath=/sys/class/input/input0 key=ID_INPUT_TOUCHSCREEN -> (null)
[UDEVSHIM] pid=26 dev_prop syspath=/sys/class/input/input0 key=ID_INPUT_TABLET -> (null)
[UDEVSHIM] pid=26 dev_prop syspath=/sys/class/input/input0 key=ID_INPUT_TABLET_PAD -> (null)
[UDEVSHIM] pid=26 dev_prop syspath=/sys/class/input/input0 key=ID_INPUT_JOYSTICK -> (null)
[UDEVSHIM] pid=26 dev_prop syspath=/sys/class/input/input0 key=ID_INPUT_ACCELEROMETER -> (null)
[UDEVSHIM] pid=26 dev_prop syspath=/sys/class/input/input0 key=ID_INPUT_POINTINGSTICK -> (null)
[UDEVSHIM] pid=26 dev_prop syspath=/sys/class/input/input0 key=ID_INPUT_TRACKBALL -> (null)
[UDEVSHIM] pid=26 dev_prop syspath=/sys/class/input/input0 key=ID_INPUT_SWITCH -> (null)
[UDEVSHIM] pid=26 dev_parent syspath=/sys/class/input/input0 sub=- devtype=- -> (null)
[UDEVSHIM] pid=26 dev_prop syspath=/sys/class/input/event0 key=ID_INPUT -> 1
[UDEVSHIM] pid=26 dev_prop syspath=/sys/class/input/event0 key=ID_INPUT_KEYBOARD -> 1
[UDEVSHIM] pid=26 dev_prop syspath=/sys/class/input/event0 key=ID_INPUT_KEY -> (null)
[UDEVSHIM] pid=26 dev_prop syspath=/sys/class/input/event0 key=ID_INPUT_MOUSE -> (null)
[UDEVSHIM] pid=26 dev_prop syspath=/sys/class/input/event0 key=ID_INPUT_TOUCHPAD -> (null)
[UDEVSHIM] pid=26 dev_prop syspath=/sys/class/input/event0 key=ID_INPUT_TOUCHSCREEN -> (null)
[UDEVSHIM] pid=26 dev_prop syspath=/sys/class/input/event0 key=ID_INPUT_TABLET -> (null)
[UDEVSHIM] pid=26 dev_prop syspath=/sys/class/input/event0 key=ID_INPUT_TABLET_PAD -> (null)
[UDEVSHIM] pid=26 dev_prop syspath=/sys/class/input/event0 key=ID_INPUT_JOYSTICK -> (null)
[UDEVSHIM] pid=26 dev_prop syspath=/sys/class/input/event0 key=ID_INPUT_ACCELEROMETER -> (null)
[UDEVSHIM] pid=26 dev_prop syspath=/sys/class/input/event0 key=ID_INPUT_POINTINGSTICK -> (null)
[UDEVSHIM] pid=26 dev_prop syspath=/sys/class/input/event0 key=ID_INPUT_TRACKBALL -> (null)
[UDEVSHIM] pid=26 dev_prop syspath=/sys/class/input/event0 key=ID_INPUT_SWITCH -> (null)
[UDEVSHIM] pid=26 dev_parent syspath=/sys/class/input/event0 sub=- devtype=- -> /sys/class/input/input0
M13: ==== END /run/user/0/m13/trace/udevshim.26.log ====
M13: ==== BEGIN /run/user/0/m13/trace/udevshim.36.log ====
16 /run/user/0/m13/trace/udevshim.36.log
[UDEVSHIM] pid=36 udev_new ctx=0x300bbc30
[UDEVSHIM] pid=36 enum_new e=0x436b88e0
[UDEVSHIM] pid=36 enum_match_subsystem e=0x436b88e0 sub=backlight
[UDEVSHIM] pid=36 enum_scan e=0x436b88e0 rc=0 n=0
[UDEVSHIM] pid=36 enum_get_list e=0x436b88e0 head=0
[UDEVSHIM] pid=36 udev_new ctx=0x300bbc50
[UDEVSHIM] pid=36 enum_new e=0x436b88f0
[UDEVSHIM] pid=36 enum_match_subsystem e=0x436b88f0 sub=i2c-dev
[UDEVSHIM] pid=36 enum_scan e=0x436b88f0 rc=0 n=0
[UDEVSHIM] pid=36 enum_get_list e=0x436b88f0 head=0
[UDEVSHIM] pid=36 udev_new ctx=0x46397f50
[UDEVSHIM] pid=36 mon_new src=udev mon=0x463a0e40
[UDEVSHIM] pid=36 mon_filter mon=0x463a0e40 sub=backlight devtype=(null)
[UDEVSHIM] pid=36 mon_enable mon=0x463a0e40 rc=0
[UDEVSHIM] pid=36 mon_fd mon=0x463a0e40 fd=265
[UDEVSHIM] pid=36 mon_recv mon=0x463a0e40 -> 0
M13: ==== END /run/user/0/m13/trace/udevshim.36.log ====
M13: ==== BEGIN cosmic.log ====
[2m1970-01-01T00:01:26.848432Z[0m [33m WARN[0m [2mbusd::peers[0m[2m:[0m unknown destination: org.a11y.Bus
[2m1970-01-01T00:01:26.960239Z[0m [33m WARN[0m [2mbusd::peers[0m[2m:[0m unknown destination: com.system76.CosmicLauncher
[2m1970-01-01T00:01:27.100545Z[0m [33m WARN[0m [2mbusd::peers[0m[2m:[0m unknown destination: com.system76.CosmicAppLibrary
[2m1970-01-01T00:01:27.100615Z[0m [33m WARN[0m [2mbusd::peers[0m[2m:[0m unknown destination: com.system76.CosmicWorkspaces
[2m1970-01-01T00:01:27.100681Z[0m [33m WARN[0m [2mbusd::peers[0m[2m:[0m unknown destination: com.system76.CosmicOnScreenDisplay
[2m1970-01-01T00:01:27.547389Z[0m [33m WARN[0m [2mbusd::peers[0m[2m:[0m unknown destination: org.freedesktop.locale1
[2m1970-01-01T00:02:45.516799Z[0m [33m WARN[0m [2mbusd::peers[0m[2m:[0m unknown destination: com.system76.PowerDaemon
[2m1970-01-01T00:02:45.958572Z[0m [33m WARN[0m [2mbusd::peers[0m[2m:[0m unknown destination: org.freedesktop.UPower
[2m1970-01-01T00:02:46.310219Z[0m [33m WARN[0m [2mbusd::peers[0m[2m:[0m unknown destination: org.freedesktop.timedate1
mcosmic_session[0m[2m:[0m [UDEVSHIM] pid=36 enum_scan e=0x436b88e0 rc=0 n=0
[2m1970-01-01T00:01:26.638390Z[0m [33m WARN[0m [2mcosmic_session[0m[2m:[0m [UDEVSHIM] pid=36 enum_get_list e=0x436b88e0 head=0
[2m1970-01-01T00:01:26.638401Z[0m [33m WARN[0m [2mcosmic_session[0m[2m:[0m [UDEVSHIM] pid=36 udev_new ctx=0x300bbc50
[2m1970-01-01T00:01:26.638413Z[0m [33m WARN[0m [2mcosmic_session[0m[2m:[0m [UDEVSHIM] pid=36 enum_new e=0x436b88f0
[2m1970-01-01T00:01:26.638424Z[0m [33m WARN[0m [2mcosmic_session[0m[2m:[0m [UDEVSHIM] pid=36 enum_match_subsystem e=0x436b88f0 sub=i2c-dev
[2m1970-01-01T00:01:26.638436Z[0m [33m WARN[0m [2mcosmic_session[0m[2m:[0m [UDEVSHIM] pid=36 enum_scan e=0x436b88f0 rc=0 n=0
[2m1970-01-01T00:01:26.638448Z[0m [33m WARN[0m [2mcosmic_session[0m[2m:[0m [UDEVSHIM] pid=36 enum_get_list e=0x436b88f0 head=0
[2m1970-01-01T00:01:26.935730Z[0m [33m WARN[0m [2mcosmic_session[0m[2m:[0m   \x1b[31mERROR\x1b[0m  \x1b[31mFailed to watch xdg config dir: No such file or directory (os error 2)\x1b[0m
[2m1970-01-01T00:01:26.935753Z[0m [33m WARN[0m [2mcosmic_session[0m[2m:[0m     \x1b[2;3mat\x1b[0m src/main.rs:606 \x1b[2;3mon\x1b[0m main
[2m1970-01-01T00:01:26.935765Z[0m [33m WARN[0m [2mcosmic_session[0m[2m:[0m 
[2m1970-01-01T00:01:27.451625Z[0m [33m WARN[0m [2mcosmic_session[0m[2m:[0m [UDEVSHIM] pid=36 udev_new ctx=0x46397f50
[2m1970-01-01T00:01:27.451644Z[0m [33m WARN[0m [2mcosmic_session[0m[2m:[0m [UDEVSHIM] pid=36 mon_new src=udev mon=0x463a0e40
[2m1970-01-01T00:01:27.451726Z[0m [33m WARN[0m [2mcosmic_session[0m[2m:[0m [UDEVSHIM] pid=36 mon_filter mon=0x463a0e40 sub=backlight devtype=(null)
[2m1970-01-01T00:01:27.451738Z[0m [33m WARN[0m [2mcosmic_session[0m[2m:[0m [UDEVSHIM] pid=36 mon_enable mon=0x463a0e40 rc=0
[2m1970-01-01T00:01:27.451749Z[0m [33m WARN[0m [2mcosmic_session[0m[2m:[0m [UDEVSHIM] pid=36 mon_fd mon=0x463a0e40 fd=265
[2m1970-01-01T00:01:27.491423Z[0m [33m WARN[0m [2mcosmic_session[0m[2m:[0m [UDEVSHIM] pid=36 mon_recv mon=0x463a0e40 -> 0
[2m1970-01-01T00:01:27.497359Z[0m [33m WARN[0m [2mcosmic_session[0m[2m:[0m   \x1b[33m WARN\x1b[0m  \x1b[33mfailed to locate desktop directory, falling back to /root/Desktop\x1b[0m
[2m1970-01-01T00:01:27.497373Z[0m [33m WARN[0m [2mcosmic_session[0m[2m:[0m     \x1b[2;3mat\x1b[0m src/lib.rs:50 \x1b[2;3mon\x1b[0m main
[2m1970-01-01T00:01:27.497385Z[0m [33m WARN[0m [2mcosmic_session[0m[2m:[0m 
[2m1970-01-01T00:01:27.502131Z[0m [33m WARN[0m [2mcosmic_session[0m[2m:[0m   \x1b[33m WARN\x1b[0m  \x1b[33mfailed to get system locale, falling back to en-US\x1b[0m
[2m1970-01-01T00:01:27.502145Z[0m [33m WARN[0m [2mcosmic_session[0m[2m:[0m     \x1b[2;3mat\x1b[0m /Users/forain/.cargo/registry/src/index.crates.io-1949cf8c6b5b557f/cosmic-text-0.19.0/src/font/system.rs:423 \x1b[2;3mon\x1b[0m main
[2m1970-01-01T00:01:27.502158Z[0m [33m WARN[0m [2mcosmic_session[0m[2m:[0m 
[2m1970-01-01T00:01:27.507132Z[0m [33m WARN[0m [2mcosmic_session[0m[2m:[0m   \x1b[33m WARN\x1b[0m  \x1b[33mFallback to loading from known font dir paths.\x1b[0m
[2m1970-01-01T00:01:27.507150Z[0m [33m WARN[0m [2mcosmic_session[0m[2m:[0m     \x1b[2;3mat\x1b[0m /Users/forain/.cargo/registry/src/index.crates.io-1949cf8c6b5b557f/fontdb-0.23.0/src/lib.rs:466 \x1b[2;3mon\x1b[0m main
[2m1970-01-01T00:01:27.507163Z[0m [33m WARN[0m [2mcosmic_session[0m[2m:[0m 
[2m1970-01-01T00:02:45.735167Z[0m [33m WARN[0m [2mcosmic_session::notifications[0m[2m:[0m xkbcommon: ERROR: couldn't find a Compose file for locale "C" (mapped to "C")
[2m1970-01-01T00:02:45.735191Z[0m [33m WARN[0m [2mcosmic_session[0m[2m:[0m [1970-01-01T00:02:45Z ERROR cosmic_settings_config::shortcuts] failed to read system shortcuts config 'system_actions': NoConfigDirectory
[2m1970-01-01T00:02:45.735204Z[0m [33m WARN[0m [2mcosmic_session[0m[2m:[0m [1970-01-01T00:02:45Z ERROR cosmic_settings_config::shortcuts] failed to read local shortcuts config 'system_actions': NoConfigDirectory
[2m1970-01-01T00:02:45.740970Z[0m [33m WARN[0m [2mcosmic_session[0m[2m:[0m xkbcommon: ERROR: couldn't find a Compose file for locale "C" (mapped to "C")
[2m1970-01-01T00:02:45.760141Z[0m [33m WARN[0m [2mcosmic_session[0m[2m:[0m xkbcommon: ERROR: couldn't find a Compose file for locale "C" (mapped to "C")
[2m1970-01-01T00:02:45.966802Z[0m [33m WARN[0m [2mcosmic_session::notifications[0m[2m:[0m xkbcommon: ERROR: couldn't find a Compose file for locale "C" (mapped to "C")
[2m1970-01-01T00:02:45.967472Z[0m [33m WARN[0m [2mcosmic_session::notifications[0m[2m:[0m xkbcommon: ERROR: couldn't find a Compose file for locale "C" (mapped to "C")
[2m1970-01-01T00:02:46.185116Z[0m [33m WARN[0m [2mcosmic_session::notifications[0m[2m:[0m xkbcommon: ERROR: couldn't find a Compose file for locale "C" (mapped to "C")
[2m1970-01-01T00:02:46.273501Z[0m [33m WARN[0m [2mcosmic_session[0m[2m:[0m xkbcommon: ERROR: couldn't find a Compose file for locale "C" (mapped to "C")
[2m1970-01-01T00:02:46.273523Z[0m [33m WARN[0m [2mcosmic_session[0m[2m:[0m xkbcommon: ERROR: couldn't find a Compose file for locale "C" (mapped to "C")
[2m1970-01-01T00:02:47.697885Z[0m [33m WARN[0m [2mcosmic_session[0m[2m:[0m   \x1b[33m WARN\x1b[0m  \x1b[33mNo valid locale found in environment, using fallback\x1b[0m
[2m1970-01-01T00:02:47.697905Z[0m [33m WARN[0m [2mcosmic_session[0m[2m:[0m     \x1b[2;3mat\x1b[0m src/localize.rs:69 \x1b[2;3mon\x1b[0m main
[2m1970-01-01T00:02:47.697919Z[0m [33m WARN[0m [2mcosmic_session[0m[2m:[0m 
[2m1970-01-01T00:02:47.731788Z[0m [33m WARN[0m [2mcosmic_session[0m[2m:[0m   \x1b[33m WARN\x1b[0m  \x1b[33mfailed to read directory /root/Desktop: No such file or directory (os error 2)\x1b[0m
[2m1970-01-01T00:02:47.731809Z[0m [33m WARN[0m [2mcosmic_session[0m[2m:[0m     \x1b[2;3mat\x1b[0m src/tab.rs:1086 \x1b[2;3mon\x1b[0m tokio-rt-worker
[2m1970-01-01T00:02:47.731822Z[0m [33m WARN[0m [2mcosmic_session[0m[2m:[0m 
[2m1970-01-01T00:02:47.731833Z[0m [33m WARN[0m [2mcosmic_session[0m[2m:[0m   \x1b[33m WARN\x1b[0m  \x1b[33mfailed to get item for /root/Desktop: failed to read metadata for /root/Desktop: No such file or directory (os error 2)\x1b[0m
[2m1970-01-01T00:02:47.731846Z[0m [33m WARN[0m [2mcosmic_session[0m[2m:[0m     \x1b[2;3mat\x1b[0m src/tab.rs:1611 \x1b[2;3mon\x1b[0m tokio-rt-worker
[2m1970-01-01T00:02:47.731858Z[0m [33m WARN[0m [2mcosmic_session[0m[2m:[0m 
[2m1970-01-01T00:02:47.743240Z[0m [33m WARN[0m [2mcosmic_session[0m[2m:[0m xkbcommon: ERROR: couldn't find a Compose file for locale "C" (mapped to "C")
[2m1970-01-01T00:02:47.743829Z[0m [33m WARN[0m [2mcosmic_session[0m[2m:[0m xkbcommon: ERROR: couldn't find a Compose file for locale "C" (mapped to "C")
[2m1970-01-01T00:02:47.749640Z[0m [33m WARN[0m [2mcosmic_session[0m[2m:[0m   \x1b[33m WARN\x1b[0m  \x1b[33mcould not find any valid trash bins to watch: Unknown { description: "The 'home trash' either does not exist or is not a directory (or a link pointing to a dir)" }\x1b[0m
[2m1970-01-01T00:02:47.749657Z[0m [33m WARN[0m [2mcosmic_session[0m[2m:[0m     \x1b[2;3mat\x1b[0m src/app.rs:6864 \x1b[2;3mon\x1b[0m tokio-rt-worker
[2m1970-01-01T00:02:47.749670Z[0m [33m WARN[0m [2mcosmic_session[0m[2m:[0m 
[2m1970-01-01T00:02:47.890487Z[0m [33m WARN[0m [2mcosmic_session[0m[2m:[0m   \x1b[33m WARN\x1b[0m  \x1b[33mfailed to locate desktop directory, falling back to /root/Desktop\x1b[0m
[2m1970-01-01T00:02:47.890508Z[0m [33m WARN[0m [2mcosmic_session[0m[2m:[0m     \x1b[2;3mat\x1b[0m src/lib.rs:50 \x1b[2;3mon\x1b[0m main
[2m1970-01-01T00:02:47.890521Z[0m [33m WARN[0m [2mcosmic_session[0m[2m:[0m 
[2m1970-01-01T00:02:47.892402Z[0m [33m WARN[0m [2mcosmic_session[0m[2m:[0m   \x1b[33m WARN\x1b[0m  \x1b[33mfailed to read directory /root/Desktop: No such file or directory (os error 2)\x1b[0m
[2m1970-01-01T00:02:47.892414Z[0m [33m WARN[0m [2mcosmic_session[0m[2m:[0m     \x1b[2;3mat\x1b[0m src/tab.rs:1086 \x1b[2;3mon\x1b[0m tokio-rt-worker
[2m1970-01-01T00:02:47.892426Z[0m [33m WARN[0m [2mcosmic_session[0m[2m:[0m 
[2m1970-01-01T00:02:47.892678Z[0m [33m WARN[0m [2mcosmic_session[0m[2m:[0m   \x1b[33m WARN\x1b[0m  \x1b[33mfailed to get item for /root/Desktop: failed to read metadata for /root/Desktop: No such file or directory (os error 2)\x1b[0m
[2m1970-01-01T00:02:47.892690Z[0m [33m WARN[0m [2mcosmic_session[0m[2m:[0m     \x1b[2;3mat\x1b[0m src/tab.rs:1611 \x1b[2;3mon\x1b[0m tokio-rt-worker
[2m1970-01-01T00:02:47.892703Z[0m [33m WARN[0m [2mcosmic_session[0m[2m:[0m 
[2m1970-01-01T00:02:47.896012Z[0m [33m WARN[0m [2mcosmic_session[0m[2m:[0m   \x1b[31mERROR\x1b[0m  \x1b[31mOverlap notify subscription cannot be created for surface. No matching layer surface found.\x1b[0m
[2m1970-01-01T00:02:47.896026Z[0m [33m WARN[0m [2mcosmic_session[0m[2m:[0m     \x1b[2;3mat\x1b[0m /Users/forain/.cargo/git/checkouts/libcosmic-41009aea1d72760b/96a8204/iced/winit/src/platform_specific/wayland/event_loop/state.rs:1678 \x1b[2;3mon\x1b[0m 
[2m1970-01-01T00:02:47.896039Z[0m [33m WARN[0m [2mcosmic_session[0m[2m:[0m 
M13: ==== END cosmic.log ====
M13: DONE
[?2004h[0m[?25l[1;1H[J[39mbrush-0.5# [38;5;14m[38;5;5m[0m[0m78[?25h